Pkt-Cnt,rx_time,port,millis,UTC,Alt,Lng,Lat,VBAT,VSOLAR,V3V3,V5V,V3V3EF,EPS,TS,T,H,PAY,Ax,Ay,Az,Gx,Gy,Gz,Sat,raw
,2025-09-21T02:31:17Z,COM6,,UTC=10:31:15,39.30,120.292540,23.106482,,,,,,,,,55,SAT=5,-908.66,345.50,-119.80,2922.50,23625.00,5110.T=42,,"Package=64,UTC=10:31:15,Lat=23.106482,Lng=120.292540,Alt=39.30,Ax=-908.66,Ay=345.50,Az=-119.80,Gx=2922.50,Gy=23625.00,Gz=5110.T=42,H=55,SAT=5"
,2025-09-21T02:31:18Z,COM6,,UTC=10:31:16,40.70,120.292545,23.106463,,,,,,,,,55,SAT=5,-915.24,353.07,-114.92,-1260.00,3237.50,-507.T=42,,"Package=65,UTC=10:31:16,Lat=23.106463,Lng=120.292545,Alt=40.70,Ax=-915.24,Ay=353.07,Az=-114.92,Gx=-1260.00,Gy=3237.50,Gz=-507.T=42,H=55,SAT=5"
,2025-09-21T02:31:19Z,COM6,,UTC=10:31:17,41.40,120.292547,23.106460,,,,,,,,,55,SAT=5,-904.87,370.39,-156.65,2327.50,-3325.00,-52.5T=42,,"Package=66,UTC=10:31:17,Lat=23.106460,Lng=120.292547,Alt=41.40,Ax=-904.87,Ay=370.39,Az=-156.65,Gx=2327.50,Gy=-3325.00,Gz=-52.5T=42,H=55,SAT=5"
,2025-09-21T02:31:20Z,COM6,,UTC=10:31:18,4,120.292560,23.106458,,,,,,,,,,,,,,,,,,"Package=67,UTC=10:31:18,Lat=23.106458,Lng=120.292560,Alt=4"
,2025-09-21T02:31:21Z,COM6,,UTC=10:31:19,41.40,120.292568,23.106453,,,,,,,,,55,SAT=5,-904.75,390.16,-127.12,-3167.50,560.00,-1575.T=42,,"Package=68,UTC=10:31:19,Lat=23.106453,Lng=120.292568,Alt=41.40,Ax=-904.75,Ay=390.16,Az=-127.12,Gx=-3167.50,Gy=560.00,Gz=-1575.T=42,H=55,SAT=5"
,2025-09-21T02:31:22Z,COM6,,UTC=10:31:20,,,23.10644,,,,,,,,,,,,,,,,,,"Package=69,UTC=10:31:20,Lat=23.10644"
,2025-09-21T02:31:23Z,COM6,,UTC=10:31:21,39.50,120.292578,23.106433,,,,,,,,,56,SAT=5,-875.35,390.52,-198.37,962.50,17010.00,2642.5T=42,,"Package=70,UTC=10:31:21,Lat=23.106433,Lng=120.292578,Alt=39.50,Ax=-875.35,Ay=390.52,Az=-198.37,Gx=962.50,Gy=17010.00,Gz=2642.5T=42,H=56,SAT=5"
,2025-09-21T02:31:24Z,COM6,,UTC=10:31:22,37.90,120.292580,23.106425,,,,,,,,,56,SAT=5,-869.25,434.56,-236.80,-6650.00,-1522.50,-119T=42,,"Package=71,UTC=10:31:22,Lat=23.106425,Lng=120.292580,Alt=37.90,Ax=-869.25,Ay=434.56,Az=-236.80,Gx=-6650.00,Gy=-1522.50,Gz=-119T=42,H=56,SAT=5"
,2025-09-21T02:31:25Z,COM6,,UTC=10:31:23,36.50,120.292585,23.106428,,,,,,,,,56,SAT=5,-907.44,312.56,-198.98,2975.00,-22487.50,6037T=42,,"Package=72,UTC=10:31:23,Lat=23.106428,Lng=120.292585,Alt=36.50,Ax=-907.44,Ay=312.56,Az=-198.98,Gx=2975.00,Gy=-22487.50,Gz=6037T=42,H=56,SAT=5"
,2025-09-21T02:31:26Z,COM6,,UTC=10:31:24,35.20,120.292588,23.106432,,,,,,,,,56,SAT=5,-923.17,317.69,-199.71,2537.50,-28997.50,-437T=42,,"Package=73,UTC=10:31:24,Lat=23.106432,Lng=120.292588,Alt=35.20,Ax=-923.17,Ay=317.69,Az=-199.71,Gx=2537.50,Gy=-28997.50,Gz=-437T=42,H=56,SAT=5"
,2025-09-21T02:31:27Z,COM6,,UTC=10:31:25,35.90,120.292593,23.106428,,,,,,,,,56,SAT=5,-939.40,325.25,-131.64,-2257.50,-24045.00,-57T=42,,"Package=74,UTC=10:31:25,Lat=23.106428,Lng=120.292593,Alt=35.90,Ax=-939.40,Ay=325.25,Az=-131.64,Gx=-2257.50,Gy=-24045.00,Gz=-57T=42,H=56,SAT=5"
,2025-09-21T02:31:28Z,COM6,,UTC=10:31:26,37.00,120.292595,23.106432,,,,,,,,,56,SAT=5,-887.79,364.90,-188.37,11130.00,20702.50,-407T=42,,"Package=75,UTC=10:31:26,Lat=23.106432,Lng=120.292595,Alt=37.00,Ax=-887.79,Ay=364.90,Az=-188.37,Gx=11130.00,Gy=20702.50,Gz=-407T=42,H=56,SAT=5"
,2025-09-21T02:31:29Z,COM6,,UTC=10:31:27,38.30,120.292598,23.106430,,,,,,,,,56,SAT=5,-874.37,365.27,-250.10,2712.50,19600.00,3780.T=42,,"Package=76,UTC=10:31:27,Lat=23.106430,Lng=120.292598,Alt=38.30,Ax=-874.37,Ay=365.27,Az=-250.10,Gx=2712.50,Gy=19600.00,Gz=3780.T=42,H=56,SAT=5"
,2025-09-21T02:31:30Z,COM6,,UTC=10:31:28,39.20,120.292598,23.106442,,,,,,,,,56,SAT=5,-886.94,370.51,-296.95,1260.00,-8540.00,3167.T=42,,"Package=77,UTC=10:31:28,Lat=23.106442,Lng=120.292598,Alt=39.20,Ax=-886.94,Ay=370.51,Az=-296.95,Gx=1260.00,Gy=-8540.00,Gz=3167.T=42,H=56,SAT=5"
,2025-09-21T02:31:31Z,COM6,,UTC=10:31:29,38.00,120.292597,23.106437,,,,,,,,,,,,,,,,,,"Package=78,UTC=10:31:29,Lat=23.106437,Lng=120.292597,Alt=38.00,A"
,2025-09-21T02:31:32Z,COM6,,UTC=10:31:30,38.40,120.292597,23.106437,,,,,,,,,56,SAT=4,-863.03,378.69,-275.96,-2957.50,-6842.50,1219T=42,,"Package=79,UTC=10:31:30,Lat=23.106437,Lng=120.292597,Alt=38.40,Ax=-863.03,Ay=378.69,Az=-275.96,Gx=-2957.50,Gy=-6842.50,Gz=1219T=42,H=56,SAT=4"
,2025-09-21T02:31:33Z,COM6,,UTC=10:31:31,,,23.106437,,,,,,,,,,,,,,,,,,"Package=80,UTC=10:31:31,Lat=23.106437,Lng="
,2025-09-21T02:31:34Z,COM6,,UTC=10:31:32,37.50,120.292587,23.106432,,,,,,,,,56,SAT=4,-864.25,378.57,-311.71,-1067.50,-12495.00,605T=42,,"Package=81,UTC=10:31:32,Lat=23.106432,Lng=120.292587,Alt=37.50,Ax=-864.25,Ay=378.57,Az=-311.71,Gx=-1067.50,Gy=-12495.00,Gz=605T=42,H=56,SAT=4"
,2025-09-21T02:31:35Z,COM6,,UTC=10:31:33,,,23.106440,,,,,,,,,,,,,,,,,,"Package=82,UTC=10:31:33,Lat=23.106440,Ln"
,2025-09-21T02:31:36Z,COM6,,UTC=10:31:34,35.50,120.292585,23.106445,,,,,,,,,56,SAT=4,-841.80,377.83,-292.92,-4900.00,13650.00,1543T=42,,"Package=83,UTC=10:31:34,Lat=23.106445,Lng=120.292585,Alt=35.50,Ax=-841.80,Ay=377.83,Az=-292.92,Gx=-4900.00,Gy=13650.00,Gz=1543T=42,H=56,SAT=4"
,2025-09-21T02:31:37Z,COM6,,UTC=10:31:35,35.10,120.292585,23.106445,,,,,,,,,56,SAT=4,-854.12,397.72,-318.54,-11427.50,-10115.00,-7T=42,,"Package=84,UTC=10:31:35,Lat=23.106445,Lng=120.292585,Alt=35.10,Ax=-854.12,Ay=397.72,Az=-318.54,Gx=-11427.50,Gy=-10115.00,Gz=-7T=42,H=56,SAT=4"
,2025-09-21T02:31:38Z,COM6,,UTC=10:31:36,35.10,120.292585,23.106445,,,,,,,,,56,SAT=0,-857.54,385.52,-339.65,4007.50,-210.00,-13527T=42,,"Package=85,UTC=10:31:36,Lat=23.106445,Lng=120.292585,Alt=35.10,Ax=-857.54,Ay=385.52,Az=-339.65,Gx=4007.50,Gy=-210.00,Gz=-13527T=42,H=56,SAT=0"
,2025-09-21T02:31:39Z,COM6,,UTC=10:31:37,35.10,120.292585,23.106445,,,,,,,,,56,SAT=0,-882.55,357.34,-260.71,-1680.00,-1662.50,2432T=42,,"Package=86,UTC=10:31:37,Lat=23.106445,Lng=120.292585,Alt=35.10,Ax=-882.55,Ay=357.34,Az=-260.71,Gx=-1680.00,Gy=-1662.50,Gz=2432T=42,H=56,SAT=0"
,2025-09-21T02:31:40Z,COM6,,UTC=10:31:38,35.10,120.292585,23.106445,,,,,,,,,56,SAT=0,-887.79,357.09,-257.66,-2222.50,-4567.50,420.T=42,,"Package=87,UTC=10:31:38,Lat=23.106445,Lng=120.292585,Alt=35.10,Ax=-887.79,Ay=357.09,Az=-257.66,Gx=-2222.50,Gy=-4567.50,Gz=420.T=42,H=56,SAT=0"
,2025-09-21T02:31:41Z,COM6,,UTC=10:31:39,35.10,120.292585,23.106445,,,,,,,,,56,SAT=0,-888.04,363.68,-256.57,3902.50,-2572.50,-1452T=42,,"Package=88,UTC=10:31:39,Lat=23.106445,Lng=120.292585,Alt=35.10,Ax=-888.04,Ay=363.68,Az=-256.57,Gx=3902.50,Gy=-2572.50,Gz=-1452T=42,H=56,SAT=0"
,2025-09-21T02:31:42Z,COM6,,UTC=10:31:40,35.10,120.292585,23.106445,,,,,,,,,56,SAT=0,-878.64,380.88,-237.29,-105.00,4830.00,3780.0T=42,,"Package=89,UTC=10:31:40,Lat=23.106445,Lng=120.292585,Alt=35.10,Ax=-878.64,Ay=380.88,Az=-237.29,Gx=-105.00,Gy=4830.00,Gz=3780.0T=42,H=56,SAT=0"
,2025-09-21T02:31:43Z,COM6,,UTC=10:31:41,35.10,120.292585,23.106445,,,,,,,,,56,SAT=0,-866.44,406.26,-260.59,-2712.50,-735.00,-2992T=42,,"Package=90,UTC=10:31:41,Lat=23.106445,Lng=120.292585,Alt=35.10,Ax=-866.44,Ay=406.26,Az=-260.59,Gx=-2712.50,Gy=-735.00,Gz=-2992T=42,H=56,SAT=0"
,2025-09-21T02:31:44Z,COM6,,UTC=10:31:42,,120.29,23.106445,,,,,,,,,,,,,,,,,,"Package=91,UTC=10:31:42,Lat=23.106445,Lng=120.29"
,2025-09-21T02:31:45Z,COM6,,UTC=10:31:43,35.10,120.292585,23.106445,,,,,,,,,56,SAT=0,-872.54,392.72,-276.57,-2782.50,-4340.00,-432T=42,,"Package=92,UTC=10:31:43,Lat=23.106445,Lng=120.292585,Alt=35.10,Ax=-872.54,Ay=392.72,Az=-276.57,Gx=-2782.50,Gy=-4340.00,Gz=-432T=42,H=56,SAT=0"
,2025-09-21T02:31:46Z,COM6,,UTC=10:31:44,,,,,,,,,,,,,,,,,,,,,"Package=93,UTC=10:31:44,La"
,2025-09-21T02:31:47Z,COM6,,UTC=10:31:45,29.50,120.292562,23.106453,,,,,,,,,56,SAT=4,-858.03,398.94,-287.19,-2362.50,-1732.50,910.T=42,,"Package=94,UTC=10:31:45,Lat=23.106453,Lng=120.292562,Alt=29.50,Ax=-858.03,Ay=398.94,Az=-287.19,Gx=-2362.50,Gy=-1732.50,Gz=910.T=42,H=56,SAT=4"
,2025-09-21T02:31:48Z,COM6,,UTC=10:31:46,24.60,120.292553,23.106490,,,,,,,,,55,SAT=4,-852.29,406.26,-304.27,-3185.00,-5967.50,192.T=41,,"Package=95,UTC=10:31:46,Lat=23.106490,Lng=120.292553,Alt=24.60,Ax=-852.29,Ay=406.26,Az=-304.27,Gx=-3185.00,Gy=-5967.50,Gz=192.T=41,H=55,SAT=4"
,2025-09-21T02:31:49Z,COM6,,UTC=10:31:47,21.40,120.292553,23.106505,,,,,,,,,55,SAT=4,-859.12,396.50,-292.56,-6685.00,1067.50,3762.T=41,,"Package=96,UTC=10:31:47,Lat=23.106505,Lng=120.292553,Alt=21.40,Ax=-859.12,Ay=396.50,Az=-292.56,Gx=-6685.00,Gy=1067.50,Gz=3762.T=41,H=55,SAT=4"
,2025-09-21T02:31:50Z,COM6,,UTC=10:31:48,18.50,120.292548,23.106512,,,,,,,,,55,SAT=4,-847.17,382.35,-349.41,-630.00,1015.00,-6300.T=41,,"Package=97,UTC=10:31:48,Lat=23.106512,Lng=120.292548,Alt=18.50,Ax=-847.17,Ay=382.35,Az=-349.41,Gx=-630.00,Gy=1015.00,Gz=-6300.T=41,H=55,SAT=4"
,2025-09-21T02:31:51Z,COM6,,UTC=10:31:49,18.20,120.292560,23.106513,,,,,,,,,55,SAT=4,-847.66,391.13,-324.03,1470.00,4305.00,-2135.T=41,,"Package=98,UTC=10:31:49,Lat=23.106513,Lng=120.292560,Alt=18.20,Ax=-847.66,Ay=391.13,Az=-324.03,Gx=1470.00,Gy=4305.00,Gz=-2135.T=41,H=55,SAT=4"
,2025-09-21T02:31:52Z,COM6,,UTC=10:31:50,17.40,120.292570,23.106510,,,,,,,,,55,SAT=4,-843.87,336.23,-364.54,210.00,9047.50,8785.00T=41,,"Package=99,UTC=10:31:50,Lat=23.106510,Lng=120.292570,Alt=17.40,Ax=-843.87,Ay=336.23,Az=-364.54,Gx=210.00,Gy=9047.50,Gz=8785.00T=41,H=55,SAT=4"
,2025-09-21T02:31:53Z,COM6,,UTC=10:31:51,17.40,120.292570,23.106510,,,,,,,,,55,SAT=0,-838.14,362.22,-379.66,2152.50,-525.00,1347.5T=41,,"Package=100,UTC=10:31:51,Lat=23.106510,Lng=120.292570,Alt=17.40,Ax=-838.14,Ay=362.22,Az=-379.66,Gx=2152.50,Gy=-525.00,Gz=1347.5T=41,H=55,SAT=0"
,2025-09-21T02:31:54Z,COM6,,UTC=10:31:52,17.40,120.292570,23.106510,,,,,,,,41,55,SAT=0,-832.41,379.66,-370.39,612.50,927.50,4410.00,,"Package=101,UTC=10:31:52,Lat=23.106510,Lng=120.292570,Alt=17.40,Ax=-832.41,Ay=379.66,Az=-370.39,Gx=612.50,Gy=927.50,Gz=4410.00,T=41,H=55,SAT=0"
,2025-09-21T02:31:55Z,COM6,,UTC=10:31:53,17.40,120.292570,23.106510,,,,,,,,,55,SAT=0,-832.77,388.69,-372.47,-1627.50,-13632.50,-54T=41,,"Package=102,UTC=10:31:53,Lat=23.106510,Lng=120.292570,Alt=17.40,Ax=-832.77,Ay=388.69,Az=-372.47,Gx=-1627.50,Gy=-13632.50,Gz=-54T=41,H=55,SAT=0"
,2025-09-21T02:31:56Z,COM6,,UTC=10:31:54,17.40,120.292570,23.106510,,,,,,,,,55,SAT=0,-817.16,379.79,-381.13,-875.00,18917.50,2275.T=41,,"Package=103,UTC=10:31:54,Lat=23.106510,Lng=120.292570,Alt=17.40,Ax=-817.16,Ay=379.79,Az=-381.13,Gx=-875.00,Gy=18917.50,Gz=2275.T=41,H=55,SAT=0"
,2025-09-21T02:31:57Z,COM6,,UTC=10:31:55,,120.2925,23.106510,,,,,,,,,,,,,,,,,,"Package=104,UTC=10:31:55,Lat=23.106510,Lng=120.2925"
,2025-09-21T02:31:58Z,COM6,,UTC=10:31:56,17.40,120.292570,23.106510,,,,,,,,,55,SAT=0,-806.91,391.74,-403.33,-1435.00,3727.50,-192.T=41,,"Package=105,UTC=10:31:56,Lat=23.106510,Lng=120.292570,Alt=17.40,Ax=-806.91,Ay=391.74,Az=-403.33,Gx=-1435.00,Gy=3727.50,Gz=-192.T=41,H=55,SAT=0"
,2025-09-21T02:31:59Z,COM6,,UTC=10:31:57,,120.29,23.106510,,,,,,,,,,,,,,,,,,"Package=106,UTC=10:31:57,Lat=23.106510,Lng=120.29"
,2025-09-21T02:32:00Z,COM6,,UTC=10:31:58,17.40,120.292570,23.106510,,,,,,,,,55,SAT=0,-805.69,386.13,-392.11,3080.00,-700.00,9030.0T=41,,"Package=107,UTC=10:31:58,Lat=23.106510,Lng=120.292570,Alt=17.40,Ax=-805.69,Ay=386.13,Az=-392.11,Gx=3080.00,Gy=-700.00,Gz=9030.0T=41,H=55,SAT=0"
,2025-09-21T02:32:01Z,COM6,,UTC=10:31:59,,,,,,,,,,,,,,,,,,,,,"Package=108,UTC=10:31:59,La"
,2025-09-21T02:32:02Z,COM6,,UTC=10:32:0,20.20,120.292530,23.106487,,,,,,,,,55,SAT=0,-855.71,342.33,-366.73,-13335.00,-16712.50,13T=41,,"Package=109,UTC=10:32:0,Lat=23.106487,Lng=120.292530,Alt=20.20,Ax=-855.71,Ay=342.33,Az=-366.73,Gx=-13335.00,Gy=-16712.50,Gz=13T=41,H=55,SAT=0"
,2025-09-21T02:32:03Z,COM6,,UTC=10:32:1,21.60,120.292503,23.106495,,,,,,,,,55,SAT=3,-830.09,401.01,-370.64,-2852.50,-8907.50,-220T=41,,"Package=110,UTC=10:32:1,Lat=23.106495,Lng=120.292503,Alt=21.60,Ax=-830.09,Ay=401.01,Az=-370.64,Gx=-2852.50,Gy=-8907.50,Gz=-220T=41,H=55,SAT=3"
,2025-09-21T02:32:04Z,COM6,,UTC=10:32:2,21.50,120.292508,23.106492,,,,,,,,,55,SAT=4,-780.92,399.43,-370.88,11305.00,32795.00,1580T=41,,"Package=111,UTC=10:32:2,Lat=23.106492,Lng=120.292508,Alt=21.50,Ax=-780.92,Ay=399.43,Az=-370.88,Gx=11305.00,Gy=32795.00,Gz=1580T=41,H=55,SAT=4"
,2025-09-21T02:32:05Z,COM6,,UTC=10:32:3,22.40,120.292497,23.106468,,,,,,,,,55,SAT=4,-834.72,382.35,-340.38,-4130.00,-227.50,-1102T=41,,"Package=112,UTC=10:32:3,Lat=23.106468,Lng=120.292497,Alt=22.40,Ax=-834.72,Ay=382.35,Az=-340.38,Gx=-4130.00,Gy=-227.50,Gz=-1102T=41,H=55,SAT=4"
,2025-09-21T02:32:06Z,COM6,,UTC=10:32:4,21.40,120.292448,23.106443,,,,,,,,,55,SAT=4,-899.63,347.94,-256.32,-3955.00,3587.50,-1412T=41,,"Package=113,UTC=10:32:4,Lat=23.106443,Lng=120.292448,Alt=21.40,Ax=-899.63,Ay=347.94,Az=-256.32,Gx=-3955.00,Gy=3587.50,Gz=-1412T=41,H=55,SAT=4"
,2025-09-21T02:32:07Z,COM6,,UTC=10:32:5,21.10,120.292410,23.106423,,,,,,,,,55,SAT=4,-900.85,331.72,-282.19,-8067.50,-12530.00,234T=41,,"Package=114,UTC=10:32:5,Lat=23.106423,Lng=120.292410,Alt=21.10,Ax=-900.85,Ay=331.72,Az=-282.19,Gx=-8067.50,Gy=-12530.00,Gz=234T=41,H=55,SAT=4"
,2025-09-21T02:32:08Z,COM6,,UTC=10:32:6,21.10,120.292410,23.106423,,,,,,,,,55,SAT=0,-148.84,953.55,-46.24,-4270.00,-40705.00,-444T=41,,"Package=115,UTC=10:32:6,Lat=23.106423,Lng=120.292410,Alt=21.10,Ax=-148.84,Ay=953.55,Az=-46.24,Gx=-4270.00,Gy=-40705.00,Gz=-444T=41,H=55,SAT=0"
,2025-09-21T02:32:09Z,COM6,,UTC=10:32:7,19.00,120.292413,23.106442,,,,,,,,,55,SAT=4,-903.78,-178.36,178.24,6597.50,9327.50,-66062T=41,,"Package=116,UTC=10:32:7,Lat=23.106442,Lng=120.292413,Alt=19.00,Ax=-903.78,Ay=-178.36,Az=178.24,Gx=6597.50,Gy=9327.50,Gz=-66062T=41,H=55,SAT=4"
,2025-09-21T02:32:10Z,COM6,,UTC=10:32:8,,120.292408,23.106450,,,,,,,,,,,,,,,,,,"Package=117,UTC=10:32:8,Lat=23.106450,Lng=120.292408,Al"
,2025-09-21T02:32:11Z,COM6,,UTC=10:32:9,20.20,120.292418,23.106450,,,,,,,,,55,SAT=4,-460.92,-814.47,364.54,-7647.50,36592.50,8330T=41,,"Package=118,UTC=10:32:9,Lat=23.106450,Lng=120.292418,Alt=20.20,Ax=-460.92,Ay=-814.47,Az=364.54,Gx=-7647.50,Gy=36592.50,Gz=8330T=41,H=55,SAT=4"
,2025-09-21T02:32:12Z,COM6,,UTC=10:32:10,,,23.1,,,,,,,,,,,,,,,,,,"Package=119,UTC=10:32:10,Lat=23.1"
,2025-09-21T02:32:13Z,COM6,,UTC=10:32:11,3.70,120.292472,23.106495,,,,,,,,,55,SAT=4,-880.23,-226.92,-391.86,5635.00,29330.00,-813T=41,,"Package=120,UTC=10:32:11,Lat=23.106495,Lng=120.292472,Alt=3.70,Ax=-880.23,Ay=-226.92,Az=-391.86,Gx=5635.00,Gy=29330.00,Gz=-813T=41,H=55,SAT=4"
,2025-09-21T02:32:14Z,COM6,,UTC=10:32:12,,,23,,,,,,,,,,,,,,,,,,"Package=121,UTC=10:32:12,Lat=23"
,2025-09-21T02:32:15Z,COM6,,UTC=10:32:13,10.40,120.292467,23.106608,,,,,,,,,55,SAT=5,-652.70,-693.57,318.91,-16555.00,33215.00,423T=41,,"Package=122,UTC=10:32:13,Lat=23.106608,Lng=120.292467,Alt=10.40,Ax=-652.70,Ay=-693.57,Az=318.91,Gx=-16555.00,Gy=33215.00,Gz=423T=41,H=55,SAT=5"
,2025-09-21T02:32:16Z,COM6,,UTC=10:32:14,16.90,120.292508,23.106615,,,,,,,,,55,SAT=5,-703.09,-622.93,234.24,-32812.50,131197.50,-9T=41,,"Package=123,UTC=10:32:14,Lat=23.106615,Lng=120.292508,Alt=16.90,Ax=-703.09,Ay=-622.93,Az=234.24,Gx=-32812.50,Gy=131197.50,Gz=-9T=41,H=55,SAT=5"
,2025-09-21T02:32:17Z,COM6,,UTC=10:32:15,20.00,120.292562,23.106607,,,,,,,,,55,SAT=5,-573.40,-694.79,-567.18,-126542.50,14910.00,-T=41,,"Package=124,UTC=10:32:15,Lat=23.106607,Lng=120.292562,Alt=20.00,Ax=-573.40,Ay=-694.79,Az=-567.18,Gx=-126542.50,Gy=14910.00,Gz=-T=41,H=55,SAT=5"
,2025-09-21T02:32:18Z,COM6,,UTC=10:32:16,23.00,120.292577,23.106602,,,,,,,,,55,SAT=5,-499.83,-403.82,-784.83,30730.00,9117.50,-418T=41,,"Package=125,UTC=10:32:16,Lat=23.106602,Lng=120.292577,Alt=23.00,Ax=-499.83,Ay=-403.82,Az=-784.83,Gx=30730.00,Gy=9117.50,Gz=-418T=41,H=55,SAT=5"
,2025-09-21T02:32:19Z,COM6,,UTC=10:32:17,22.70,120.292567,23.106618,,,,,,,,,55,SAT=5,-439.44,-212.65,-858.64,-39830.00,36102.50,-1T=41,,"Package=126,UTC=10:32:17,Lat=23.106618,Lng=120.292567,Alt=22.70,Ax=-439.44,Ay=-212.65,Az=-858.64,Gx=-39830.00,Gy=36102.50,Gz=-1T=41,H=55,SAT=5"
,2025-09-21T02:32:20Z,COM6,,UTC=10:32:18,22.70,120.292568,23.106630,,,,,,,,,55,SAT=5,-203.25,-275.96,-950.62,5687.50,-4007.50,1050T=41,,"Package=127,UTC=10:32:18,Lat=23.106630,Lng=120.292568,Alt=22.70,Ax=-203.25,Ay=-275.96,Az=-950.62,Gx=5687.50,Gy=-4007.50,Gz=1050T=41,H=55,SAT=5"
,2025-09-21T02:32:21Z,COM6,,UTC=10:32:19,22.50,120.292558,23.106643,,,,,,,,,55,SAT=5,-222.53,-309.64,-934.40,18515.00,6440.00,4305T=41,,"Package=128,UTC=10:32:19,Lat=23.106643,Lng=120.292558,Alt=22.50,Ax=-222.53,Ay=-309.64,Az=-934.40,Gx=18515.00,Gy=6440.00,Gz=4305T=41,H=55,SAT=5"
,2025-09-21T02:32:22Z,COM6,,UTC=10:32:20,23.30,120.292555,23.106655,,,,,,,,,55,SAT=5,-190.20,-309.88,-946.72,8697.50,17237.50,-136T=41,,"Package=129,UTC=10:32:20,Lat=23.106655,Lng=120.292555,Alt=23.30,Ax=-190.20,Ay=-309.88,Az=-946.72,Gx=8697.50,Gy=17237.50,Gz=-136T=41,H=55,SAT=5"
,2025-09-21T02:32:23Z,COM6,,UTC=10:32:21,,120.292558,23.106648,,,,,,,,,,,,,,,,,,"Package=130,UTC=10:32:21,Lat=23.106648,Lng=120.292558,Alt="
,2025-09-21T02:32:24Z,COM6,,UTC=10:32:22,26.70,120.292565,23.106633,,,,,,,,,55,SAT=5,-227.41,-329.16,-876.08,-4235.00,16940.00,-18T=41,,"Package=131,UTC=10:32:22,Lat=23.106633,Lng=120.292565,Alt=26.70,Ax=-227.41,Ay=-329.16,Az=-876.08,Gx=-4235.00,Gy=16940.00,Gz=-18T=41,H=55,SAT=5"
,2025-09-21T02:32:25Z,COM6,,UTC=10:32:23,,,23.10663,,,,,,,,,,,,,,,,,,"Package=132,UTC=10:32:23,Lat=23.10663"
,2025-09-21T02:32:26Z,COM6,,UTC=10:32:24,27.50,120.292565,23.106632,,,,,,,,,55,SAT=5,-253.03,-1004.30,62.22,5390.00,-22750.00,-227T=41,,"Package=133,UTC=10:32:24,Lat=23.106632,Lng=120.292565,Alt=27.50,Ax=-253.03,Ay=-1004.30,Az=62.22,Gx=5390.00,Gy=-22750.00,Gz=-227T=41,H=55,SAT=5"
,2025-09-21T02:32:27Z,COM6,,UTC=10:32:25,28.40,120.292568,23.106622,,,,,,,,,55,SAT=5,-370.64,-934.89,59.41,-9397.50,-9012.50,-1015T=41,,"Package=134,UTC=10:32:25,Lat=23.106622,Lng=120.292568,Alt=28.40,Ax=-370.64,Ay=-934.89,Az=59.41,Gx=-9397.50,Gy=-9012.50,Gz=-1015T=41,H=55,SAT=5"
,2025-09-21T02:32:28Z,COM6,,UTC=10:32:26,28.70,120.292573,23.106618,,,,,,,,,55,SAT=5,-275.72,-981.37,-42.58,-1347.50,-7717.50,-756T=41,,"Package=135,UTC=10:32:26,Lat=23.106618,Lng=120.292573,Alt=28.70,Ax=-275.72,Ay=-981.37,Az=-42.58,Gx=-1347.50,Gy=-7717.50,Gz=-756T=41,H=55,SAT=5"
,2025-09-21T02:32:29Z,COM6,,UTC=10:32:27,29.30,120.292553,23.106632,,,,,,,,,55,SAT=5,-38.19,-1035.29,106.75,13720.00,-4462.50,-402T=41,,"Package=136,UTC=10:32:27,Lat=23.106632,Lng=120.292553,Alt=29.30,Ax=-38.19,Ay=-1035.29,Az=106.75,Gx=13720.00,Gy=-4462.50,Gz=-402T=41,H=55,SAT=5"
,2025-09-21T02:32:30Z,COM6,,UTC=10:32:28,29.30,120.292542,23.106630,,,,,,,,,55,SAT=4,-46.12,-1034.93,77.84,24045.00,-6877.50,-1128T=41,,"Package=137,UTC=10:32:28,Lat=23.106630,Lng=120.292542,Alt=29.30,Ax=-46.12,Ay=-1034.93,Az=77.84,Gx=24045.00,Gy=-6877.50,Gz=-1128T=41,H=55,SAT=4"
,2025-09-21T02:32:31Z,COM6,,UTC=10:32:29,29.80,120.292542,23.106625,,,,,,,,41,55,SAT=4,15.86,-1031.63,20.13,490.00,-227.50,5180.00,,"Package=138,UTC=10:32:29,Lat=23.106625,Lng=120.292542,Alt=29.80,Ax=15.86,Ay=-1031.63,Az=20.13,Gx=490.00,Gy=-227.50,Gz=5180.00,T=41,H=55,SAT=4"
,2025-09-21T02:32:32Z,COM6,,UTC=10:32:30,30.60,120.292545,23.106618,,,,,,,,,55,SAT=4,2.32,-1039.81,30.50,10780.00,28350.00,-4497.5T=41,,"Package=139,UTC=10:32:30,Lat=23.106618,Lng=120.292545,Alt=30.60,Ax=2.32,Ay=-1039.81,Az=30.50,Gx=10780.00,Gy=28350.00,Gz=-4497.5T=41,H=55,SAT=4"
,2025-09-21T02:32:33Z,COM6,,UTC=10:32:31,31.00,120.292548,23.106618,,,,,,,,,55,SAT=4,-2.56,-1030.53,24.40,-15575.00,-13632.50,-204T=41,,"Package=140,UTC=10:32:31,Lat=23.106618,Lng=120.292548,Alt=31.00,Ax=-2.56,Ay=-1030.53,Az=24.40,Gx=-15575.00,Gy=-13632.50,Gz=-204T=41,H=55,SAT=4"
,2025-09-21T02:32:34Z,COM6,,UTC=10:32:32,31.70,120.292557,23.106618,,,,,,,,,,,,,,,,,,"Package=141,UTC=10:32:32,Lat=23.106618,Lng=120.292557,Alt=31.70,"
,2025-09-21T02:32:35Z,COM6,,UTC=10:32:33,32.00,120.292555,23.106612,,,,,,,,41,55,SAT=4,42.46,-1034.93,2.44,31255.00,2100.00,8662.50,,"Package=142,UTC=10:32:33,Lat=23.106612,Lng=120.292555,Alt=32.00,Ax=42.46,Ay=-1034.93,Az=2.44,Gx=31255.00,Gy=2100.00,Gz=8662.50,T=41,H=55,SAT=4"
,2025-09-21T02:32:36Z,COM6,,UTC=10:32:34,,,23.106607,,,,,,,,,,,,,,,,,,"Package=143,UTC=10:32:34,Lat=23.106607,Lng"
,2025-09-21T02:32:37Z,COM6,,UTC=10:32:35,34.30,120.292563,23.106598,,,,,,,,,54,SAT=4,-26.96,-1019.07,20.50,-8697.50,8120.00,2905.0T=41,,"Package=144,UTC=10:32:35,Lat=23.106598,Lng=120.292563,Alt=34.30,Ax=-26.96,Ay=-1019.07,Az=20.50,Gx=-8697.50,Gy=8120.00,Gz=2905.0T=41,H=54,SAT=4"
,2025-09-21T02:32:38Z,COM6,,UTC=10:32:36,,,23.106592,,,,,,,,,,,,,,,,,,"Package=145,UTC=10:32:36,Lat=23.106592,L"
,2025-09-21T02:32:39Z,COM6,,UTC=10:32:37,34.30,120.292567,23.106595,,,,,,,,,54,SAT=4,-7.20,-1057.37,-75.40,-21455.00,5635.00,-717.T=41,,"Package=146,UTC=10:32:37,Lat=23.106595,Lng=120.292567,Alt=34.30,Ax=-7.20,Ay=-1057.37,Az=-75.40,Gx=-21455.00,Gy=5635.00,Gz=-717.T=41,H=54,SAT=4"
,2025-09-21T02:32:40Z,COM6,,UTC=10:32:38,35.90,120.292558,23.106595,,,,,,,,,54,SAT=4,-73.69,-1027.24,-99.31,-17885.00,-17535.00,-3T=41,,"Package=147,UTC=10:32:38,Lat=23.106595,Lng=120.292558,Alt=35.90,Ax=-73.69,Ay=-1027.24,Az=-99.31,Gx=-17885.00,Gy=-17535.00,Gz=-3T=41,H=54,SAT=4"
,2025-09-21T02:32:41Z,COM6,,UTC=10:32:39,36.60,120.292558,23.106587,,,,,,,,,54,SAT=4,-84.67,-989.91,-122.49,19582.50,1277.50,-9152T=41,,"Package=148,UTC=10:32:39,Lat=23.106587,Lng=120.292558,Alt=36.60,Ax=-84.67,Ay=-989.91,Az=-122.49,Gx=19582.50,Gy=1277.50,Gz=-9152T=41,H=54,SAT=4"
,2025-09-21T02:32:42Z,COM6,,UTC=10:32:40,33.90,120.292565,23.106590,,,,,,,,,54,SAT=4,12.57,-1037.73,-79.06,1837.50,12687.50,5355.0T=41,,"Package=149,UTC=10:32:40,Lat=23.106590,Lng=120.292565,Alt=33.90,Ax=12.57,Ay=-1037.73,Az=-79.06,Gx=1837.50,Gy=12687.50,Gz=5355.0T=41,H=54,SAT=4"
,2025-09-21T02:32:43Z,COM6,,UTC=10:32:41,31.60,120.292562,23.106595,,,,,,,,,54,SAT=4,-18.54,-1024.68,-44.90,-7700.00,4847.50,-5197T=41,,"Package=150,UTC=10:32:41,Lat=23.106595,Lng=120.292562,Alt=31.60,Ax=-18.54,Ay=-1024.68,Az=-44.90,Gx=-7700.00,Gy=4847.50,Gz=-5197T=41,H=54,SAT=4"
,2025-09-21T02:32:44Z,COM6,,UTC=10:32:42,30.10,120.292562,23.106588,,,,,,,,,54,SAT=4,0.49,-970.63,-212.52,-11882.50,34282.50,-1001T=41,,"Package=151,UTC=10:32:42,Lat=23.106588,Lng=120.292562,Alt=30.10,Ax=0.49,Ay=-970.63,Az=-212.52,Gx=-11882.50,Gy=34282.50,Gz=-1001T=41,H=54,SAT=4"
,2025-09-21T02:32:45Z,COM6,,UTC=10:32:43,28.00,120.292560,23.106572,,,,,,,,,54,SAT=4,-457.62,-849.36,-219.48,-7175.00,5197.50,1096T=41,,"Package=152,UTC=10:32:43,Lat=23.106572,Lng=120.292560,Alt=28.00,Ax=-457.62,Ay=-849.36,Az=-219.48,Gx=-7175.00,Gy=5197.50,Gz=1096T=41,H=54,SAT=4"
,2025-09-21T02:32:46Z,COM6,,UTC=10:32:44,26.50,120.292563,23.106558,,,,,,,,,54,SAT=4,-962.82,-239.49,-247.17,-43347.50,65415.00,13T=41,,"Package=153,UTC=10:32:44,Lat=23.106558,Lng=120.292563,Alt=26.50,Ax=-962.82,Ay=-239.49,Az=-247.17,Gx=-43347.50,Gy=65415.00,Gz=13T=41,H=54,SAT=4"
,2025-09-21T02:32:47Z,COM6,,UTC=10:32:45,25.30,120.292583,23.106563,,,,,,,,,54,SAT=4,-513.38,694.18,-490.68,5285.00,-62440.00,-276T=41,,"Package=154,UTC=10:32:45,Lat=23.106563,Lng=120.292583,Alt=25.30,Ax=-513.38,Ay=694.18,Az=-490.68,Gx=5285.00,Gy=-62440.00,Gz=-276T=41,H=54,SAT=4"
,2025-09-21T02:32:48Z,COM6,,UTC=10:32:46,23.80,120.292593,23.106553,,,,,,,,,54,SAT=4,-108.09,419.07,-819.23,-101080.00,-60812.50,1T=41,,"Package=155,UTC=10:32:46,Lat=23.106553,Lng=120.292593,Alt=23.80,Ax=-108.09,Ay=419.07,Az=-819.23,Gx=-101080.00,Gy=-60812.50,Gz=1T=41,H=54,SAT=4"
,2025-09-21T02:32:49Z,COM6,,UTC=10:32:47,,120,23.106545,,,,,,,,,,,,,,,,,,"Package=156,UTC=10:32:47,Lat=23.106545,Lng=120"
,2025-09-21T02:32:51Z,COM6,,UTC=10:32:48,22.30,120.292600,23.106550,,,,,,,,,55,SAT=4,135.79,955.87,-55.63,31920.00,-22225.00,-3036T=41,,"Package=157,UTC=10:32:48,Lat=23.106550,Lng=120.292600,Alt=22.30,Ax=135.79,Ay=955.87,Az=-55.63,Gx=31920.00,Gy=-22225.00,Gz=-3036T=41,H=55,SAT=4"
,2025-09-21T02:32:51Z,COM6,,UTC=10:32:49,,,,,,,,,,,,,,,,,,,,,"Package=158,UTC=10:32:49"
,2025-09-21T02:32:52Z,COM6,,UTC=10:32:50,22.30,120.292573,23.106547,,,,,,,,,55,SAT=4,-131.52,851.56,-481.41,-9205.00,-6457.50,-290T=41,,"Package=159,UTC=10:32:50,Lat=23.106547,Lng=120.292573,Alt=22.30,Ax=-131.52,Ay=851.56,Az=-481.41,Gx=-9205.00,Gy=-6457.50,Gz=-290T=41,H=55,SAT=4"
,2025-09-21T02:32:54Z,COM6,,UTC=10:32:52,24.20,120.292567,23.106523,,,,,,,,,55,SAT=4,898.90,279.87,-274.50,-3710.00,1872.50,12127.T=41,,"Package=161,UTC=10:32:52,Lat=23.106523,Lng=120.292567,Alt=24.20,Ax=898.90,Ay=279.87,Az=-274.50,Gx=-3710.00,Gy=1872.50,Gz=12127.T=41,H=55,SAT=4"
,2025-09-21T02:32:55Z,COM6,,UTC=10:32:53,23.60,120.292562,23.106513,,,,,,,,,55,SAT=4,541.92,-664.53,-525.45,-80605.00,30187.50,-48T=41,,"Package=162,UTC=10:32:53,Lat=23.106513,Lng=120.292562,Alt=23.60,Ax=541.92,Ay=-664.53,Az=-525.45,Gx=-80605.00,Gy=30187.50,Gz=-48T=41,H=55,SAT=4"
,2025-09-21T02:32:56Z,COM6,,UTC=10:32:54,22.90,120.292563,23.106502,,,,,,,,,55,SAT=4,637.33,331.47,601.46,-297.50,16485.00,7175.00T=41,,"Package=163,UTC=10:32:54,Lat=23.106502,Lng=120.292563,Alt=22.90,Ax=637.33,Ay=331.47,Az=601.46,Gx=-297.50,Gy=16485.00,Gz=7175.00T=41,H=55,SAT=4"
,2025-09-21T02:32:57Z,COM6,,UTC=10:32:55,26.60,120.292570,23.106502,,,,,,,,,55,SAT=5,660.39,218.62,703.94,-14997.50,58677.50,-1701T=41,,"Package=164,UTC=10:32:55,Lat=23.106502,Lng=120.292570,Alt=26.60,Ax=660.39,Ay=218.62,Az=703.94,Gx=-14997.50,Gy=58677.50,Gz=-1701T=41,H=55,SAT=5"
,2025-09-21T02:32:58Z,COM6,,UTC=10:32:56,30.70,120.292560,23.106527,,,,,,,,,55,SAT=5,386.37,-50.26,899.99,-91437.50,15347.50,13317T=41,,"Package=165,UTC=10:32:56,Lat=23.106527,Lng=120.292560,Alt=30.70,Ax=386.37,Ay=-50.26,Az=899.99,Gx=-91437.50,Gy=15347.50,Gz=13317T=41,H=55,SAT=5"
,2025-09-21T02:32:59Z,COM6,,UTC=10:32:57,33.00,120.292568,23.106515,,,,,,,,,55,SAT=5,-155.43,-375.39,944.16,-50435.00,507.50,-4935T=41,,"Package=166,UTC=10:32:57,Lat=23.106515,Lng=120.292568,Alt=33.00,Ax=-155.43,Ay=-375.39,Az=944.16,Gx=-50435.00,Gy=507.50,Gz=-4935T=41,H=55,SAT=5"
,2025-09-21T02:33:00Z,COM6,,UTC=10:32:58,34.20,120.292560,23.106537,,,,,,,,,55,SAT=5,154.82,-713.33,730.29,-1890.00,-18427.50,-119T=41,,"Package=167,UTC=10:32:58,Lat=23.106537,Lng=120.292560,Alt=34.20,Ax=154.82,Ay=-713.33,Az=730.29,Gx=-1890.00,Gy=-18427.50,Gz=-119T=41,H=55,SAT=5"
,2025-09-21T02:33:01Z,COM6,,UTC=10:32:59,34.40,120.292557,23.106542,,,,,,,,,54,SAT=5,255.10,-518.74,879.99,280.00,2695.00,22102.50T=41,,"Package=168,UTC=10:32:59,Lat=23.106542,Lng=120.292557,Alt=34.40,Ax=255.10,Ay=-518.74,Az=879.99,Gx=280.00,Gy=2695.00,Gz=22102.50T=41,H=54,SAT=5"
,2025-09-21T02:33:02Z,COM6,,UTC=10:33:0,35.70,120.292550,23.106542,,,,,,,,,54,SAT=5,205.45,-428.46,959.77,3955.00,-24290.00,-1436T=41,,"Package=169,UTC=10:33:0,Lat=23.106542,Lng=120.292550,Alt=35.70,Ax=205.45,Ay=-428.46,Az=959.77,Gx=3955.00,Gy=-24290.00,Gz=-1436T=41,H=54,SAT=5"
,2025-09-21T02:33:03Z,COM6,,UTC=10:33:1,37.30,120.292532,23.106545,,,,,,,,,54,SAT=5,524.23,-289.51,799.22,16695.00,-3062.50,-6982T=41,,"Package=170,UTC=10:33:1,Lat=23.106545,Lng=120.292532,Alt=37.30,Ax=524.23,Ay=-289.51,Az=799.22,Gx=16695.00,Gy=-3062.50,Gz=-6982T=41,H=54,SAT=5"
,2025-09-21T02:33:04Z,COM6,,UTC=10:33:2,38.60,120.292525,23.106547,,,,,,,,,54,SAT=5,578.04,-227.90,817.77,-1400.00,5775.00,-4480.T=41,,"Package=171,UTC=10:33:2,Lat=23.106547,Lng=120.292525,Alt=38.60,Ax=578.04,Ay=-227.90,Az=817.77,Gx=-1400.00,Gy=5775.00,Gz=-4480.T=41,H=54,SAT=5"
,2025-09-21T02:33:05Z,COM6,,UTC=10:33:3,39.80,120.292537,23.106545,,,,,,,,,54,SAT=5,528.02,-209.84,847.90,-13720.00,10325.00,262.T=41,,"Package=172,UTC=10:33:3,Lat=23.106545,Lng=120.292537,Alt=39.80,Ax=528.02,Ay=-209.84,Az=847.90,Gx=-13720.00,Gy=10325.00,Gz=262.T=41,H=54,SAT=5"
,2025-09-21T02:33:06Z,COM6,,UTC=10:33:4,,120,23.106540,,,,,,,,,,,,,,,,,,"Package=173,UTC=10:33:4,Lat=23.106540,Lng=120"
,2025-09-21T02:33:08Z,COM6,,UTC=10:33:5,41.90,120.292532,23.106543,,,,,,,,,55,SAT=5,52.46,-96.87,989.18,20300.00,-39935.00,4340.0T=41,,"Package=174,UTC=10:33:5,Lat=23.106543,Lng=120.292532,Alt=41.90,Ax=52.46,Ay=-96.87,Az=989.18,Gx=20300.00,Gy=-39935.00,Gz=4340.0T=41,H=55,SAT=5"
,2025-09-21T02:33:08Z,COM6,,UTC=10:33:6,,,,,,,,,,,,,,,,,,,,,"Package=175,UTC=10:33:6,"
,2025-09-21T02:33:09Z,COM6,,UTC=10:33:7,42.90,120.292507,23.106557,,,,,,,,,55,SAT=5,-233.51,-175.31,-951.84,8365.00,13895.00,3132T=41,,"Package=176,UTC=10:33:7,Lat=23.106557,Lng=120.292507,Alt=42.90,Ax=-233.51,Ay=-175.31,Az=-951.84,Gx=8365.00,Gy=13895.00,Gz=3132T=41,H=55,SAT=5"
,2025-09-21T02:33:11Z,COM6,,UTC=10:33:9,42.60,120.292528,23.106522,,,,,,,,,54,SAT=5,-178.12,-169.46,-974.17,13860.00,10290.00,364T=41,,"Package=178,UTC=10:33:9,Lat=23.106522,Lng=120.292528,Alt=42.60,Ax=-178.12,Ay=-169.46,Az=-974.17,Gx=13860.00,Gy=10290.00,Gz=364T=41,H=54,SAT=5"
,2025-09-21T02:33:12Z,COM6,,UTC=10:33:10,43.50,120.292528,23.106520,,,,,,,,,54,SAT=5,-136.52,-179.71,-987.96,-6545.00,19722.50,-66T=41,,"Package=179,UTC=10:33:10,Lat=23.106520,Lng=120.292528,Alt=43.50,Ax=-136.52,Ay=-179.71,Az=-987.96,Gx=-6545.00,Gy=19722.50,Gz=-66T=41,H=54,SAT=5"
,2025-09-21T02:33:13Z,COM6,,UTC=10:33:11,43.50,120.292517,23.106543,,,,,,,,,54,SAT=5,-86.86,-100.77,-979.42,-33267.50,-2520.00,-12T=41,,"Package=180,UTC=10:33:11,Lat=23.106543,Lng=120.292517,Alt=43.50,Ax=-86.86,Ay=-100.77,Az=-979.42,Gx=-33267.50,Gy=-2520.00,Gz=-12T=41,H=54,SAT=5"
,2025-09-21T02:33:14Z,COM6,,UTC=10:33:12,44.10,120.292498,23.106567,,,,,,,,,54,SAT=5,-10.25,20.50,-863.27,-48825.00,-54617.50,-357T=41,,"Package=181,UTC=10:33:12,Lat=23.106567,Lng=120.292498,Alt=44.10,Ax=-10.25,Ay=20.50,Az=-863.27,Gx=-48825.00,Gy=-54617.50,Gz=-357T=41,H=54,SAT=5"
,2025-09-21T02:33:15Z,COM6,,UTC=10:33:13,44.70,120.292485,23.106590,,,,,,,,,54,SAT=5,-736.39,121.63,-510.08,-20667.50,16310.00,-17T=41,,"Package=182,UTC=10:33:13,Lat=23.106590,Lng=120.292485,Alt=44.70,Ax=-736.39,Ay=121.63,Az=-510.08,Gx=-20667.50,Gy=16310.00,Gz=-17T=41,H=54,SAT=5"
,2025-09-21T02:33:16Z,COM6,,UTC=10:33:14,45.40,120.292477,23.106612,,,,,,,,,54,SAT=5,-455.30,167.63,-742.74,1820.00,51677.50,-2406T=41,,"Package=183,UTC=10:33:14,Lat=23.106612,Lng=120.292477,Alt=45.40,Ax=-455.30,Ay=167.63,Az=-742.74,Gx=1820.00,Gy=51677.50,Gz=-2406T=41,H=54,SAT=5"
,2025-09-21T02:33:17Z,COM6,,UTC=10:33:15,46.20,120.292460,23.106630,,,,,,,,41,54,SAT=5,23.79,-19.28,-999.06,595.00,-1295.00,35.00,,"Package=184,UTC=10:33:15,Lat=23.106630,Lng=120.292460,Alt=46.20,Ax=23.79,Ay=-19.28,Az=-999.06,Gx=595.00,Gy=-1295.00,Gz=35.00,T=41,H=54,SAT=5"
,2025-09-21T02:33:18Z,COM6,,UTC=10:33:16,46.70,120.292423,23.106658,,,,,,,,41,54,SAT=5,21.96,-17.32,-993.32,507.50,-892.50,-105.00,,"Package=185,UTC=10:33:16,Lat=23.106658,Lng=120.292423,Alt=46.70,Ax=21.96,Ay=-17.32,Az=-993.32,Gx=507.50,Gy=-892.50,Gz=-105.00,T=41,H=54,SAT=5"
,2025-09-21T02:33:19Z,COM6,,UTC=10:33:17,46.70,120.292423,23.106658,,,,,,,,,54,SAT=0,19.64,-19.40,-990.03,-1942.50,1120.00,-140.00T=42,,"Package=186,UTC=10:33:17,Lat=23.106658,Lng=120.292423,Alt=46.70,Ax=19.64,Ay=-19.40,Az=-990.03,Gx=-1942.50,Gy=1120.00,Gz=-140.00T=42,H=54,SAT=0"
,2025-09-21T02:33:20Z,COM6,,UTC=10:33:18,46.70,120.292423,23.106658,,,,,,,,42,54,SAT=0,22.33,-16.84,-991.86,-70.00,-525.00,0.00,,"Package=187,UTC=10:33:18,Lat=23.106658,Lng=120.292423,Alt=46.70,Ax=22.33,Ay=-16.84,Az=-991.86,Gx=-70.00,Gy=-525.00,Gz=0.00,T=42,H=54,SAT=0"
,2025-09-21T02:33:21Z,COM6,,UTC=10:33:19,,120.,23.106658,,,,,,,,,,,,,,,,,,"Package=188,UTC=10:33:19,Lat=23.106658,Lng=120."
,2025-09-21T02:33:22Z,COM6,,UTC=10:33:20,46.70,120.292423,23.106658,,,,,,,,,54,SAT=0,19.28,-19.40,-994.30,-577.50,-385.00,-1382.50T=42,,"Package=189,UTC=10:33:20,Lat=23.106658,Lng=120.292423,Alt=46.70,Ax=19.28,Ay=-19.40,Az=-994.30,Gx=-577.50,Gy=-385.00,Gz=-1382.50T=42,H=54,SAT=0"
,2025-09-21T02:33:23Z,COM6,,UTC=10:33:21,,1,23.106658,,,,,,,,,,,,,,,,,,"Package=190,UTC=10:33:21,Lat=23.106658,Lng=1"
,2025-09-21T02:33:24Z,COM6,,UTC=10:33:22,46.70,120.292423,23.106658,,,,,,,,42,54,SAT=0,21.35,-16.84,-992.35,280.00,-770.00,-35.00,,"Package=191,UTC=10:33:22,Lat=23.106658,Lng=120.292423,Alt=46.70,Ax=21.35,Ay=-16.84,Az=-992.35,Gx=280.00,Gy=-770.00,Gz=-35.00,T=42,H=54,SAT=0"
,2025-09-21T02:33:26Z,COM6,,UTC=10:33:24,46.70,120.292423,23.106658,,,,,,,,42,54,SAT=0,20.25,-17.45,-989.66,-1732.50,700.00,70.00,,"Package=193,UTC=10:33:24,Lat=23.106658,Lng=120.292423,Alt=46.70,Ax=20.25,Ay=-17.45,Az=-989.66,Gx=-1732.50,Gy=700.00,Gz=70.00,T=42,H=54,SAT=0"
,2025-09-21T02:33:27Z,COM6,,UTC=10:33:25,46.70,120.292423,23.106658,,,,,,,,42,54,SAT=0,20.13,-17.32,-989.91,-140.00,-437.50,-105.00,,"Package=194,UTC=10:33:25,Lat=23.106658,Lng=120.292423,Alt=46.70,Ax=20.13,Ay=-17.32,Az=-989.91,Gx=-140.00,Gy=-437.50,Gz=-105.00,T=42,H=54,SAT=0"
,2025-09-21T02:33:28Z,COM6,,UTC=10:33:26,46.70,120.292423,23.106658,,,,,,,,42,54,SAT=0,20.50,-17.20,-990.15,-87.50,-420.00,-87.50,,"Package=195,UTC=10:33:26,Lat=23.106658,Lng=120.292423,Alt=46.70,Ax=20.50,Ay=-17.20,Az=-990.15,Gx=-87.50,Gy=-420.00,Gz=-87.50,T=42,H=54,SAT=0"
,2025-09-21T02:33:29Z,COM6,,UTC=10:33:27,46.70,120.292423,23.106658,,,,,,,,42,54,SAT=0,20.50,-17.08,-988.69,-35.00,-735.00,-35.00,,"Package=196,UTC=10:33:27,Lat=23.106658,Lng=120.292423,Alt=46.70,Ax=20.50,Ay=-17.08,Az=-988.69,Gx=-35.00,Gy=-735.00,Gz=-35.00,T=42,H=54,SAT=0"
,2025-09-21T02:33:30Z,COM6,,UTC=10:33:28,,120.292423,23.106658,,,,,,,,,,,,,,,,,,"Package=197,UTC=10:33:28,Lat=23.106658,Lng=120.292423,A"
,2025-09-21T02:33:31Z,COM6,,UTC=10:33:29,46.70,120.292423,23.106658,,,,,,,,42,54,SAT=0,21.72,-16.47,-993.93,140.00,-665.00,-122.50,,"Package=198,UTC=10:33:29,Lat=23.106658,Lng=120.292423,Alt=46.70,Ax=21.72,Ay=-16.47,Az=-993.93,Gx=140.00,Gy=-665.00,Gz=-122.50,T=42,H=54,SAT=0"
,2025-09-21T02:33:32Z,COM6,,UTC=10:33:30,,,23.1,,,,,,,,,,,,,,,,,,"Package=199,UTC=10:33:30,Lat=23.1"
,2025-09-21T02:33:33Z,COM6,,UTC=10:33:31,46.70,120.292423,23.106658,,,,,,,,42,54,SAT=0,20.62,-17.57,-989.54,-560.00,140.00,-227.50,,"Package=200,UTC=10:33:31,Lat=23.106658,Lng=120.292423,Alt=46.70,Ax=20.62,Ay=-17.57,Az=-989.54,Gx=-560.00,Gy=140.00,Gz=-227.50,T=42,H=54,SAT=0"
,2025-09-21T02:33:34Z,COM6,,UTC=10:33:32,46.70,120.292423,23.106658,,,,,,,,42,54,SAT=0,23.18,-14.88,-991.37,87.50,-682.50,-52.50,,"Package=201,UTC=10:33:32,Lat=23.106658,Lng=120.292423,Alt=46.70,Ax=23.18,Ay=-14.88,Az=-991.37,Gx=87.50,Gy=-682.50,Gz=-52.50,T=42,H=54,SAT=0"
,2025-09-21T02:33:35Z,COM6,,UTC=10:33:33,46.70,120.292423,23.106658,,,,,,,,42,54,SAT=0,21.23,-16.59,-989.66,-52.50,-577.50,17.50,,"Package=202,UTC=10:33:33,Lat=23.106658,Lng=120.292423,Alt=46.70,Ax=21.23,Ay=-16.59,Az=-989.66,Gx=-52.50,Gy=-577.50,Gz=17.50,T=42,H=54,SAT=0"
,2025-09-21T02:33:36Z,COM6,,UTC=10:33:34,46.70,120.292423,23.106658,,,,,,,,42,54,SAT=0,20.98,-16.96,-989.79,-17.50,-542.50,-87.50,,"Package=203,UTC=10:33:34,Lat=23.106658,Lng=120.292423,Alt=46.70,Ax=20.98,Ay=-16.96,Az=-989.79,Gx=-17.50,Gy=-542.50,Gz=-87.50,T=42,H=54,SAT=0"
,2025-09-21T02:33:37Z,COM6,,UTC=10:33:35,46.70,120.292423,23.106658,,,,,,,,42,54,SAT=0,21.35,-17.08,-990.40,577.50,-1225.00,17.50,,"Package=204,UTC=10:33:35,Lat=23.106658,Lng=120.292423,Alt=46.70,Ax=21.35,Ay=-17.08,Az=-990.40,Gx=577.50,Gy=-1225.00,Gz=17.50,T=42,H=54,SAT=0"
,2025-09-21T02:33:38Z,COM6,,UTC=10:33:36,46.70,120.292423,23.106658,,,,,,,,41,54,SAT=0,20.74,-16.84,-989.79,332.50,-787.50,-105.00,,"Package=205,UTC=10:33:36,Lat=23.106658,Lng=120.292423,Alt=46.70,Ax=20.74,Ay=-16.84,Az=-989.79,Gx=332.50,Gy=-787.50,Gz=-105.00,T=41,H=54,SAT=0"
,2025-09-21T02:33:39Z,COM6,,UTC=10:33:37,46.70,120.292423,23.106658,,,,,,,,41,54,SAT=0,19.76,-17.57,-990.03,-175.00,-140.00,52.50,,"Package=206,UTC=10:33:37,Lat=23.106658,Lng=120.292423,Alt=46.70,Ax=19.76,Ay=-17.57,Az=-990.03,Gx=-175.00,Gy=-140.00,Gz=52.50,T=41,H=54,SAT=0"
,2025-09-21T02:33:40Z,COM6,,UTC=10:33:38,46.70,120.292423,23.106658,,,,,,,,41,54,SAT=0,20.50,-17.20,-989.42,175.00,-997.50,70.00,,"Package=207,UTC=10:33:38,Lat=23.106658,Lng=120.292423,Alt=46.70,Ax=20.50,Ay=-17.20,Az=-989.42,Gx=175.00,Gy=-997.50,Gz=70.00,T=41,H=54,SAT=0"
,2025-09-21T02:33:41Z,COM6,,UTC=10:33:39,46,120.292423,23.106658,,,,,,,,,,,,,,,,,,"Package=208,UTC=10:33:39,Lat=23.106658,Lng=120.292423,Alt=46"
,2025-09-21T02:33:42Z,COM6,,UTC=10:33:40,46.70,120.292423,23.106658,,,,,,,,41,54,SAT=0,20.98,-17.57,-989.18,-70.00,-507.50,-122.50,,"Package=209,UTC=10:33:40,Lat=23.106658,Lng=120.292423,Alt=46.70,Ax=20.98,Ay=-17.57,Az=-989.18,Gx=-70.00,Gy=-507.50,Gz=-122.50,T=41,H=54,SAT=0"
,2025-09-21T02:33:43Z,COM6,,UTC=10:33:41,,120.292423,23.106658,,,,,,,,,,,,,,,,,,"Package=210,UTC=10:33:41,Lat=23.106658,Lng=120.292423,Alt="
,2025-09-21T02:33:44Z,COM6,,UTC=10:33:42,46.70,120.292423,23.106658,,,,,,,,41,54,SAT=0,21.47,-17.57,-989.91,35.00,-840.00,17.50,,"Package=211,UTC=10:33:42,Lat=23.106658,Lng=120.292423,Alt=46.70,Ax=21.47,Ay=-17.57,Az=-989.91,Gx=35.00,Gy=-840.00,Gz=17.50,T=41,H=54,SAT=0"
,2025-09-21T02:33:45Z,COM6,,UTC=1,,,,,,,,,,,,,,,,,,,,,"Package=212,UTC=1"
,2025-09-21T02:33:46Z,COM6,,UTC=10:33:44,46.70,120.292423,23.106658,,,,,,,,41,54,SAT=0,21.35,-18.06,-988.81,-105.00,-630.00,35.00,,"Package=213,UTC=10:33:44,Lat=23.106658,Lng=120.292423,Alt=46.70,Ax=21.35,Ay=-18.06,Az=-988.81,Gx=-105.00,Gy=-630.00,Gz=35.00,T=41,H=54,SAT=0"
,2025-09-21T02:33:47Z,COM6,,UTC=10:33:45,46.70,120.292423,23.106658,,,,,,,,41,54,SAT=0,21.23,-17.93,-988.93,87.50,-595.00,17.50,,"Package=214,UTC=10:33:45,Lat=23.106658,Lng=120.292423,Alt=46.70,Ax=21.23,Ay=-17.93,Az=-988.93,Gx=87.50,Gy=-595.00,Gz=17.50,T=41,H=54,SAT=0"
,2025-09-21T02:33:48Z,COM6,,UTC=10:33:46,46.70,120.292423,23.106658,,,,,,,,41,54,SAT=0,21.47,-18.06,-989.42,-52.50,-507.50,-122.50,,"Package=215,UTC=10:33:46,Lat=23.106658,Lng=120.292423,Alt=46.70,Ax=21.47,Ay=-18.06,Az=-989.42,Gx=-52.50,Gy=-507.50,Gz=-122.50,T=41,H=54,SAT=0"
,2025-09-21T02:33:49Z,COM6,,UTC=10:33:47,46.70,120.292423,23.106658,,,,,,,,41,54,SAT=0,21.59,-17.81,-990.40,17.50,-577.50,35.00,,"Package=216,UTC=10:33:47,Lat=23.106658,Lng=120.292423,Alt=46.70,Ax=21.59,Ay=-17.81,Az=-990.40,Gx=17.50,Gy=-577.50,Gz=35.00,T=41,H=54,SAT=0"
,2025-09-21T02:33:50Z,COM6,,UTC=10:33:48,,,,,,,,,,,,,,,,,,,,,"Package=217,UTC=10:33:48,Lat="
,2025-09-21T02:33:51Z,COM6,,UTC=10:33:49,46.70,120.292423,23.106658,,,,,,,,41,54,SAT=0,21.23,-18.06,-992.35,-35.00,-560.00,-17.50,,"Package=218,UTC=10:33:49,Lat=23.106658,Lng=120.292423,Alt=46.70,Ax=21.23,Ay=-18.06,Az=-992.35,Gx=-35.00,Gy=-560.00,Gz=-17.50,T=41,H=54,SAT=0"
,2025-09-21T02:33:52Z,COM6,,UTC=10:33:50,46.70,120.292423,23.106658,,,,,,,,41,54,SAT=0,21.47,-17.81,-989.79,-17.50,-700.00,-35.00,,"Package=219,UTC=10:33:50,Lat=23.106658,Lng=120.292423,Alt=46.70,Ax=21.47,Ay=-17.81,Az=-989.79,Gx=-17.50,Gy=-700.00,Gz=-35.00,T=41,H=54,SAT=0"
,2025-09-21T02:33:53Z,COM6,,UTC=10:33:51,46.70,120.292423,23.106658,,,,,,,,41,54,SAT=0,21.47,-17.08,-987.83,-17.50,-717.50,0.00,,"Package=220,UTC=10:33:51,Lat=23.106658,Lng=120.292423,Alt=46.70,Ax=21.47,Ay=-17.08,Az=-987.83,Gx=-17.50,Gy=-717.50,Gz=0.00,T=41,H=54,SAT=0"
,2025-09-21T02:33:54Z,COM6,,UTC=10:33:52,46.70,120.292423,23.106658,,,,,,,,41,54,SAT=0,21.35,-17.93,-991.37,35.00,-577.50,-17.50,,"Package=221,UTC=10:33:52,Lat=23.106658,Lng=120.292423,Alt=46.70,Ax=21.35,Ay=-17.93,Az=-991.37,Gx=35.00,Gy=-577.50,Gz=-17.50,T=41,H=54,SAT=0"
,2025-09-21T02:33:55Z,COM6,,UTC=10:33:53,46.,120.292423,23.106658,,,,,,,,,,,,,,,,,,"Package=222,UTC=10:33:53,Lat=23.106658,Lng=120.292423,Alt=46."
,2025-09-21T02:33:56Z,COM6,,UTC=10:33:54,46.70,120.292423,23.106658,,,,,,,,41,54,SAT=0,21.59,-17.81,-990.27,-17.50,-525.00,-35.00,,"Package=223,UTC=10:33:54,Lat=23.106658,Lng=120.292423,Alt=46.70,Ax=21.59,Ay=-17.81,Az=-990.27,Gx=-17.50,Gy=-525.00,Gz=-35.00,T=41,H=54,SAT=0"
,2025-09-21T02:33:57Z,COM6,,UTC=10:33:55,,,23.106658,,,,,,,,,,,,,,,,,,"Package=224,UTC=10:33:55,Lat=23.106658,"
,2025-09-21T02:33:58Z,COM6,,UTC=10:33:56,46.70,120.292423,23.106658,,,,,,,,41,54,SAT=0,22.08,-16.84,-986.49,-17.50,-560.00,-157.50,,"Package=225,UTC=10:33:56,Lat=23.106658,Lng=120.292423,Alt=46.70,Ax=22.08,Ay=-16.84,Az=-986.49,Gx=-17.50,Gy=-560.00,Gz=-157.50,T=41,H=54,SAT=0"
,2025-09-21T02:33:59Z,COM6,,UTC=10:33:57,46.70,120.292423,23.106658,,,,,,,,41,54,SAT=0,21.84,-17.32,-985.64,0.00,-612.50,0.00,,"Package=226,UTC=10:33:57,Lat=23.106658,Lng=120.292423,Alt=46.70,Ax=21.84,Ay=-17.32,Az=-985.64,Gx=0.00,Gy=-612.50,Gz=0.00,T=41,H=54,SAT=0"
,2025-09-21T02:34:00Z,COM6,,UTC=10:33:58,46.70,120.292423,23.106658,,,,,,,,41,54,SAT=0,21.72,-18.06,-989.42,52.50,-700.00,0.00,,"Package=227,UTC=10:33:58,Lat=23.106658,Lng=120.292423,Alt=46.70,Ax=21.72,Ay=-18.06,Az=-989.42,Gx=52.50,Gy=-700.00,Gz=0.00,T=41,H=54,SAT=0"
,2025-09-21T02:34:01Z,COM6,,UTC=10:33:59,46.70,120.292423,23.106658,,,,,,,,41,54,SAT=0,21.72,-17.81,-990.88,0.00,-595.00,17.50,,"Package=228,UTC=10:33:59,Lat=23.106658,Lng=120.292423,Alt=46.70,Ax=21.72,Ay=-17.81,Az=-990.88,Gx=0.00,Gy=-595.00,Gz=17.50,T=41,H=54,SAT=0"
,2025-09-21T02:34:02Z,COM6,,UTC=10:34:0,,,23.1,,,,,,,,,,,,,,,,,,"Package=229,UTC=10:34:0,Lat=23.1"
,2025-09-21T02:34:03Z,COM6,,UTC=10:34:1,46.70,120.292423,23.106658,,,,,,,,41,54,SAT=0,22.45,-17.81,-989.91,140.00,-647.50,-122.50,,"Package=230,UTC=10:34:1,Lat=23.106658,Lng=120.292423,Alt=46.70,Ax=22.45,Ay=-17.81,Az=-989.91,Gx=140.00,Gy=-647.50,Gz=-122.50,T=41,H=54,SAT=0"
,2025-09-21T02:34:04Z,COM6,,UTC=10:34:2,46.70,120.292423,23.106658,,,,,,,,41,54,SAT=0,21.11,-19.15,-989.66,-35.00,-612.50,-35.00,,"Package=231,UTC=10:34:2,Lat=23.106658,Lng=120.292423,Alt=46.70,Ax=21.11,Ay=-19.15,Az=-989.66,Gx=-35.00,Gy=-612.50,Gz=-35.00,T=41,H=54,SAT=0"
,2025-09-21T02:34:05Z,COM6,,UTC=10:34:3,46.70,120.292423,23.106658,,,,,,,,41,54,SAT=0,22.57,-18.06,-990.15,0.00,-595.00,-70.00,,"Package=232,UTC=10:34:3,Lat=23.106658,Lng=120.292423,Alt=46.70,Ax=22.57,Ay=-18.06,Az=-990.15,Gx=0.00,Gy=-595.00,Gz=-70.00,T=41,H=54,SAT=0"
,2025-09-21T02:34:06Z,COM6,,UTC=10:34:4,46.70,120.292423,23.106658,,,,,,,,41,54,SAT=0,22.57,-17.81,-989.66,70.00,-647.50,-52.50,,"Package=233,UTC=10:34:4,Lat=23.106658,Lng=120.292423,Alt=46.70,Ax=22.57,Ay=-17.81,Az=-989.66,Gx=70.00,Gy=-647.50,Gz=-52.50,T=41,H=54,SAT=0"
,2025-09-21T02:34:07Z,COM6,,UTC=10:34:5,46.70,120.292423,23.106658,,,,,,,,,,,,,,,,,,"Package=234,UTC=10:34:5,Lat=23.106658,Lng=120.292423,Alt=46.70,A"
,2025-09-21T02:34:08Z,COM6,,UTC=10:34:6,46.70,120.292423,23.106658,,,,,,,,41,54,SAT=0,22.45,-17.81,-990.40,-17.50,-595.00,-52.50,,"Package=235,UTC=10:34:6,Lat=23.106658,Lng=120.292423,Alt=46.70,Ax=22.45,Ay=-17.81,Az=-990.40,Gx=-17.50,Gy=-595.00,Gz=-52.50,T=41,H=54,SAT=0"
,2025-09-21T02:34:10Z,COM6,,UTC=10:34:8,46.70,120.292423,23.106658,,,,,,,,41,54,SAT=0,22.57,-17.45,-989.18,0.00,-630.00,0.00,,"Package=237,UTC=10:34:8,Lat=23.106658,Lng=120.292423,Alt=46.70,Ax=22.57,Ay=-17.45,Az=-989.18,Gx=0.00,Gy=-630.00,Gz=0.00,T=41,H=54,SAT=0"
,2025-09-21T02:34:11Z,COM6,,UTC=10:34:9,46.70,120.292423,23.106658,,,,,,,,41,54,SAT=0,22.94,-17.08,-985.39,-35.00,-630.00,-35.00,,"Package=238,UTC=10:34:9,Lat=23.106658,Lng=120.292423,Alt=46.70,Ax=22.94,Ay=-17.08,Az=-985.39,Gx=-35.00,Gy=-630.00,Gz=-35.00,T=41,H=54,SAT=0"
,2025-09-21T02:34:12Z,COM6,,UTC=10:34:10,,120.292423,23.106658,,,,,,,,,,,,,,,,,,"Package=239,UTC=10:34:10,Lat=23.106658,Lng=120.292423,Alt"
,2025-09-21T02:34:13Z,COM6,,UTC=10:34:11,46.70,120.292423,23.106658,,,,,,,,41,54,SAT=0,22.45,-18.54,-992.23,70.00,-595.00,-87.50,,"Package=240,UTC=10:34:11,Lat=23.106658,Lng=120.292423,Alt=46.70,Ax=22.45,Ay=-18.54,Az=-992.23,Gx=70.00,Gy=-595.00,Gz=-87.50,T=41,H=54,SAT=0"
,2025-09-21T02:34:14Z,COM6,,UTC=10:34:12,,,23.106,,,,,,,,,,,,,,,,,,"Package=241,UTC=10:34:12,Lat=23.106"
,2025-09-21T02:34:15Z,COM6,,UTC=10:34:13,46.70,120.292423,23.106658,,,,,,,,41,55,SAT=0,21.96,-19.03,-988.44,70.00,-612.50,-52.50,,"Package=242,UTC=10:34:13,Lat=23.106658,Lng=120.292423,Alt=46.70,Ax=21.96,Ay=-19.03,Az=-988.44,Gx=70.00,Gy=-612.50,Gz=-52.50,T=41,H=55,SAT=0"
,2025-09-21T02:34:16Z,COM6,,UTC=10:34:14,46.70,120.292423,23.106658,,,,,,,,41,55,SAT=0,22.69,-18.54,-994.30,0.00,-630.00,-35.00,,"Package=243,UTC=10:34:14,Lat=23.106658,Lng=120.292423,Alt=46.70,Ax=22.69,Ay=-18.54,Az=-994.30,Gx=0.00,Gy=-630.00,Gz=-35.00,T=41,H=55,SAT=0"
,2025-09-21T02:34:17Z,COM6,,UTC=10:34:15,46.70,120.292423,23.106658,,,,,,,,41,55,SAT=0,23.06,-18.30,-990.76,0.00,-560.00,-35.00,,"Package=244,UTC=10:34:15,Lat=23.106658,Lng=120.292423,Alt=46.70,Ax=23.06,Ay=-18.30,Az=-990.76,Gx=0.00,Gy=-560.00,Gz=-35.00,T=41,H=55,SAT=0"
,2025-09-21T02:34:18Z,COM6,,UTC=10:34:16,46.70,120.292423,23.106658,,,,,,,,41,55,SAT=0,22.94,-18.06,-989.18,35.00,-647.50,-52.50,,"Package=245,UTC=10:34:16,Lat=23.106658,Lng=120.292423,Alt=46.70,Ax=22.94,Ay=-18.06,Az=-989.18,Gx=35.00,Gy=-647.50,Gz=-52.50,T=41,H=55,SAT=0"
,2025-09-21T02:34:19Z,COM6,,UTC=10:34:17,,120.,23.106658,,,,,,,,,,,,,,,,,,"Package=246,UTC=10:34:17,Lat=23.106658,Lng=120."
,2025-09-21T02:34:20Z,COM6,,UTC=10:34:18,46.70,120.292423,23.106658,,,,,,,,41,55,SAT=0,23.06,-18.18,-988.93,52.50,-560.00,-17.50,,"Package=247,UTC=10:34:18,Lat=23.106658,Lng=120.292423,Alt=46.70,Ax=23.06,Ay=-18.18,Az=-988.93,Gx=52.50,Gy=-560.00,Gz=-17.50,T=41,H=55,SAT=0"
,2025-09-21T02:34:21Z,COM6,,UTC=10:34:19,,,,,,,,,,,,,,,,,,,,,"Package=248,UTC=10:34:19,"
,2025-09-21T02:34:22Z,COM6,,UTC=10:34:20,46.70,120.292423,23.106658,,,,,,,,41,55,SAT=0,23.18,-18.18,-987.96,-35.00,-665.00,-52.50,,"Package=249,UTC=10:34:20,Lat=23.106658,Lng=120.292423,Alt=46.70,Ax=23.18,Ay=-18.18,Az=-987.96,Gx=-35.00,Gy=-665.00,Gz=-52.50,T=41,H=55,SAT=0"
,2025-09-21T02:34:23Z,COM6,,UTC=10:34:21,46.70,120.292423,23.106658,,,,,,,,41,55,SAT=0,23.18,-18.18,-989.05,52.50,-770.00,-122.50,,"Package=250,UTC=10:34:21,Lat=23.106658,Lng=120.292423,Alt=46.70,Ax=23.18,Ay=-18.18,Az=-989.05,Gx=52.50,Gy=-770.00,Gz=-122.50,T=41,H=55,SAT=0"
,2025-09-21T02:34:24Z,COM6,,UTC=10:34:22,46.70,120.292423,23.106658,,,,,,,,41,55,SAT=0,22.81,-18.30,-990.27,70.00,-525.00,-35.00,,"Package=251,UTC=10:34:22,Lat=23.106658,Lng=120.292423,Alt=46.70,Ax=22.81,Ay=-18.30,Az=-990.27,Gx=70.00,Gy=-525.00,Gz=-35.00,T=41,H=55,SAT=0"
,2025-09-21T02:34:25Z,COM6,,UTC=10:34:23,46.70,120.292423,23.106658,,,,,,,,,55,SAT=0,21.84,-31.23,-989.91,945.00,-1102.50,-48422.5T=41,,"Package=252,UTC=10:34:23,Lat=23.106658,Lng=120.292423,Alt=46.70,Ax=21.84,Ay=-31.23,Az=-989.91,Gx=945.00,Gy=-1102.50,Gz=-48422.5T=41,H=55,SAT=0"
,2025-09-21T02:34:26Z,COM6,,UTC=10:34:24,,120.292423,23.106658,,,,,,,,,,,,,,,,,,"Package=253,UTC=10:34:24,Lat=23.106658,Lng=120.292423,Alt"
,2025-09-21T02:34:27Z,COM6,,UTC=10:34:25,46.70,120.292423,23.106658,,,,,,,,41,55,SAT=0,20.13,-16.35,-990.52,52.50,-595.00,-35.00,,"Package=254,UTC=10:34:25,Lat=23.106658,Lng=120.292423,Alt=46.70,Ax=20.13,Ay=-16.35,Az=-990.52,Gx=52.50,Gy=-595.00,Gz=-35.00,T=41,H=55,SAT=0"
,2025-09-21T02:34:28Z,COM6,,UTC=10:34:26,,,23.106,,,,,,,,,,,,,,,,,,"Package=255,UTC=10:34:26,Lat=23.106"
,2025-09-21T02:34:29Z,COM6,,UTC=10:34:27,46.70,120.292423,23.106658,,,,,,,,41,55,SAT=0,20.37,-15.98,-988.20,227.50,-770.00,-70.00,,"Package=256,UTC=10:34:27,Lat=23.106658,Lng=120.292423,Alt=46.70,Ax=20.37,Ay=-15.98,Az=-988.20,Gx=227.50,Gy=-770.00,Gz=-70.00,T=41,H=55,SAT=0"
,2025-09-21T02:34:30Z,COM6,,UTC=10:34:28,46.70,120.292423,23.106658,,,,,,,,,55,SAT=0,-756.40,-181.05,-561.69,-29837.50,-16817.50,3T=41,,"Package=257,UTC=10:34:28,Lat=23.106658,Lng=120.292423,Alt=46.70,Ax=-756.40,Ay=-181.05,Az=-561.69,Gx=-29837.50,Gy=-16817.50,Gz=3T=41,H=55,SAT=0"
,2025-09-21T02:34:31Z,COM6,,UTC=10:34:29,46.70,120.292423,23.106658,,,,,,,,,55,SAT=0,-753.11,69.05,-626.35,-7455.00,38920.00,-3829T=41,,"Package=258,UTC=10:34:29,Lat=23.106658,Lng=120.292423,Alt=46.70,Ax=-753.11,Ay=69.05,Az=-626.35,Gx=-7455.00,Gy=38920.00,Gz=-3829T=41,H=55,SAT=0"
,2025-09-21T02:34:32Z,COM6,,UTC=10:34:30,46.70,120.292423,23.106658,,,,,,,,,55,SAT=0,-650.63,115.90,-816.18,80290.00,-63962.50,109T=41,,"Package=259,UTC=10:34:30,Lat=23.106658,Lng=120.292423,Alt=46.70,Ax=-650.63,Ay=115.90,Az=-816.18,Gx=80290.00,Gy=-63962.50,Gz=109T=41,H=55,SAT=0"
,2025-09-21T02:34:33Z,COM6,,UTC=10:34:31,46.70,120.292423,23.106658,,,,,,,,,55,SAT=0,-278.04,16.47,-574.62,-17815.00,81112.50,-674T=41,,"Package=260,UTC=10:34:31,Lat=23.106658,Lng=120.292423,Alt=46.70,Ax=-278.04,Ay=16.47,Az=-574.62,Gx=-17815.00,Gy=81112.50,Gz=-674T=41,H=55,SAT=0"
,2025-09-21T02:34:34Z,COM6,,UTC=10:34:32,46.70,120.292423,23.106658,,,,,,,,41,55,SAT=0,19.89,-16.59,-998.57,-210.00,-840.00,0.00,,"Package=261,UTC=10:34:32,Lat=23.106658,Lng=120.292423,Alt=46.70,Ax=19.89,Ay=-16.59,Az=-998.57,Gx=-210.00,Gy=-840.00,Gz=0.00,T=41,H=55,SAT=0"
,2025-09-21T02:34:35Z,COM6,,UTC=10:34:33,46.70,120.292423,23.106658,,,,,,,,41,55,SAT=0,21.72,-17.32,-989.30,0.00,-787.50,-122.50,,"Package=262,UTC=10:34:33,Lat=23.106658,Lng=120.292423,Alt=46.70,Ax=21.72,Ay=-17.32,Az=-989.30,Gx=0.00,Gy=-787.50,Gz=-122.50,T=41,H=55,SAT=0"
,2025-09-21T02:34:36Z,COM6,,UTC=10:34:34,46.70,120.292423,23.106658,,,,,,,,41,55,SAT=0,21.84,-17.32,-991.01,35.00,-595.00,-122.50,,"Package=263,UTC=10:34:34,Lat=23.106658,Lng=120.292423,Alt=46.70,Ax=21.84,Ay=-17.32,Az=-991.01,Gx=35.00,Gy=-595.00,Gz=-122.50,T=41,H=55,SAT=0"
,2025-09-21T02:34:37Z,COM6,,UTC=10:34:35,46.70,120.292423,23.106658,,,,,,,,,,,,,,,,,,"Package=264,UTC=10:34:35,Lat=23.106658,Lng=120.292423,Alt=46.70"
,2025-09-21T02:34:38Z,COM6,,UTC=10:34:36,46.70,120.292423,23.106658,,,,,,,,41,55,SAT=0,21.72,-17.45,-990.27,-210.00,-910.00,-35.00,,"Package=265,UTC=10:34:36,Lat=23.106658,Lng=120.292423,Alt=46.70,Ax=21.72,Ay=-17.45,Az=-990.27,Gx=-210.00,Gy=-910.00,Gz=-35.00,T=41,H=55,SAT=0"
,2025-09-21T02:34:40Z,COM6,,UTC=10:34:38,46.70,120.292423,23.106658,,,,,,,,41,55,SAT=0,21.11,-16.96,-990.40,35.00,-595.00,-105.00,,"Package=267,UTC=10:34:38,Lat=23.106658,Lng=120.292423,Alt=46.70,Ax=21.11,Ay=-16.96,Az=-990.40,Gx=35.00,Gy=-595.00,Gz=-105.00,T=41,H=55,SAT=0"
,2025-09-21T02:34:41Z,COM6,,UTC=10:34:39,46.70,120.292423,23.106658,,,,,,,,41,55,SAT=0,21.11,-17.32,-989.66,87.50,-525.00,-35.00,,"Package=268,UTC=10:34:39,Lat=23.106658,Lng=120.292423,Alt=46.70,Ax=21.11,Ay=-17.32,Az=-989.66,Gx=87.50,Gy=-525.00,Gz=-35.00,T=41,H=55,SAT=0"
,2025-09-21T02:34:42Z,COM6,,UTC=10:34:40,46.70,120.292423,23.106658,,,,,,,,41,55,SAT=0,21.47,-16.96,-992.10,17.50,-682.50,70.00,,"Package=269,UTC=10:34:40,Lat=23.106658,Lng=120.292423,Alt=46.70,Ax=21.47,Ay=-16.96,Az=-992.10,Gx=17.50,Gy=-682.50,Gz=70.00,T=41,H=55,SAT=0"
,2025-09-21T02:34:43Z,COM6,,UTC=10:34:41,46.70,120.292423,23.106658,,,,,,,,41,55,SAT=0,21.23,-17.32,-992.84,35.00,-630.00,-52.50,,"Package=270,UTC=10:34:41,Lat=23.106658,Lng=120.292423,Alt=46.70,Ax=21.23,Ay=-17.32,Az=-992.84,Gx=35.00,Gy=-630.00,Gz=-52.50,T=41,H=55,SAT=0"
,2025-09-21T02:34:44Z,COM6,,UTC=10:34:42,,120.292423,23.106658,,,,,,,,,,,,,,,,,,"Package=271,UTC=10:34:42,Lat=23.106658,Lng=120.292423"
,2025-09-21T02:34:45Z,COM6,,UTC=10:34:43,46.70,120.292423,23.106658,,,,,,,,41,55,SAT=0,21.11,-17.08,-990.88,0.00,-647.50,-52.50,,"Package=272,UTC=10:34:43,Lat=23.106658,Lng=120.292423,Alt=46.70,Ax=21.11,Ay=-17.08,Az=-990.88,Gx=0.00,Gy=-647.50,Gz=-52.50,T=41,H=55,SAT=0"
,2025-09-21T02:34:46Z,COM6,,,,,,,,,,,,,,,,,,,,,,,"Package=273,"
,2025-09-21T02:34:47Z,COM6,,UTC=10:34:45,46.70,120.292423,23.106658,,,,,,,,41,55,SAT=0,20.74,-16.96,-990.40,52.50,-647.50,0.00,,"Package=274,UTC=10:34:45,Lat=23.106658,Lng=120.292423,Alt=46.70,Ax=20.74,Ay=-16.96,Az=-990.40,Gx=52.50,Gy=-647.50,Gz=0.00,T=41,H=55,SAT=0"
,2025-09-21T02:34:48Z,COM6,,UTC=10:34:46,46.70,120.292423,23.106658,,,,,,,,41,55,SAT=0,20.86,-16.84,-990.03,35.00,-665.00,35.00,,"Package=275,UTC=10:34:46,Lat=23.106658,Lng=120.292423,Alt=46.70,Ax=20.86,Ay=-16.84,Az=-990.03,Gx=35.00,Gy=-665.00,Gz=35.00,T=41,H=55,SAT=0"
,2025-09-21T02:34:49Z,COM6,,UTC=10:34:47,,120,23.106658,,,,,,,,,,,,,,,,,,"Package=276,UTC=10:34:47,Lat=23.106658,Lng=120"
,2025-09-21T02:34:50Z,COM6,,UTC=10:34:48,46.70,120.292423,23.106658,,,,,,,,41,55,SAT=0,20.74,-17.32,-991.13,35.00,-630.00,0.00,,"Package=277,UTC=10:34:48,Lat=23.106658,Lng=120.292423,Alt=46.70,Ax=20.74,Ay=-17.32,Az=-991.13,Gx=35.00,Gy=-630.00,Gz=0.00,T=41,H=55,SAT=0"
,2025-09-21T02:34:51Z,COM6,,UTC=10:34:49,46.70,120.292423,23.106658,,,,,,,,41,55,SAT=0,20.74,-18.06,-992.84,70.00,-647.50,-35.00,,"Package=278,UTC=10:34:49,Lat=23.106658,Lng=120.292423,Alt=46.70,Ax=20.74,Ay=-18.06,Az=-992.84,Gx=70.00,Gy=-647.50,Gz=-35.00,T=41,H=55,SAT=0"
,2025-09-21T02:34:52Z,COM6,,UTC=10:34:50,46.70,120.292423,23.106658,,,,,,,,41,55,SAT=0,20.62,-17.69,-993.20,70.00,-682.50,-35.00,,"Package=279,UTC=10:34:50,Lat=23.106658,Lng=120.292423,Alt=46.70,Ax=20.62,Ay=-17.69,Az=-993.20,Gx=70.00,Gy=-682.50,Gz=-35.00,T=41,H=55,SAT=0"
,2025-09-21T02:34:53Z,COM6,,UTC=10:34:51,46.70,120.292423,23.106658,,,,,,,,41,55,SAT=0,20.74,-17.32,-992.96,87.50,-542.50,-105.00,,"Package=280,UTC=10:34:51,Lat=23.106658,Lng=120.292423,Alt=46.70,Ax=20.74,Ay=-17.32,Az=-992.96,Gx=87.50,Gy=-542.50,Gz=-105.00,T=41,H=55,SAT=0"
,2025-09-21T02:34:54Z,COM6,,UTC=10:34:52,,120.292423,23.106658,,,,,,,,,,,,,,,,,,"Package=281,UTC=10:34:52,Lat=23.106658,Lng=120.292423,Alt="
,2025-09-21T02:34:55Z,COM6,,UTC=10:34:53,46.70,120.292423,23.106658,,,,,,,,41,55,SAT=0,20.62,-17.20,-991.13,52.50,-560.00,-52.50,,"Package=282,UTC=10:34:53,Lat=23.106658,Lng=120.292423,Alt=46.70,Ax=20.62,Ay=-17.20,Az=-991.13,Gx=52.50,Gy=-560.00,Gz=-52.50,T=41,H=55,SAT=0"
,2025-09-21T02:34:56Z,COM6,,UTC=10:34:54,,,23.10665,,,,,,,,,,,,,,,,,,"Package=283,UTC=10:34:54,Lat=23.10665"
,2025-09-21T02:34:57Z,COM6,,UTC=10:34:55,46.70,120.292423,23.106658,,,,,,,,41,55,SAT=0,20.62,-17.32,-994.54,0.00,-595.00,-17.50,,"Package=284,UTC=10:34:55,Lat=23.106658,Lng=120.292423,Alt=46.70,Ax=20.62,Ay=-17.32,Az=-994.54,Gx=0.00,Gy=-595.00,Gz=-17.50,T=41,H=55,SAT=0"
,2025-09-21T02:34:58Z,COM6,,UTC=10:34:56,46.70,120.292423,23.106658,,,,,,,,41,55,SAT=0,20.62,-17.20,-993.69,70.00,-542.50,17.50,,"Package=285,UTC=10:34:56,Lat=23.106658,Lng=120.292423,Alt=46.70,Ax=20.62,Ay=-17.20,Az=-993.69,Gx=70.00,Gy=-542.50,Gz=17.50,T=41,H=55,SAT=0"
,2025-09-21T02:34:59Z,COM6,,UTC=10:34:57,,120.2924,23.106658,,,,,,,,,,,,,,,,,,"Package=286,UTC=10:34:57,Lat=23.106658,Lng=120.2924"
,2025-09-21T02:35:00Z,COM6,,UTC=10:34:58,46.70,120.292423,23.106658,,,,,,,,41,55,SAT=0,20.74,-16.84,-991.01,35.00,-595.00,-35.00,,"Package=287,UTC=10:34:58,Lat=23.106658,Lng=120.292423,Alt=46.70,Ax=20.74,Ay=-16.84,Az=-991.01,Gx=35.00,Gy=-595.00,Gz=-35.00,T=41,H=55,SAT=0"
,2025-09-21T02:35:01Z,COM6,,UTC=10:34:59,,,,,,,,,,,,,,,,,,,,,"Package=288,UTC=10:34:59,Lat="
,2025-09-21T02:35:02Z,COM6,,UTC=10:35:0,46.70,120.292423,23.106658,,,,,,,,41,55,SAT=0,20.98,-16.96,-991.01,70.00,-577.50,35.00,,"Package=289,UTC=10:35:0,Lat=23.106658,Lng=120.292423,Alt=46.70,Ax=20.98,Ay=-16.96,Az=-991.01,Gx=70.00,Gy=-577.50,Gz=35.00,T=41,H=55,SAT=0"
,2025-09-21T02:35:03Z,COM6,,UTC=10:35:1,46.70,120.292423,23.106658,,,,,,,,41,55,SAT=0,20.74,-16.59,-991.13,17.50,-630.00,-105.00,,"Package=290,UTC=10:35:1,Lat=23.106658,Lng=120.292423,Alt=46.70,Ax=20.74,Ay=-16.59,Az=-991.13,Gx=17.50,Gy=-630.00,Gz=-105.00,T=41,H=55,SAT=0"
,2025-09-21T02:35:04Z,COM6,,UTC=10:35:2,46.70,120.292423,23.106658,,,,,,,,41,55,SAT=0,20.98,-16.96,-992.47,52.50,-665.00,-70.00,,"Package=291,UTC=10:35:2,Lat=23.106658,Lng=120.292423,Alt=46.70,Ax=20.98,Ay=-16.96,Az=-992.47,Gx=52.50,Gy=-665.00,Gz=-70.00,T=41,H=55,SAT=0"
,2025-09-21T02:35:05Z,COM6,,UTC=10:35:3,46.70,120.292423,23.106658,,,,,,,,41,55,SAT=0,20.74,-17.08,-993.08,-70.00,-560.00,-35.00,,"Package=292,UTC=10:35:3,Lat=23.106658,Lng=120.292423,Alt=46.70,Ax=20.74,Ay=-17.08,Az=-993.08,Gx=-70.00,Gy=-560.00,Gz=-35.00,T=41,H=55,SAT=0"
,2025-09-21T02:35:06Z,COM6,,UTC=10:35:4,46.7,120.292423,23.106658,,,,,,,,,,,,,,,,,,"Package=293,UTC=10:35:4,Lat=23.106658,Lng=120.292423,Alt=46.7"
,2025-09-21T02:35:07Z,COM6,,UTC=10:35:5,46.70,120.292423,23.106658,,,,,,,,41,55,SAT=0,20.74,-16.71,-990.03,0.00,-630.00,-17.50,,"Package=294,UTC=10:35:5,Lat=23.106658,Lng=120.292423,Alt=46.70,Ax=20.74,Ay=-16.71,Az=-990.03,Gx=0.00,Gy=-630.00,Gz=-17.50,T=41,H=55,SAT=0"
,2025-09-21T02:35:08Z,COM6,,UTC=10:3,,,,,,,,,,,,,,,,,,,,,"Package=295,UTC=10:3"
,2025-09-21T02:35:09Z,COM6,,UTC=10:35:7,46.70,120.292423,23.106658,,,,,,,,41,56,SAT=0,20.74,-16.35,-989.18,105.00,-665.00,-70.00,,"Package=296,UTC=10:35:7,Lat=23.106658,Lng=120.292423,Alt=46.70,Ax=20.74,Ay=-16.35,Az=-989.18,Gx=105.00,Gy=-665.00,Gz=-70.00,T=41,H=56,SAT=0"
,2025-09-21T02:35:10Z,COM6,,UTC=10:35:8,46.70,120.292423,23.106658,,,,,,,,41,56,SAT=0,21.11,-16.71,-988.81,192.50,-647.50,-140.00,,"Package=297,UTC=10:35:8,Lat=23.106658,Lng=120.292423,Alt=46.70,Ax=21.11,Ay=-16.71,Az=-988.81,Gx=192.50,Gy=-647.50,Gz=-140.00,T=41,H=56,SAT=0"
,2025-09-21T02:35:11Z,COM6,,UTC=10:35:9,46.70,120.292423,23.106658,,,,,,,,41,56,SAT=0,20.98,-16.96,-989.30,192.50,-367.50,-87.50,,"Package=298,UTC=10:35:9,Lat=23.106658,Lng=120.292423,Alt=46.70,Ax=20.98,Ay=-16.96,Az=-989.30,Gx=192.50,Gy=-367.50,Gz=-87.50,T=41,H=56,SAT=0"
,2025-09-21T02:35:12Z,COM6,,UTC=10:35:10,46.70,120.292423,23.106658,,,,,,,,41,56,SAT=0,20.98,-16.59,-989.30,-17.50,-717.50,52.50,,"Package=299,UTC=10:35:10,Lat=23.106658,Lng=120.292423,Alt=46.70,Ax=20.98,Ay=-16.59,Az=-989.30,Gx=-17.50,Gy=-717.50,Gz=52.50,T=41,H=56,SAT=0"
,2025-09-21T02:35:13Z,COM6,,UTC=10:35:11,46.70,120.292423,23.106658,,,,,,,,41,56,SAT=0,20.98,-16.59,-989.79,52.50,-595.00,-52.50,,"Package=300,UTC=10:35:11,Lat=23.106658,Lng=120.292423,Alt=46.70,Ax=20.98,Ay=-16.59,Az=-989.79,Gx=52.50,Gy=-595.00,Gz=-52.50,T=41,H=56,SAT=0"
,2025-09-21T02:35:14Z,COM6,,UTC=10:35:12,46.70,120.292423,23.106658,,,,,,,,41,56,SAT=0,21.11,-16.96,-989.66,-140.00,-787.50,52.50,,"Package=301,UTC=10:35:12,Lat=23.106658,Lng=120.292423,Alt=46.70,Ax=21.11,Ay=-16.96,Az=-989.66,Gx=-140.00,Gy=-787.50,Gz=52.50,T=41,H=56,SAT=0"
,2025-09-21T02:35:15Z,COM6,,UTC=10:35:13,,120.29,23.106658,,,,,,,,,,,,,,,,,,"Package=302,UTC=10:35:13,Lat=23.106658,Lng=120.29"
,2025-09-21T02:35:16Z,COM6,,UTC=10:35:14,46.70,120.292423,23.106658,,,,,,,,41,56,SAT=0,20.98,-16.84,-989.79,87.50,-612.50,35.00,,"Package=303,UTC=10:35:14,Lat=23.106658,Lng=120.292423,Alt=46.70,Ax=20.98,Ay=-16.84,Az=-989.79,Gx=87.50,Gy=-612.50,Gz=35.00,T=41,H=56,SAT=0"
,2025-09-21T02:35:18Z,COM6,,UTC=10:35:16,46.70,120.292423,23.106658,,,,,,,,41,56,SAT=0,20.74,-16.47,-989.79,52.50,-647.50,-52.50,,"Package=305,UTC=10:35:16,Lat=23.106658,Lng=120.292423,Alt=46.70,Ax=20.74,Ay=-16.47,Az=-989.79,Gx=52.50,Gy=-647.50,Gz=-52.50,T=41,H=56,SAT=0"
,2025-09-21T02:35:19Z,COM6,,UTC=10:35:17,46.70,120.292423,23.106658,,,,,,,,41,56,SAT=0,20.86,-16.35,-989.66,87.50,-577.50,-52.50,,"Package=306,UTC=10:35:17,Lat=23.106658,Lng=120.292423,Alt=46.70,Ax=20.86,Ay=-16.35,Az=-989.66,Gx=87.50,Gy=-577.50,Gz=-52.50,T=41,H=56,SAT=0"
,2025-09-21T02:35:20Z,COM6,,UTC=10:35:18,46.70,120.292423,23.106658,,,,,,,,41,56,SAT=0,20.74,-16.35,-989.42,-35.00,-665.00,-52.50,,"Package=307,UTC=10:35:18,Lat=23.106658,Lng=120.292423,Alt=46.70,Ax=20.74,Ay=-16.35,Az=-989.42,Gx=-35.00,Gy=-665.00,Gz=-52.50,T=41,H=56,SAT=0"
,2025-09-21T02:35:21Z,COM6,,UTC=10:35:19,46.70,120.292423,23.106658,,,,,,,,41,56,SAT=0,20.50,-16.35,-989.79,-105.00,-682.50,35.00,,"Package=308,UTC=10:35:19,Lat=23.106658,Lng=120.292423,Alt=46.70,Ax=20.50,Ay=-16.35,Az=-989.79,Gx=-105.00,Gy=-682.50,Gz=35.00,T=41,H=56,SAT=0"
,2025-09-21T02:35:22Z,COM6,,UTC=10:35:20,46,120.292423,23.106658,,,,,,,,,,,,,,,,,,"Package=309,UTC=10:35:20,Lat=23.106658,Lng=120.292423,Alt=46"
,2025-09-21T02:35:23Z,COM6,,UTC=10:35:21,46.70,120.292423,23.106658,,,,,,,,41,56,SAT=0,20.62,-16.23,-991.74,-52.50,-717.50,-35.00,,"Package=310,UTC=10:35:21,Lat=23.106658,Lng=120.292423,Alt=46.70,Ax=20.62,Ay=-16.23,Az=-991.74,Gx=-52.50,Gy=-717.50,Gz=-35.00,T=41,H=56,SAT=0"
,2025-09-21T02:35:24Z,COM6,,UTC=10:35:22,,120.292423,23.106658,,,,,,,,,,,,,,,,,,"Package=311,UTC=10:35:22,Lat=23.106658,Lng=120.292423,Alt"
,2025-09-21T02:35:25Z,COM6,,UTC=10:35:23,46.70,120.292423,23.106658,,,,,,,,41,56,SAT=0,21.11,-16.59,-990.64,17.50,-630.00,-35.00,,"Package=312,UTC=10:35:23,Lat=23.106658,Lng=120.292423,Alt=46.70,Ax=21.11,Ay=-16.59,Az=-990.64,Gx=17.50,Gy=-630.00,Gz=-35.00,T=41,H=56,SAT=0"
,2025-09-21T02:35:26Z,COM6,,UTC=10:35:24,,,23.106,,,,,,,,,,,,,,,,,,"Package=313,UTC=10:35:24,Lat=23.106"
,2025-09-21T02:35:27Z,COM6,,UTC=10:35:25,46.70,120.292423,23.106658,,,,,,,,41,56,SAT=0,21.23,-15.98,-990.15,17.50,-665.00,-70.00,,"Package=314,UTC=10:35:25,Lat=23.106658,Lng=120.292423,Alt=46.70,Ax=21.23,Ay=-15.98,Az=-990.15,Gx=17.50,Gy=-665.00,Gz=-70.00,T=41,H=56,SAT=0"
,2025-09-21T02:35:28Z,COM6,,UTC=10:35:26,46.70,120.292423,23.106658,,,,,,,,41,56,SAT=0,21.96,-17.08,-990.40,-122.50,-752.50,52.50,,"Package=315,UTC=10:35:26,Lat=23.106658,Lng=120.292423,Alt=46.70,Ax=21.96,Ay=-17.08,Az=-990.40,Gx=-122.50,Gy=-752.50,Gz=52.50,T=41,H=56,SAT=0"
,2025-09-21T02:35:29Z,COM6,,UTC=10:35:27,46.70,120.292423,23.106658,,,,,,,,41,56,SAT=0,21.47,-16.35,-989.79,17.50,-595.00,-35.00,,"Package=316,UTC=10:35:27,Lat=23.106658,Lng=120.292423,Alt=46.70,Ax=21.47,Ay=-16.35,Az=-989.79,Gx=17.50,Gy=-595.00,Gz=-35.00,T=41,H=56,SAT=0"
,2025-09-21T02:35:30Z,COM6,,UTC=10:35:28,46.70,120.292423,23.106658,,,,,,,,41,56,SAT=0,21.47,-16.59,-989.54,17.50,-560.00,-52.50,,"Package=317,UTC=10:35:28,Lat=23.106658,Lng=120.292423,Alt=46.70,Ax=21.47,Ay=-16.59,Az=-989.54,Gx=17.50,Gy=-560.00,Gz=-52.50,T=41,H=56,SAT=0"
,2025-09-21T02:35:31Z,COM6,,UTC=10:35:29,46.70,120.292423,23.106658,,,,,,,,,,,2,,,,,,,"Package=318,UTC=10:35:29,Lat=23.106658,Lng=120.292423,Alt=46.70,Ax=2"
,2025-09-21T02:35:32Z,COM6,,UTC=10:35:30,46.70,120.292423,23.106658,,,,,,,,41,56,SAT=0,20.98,-16.35,-990.27,-70.00,-717.50,17.50,,"Package=319,UTC=10:35:30,Lat=23.106658,Lng=120.292423,Alt=46.70,Ax=20.98,Ay=-16.35,Az=-990.27,Gx=-70.00,Gy=-717.50,Gz=17.50,T=41,H=56,SAT=0"
,2025-09-21T02:35:33Z,COM6,,UTC=10:35:31,,120,23.106658,,,,,,,,,,,,,,,,,,"Package=320,UTC=10:35:31,Lat=23.106658,Lng=120"
,2025-09-21T02:35:34Z,COM6,,UTC=10:35:32,46.70,120.292423,23.106658,,,,,,,,41,56,SAT=0,21.23,-16.23,-990.27,70.00,-595.00,-35.00,,"Package=321,UTC=10:35:32,Lat=23.106658,Lng=120.292423,Alt=46.70,Ax=21.23,Ay=-16.23,Az=-990.27,Gx=70.00,Gy=-595.00,Gz=-35.00,T=41,H=56,SAT=0"
,2025-09-21T02:35:35Z,COM6,,UTC=10:35:33,,,,,,,,,,,,,,,,,,,,,"Package=322,UTC=10:35:33"
,2025-09-21T02:35:36Z,COM6,,UTC=10:35:34,46.70,120.292423,23.106658,,,,,,,,41,56,SAT=0,21.35,-16.84,-990.15,-192.50,-822.50,-17.50,,"Package=323,UTC=10:35:34,Lat=23.106658,Lng=120.292423,Alt=46.70,Ax=21.35,Ay=-16.84,Az=-990.15,Gx=-192.50,Gy=-822.50,Gz=-17.50,T=41,H=56,SAT=0"
,2025-09-21T02:35:37Z,COM6,,UTC=10:35:35,46.70,120.292423,23.106658,,,,,,,,41,56,SAT=0,20.98,-16.59,-990.40,52.50,-752.50,-70.00,,"Package=324,UTC=10:35:35,Lat=23.106658,Lng=120.292423,Alt=46.70,Ax=20.98,Ay=-16.59,Az=-990.40,Gx=52.50,Gy=-752.50,Gz=-70.00,T=41,H=56,SAT=0"
,2025-09-21T02:35:38Z,COM6,,UTC=10:35:36,46.70,120.292423,23.106658,,,,,,,,41,56,SAT=0,20.74,-16.84,-992.35,70.00,-490.00,-35.00,,"Package=325,UTC=10:35:36,Lat=23.106658,Lng=120.292423,Alt=46.70,Ax=20.74,Ay=-16.84,Az=-992.35,Gx=70.00,Gy=-490.00,Gz=-35.00,T=41,H=56,SAT=0"
,2025-09-21T02:35:39Z,COM6,,UTC=10:35:37,46.70,120.292423,23.106658,,,,,,,,41,56,SAT=0,21.23,-16.84,-990.03,-262.50,-840.00,-70.00,,"Package=326,UTC=10:35:37,Lat=23.106658,Lng=120.292423,Alt=46.70,Ax=21.23,Ay=-16.84,Az=-990.03,Gx=-262.50,Gy=-840.00,Gz=-70.00,T=41,H=56,SAT=0"
,2025-09-21T02:35:42Z,COM6,,UTC=10:35:40,,,,,,,,,,,,,,,,,,,,,"Package=329,UTC=10:35:40,Lat"
,2025-09-21T02:35:43Z,COM6,,UTC=10:35:41,46.70,120.292423,23.106658,,,,,,,,41,56,SAT=0,20.98,-16.35,-991.01,157.50,-367.50,-175.00,,"Package=330,UTC=10:35:41,Lat=23.106658,Lng=120.292423,Alt=46.70,Ax=20.98,Ay=-16.35,Az=-991.01,Gx=157.50,Gy=-367.50,Gz=-175.00,T=41,H=56,SAT=0"
,2025-09-21T02:35:44Z,COM6,,UTC=10:35:42,46.70,120.292423,23.106658,,,,,,,,41,56,SAT=0,21.35,-17.08,-989.66,-700.00,-1330.00,-35.00,,"Package=331,UTC=10:35:42,Lat=23.106658,Lng=120.292423,Alt=46.70,Ax=21.35,Ay=-17.08,Az=-989.66,Gx=-700.00,Gy=-1330.00,Gz=-35.00,T=41,H=56,SAT=0"
,2025-09-21T02:35:45Z,COM6,,UTC=10:35:43,46.70,120.292423,23.106658,,,,,,,,41,56,SAT=0,21.23,-16.71,-989.91,35.00,-525.00,-17.50,,"Package=332,UTC=10:35:43,Lat=23.106658,Lng=120.292423,Alt=46.70,Ax=21.23,Ay=-16.71,Az=-989.91,Gx=35.00,Gy=-525.00,Gz=-17.50,T=41,H=56,SAT=0"
,2025-09-21T02:35:46Z,COM6,,UTC=10:35:44,46.70,120.292423,23.106658,,,,,,,,41,56,SAT=0,21.23,-16.96,-991.86,-17.50,-700.00,-52.50,,"Package=333,UTC=10:35:44,Lat=23.106658,Lng=120.292423,Alt=46.70,Ax=21.23,Ay=-16.96,Az=-991.86,Gx=-17.50,Gy=-700.00,Gz=-52.50,T=41,H=56,SAT=0"
,2025-09-21T02:35:47Z,COM6,,UTC=10:35:45,,,23.106658,,,,,,,,,,,,,,,,,,"Package=334,UTC=10:35:45,Lat=23.106658,Ln"
,2025-09-21T02:35:48Z,COM6,,UTC=10:35:46,46.70,120.292423,23.106658,,,,,,,,41,56,SAT=0,21.11,-16.59,-988.44,-17.50,-717.50,35.00,,"Package=335,UTC=10:35:46,Lat=23.106658,Lng=120.292423,Alt=46.70,Ax=21.11,Ay=-16.59,Az=-988.44,Gx=-17.50,Gy=-717.50,Gz=35.00,T=41,H=56,SAT=0"
,2025-09-21T02:35:49Z,COM6,,UTC=10:35:47,46.70,120.292423,23.106658,,,,,,,,41,56,SAT=0,20.98,-17.57,-989.30,122.50,-455.00,122.50,,"Package=336,UTC=10:35:47,Lat=23.106658,Lng=120.292423,Alt=46.70,Ax=20.98,Ay=-17.57,Az=-989.30,Gx=122.50,Gy=-455.00,Gz=122.50,T=41,H=56,SAT=0"
,2025-09-21T02:35:50Z,COM6,,UTC=10:35:48,46.70,120.292423,23.106658,,,,,,,,41,56,SAT=0,20.98,-16.59,-991.13,70.00,-612.50,70.00,,"Package=337,UTC=10:35:48,Lat=23.106658,Lng=120.292423,Alt=46.70,Ax=20.98,Ay=-16.59,Az=-991.13,Gx=70.00,Gy=-612.50,Gz=70.00,T=41,H=56,SAT=0"
,2025-09-21T02:35:51Z,COM6,,UTC=10:35:49,46.70,120.292423,23.106658,,,,,,,,41,56,SAT=0,20.98,-16.71,-990.88,-87.50,-682.50,-17.50,,"Package=338,UTC=10:35:49,Lat=23.106658,Lng=120.292423,Alt=46.70,Ax=20.98,Ay=-16.71,Az=-990.88,Gx=-87.50,Gy=-682.50,Gz=-17.50,T=41,H=56,SAT=0"
,2025-09-21T02:35:52Z,COM6,,UTC=10:35:50,,120.292423,23.106658,,,,,,,,,,,,,,,,,,"Package=339,UTC=10:35:50,Lat=23.106658,Lng=120.292423"
,2025-09-21T02:35:53Z,COM6,,UTC=10:35:51,46.70,120.292423,23.106658,,,,,,,,41,56,SAT=0,21.23,-16.84,-989.54,-87.50,-752.50,-17.50,,"Package=340,UTC=10:35:51,Lat=23.106658,Lng=120.292423,Alt=46.70,Ax=21.23,Ay=-16.84,Az=-989.54,Gx=-87.50,Gy=-752.50,Gz=-17.50,T=41,H=56,SAT=0"
,2025-09-21T02:35:54Z,COM6,,UTC=10:35:52,,,23,,,,,,,,,,,,,,,,,,"Package=341,UTC=10:35:52,Lat=23"
,2025-09-21T02:35:55Z,COM6,,UTC=10:35:53,46.70,120.292423,23.106658,,,,,,,,41,56,SAT=0,21.11,-17.08,-994.42,0.00,-542.50,-17.50,,"Package=342,UTC=10:35:53,Lat=23.106658,Lng=120.292423,Alt=46.70,Ax=21.11,Ay=-17.08,Az=-994.42,Gx=0.00,Gy=-542.50,Gz=-17.50,T=41,H=56,SAT=0"
,2025-09-21T02:35:56Z,COM6,,UTC=10:35:54,46.70,120.292423,23.106658,,,,,,,,41,56,SAT=0,21.35,-17.20,-991.74,-17.50,-665.00,-52.50,,"Package=343,UTC=10:35:54,Lat=23.106658,Lng=120.292423,Alt=46.70,Ax=21.35,Ay=-17.20,Az=-991.74,Gx=-17.50,Gy=-665.00,Gz=-52.50,T=41,H=56,SAT=0"
,2025-09-21T02:35:57Z,COM6,,UTC=10:35:55,46.70,120.292423,23.106658,,,,,,,,41,56,SAT=0,21.35,-16.96,-990.64,35.00,-647.50,-52.50,,"Package=344,UTC=10:35:55,Lat=23.106658,Lng=120.292423,Alt=46.70,Ax=21.35,Ay=-16.96,Az=-990.64,Gx=35.00,Gy=-647.50,Gz=-52.50,T=41,H=56,SAT=0"
,2025-09-21T02:35:58Z,COM6,,UTC=10:35:56,46.70,120.292423,23.106658,,,,,,,,41,56,SAT=0,21.35,-16.84,-991.13,35.00,-612.50,-70.00,,"Package=345,UTC=10:35:56,Lat=23.106658,Lng=120.292423,Alt=46.70,Ax=21.35,Ay=-16.84,Az=-991.13,Gx=35.00,Gy=-612.50,Gz=-70.00,T=41,H=56,SAT=0"
,2025-09-21T02:35:59Z,COM6,,UTC=10:35:57,46.70,120.292423,23.106658,,,,,,,,,,,,,,,,,,"Package=346,UTC=10:35:57,Lat=23.106658,Lng=120.292423,Alt=46.70"
,2025-09-21T02:36:00Z,COM6,,UTC=10:35:58,46.70,120.292423,23.106658,,,,,,,,41,56,SAT=0,21.23,-16.96,-989.79,17.50,-577.50,17.50,,"Package=347,UTC=10:35:58,Lat=23.106658,Lng=120.292423,Alt=46.70,Ax=21.23,Ay=-16.96,Az=-989.79,Gx=17.50,Gy=-577.50,Gz=17.50,T=41,H=56,SAT=0"
,2025-09-21T02:36:01Z,COM6,,UTC=10:35,,,,,,,,,,,,,,,,,,,,,"Package=348,UTC=10:35"
,2025-09-21T02:36:02Z,COM6,,UTC=10:36:0,46.70,120.292423,23.106658,,,,,,,,41,56,SAT=0,21.23,-16.71,-991.13,35.00,-630.00,-35.00,,"Package=349,UTC=10:36:0,Lat=23.106658,Lng=120.292423,Alt=46.70,Ax=21.23,Ay=-16.71,Az=-991.13,Gx=35.00,Gy=-630.00,Gz=-35.00,T=41,H=56,SAT=0"
,2025-09-21T02:36:03Z,COM6,,UTC=10:36:1,46.70,120.292423,23.106658,,,,,,,,41,56,SAT=0,21.47,-16.96,-990.88,-122.50,-630.00,-175.00,,"Package=350,UTC=10:36:1,Lat=23.106658,Lng=120.292423,Alt=46.70,Ax=21.47,Ay=-16.96,Az=-990.88,Gx=-122.50,Gy=-630.00,Gz=-175.00,T=41,H=56,SAT=0"
,2025-09-21T02:36:04Z,COM6,,UTC=10:36:2,46.70,120.292423,23.106658,,,,,,,,41,56,SAT=0,21.35,-16.71,-990.15,-35.00,-595.00,0.00,,"Package=351,UTC=10:36:2,Lat=23.106658,Lng=120.292423,Alt=46.70,Ax=21.35,Ay=-16.71,Az=-990.15,Gx=-35.00,Gy=-595.00,Gz=0.00,T=41,H=56,SAT=0"
,2025-09-21T02:36:05Z,COM6,,UTC=10:36:3,46.70,120.292423,23.106658,,,,,,,,41,56,SAT=0,20.25,-15.25,-990.40,157.50,-560.00,2817.50,,"Package=352,UTC=10:36:3,Lat=23.106658,Lng=120.292423,Alt=46.70,Ax=20.25,Ay=-15.25,Az=-990.40,Gx=157.50,Gy=-560.00,Gz=2817.50,T=41,H=56,SAT=0"
,2025-09-21T02:36:06Z,COM6,,UTC=10:36:4,,,23.106,,,,,,,,,,,,,,,,,,"Package=353,UTC=10:36:4,Lat=23.106"
,2025-09-21T02:36:07Z,COM6,,UTC=10:36:5,46.70,120.292423,23.106658,,,,,,,,41,56,SAT=0,22.45,-16.59,-990.88,175.00,-717.50,-17.50,,"Package=354,UTC=10:36:5,Lat=23.106658,Lng=120.292423,Alt=46.70,Ax=22.45,Ay=-16.59,Az=-990.88,Gx=175.00,Gy=-717.50,Gz=-17.50,T=41,H=56,SAT=0"
,2025-09-21T02:36:08Z,COM6,,UTC=10:36:6,46.70,120.292423,23.106658,,,,,,,,41,56,SAT=0,21.84,-16.59,-990.40,87.50,-630.00,-87.50,,"Package=355,UTC=10:36:6,Lat=23.106658,Lng=120.292423,Alt=46.70,Ax=21.84,Ay=-16.59,Az=-990.40,Gx=87.50,Gy=-630.00,Gz=-87.50,T=41,H=56,SAT=0"
,2025-09-21T02:36:09Z,COM6,,UTC=10:36:7,46.70,120.292423,23.106658,,,,,,,,41,56,SAT=0,22.08,-16.47,-991.49,52.50,-647.50,-52.50,,"Package=356,UTC=10:36:7,Lat=23.106658,Lng=120.292423,Alt=46.70,Ax=22.08,Ay=-16.47,Az=-991.49,Gx=52.50,Gy=-647.50,Gz=-52.50,T=41,H=56,SAT=0"
,2025-09-21T02:36:10Z,COM6,,UTC=10:36:8,46.70,120.292423,23.106658,,,,,,,,41,56,SAT=0,22.08,-16.59,-990.64,52.50,-630.00,-35.00,,"Package=357,UTC=10:36:8,Lat=23.106658,Lng=120.292423,Alt=46.70,Ax=22.08,Ay=-16.59,Az=-990.64,Gx=52.50,Gy=-630.00,Gz=-35.00,T=41,H=56,SAT=0"
,2025-09-21T02:36:11Z,COM6,,UTC=10:36:9,,120.,23.106658,,,,,,,,,,,,,,,,,,"Package=358,UTC=10:36:9,Lat=23.106658,Lng=120."
,2025-09-21T02:36:12Z,COM6,,UTC=10:36:10,46.70,120.292423,23.106658,,,,,,,,41,56,SAT=0,20.13,-15.13,-990.27,577.50,-805.00,-490.00,,"Package=359,UTC=10:36:10,Lat=23.106658,Lng=120.292423,Alt=46.70,Ax=20.13,Ay=-15.13,Az=-990.27,Gx=577.50,Gy=-805.00,Gz=-490.00,T=41,H=56,SAT=0"
,2025-09-21T02:36:13Z,COM6,,UTC=10:36:11,46.70,120.292423,23.106658,,,,,,,,41,56,SAT=0,21.59,-16.71,-988.93,0.00,-595.00,17.50,,"Package=360,UTC=10:36:11,Lat=23.106658,Lng=120.292423,Alt=46.70,Ax=21.59,Ay=-16.71,Az=-988.93,Gx=0.00,Gy=-595.00,Gz=17.50,T=41,H=56,SAT=0"
,2025-09-21T02:36:14Z,COM6,,UTC=10:36:12,46.70,120.292423,23.106658,,,,,,,,41,56,SAT=0,21.23,-16.59,-989.91,35.00,-542.50,-52.50,,"Package=361,UTC=10:36:12,Lat=23.106658,Lng=120.292423,Alt=46.70,Ax=21.23,Ay=-16.59,Az=-989.91,Gx=35.00,Gy=-542.50,Gz=-52.50,T=41,H=56,SAT=0"
,2025-09-21T02:36:15Z,COM6,,UTC=10:36:13,46.70,120.292423,23.106658,,,,,,,,41,56,SAT=0,21.47,-16.84,-990.52,17.50,-175.00,-262.50,,"Package=362,UTC=10:36:13,Lat=23.106658,Lng=120.292423,Alt=46.70,Ax=21.47,Ay=-16.84,Az=-990.52,Gx=17.50,Gy=-175.00,Gz=-262.50,T=41,H=56,SAT=0"
,2025-09-21T02:36:16Z,COM6,,UTC=10:36:14,,120.292423,23.106658,,,,,,,,,,,,,,,,,,"Package=363,UTC=10:36:14,Lat=23.106658,Lng=120.292423,Alt="
,2025-09-21T02:36:17Z,COM6,,UTC=10:36:15,46.70,120.292423,23.106658,,,,,,,,41,56,SAT=0,21.72,-16.84,-991.13,52.50,-700.00,35.00,,"Package=364,UTC=10:36:15,Lat=23.106658,Lng=120.292423,Alt=46.70,Ax=21.72,Ay=-16.84,Az=-991.13,Gx=52.50,Gy=-700.00,Gz=35.00,T=41,H=56,SAT=0"
,2025-09-21T02:36:18Z,COM6,,UTC=1,,,,,,,,,,,,,,,,,,,,,"Package=365,UTC=1"
,2025-09-21T02:36:19Z,COM6,,UTC=10:36:17,46.70,120.292423,23.106658,,,,,,,,41,56,SAT=0,21.72,-17.08,-992.71,-17.50,-700.00,17.50,,"Package=366,UTC=10:36:17,Lat=23.106658,Lng=120.292423,Alt=46.70,Ax=21.72,Ay=-17.08,Az=-992.71,Gx=-17.50,Gy=-700.00,Gz=17.50,T=41,H=56,SAT=0"
,2025-09-21T02:36:20Z,COM6,,UTC=10:36:18,46.70,120.292423,23.106658,,,,,,,,41,56,SAT=0,21.23,-17.57,-994.54,0.00,-577.50,-17.50,,"Package=367,UTC=10:36:18,Lat=23.106658,Lng=120.292423,Alt=46.70,Ax=21.23,Ay=-17.57,Az=-994.54,Gx=0.00,Gy=-577.50,Gz=-17.50,T=41,H=56,SAT=0"
,2025-09-21T02:36:21Z,COM6,,UTC=10:36:19,46.70,120.292423,23.106658,,,,,,,,41,56,SAT=0,21.59,-17.45,-995.64,-17.50,-542.50,-70.00,,"Package=368,UTC=10:36:19,Lat=23.106658,Lng=120.292423,Alt=46.70,Ax=21.59,Ay=-17.45,Az=-995.64,Gx=-17.50,Gy=-542.50,Gz=-70.00,T=41,H=56,SAT=0"
,2025-09-21T02:36:22Z,COM6,,UTC=10:36:20,46.70,120.292423,23.106658,,,,,,,,41,56,SAT=0,22.45,-17.08,-994.30,140.00,-945.00,350.00,,"Package=369,UTC=10:36:20,Lat=23.106658,Lng=120.292423,Alt=46.70,Ax=22.45,Ay=-17.08,Az=-994.30,Gx=140.00,Gy=-945.00,Gz=350.00,T=41,H=56,SAT=0"
,2025-09-21T02:36:23Z,COM6,,UTC=10:36:21,,120.29,23.106658,,,,,,,,,,,,,,,,,,"Package=370,UTC=10:36:21,Lat=23.106658,Lng=120.29"
,2025-09-21T02:36:24Z,COM6,,UTC=10:36:22,46.70,120.292423,23.106658,,,,,,,,41,56,SAT=0,21.47,-17.32,-995.15,-665.00,-210.00,105.00,,"Package=371,UTC=10:36:22,Lat=23.106658,Lng=120.292423,Alt=46.70,Ax=21.47,Ay=-17.32,Az=-995.15,Gx=-665.00,Gy=-210.00,Gz=105.00,T=41,H=56,SAT=0"
,2025-09-21T02:36:25Z,COM6,,UTC=10:36:23,,,,,,,,,,,,,,,,,,,,,"Package=372,UTC=10:36:23,La"
,2025-09-21T02:36:26Z,COM6,,UTC=10:36:24,46.70,120.292423,23.106658,,,,,,,,41,56,SAT=0,25.25,-15.37,-991.01,157.50,-455.00,1155.00,,"Package=373,UTC=10:36:24,Lat=23.106658,Lng=120.292423,Alt=46.70,Ax=25.25,Ay=-15.37,Az=-991.01,Gx=157.50,Gy=-455.00,Gz=1155.00,T=41,H=56,SAT=0"
,2025-09-21T02:36:30Z,COM6,,UTC=NO_TIME,N/A,N/A,N/A,,,,,,,,41,64,SAT=0,26.23,-13.05,-987.71,157.50,-437.50,-875.00,,"Package=1,UTC=NO_TIME,Lat=N/A,Lng=N/A,Alt=N/A,Ax=26.23,Ay=-13.05,Az=-987.71,Gx=157.50,Gy=-437.50,Gz=-875.00,T=41,H=64,SAT=0"
,2025-09-21T02:36:31Z,COM6,,UTC=NO_TIME,N/A,N/A,N/A,,,,,,,,41,56,SAT=0,23.06,-18.18,-991.62,17.50,-577.50,-35.00,,"Package=2,UTC=NO_TIME,Lat=N/A,Lng=N/A,Alt=N/A,Ax=23.06,Ay=-18.18,Az=-991.62,Gx=17.50,Gy=-577.50,Gz=-35.00,T=41,H=56,SAT=0"
,2025-09-21T02:36:32Z,COM6,,UTC=10:36:29,N/A,N/A,N/A,,,,,,,,41,55,SAT=0,23.18,-20.74,-991.13,-17.50,-560.00,-35.00,,"Package=3,UTC=10:36:29,Lat=N/A,Lng=N/A,Alt=N/A,Ax=23.18,Ay=-20.74,Az=-991.13,Gx=-17.50,Gy=-560.00,Gz=-35.00,T=41,H=55,SAT=0"
,2025-09-21T02:36:34Z,COM6,,UTC=10:36:31,N/A,N/A,N/A,,,,,,,,41,55,SAT=0,26.60,-14.15,-989.42,-87.50,-717.50,6982.50,,"Package=5,UTC=10:36:31,Lat=N/A,Lng=N/A,Alt=N/A,Ax=26.60,Ay=-14.15,Az=-989.42,Gx=-87.50,Gy=-717.50,Gz=6982.50,T=41,H=55,SAT=0"
,2025-09-21T02:36:35Z,COM6,,UTC=10:36:32,N/A,N/A,N/A,,,,,,,,41,55,SAT=0,23.18,-18.42,-990.40,52.50,-612.50,70.00,,"Package=6,UTC=10:36:32,Lat=N/A,Lng=N/A,Alt=N/A,Ax=23.18,Ay=-18.42,Az=-990.40,Gx=52.50,Gy=-612.50,Gz=70.00,T=41,H=55,SAT=0"
,2025-09-21T02:36:36Z,COM6,,UTC=10:36:33,N/A,N/A,N/A,,,,,,,,41,55,SAT=0,33.79,-6.71,-989.91,-70.00,-805.00,21980.00,,"Package=7,UTC=10:36:33,Lat=N/A,Lng=N/A,Alt=N/A,Ax=33.79,Ay=-6.71,Az=-989.91,Gx=-70.00,Gy=-805.00,Gz=21980.00,T=41,H=55,SAT=0"
,2025-09-21T02:36:37Z,COM6,,UTC=10:36:34,N/A,N/A,N/A,,,,,,,,41,55,SAT=0,22.81,-18.42,-990.27,17.50,-647.50,-35.00,,"Package=8,UTC=10:36:34,Lat=N/A,Lng=N/A,Alt=N/A,Ax=22.81,Ay=-18.42,Az=-990.27,Gx=17.50,Gy=-647.50,Gz=-35.00,T=41,H=55,SAT=0"
,2025-09-21T02:36:38Z,COM6,,UTC=10:36:35,N/A,N/A,N/A,,,,,,,,41,55,SAT=0,23.42,-18.54,-990.15,-52.50,-630.00,-70.00,,"Package=9,UTC=10:36:35,Lat=N/A,Lng=N/A,Alt=N/A,Ax=23.42,Ay=-18.54,Az=-990.15,Gx=-52.50,Gy=-630.00,Gz=-70.00,T=41,H=55,SAT=0"
,2025-09-21T02:36:39Z,COM6,,UTC=10:36:36,N/A,N/A,N/A,,,,,,,,41,55,SAT=0,23.06,-18.67,-990.64,-35.00,-525.00,17.50,,"Package=10,UTC=10:36:36,Lat=N/A,Lng=N/A,Alt=N/A,Ax=23.06,Ay=-18.67,Az=-990.64,Gx=-35.00,Gy=-525.00,Gz=17.50,T=41,H=55,SAT=0"
,2025-09-21T02:36:40Z,COM6,,UTC=10:36:37,N/A,N/A,N/A,,,,,,,,41,55,SAT=0,25.86,-18.30,-991.37,17.50,-595.00,175.00,,"Package=11,UTC=10:36:37,Lat=N/A,Lng=N/A,Alt=N/A,Ax=25.86,Ay=-18.30,Az=-991.37,Gx=17.50,Gy=-595.00,Gz=175.00,T=41,H=55,SAT=0"
,2025-09-21T02:36:41Z,COM6,,UTC=10:36:38,N/A,N/A,N/A,,,,,,,,41,55,SAT=0,21.84,-20.01,-993.81,-87.50,-140.00,-542.50,,"Package=12,UTC=10:36:38,Lat=N/A,Lng=N/A,Alt=N/A,Ax=21.84,Ay=-20.01,Az=-993.81,Gx=-87.50,Gy=-140.00,Gz=-542.50,T=41,H=55,SAT=0"
,2025-09-21T02:36:42Z,COM6,,UTC=10:36:39,N/A,N/A,N/A,,,,,,,,41,55,SAT=0,23.91,-18.91,-992.35,0.00,-612.50,-70.00,,"Package=13,UTC=10:36:39,Lat=N/A,Lng=N/A,Alt=N/A,Ax=23.91,Ay=-18.91,Az=-992.35,Gx=0.00,Gy=-612.50,Gz=-70.00,T=41,H=55,SAT=0"
,2025-09-21T02:36:43Z,COM6,,UTC=10:36:40,N/A,N/A,N/A,,,,,,,,41,55,SAT=0,23.79,-18.91,-989.05,0.00,-630.00,-52.50,,"Package=14,UTC=10:36:40,Lat=N/A,Lng=N/A,Alt=N/A,Ax=23.79,Ay=-18.91,Az=-989.05,Gx=0.00,Gy=-630.00,Gz=-52.50,T=41,H=55,SAT=0"
,2025-09-21T02:36:44Z,COM6,,UTC=10:36:41,N/A,N/A,N/A,,,,,,,,41,55,SAT=0,23.67,-19.03,-989.79,70.00,-455.00,105.00,,"Package=15,UTC=10:36:41,Lat=N/A,Lng=N/A,Alt=N/A,Ax=23.67,Ay=-19.03,Az=-989.79,Gx=70.00,Gy=-455.00,Gz=105.00,T=41,H=55,SAT=0"
,2025-09-21T02:36:45Z,COM6,,UTC=10:36:42,N/A,N/A,N/A,,,,,,,,41,55,SAT=0,23.91,-19.15,-993.08,17.50,-612.50,-17.50,,"Package=16,UTC=10:36:42,Lat=N/A,Lng=N/A,Alt=N/A,Ax=23.91,Ay=-19.15,Az=-993.08,Gx=17.50,Gy=-612.50,Gz=-17.50,T=41,H=55,SAT=0"
,2025-09-21T02:36:46Z,COM6,,UTC=10:36:43,N/A,N/A,N/A,,,,,,,,41,55,SAT=0,23.91,-19.40,-989.18,87.50,-577.50,-87.50,,"Package=17,UTC=10:36:43,Lat=N/A,Lng=N/A,Alt=N/A,Ax=23.91,Ay=-19.40,Az=-989.18,Gx=87.50,Gy=-577.50,Gz=-87.50,T=41,H=55,SAT=0"
,2025-09-21T02:36:47Z,COM6,,UTC=10:36:44,N/A,N/A,N/A,,,,,,,,41,55,SAT=0,24.03,-19.28,-990.40,70.00,-560.00,6002.50,,"Package=18,UTC=10:36:44,Lat=N/A,Lng=N/A,Alt=N/A,Ax=24.03,Ay=-19.28,Az=-990.40,Gx=70.00,Gy=-560.00,Gz=6002.50,T=41,H=55,SAT=0"
,2025-09-21T02:36:48Z,COM6,,UTC=10:36:45,N/A,N/A,N/A,,,,,,,,41,55,SAT=0,23.91,-19.52,-990.76,35.00,-595.00,-35.00,,"Package=19,UTC=10:36:45,Lat=N/A,Lng=N/A,Alt=N/A,Ax=23.91,Ay=-19.52,Az=-990.76,Gx=35.00,Gy=-595.00,Gz=-35.00,T=41,H=55,SAT=0"
,2025-09-21T02:36:49Z,COM6,,UTC=10:36:46,N/A,N/A,N/A,,,,,,,,41,55,SAT=0,26.11,-19.76,-991.25,-17.50,-647.50,35.00,,"Package=20,UTC=10:36:46,Lat=N/A,Lng=N/A,Alt=N/A,Ax=26.11,Ay=-19.76,Az=-991.25,Gx=-17.50,Gy=-647.50,Gz=35.00,T=41,H=55,SAT=0"
,2025-09-21T02:36:50Z,COM6,,UTC=10:36:47,N/A,N/A,N/A,,,,,,,,41,55,SAT=0,24.52,-20.01,-991.62,-105.00,-752.50,-87.50,,"Package=21,UTC=10:36:47,Lat=N/A,Lng=N/A,Alt=N/A,Ax=24.52,Ay=-20.01,Az=-991.62,Gx=-105.00,Gy=-752.50,Gz=-87.50,T=41,H=55,SAT=0"
,2025-09-21T02:36:52Z,COM6,,UTC=10:36:49,N/A,N/A,N/A,,,,,,,,41,55,SAT=0,24.28,-19.89,-991.01,0.00,-612.50,-17.50,,"Package=23,UTC=10:36:49,Lat=N/A,Lng=N/A,Alt=N/A,Ax=24.28,Ay=-19.89,Az=-991.01,Gx=0.00,Gy=-612.50,Gz=-17.50,T=41,H=55,SAT=0"
,2025-09-21T02:36:53Z,COM6,,UTC=10:36:50,N/A,N/A,N/A,,,,,,,,41,55,SAT=0,24.16,-19.76,-991.01,35.00,-630.00,-122.50,,"Package=24,UTC=10:36:50,Lat=N/A,Lng=N/A,Alt=N/A,Ax=24.16,Ay=-19.76,Az=-991.01,Gx=35.00,Gy=-630.00,Gz=-122.50,T=41,H=55,SAT=0"
,2025-09-21T02:36:54Z,COM6,,UTC=10:36:51,N/A,N/A,N/A,,,,,,,,41,55,SAT=0,24.03,-20.01,-990.88,105.00,-630.00,-52.50,,"Package=25,UTC=10:36:51,Lat=N/A,Lng=N/A,Alt=N/A,Ax=24.03,Ay=-20.01,Az=-990.88,Gx=105.00,Gy=-630.00,Gz=-52.50,T=41,H=55,SAT=0"
,2025-09-21T02:36:56Z,COM6,,UTC=10:36:53,N/A,N/A,N/A,,,,,,,,41,55,SAT=0,24.28,-19.89,-991.37,17.50,-665.00,-87.50,,"Package=27,UTC=10:36:53,Lat=N/A,Lng=N/A,Alt=N/A,Ax=24.28,Ay=-19.89,Az=-991.37,Gx=17.50,Gy=-665.00,Gz=-87.50,T=41,H=55,SAT=0"
,2025-09-21T02:36:57Z,COM6,,UTC=10:36:54,N/A,N/A,N/A,,,,,,,,41,55,SAT=0,23.67,-20.01,-991.01,35.00,-682.50,17.50,,"Package=28,UTC=10:36:54,Lat=N/A,Lng=N/A,Alt=N/A,Ax=23.67,Ay=-20.01,Az=-991.01,Gx=35.00,Gy=-682.50,Gz=17.50,T=41,H=55,SAT=0"
,2025-09-21T02:36:58Z,COM6,,UTC=10:36:55,N/A,N/A,N/A,,,,,,,,41,55,SAT=0,23.91,-20.01,-991.13,-52.50,-717.50,1732.50,,"Package=29,UTC=10:36:55,Lat=N/A,Lng=N/A,Alt=N/A,Ax=23.91,Ay=-20.01,Az=-991.13,Gx=-52.50,Gy=-717.50,Gz=1732.50,T=41,H=55,SAT=0"
,2025-09-21T02:36:59Z,COM6,,UTC=10:36:56,N/A,N/A,N/A,,,,,,,,41,55,SAT=0,25.86,-18.91,-990.88,87.50,-805.00,717.50,,"Package=30,UTC=10:36:56,Lat=N/A,Lng=N/A,Alt=N/A,Ax=25.86,Ay=-18.91,Az=-990.88,Gx=87.50,Gy=-805.00,Gz=717.50,T=41,H=55,SAT=0"
,2025-09-21T02:37:00Z,COM6,,UTC=10:36:57,N/A,N/A,N/A,,,,,,,,42,55,SAT=0,23.42,-20.13,-991.13,-35.00,-647.50,-87.50,,"Package=31,UTC=10:36:57,Lat=N/A,Lng=N/A,Alt=N/A,Ax=23.42,Ay=-20.13,Az=-991.13,Gx=-35.00,Gy=-647.50,Gz=-87.50,T=42,H=55,SAT=0"
,2025-09-21T02:37:01Z,COM6,,UTC=10:36:58,N/A,N/A,N/A,,,,,,,,42,55,SAT=0,22.94,-20.50,-991.13,0.00,-525.00,-122.50,,"Package=32,UTC=10:36:58,Lat=N/A,Lng=N/A,Alt=N/A,Ax=22.94,Ay=-20.50,Az=-991.13,Gx=0.00,Gy=-525.00,Gz=-122.50,T=42,H=55,SAT=0"
,2025-09-21T02:37:02Z,COM6,,UTC=10:36:59,N/A,N/A,N/A,,,,,,,,42,55,SAT=0,23.18,-20.25,-991.37,35.00,-630.00,-122.50,,"Package=33,UTC=10:36:59,Lat=N/A,Lng=N/A,Alt=N/A,Ax=23.18,Ay=-20.25,Az=-991.37,Gx=35.00,Gy=-630.00,Gz=-122.50,T=42,H=55,SAT=0"
,2025-09-21T02:37:03Z,COM6,,UTC=10:37:0,N/A,N/A,N/A,,,,,,,,42,55,SAT=0,22.94,-20.01,-991.25,-87.50,-105.00,-315.00,,"Package=34,UTC=10:37:0,Lat=N/A,Lng=N/A,Alt=N/A,Ax=22.94,Ay=-20.01,Az=-991.25,Gx=-87.50,Gy=-105.00,Gz=-315.00,T=42,H=55,SAT=0"
,2025-09-21T02:37:04Z,COM6,,UTC=10:37:1,N/A,N/A,N/A,,,,,,,,42,55,SAT=0,23.30,-20.13,-991.25,-17.50,-647.50,-17.50,,"Package=35,UTC=10:37:1,Lat=N/A,Lng=N/A,Alt=N/A,Ax=23.30,Ay=-20.13,Az=-991.25,Gx=-17.50,Gy=-647.50,Gz=-17.50,T=42,H=55,SAT=0"
,2025-09-21T02:37:05Z,COM6,,UTC=10:37:2,N/A,N/A,N/A,,,,,,,,42,55,SAT=0,22.81,-20.37,-991.25,70.00,-665.00,-35.00,,"Package=36,UTC=10:37:2,Lat=N/A,Lng=N/A,Alt=N/A,Ax=22.81,Ay=-20.37,Az=-991.25,Gx=70.00,Gy=-665.00,Gz=-35.00,T=42,H=55,SAT=0"
,2025-09-21T02:37:07Z,COM6,,UTC=10:37:4,N/A,N/A,N/A,,,,,,,,42,55,SAT=0,22.81,-20.50,-991.13,-17.50,-577.50,-105.00,,"Package=38,UTC=10:37:4,Lat=N/A,Lng=N/A,Alt=N/A,Ax=22.81,Ay=-20.50,Az=-991.13,Gx=-17.50,Gy=-577.50,Gz=-105.00,T=42,H=55,SAT=0"
,2025-09-21T02:37:08Z,COM6,,UTC=10:37:5,N/A,N/A,N/A,,,,,,,,42,55,SAT=0,23.18,-20.37,-991.37,-70.00,-490.00,-70.00,,"Package=39,UTC=10:37:5,Lat=N/A,Lng=N/A,Alt=N/A,Ax=23.18,Ay=-20.37,Az=-991.37,Gx=-70.00,Gy=-490.00,Gz=-70.00,T=42,H=55,SAT=0"
,2025-09-21T02:37:09Z,COM6,,UTC=10:37:6,N/A,N/A,N/A,,,,,,,,42,55,SAT=0,23.06,-20.25,-991.13,0.00,-525.00,-105.00,,"Package=40,UTC=10:37:6,Lat=N/A,Lng=N/A,Alt=N/A,Ax=23.06,Ay=-20.25,Az=-991.13,Gx=0.00,Gy=-525.00,Gz=-105.00,T=42,H=55,SAT=0"
,2025-09-21T02:37:10Z,COM6,,UTC=10:37:7,N/A,N/A,N/A,,,,,,,,42,55,SAT=0,23.42,-20.13,-991.49,70.00,-787.50,17.50,,"Package=41,UTC=10:37:7,Lat=N/A,Lng=N/A,Alt=N/A,Ax=23.42,Ay=-20.13,Az=-991.49,Gx=70.00,Gy=-787.50,Gz=17.50,T=42,H=55,SAT=0"
,2025-09-21T02:37:11Z,COM6,,UTC=10:37:8,N/A,N/A,N/A,,,,,,,,42,55,SAT=0,23.42,-20.13,-991.49,70.00,-682.50,17.50,,"Package=42,UTC=10:37:8,Lat=N/A,Lng=N/A,Alt=N/A,Ax=23.42,Ay=-20.13,Az=-991.49,Gx=70.00,Gy=-682.50,Gz=17.50,T=42,H=55,SAT=0"
,2025-09-21T02:37:12Z,COM6,,UTC=10:37:9,N/A,N/A,N/A,,,,,,,,42,55,SAT=0,23.42,-20.01,-991.49,87.50,-682.50,105.00,,"Package=43,UTC=10:37:9,Lat=N/A,Lng=N/A,Alt=N/A,Ax=23.42,Ay=-20.01,Az=-991.49,Gx=87.50,Gy=-682.50,Gz=105.00,T=42,H=55,SAT=0"
,2025-09-21T02:37:14Z,COM6,,UTC=10:37:11,N/A,N/A,N/A,,,,,,,,42,55,SAT=0,23.79,-19.40,-991.25,175.00,-665.00,-35.00,,"Package=45,UTC=10:37:11,Lat=N/A,Lng=N/A,Alt=N/A,Ax=23.79,Ay=-19.40,Az=-991.25,Gx=175.00,Gy=-665.00,Gz=-35.00,T=42,H=55,SAT=0"
,2025-09-21T02:37:15Z,COM6,,UTC=10:37:12,N/A,N/A,N/A,,,,,,,,42,55,SAT=0,24.03,-18.79,-991.37,1085.00,-1680.00,577.50,,"Package=46,UTC=10:37:12,Lat=N/A,Lng=N/A,Alt=N/A,Ax=24.03,Ay=-18.79,Az=-991.37,Gx=1085.00,Gy=-1680.00,Gz=577.50,T=42,H=55,SAT=0"
,2025-09-21T02:37:16Z,COM6,,UTC=10:37:13,N/A,N/A,N/A,,,,,,,,,56,SAT=0,23.42,-16.84,-989.05,-1085.00,7682.50,7350.00T=42,,"Package=47,UTC=10:37:13,Lat=N/A,Lng=N/A,Alt=N/A,Ax=23.42,Ay=-16.84,Az=-989.05,Gx=-1085.00,Gy=7682.50,Gz=7350.00T=42,H=56,SAT=0"
,2025-09-21T02:37:18Z,COM6,,UTC=10:37:15,N/A,N/A,N/A,,,,,,,,42,56,SAT=0,24.89,-20.25,-991.13,70.00,-700.00,-17.50,,"Package=49,UTC=10:37:15,Lat=N/A,Lng=N/A,Alt=N/A,Ax=24.89,Ay=-20.25,Az=-991.13,Gx=70.00,Gy=-700.00,Gz=-17.50,T=42,H=56,SAT=0"
,2025-09-21T02:37:19Z,COM6,,UTC=10:37:16,N/A,N/A,N/A,,,,,,,,42,55,SAT=0,24.40,-20.25,-991.37,0.00,-595.00,-17.50,,"Package=50,UTC=10:37:16,Lat=N/A,Lng=N/A,Alt=N/A,Ax=24.40,Ay=-20.25,Az=-991.37,Gx=0.00,Gy=-595.00,Gz=-17.50,T=42,H=55,SAT=0"
,2025-09-21T02:37:20Z,COM6,,UTC=10:37:17,N/A,N/A,N/A,,,,,,,,42,55,SAT=0,24.16,-20.86,-991.25,0.00,-577.50,-87.50,,"Package=51,UTC=10:37:17,Lat=N/A,Lng=N/A,Alt=N/A,Ax=24.16,Ay=-20.86,Az=-991.25,Gx=0.00,Gy=-577.50,Gz=-87.50,T=42,H=55,SAT=0"
,2025-09-21T02:37:21Z,COM6,,UTC=10:37:18,N/A,N/A,N/A,,,,,,,,42,55,SAT=0,24.52,-20.74,-991.37,140.00,-665.00,-52.50,,"Package=52,UTC=10:37:18,Lat=N/A,Lng=N/A,Alt=N/A,Ax=24.52,Ay=-20.74,Az=-991.37,Gx=140.00,Gy=-665.00,Gz=-52.50,T=42,H=55,SAT=0"
,2025-09-21T02:37:22Z,COM6,,UTC=10:37:19,N/A,N/A,N/A,,,,,,,,42,55,SAT=0,24.28,-20.50,-991.37,52.50,-647.50,-70.00,,"Package=53,UTC=10:37:19,Lat=N/A,Lng=N/A,Alt=N/A,Ax=24.28,Ay=-20.50,Az=-991.37,Gx=52.50,Gy=-647.50,Gz=-70.00,T=42,H=55,SAT=0"
,2025-09-21T02:37:23Z,COM6,,UTC=10:37:20,N/A,N/A,N/A,,,,,,,,42,55,SAT=0,24.16,-20.86,-991.49,-35.00,-595.00,-87.50,,"Package=54,UTC=10:37:20,Lat=N/A,Lng=N/A,Alt=N/A,Ax=24.16,Ay=-20.86,Az=-991.49,Gx=-35.00,Gy=-595.00,Gz=-87.50,T=42,H=55,SAT=0"
,2025-09-21T02:37:25Z,COM6,,UTC=10:37:22,N/A,N/A,N/A,,,,,,,,42,55,SAT=0,23.79,-20.98,-991.49,-1050.00,-70.00,157.50,,"Package=56,UTC=10:37:22,Lat=N/A,Lng=N/A,Alt=N/A,Ax=23.79,Ay=-20.98,Az=-991.49,Gx=-1050.00,Gy=-70.00,Gz=157.50,T=42,H=55,SAT=0"
,2025-09-21T02:37:26Z,COM6,,UTC=10:37:23,N/A,N/A,N/A,,,,,,,,42,55,SAT=0,24.16,-20.98,-991.62,682.50,-875.00,0.00,,"Package=57,UTC=10:37:23,Lat=N/A,Lng=N/A,Alt=N/A,Ax=24.16,Ay=-20.98,Az=-991.62,Gx=682.50,Gy=-875.00,Gz=0.00,T=42,H=55,SAT=0"
,2025-09-21T02:37:27Z,COM6,,UTC=10:37:24,N/A,N/A,N/A,,,,,,,,42,56,SAT=0,23.91,-21.23,-991.37,70.00,-630.00,-52.50,,"Package=58,UTC=10:37:24,Lat=N/A,Lng=N/A,Alt=N/A,Ax=23.91,Ay=-21.23,Az=-991.37,Gx=70.00,Gy=-630.00,Gz=-52.50,T=42,H=56,SAT=0"
,2025-09-21T02:37:28Z,COM6,,UTC=10:37:25,N/A,N/A,N/A,,,,,,,,42,56,SAT=0,24.16,-20.74,-991.13,-140.00,-612.50,87.50,,"Package=59,UTC=10:37:25,Lat=N/A,Lng=N/A,Alt=N/A,Ax=24.16,Ay=-20.74,Az=-991.13,Gx=-140.00,Gy=-612.50,Gz=87.50,T=42,H=56,SAT=0"
,2025-09-21T02:37:29Z,COM6,,UTC=10:37:26,N/A,N/A,N/A,,,,,,,,42,56,SAT=0,23.79,-21.11,-991.49,70.00,-700.00,-105.00,,"Package=60,UTC=10:37:26,Lat=N/A,Lng=N/A,Alt=N/A,Ax=23.79,Ay=-21.11,Az=-991.49,Gx=70.00,Gy=-700.00,Gz=-105.00,T=42,H=56,SAT=0"
,2025-09-21T02:37:30Z,COM6,,UTC=10:37:27,N/A,N/A,N/A,,,,,,,,,56,SAT=0,6.47,-80.52,-967.46,-30082.50,-18725.00,53830T=42,,"Package=61,UTC=10:37:27,Lat=N/A,Lng=N/A,Alt=N/A,Ax=6.47,Ay=-80.52,Az=-967.46,Gx=-30082.50,Gy=-18725.00,Gz=53830T=42,H=56,SAT=0"
,2025-09-21T02:37:31Z,COM6,,UTC=10:37:28,N/A,N/A,N/A,,,,,,,,,56,SAT=0,-35.14,-133.35,-976.49,-32672.50,7262.50,1548T=42,,"Package=62,UTC=10:37:28,Lat=N/A,Lng=N/A,Alt=N/A,Ax=-35.14,Ay=-133.35,Az=-976.49,Gx=-32672.50,Gy=7262.50,Gz=1548T=42,H=56,SAT=0"
,2025-09-21T02:37:32Z,COM6,,UTC=10:37:29,N/A,N/A,N/A,,,,,,,,,56,SAT=0,-0.98,-17.81,-935.86,-34877.50,-4987.50,-2026T=42,,"Package=63,UTC=10:37:29,Lat=N/A,Lng=N/A,Alt=N/A,Ax=-0.98,Ay=-17.81,Az=-935.86,Gx=-34877.50,Gy=-4987.50,Gz=-2026T=42,H=56,SAT=0"
,2025-09-21T02:37:33Z,COM6,,UTC=10:37:30,N/A,N/A,N/A,,,,,,,,,56,SAT=0,-19.76,52.34,-998.81,-5197.50,12915.00,12057.T=42,,"Package=64,UTC=10:37:30,Lat=N/A,Lng=N/A,Alt=N/A,Ax=-19.76,Ay=52.34,Az=-998.81,Gx=-5197.50,Gy=12915.00,Gz=12057.T=42,H=56,SAT=0"
,2025-09-21T02:37:34Z,COM6,,UTC=10:37:31,N/A,N/A,N/A,,,,,,,,42,56,SAT=0,46.73,12.44,-986.00,3535.00,-4900.00,262.50,,"Package=65,UTC=10:37:31,Lat=N/A,Lng=N/A,Alt=N/A,Ax=46.73,Ay=12.44,Az=-986.00,Gx=3535.00,Gy=-4900.00,Gz=262.50,T=42,H=56,SAT=0"
,2025-09-21T02:37:36Z,COM6,,UTC=10:37:33,N/A,N/A,N/A,,,,,,,,42,56,SAT=0,34.89,-26.35,-989.91,4882.50,-437.50,1470.00,,"Package=67,UTC=10:37:33,Lat=N/A,Lng=N/A,Alt=N/A,Ax=34.89,Ay=-26.35,Az=-989.91,Gx=4882.50,Gy=-437.50,Gz=1470.00,T=42,H=56,SAT=0"
,2025-09-21T02:37:37Z,COM6,,UTC=10:37:34,N/A,N/A,N/A,,,,,,,,42,56,SAT=0,41.24,-31.23,-991.98,-332.50,402.50,210.00,,"Package=68,UTC=10:37:34,Lat=N/A,Lng=N/A,Alt=N/A,Ax=41.24,Ay=-31.23,Az=-991.98,Gx=-332.50,Gy=402.50,Gz=210.00,T=42,H=56,SAT=0"
,2025-09-21T02:37:38Z,COM6,,UTC=10:37:35,N/A,N/A,N/A,,,,,,,,42,56,SAT=0,45.63,-63.44,-981.12,245.00,-3937.50,682.50,,"Package=69,UTC=10:37:35,Lat=N/A,Lng=N/A,Alt=N/A,Ax=45.63,Ay=-63.44,Az=-981.12,Gx=245.00,Gy=-3937.50,Gz=682.50,T=42,H=56,SAT=0"
,2025-09-21T02:37:39Z,COM6,,UTC=10:37:36,N/A,N/A,N/A,,,,,,,,,56,SAT=0,55.39,-57.83,-991.98,-2817.50,3115.00,1155.00T=42,,"Package=70,UTC=10:37:36,Lat=N/A,Lng=N/A,Alt=N/A,Ax=55.39,Ay=-57.83,Az=-991.98,Gx=-2817.50,Gy=3115.00,Gz=1155.00T=42,H=56,SAT=0"
,2025-09-21T02:37:40Z,COM6,,UTC=10:37:37,N/A,N/A,N/A,,,,,,,,,56,SAT=0,52.09,-63.81,-991.62,-472.50,-2485.00,-910.00T=42,,"Package=71,UTC=10:37:37,Lat=N/A,Lng=N/A,Alt=N/A,Ax=52.09,Ay=-63.81,Az=-991.62,Gx=-472.50,Gy=-2485.00,Gz=-910.00T=42,H=56,SAT=0"
,2025-09-21T02:37:41Z,COM6,,UTC=10:37:38,N/A,N/A,N/A,,,,,,,,,56,SAT=0,47.34,-55.88,-991.01,-1750.00,-3885.00,560.00T=42,,"Package=72,UTC=10:37:38,Lat=N/A,Lng=N/A,Alt=N/A,Ax=47.34,Ay=-55.88,Az=-991.01,Gx=-1750.00,Gy=-3885.00,Gz=560.00T=42,H=56,SAT=0"
,2025-09-21T02:37:42Z,COM6,,UTC=10:37:39,N/A,N/A,N/A,,,,,,,,42,56,SAT=0,48.31,-50.02,-991.37,5145.00,175.00,1295.00,,"Package=73,UTC=10:37:39,Lat=N/A,Lng=N/A,Alt=N/A,Ax=48.31,Ay=-50.02,Az=-991.37,Gx=5145.00,Gy=175.00,Gz=1295.00,T=42,H=56,SAT=0"
,2025-09-21T02:37:43Z,COM6,,UTC=10:37:40,N/A,N/A,N/A,,,,,,,,42,56,SAT=0,43.43,-66.37,-988.57,3972.50,35.00,52.50,,"Package=74,UTC=10:37:40,Lat=N/A,Lng=N/A,Alt=N/A,Ax=43.43,Ay=-66.37,Az=-988.57,Gx=3972.50,Gy=35.00,Gz=52.50,T=42,H=56,SAT=0"
,2025-09-21T02:37:44Z,COM6,,UTC=10:37:41,N/A,N/A,N/A,,,,,,,,42,56,SAT=0,33.92,-86.50,-989.91,-5040.00,525.00,-595.00,,"Package=75,UTC=10:37:41,Lat=N/A,Lng=N/A,Alt=N/A,Ax=33.92,Ay=-86.50,Az=-989.91,Gx=-5040.00,Gy=525.00,Gz=-595.00,T=42,H=56,SAT=0"
,2025-09-21T02:37:45Z,COM6,,UTC=10:37:42,N/A,N/A,N/A,,,,,,,,,56,SAT=0,27.82,-74.42,-996.86,5810.00,-7700.00,-1645.0T=42,,"Package=76,UTC=10:37:42,Lat=N/A,Lng=N/A,Alt=N/A,Ax=27.82,Ay=-74.42,Az=-996.86,Gx=5810.00,Gy=-7700.00,Gz=-1645.0T=42,H=56,SAT=0"
,2025-09-21T02:37:46Z,COM6,,UTC=10:37:43,N/A,N/A,N/A,,,,,,,,,56,SAT=0,-58.68,144.94,-1003.94,-28805.00,385.00,-1704T=42,,"Package=77,UTC=10:37:43,Lat=N/A,Lng=N/A,Alt=N/A,Ax=-58.68,Ay=144.94,Az=-1003.94,Gx=-28805.00,Gy=385.00,Gz=-1704T=42,H=56,SAT=0"
,2025-09-21T02:37:47Z,COM6,,UTC=10:37:44,N/A,N/A,N/A,,,,,,,,,56,SAT=0,-210.33,499.22,-824.96,-6772.50,2800.00,2835.T=42,,"Package=78,UTC=10:37:44,Lat=N/A,Lng=N/A,Alt=N/A,Ax=-210.33,Ay=499.22,Az=-824.96,Gx=-6772.50,Gy=2800.00,Gz=2835.T=42,H=56,SAT=0"
,2025-09-21T02:37:48Z,COM6,,UTC=10:37:45,N/A,N/A,N/A,,,,,,,,,56,SAT=0,-207.16,610.12,-744.93,2905.00,-6702.50,-402.T=41,,"Package=79,UTC=10:37:45,Lat=N/A,Lng=N/A,Alt=N/A,Ax=-207.16,Ay=610.12,Az=-744.93,Gx=2905.00,Gy=-6702.50,Gz=-402.T=41,H=56,SAT=0"
,2025-09-21T02:37:50Z,COM6,,UTC=10:37:47,N/A,N/A,N/A,,,,,,,,,56,SAT=0,-246.07,610.24,-740.66,2362.50,1557.50,157.50T=41,,"Package=81,UTC=10:37:47,Lat=N/A,Lng=N/A,Alt=N/A,Ax=-246.07,Ay=610.24,Az=-740.66,Gx=2362.50,Gy=1557.50,Gz=157.50T=41,H=56,SAT=0"
,2025-09-21T02:37:51Z,COM6,,UTC=10:37:48,N/A,N/A,N/A,,,,,,,,,56,SAT=0,-227.77,609.63,-739.08,3430.00,2082.50,2590.0T=41,,"Package=82,UTC=10:37:48,Lat=N/A,Lng=N/A,Alt=N/A,Ax=-227.77,Ay=609.63,Az=-739.08,Gx=3430.00,Gy=2082.50,Gz=2590.0T=41,H=56,SAT=0"
,2025-09-21T02:37:52Z,COM6,,UTC=10:37:49,N/A,N/A,N/A,,,,,,,,,56,SAT=0,-224.72,612.93,-742.61,-2257.50,892.50,385.00T=41,,"Package=83,UTC=10:37:49,Lat=N/A,Lng=N/A,Alt=N/A,Ax=-224.72,Ay=612.93,Az=-742.61,Gx=-2257.50,Gy=892.50,Gz=385.00T=41,H=56,SAT=0"
,2025-09-21T02:37:53Z,COM6,,UTC=10:37:50,N/A,N/A,N/A,,,,,,,,,56,SAT=0,-215.45,610.73,-745.05,-87.50,-1610.00,1470.0T=41,,"Package=84,UTC=10:37:50,Lat=N/A,Lng=N/A,Alt=N/A,Ax=-215.45,Ay=610.73,Az=-745.05,Gx=-87.50,Gy=-1610.00,Gz=1470.0T=41,H=56,SAT=0"
,2025-09-21T02:37:54Z,COM6,,UTC=10:37:51,N/A,N/A,N/A,,,,,,,,41,56,SAT=0,-213.87,604.39,-747.01,1172.50,-1015.00,0.00,,"Package=85,UTC=10:37:51,Lat=N/A,Lng=N/A,Alt=N/A,Ax=-213.87,Ay=604.39,Az=-747.01,Gx=1172.50,Gy=-1015.00,Gz=0.00,T=41,H=56,SAT=0"
,2025-09-21T02:37:55Z,COM6,,UTC=10:37:52,N/A,N/A,N/A,,,,,,,,,56,SAT=0,-216.92,605.85,-744.08,1015.00,-1417.50,-822.T=41,,"Package=86,UTC=10:37:52,Lat=N/A,Lng=N/A,Alt=N/A,Ax=-216.92,Ay=605.85,Az=-744.08,Gx=1015.00,Gy=-1417.50,Gz=-822.T=41,H=56,SAT=0"
,2025-09-21T02:37:56Z,COM6,,UTC=10:37:53,N/A,N/A,N/A,,,,,,,,,56,SAT=0,-226.92,607.32,-738.22,1155.00,-945.00,-2030.T=41,,"Package=87,UTC=10:37:53,Lat=N/A,Lng=N/A,Alt=N/A,Ax=-226.92,Ay=607.32,Az=-738.22,Gx=1155.00,Gy=-945.00,Gz=-2030.T=41,H=56,SAT=0"
,2025-09-21T02:37:57Z,COM6,,UTC=10:37:54,N/A,N/A,N/A,,,,,,,,41,56,SAT=0,-234.00,612.44,-734.93,-787.50,980.00,122.50,,"Package=88,UTC=10:37:54,Lat=N/A,Lng=N/A,Alt=N/A,Ax=-234.00,Ay=612.44,Az=-734.93,Gx=-787.50,Gy=980.00,Gz=122.50,T=41,H=56,SAT=0"
,2025-09-21T02:37:58Z,COM6,,UTC=10:37:55,N/A,N/A,N/A,,,,,,,,,56,SAT=0,-229.60,607.44,-740.54,-4252.50,140.00,-770.0T=42,,"Package=89,UTC=10:37:55,Lat=N/A,Lng=N/A,Alt=N/A,Ax=-229.60,Ay=607.44,Az=-740.54,Gx=-4252.50,Gy=140.00,Gz=-770.0T=42,H=56,SAT=0"
,2025-09-21T02:37:59Z,COM6,,UTC=10:37:56,N/A,N/A,N/A,,,,,,,,,56,SAT=0,-231.68,611.34,-738.10,1295.00,-157.50,-1697.T=42,,"Package=90,UTC=10:37:56,Lat=N/A,Lng=N/A,Alt=N/A,Ax=-231.68,Ay=611.34,Az=-738.10,Gx=1295.00,Gy=-157.50,Gz=-1697.T=42,H=56,SAT=0"
,2025-09-21T02:38:00Z,COM6,,UTC=10:37:57,N/A,N/A,N/A,,,,,,,,,56,SAT=0,-301.71,581.94,-742.98,-8785.00,6247.50,-5764T=42,,"Package=91,UTC=10:37:57,Lat=N/A,Lng=N/A,Alt=N/A,Ax=-301.71,Ay=581.94,Az=-742.98,Gx=-8785.00,Gy=6247.50,Gz=-5764T=42,H=56,SAT=0"
,2025-09-21T02:38:01Z,COM6,,UTC=10:37:58,N/A,N/A,N/A,,,,,,,,,56,SAT=0,-671.49,421.75,-596.82,-3535.00,-2292.50,6947T=42,,"Package=92,UTC=10:37:58,Lat=N/A,Lng=N/A,Alt=N/A,Ax=-671.49,Ay=421.75,Az=-596.82,Gx=-3535.00,Gy=-2292.50,Gz=6947T=42,H=56,SAT=0"
,2025-09-21T02:38:02Z,COM6,,UTC=10:37:59,N/A,N/A,N/A,,,,,,,,,56,SAT=0,-656.48,493.25,-543.14,-4340.00,-4410.00,4445T=42,,"Package=93,UTC=10:37:59,Lat=N/A,Lng=N/A,Alt=N/A,Ax=-656.48,Ay=493.25,Az=-543.14,Gx=-4340.00,Gy=-4410.00,Gz=4445T=42,H=56,SAT=0"
,2025-09-21T02:38:03Z,COM6,,UTC=10:38:0,N/A,N/A,N/A,,,,,,,,,56,SAT=0,-632.20,532.41,-542.90,-1907.50,-3780.00,3167T=42,,"Package=94,UTC=10:38:0,Lat=N/A,Lng=N/A,Alt=N/A,Ax=-632.20,Ay=532.41,Az=-542.90,Gx=-1907.50,Gy=-3780.00,Gz=3167T=42,H=56,SAT=0"
,2025-09-21T02:38:04Z,COM6,,UTC=10:38:1,N/A,N/A,N/A,,,,,,,,,56,SAT=0,-902.68,263.03,-256.81,-52412.50,-10780.00,60T=42,,"Package=95,UTC=10:38:1,Lat=N/A,Lng=N/A,Alt=N/A,Ax=-902.68,Ay=263.03,Az=-256.81,Gx=-52412.50,Gy=-10780.00,Gz=60T=42,H=56,SAT=0"
,2025-09-21T02:38:05Z,COM6,,UTC=10:38:2,N/A,N/A,N/A,,,,,,,,,56,SAT=0,-911.34,281.33,-291.21,6650.00,-665.00,-14665T=42,,"Package=96,UTC=10:38:2,Lat=N/A,Lng=N/A,Alt=N/A,Ax=-911.34,Ay=281.33,Az=-291.21,Gx=6650.00,Gy=-665.00,Gz=-14665T=42,H=56,SAT=0"
,2025-09-21T02:38:06Z,COM6,,UTC=10:38:3,N/A,N/A,N/A,,,,,,,,,56,SAT=0,-820.08,378.20,-420.41,-17500.00,-7140.00,-10T=42,,"Package=97,UTC=10:38:3,Lat=N/A,Lng=N/A,Alt=N/A,Ax=-820.08,Ay=378.20,Az=-420.41,Gx=-17500.00,Gy=-7140.00,Gz=-10T=42,H=56,SAT=0"
,2025-09-21T02:38:07Z,COM6,,UTC=10:38:4,N/A,N/A,N/A,,,,,,,,,56,SAT=0,-962.34,335.13,-287.43,6177.50,3010.00,36855.T=42,,"Package=98,UTC=10:38:4,Lat=N/A,Lng=N/A,Alt=N/A,Ax=-962.34,Ay=335.13,Az=-287.43,Gx=6177.50,Gy=3010.00,Gz=36855.T=42,H=56,SAT=0"
,2025-09-21T02:38:08Z,COM6,,UTC=10:38:5,N/A,N/A,N/A,,,,,,,,,56,SAT=0,-888.28,382.59,-172.51,297.50,-2135.00,-10517T=42,,"Package=99,UTC=10:38:5,Lat=N/A,Lng=N/A,Alt=N/A,Ax=-888.28,Ay=382.59,Az=-172.51,Gx=297.50,Gy=-2135.00,Gz=-10517T=42,H=56,SAT=0"
,2025-09-21T02:38:09Z,COM6,,UTC=10:38:6,N/A,N/A,N/A,,,,,,,,,56,SAT=0,-918.90,338.92,-110.65,-32025.00,-1365.00,-62T=42,,"Package=100,UTC=10:38:6,Lat=N/A,Lng=N/A,Alt=N/A,Ax=-918.90,Ay=338.92,Az=-110.65,Gx=-32025.00,Gy=-1365.00,Gz=-62T=42,H=56,SAT=0"
,2025-09-21T02:38:10Z,COM6,,UTC=10:38:7,N/A,N/A,N/A,,,,,,,,,56,SAT=0,-990.15,164.46,33.43,-8960.00,-3412.50,-5967.T=42,,"Package=101,UTC=10:38:7,Lat=N/A,Lng=N/A,Alt=N/A,Ax=-990.15,Ay=164.46,Az=33.43,Gx=-8960.00,Gy=-3412.50,Gz=-5967.T=42,H=56,SAT=0"
,2025-09-21T02:38:11Z,COM6,,UTC=10:38:8,N/A,N/A,N/A,,,,,,,,42,56,SAT=0,-966.12,155.18,53.19,-3062.50,1172.50,577.50,,"Package=102,UTC=10:38:8,Lat=N/A,Lng=N/A,Alt=N/A,Ax=-966.12,Ay=155.18,Az=53.19,Gx=-3062.50,Gy=1172.50,Gz=577.50,T=42,H=56,SAT=0"
,2025-09-21T02:38:12Z,COM6,,UTC=10:38:9,N/A,N/A,N/A,,,,,,,,,56,SAT=0,-993.20,135.91,-58.80,55072.50,38762.50,-3396T=42,,"Package=103,UTC=10:38:9,Lat=N/A,Lng=N/A,Alt=N/A,Ax=-993.20,Ay=135.91,Az=-58.80,Gx=55072.50,Gy=38762.50,Gz=-3396T=42,H=56,SAT=0"
,2025-09-21T02:38:13Z,COM6,,UTC=10:38:10,N/A,N/A,N/A,,,,,,,,,56,SAT=0,-716.75,-378.08,-554.49,-18567.50,-6037.50,-3T=42,,"Package=104,UTC=10:38:10,Lat=N/A,Lng=N/A,Alt=N/A,Ax=-716.75,Ay=-378.08,Az=-554.49,Gx=-18567.50,Gy=-6037.50,Gz=-3T=42,H=56,SAT=0"
,2025-09-21T02:38:14Z,COM6,,UTC=10:38:11,N/A,N/A,N/A,,,,,,,,,56,SAT=0,-740.54,-349.41,-588.53,-4742.50,-5127.50,-12T=42,,"Package=105,UTC=10:38:11,Lat=N/A,Lng=N/A,Alt=N/A,Ax=-740.54,Ay=-349.41,Az=-588.53,Gx=-4742.50,Gy=-5127.50,Gz=-12T=42,H=56,SAT=0"
,2025-09-21T02:38:15Z,COM6,,UTC=10:38:12,N/A,N/A,N/A,,,,,,,,,56,SAT=0,-733.71,-358.44,-589.99,717.50,1190.00,-157.5T=42,,"Package=106,UTC=10:38:12,Lat=N/A,Lng=N/A,Alt=N/A,Ax=-733.71,Ay=-358.44,Az=-589.99,Gx=717.50,Gy=1190.00,Gz=-157.5T=42,H=56,SAT=0"
,2025-09-21T02:38:17Z,COM6,,UTC=10:38:14,N/A,N/A,N/A,,,,,,,,,56,SAT=0,-733.83,-338.67,-605.49,2590.00,3500.00,-8890T=42,,"Package=108,UTC=10:38:14,Lat=N/A,Lng=N/A,Alt=N/A,Ax=-733.83,Ay=-338.67,Az=-605.49,Gx=2590.00,Gy=3500.00,Gz=-8890T=42,H=56,SAT=0"
,2025-09-21T02:38:18Z,COM6,,UTC=10:38:15,N/A,N/A,N/A,,,,,,,,,56,SAT=0,-718.95,-338.31,-615.73,-350.00,2012.50,5932.T=42,,"Package=109,UTC=10:38:15,Lat=N/A,Lng=N/A,Alt=N/A,Ax=-718.95,Ay=-338.31,Az=-615.73,Gx=-350.00,Gy=2012.50,Gz=5932.T=42,H=56,SAT=0"
,2025-09-21T02:38:19Z,COM6,,UTC=10:38:16,N/A,N/A,N/A,,,,,,,,,56,SAT=0,-724.80,-315.74,-615.37,-2432.50,-1592.50,276T=42,,"Package=110,UTC=10:38:16,Lat=N/A,Lng=N/A,Alt=N/A,Ax=-724.80,Ay=-315.74,Az=-615.37,Gx=-2432.50,Gy=-1592.50,Gz=276T=42,H=56,SAT=0"
,2025-09-21T02:38:20Z,COM6,,UTC=10:38:17,N/A,N/A,N/A,,,,,,,,,56,SAT=0,-740.17,-303.29,-608.41,1592.50,-1522.50,-595T=42,,"Package=111,UTC=10:38:17,Lat=N/A,Lng=N/A,Alt=N/A,Ax=-740.17,Ay=-303.29,Az=-608.41,Gx=1592.50,Gy=-1522.50,Gz=-595T=42,H=56,SAT=0"
,2025-09-21T02:38:21Z,COM6,,UTC=10:38:18,N/A,N/A,N/A,,,,,,,,,56,SAT=0,-741.88,-303.90,-600.97,-87.50,-1067.50,630.0T=42,,"Package=112,UTC=10:38:18,Lat=N/A,Lng=N/A,Alt=N/A,Ax=-741.88,Ay=-303.90,Az=-600.97,Gx=-87.50,Gy=-1067.50,Gz=630.0T=42,H=56,SAT=0"
,2025-09-21T02:38:22Z,COM6,,UTC=10:38:19,N/A,N/A,N/A,,,,,,,,,56,SAT=0,-750.91,-296.95,-598.41,577.50,-2152.50,525.0T=42,,"Package=113,UTC=10:38:19,Lat=N/A,Lng=N/A,Alt=N/A,Ax=-750.91,Ay=-296.95,Az=-598.41,Gx=577.50,Gy=-2152.50,Gz=525.0T=42,H=56,SAT=0"
,2025-09-21T02:38:23Z,COM6,,UTC=10:38:20,N/A,N/A,N/A,,,,,,,,,56,SAT=0,-769.09,-300.12,-584.87,-3237.50,-4690.00,-54T=42,,"Package=114,UTC=10:38:20,Lat=N/A,Lng=N/A,Alt=N/A,Ax=-769.09,Ay=-300.12,Az=-584.87,Gx=-3237.50,Gy=-4690.00,Gz=-54T=42,H=56,SAT=0"
,2025-09-21T02:38:24Z,COM6,,UTC=10:38:21,N/A,N/A,N/A,,,,,,,,,56,SAT=0,-760.18,-317.44,-569.25,8400.00,2275.00,2800.T=42,,"Package=115,UTC=10:38:21,Lat=N/A,Lng=N/A,Alt=N/A,Ax=-760.18,Ay=-317.44,Az=-569.25,Gx=8400.00,Gy=2275.00,Gz=2800.T=42,H=56,SAT=0"
,2025-09-21T02:38:25Z,COM6,,UTC=10:38:22,N/A,N/A,N/A,,,,,,,,,56,SAT=0,-773.85,-313.30,-561.20,7857.50,1312.50,-700.T=42,,"Package=116,UTC=10:38:22,Lat=N/A,Lng=N/A,Alt=N/A,Ax=-773.85,Ay=-313.30,Az=-561.20,Gx=7857.50,Gy=1312.50,Gz=-700.T=42,H=56,SAT=0"
,2025-09-21T02:38:26Z,COM6,,UTC=10:38:23,N/A,N/A,N/A,,,,,,,,,56,SAT=0,-795.81,-278.40,-540.58,-1295.00,2922.50,3132T=42,,"Package=117,UTC=10:38:23,Lat=N/A,Lng=N/A,Alt=N/A,Ax=-795.81,Ay=-278.40,Az=-540.58,Gx=-1295.00,Gy=2922.50,Gz=3132T=42,H=56,SAT=0"
,2025-09-21T02:38:27Z,COM6,,UTC=10:38:24,N/A,N/A,N/A,,,,,,,,,56,SAT=0,-813.01,-231.07,-542.29,-4777.50,-682.50,-124T=42,,"Package=118,UTC=10:38:24,Lat=N/A,Lng=N/A,Alt=N/A,Ax=-813.01,Ay=-231.07,Az=-542.29,Gx=-4777.50,Gy=-682.50,Gz=-124T=42,H=56,SAT=0"
,2025-09-21T02:38:28Z,COM6,,UTC=10:38:25,N/A,N/A,N/A,,,,,,,,,56,SAT=0,-749.57,-315.86,-583.16,-7420.00,1435.00,2590T=42,,"Package=119,UTC=10:38:25,Lat=N/A,Lng=N/A,Alt=N/A,Ax=-749.57,Ay=-315.86,Az=-583.16,Gx=-7420.00,Gy=1435.00,Gz=2590T=42,H=56,SAT=0"
,2025-09-21T02:38:29Z,COM6,,UTC=10:38:26,N/A,N/A,N/A,,,,,,,,,56,SAT=0,-609.51,-521.06,-648.19,-24272.50,38325.00,-1T=42,,"Package=120,UTC=10:38:26,Lat=N/A,Lng=N/A,Alt=N/A,Ax=-609.51,Ay=-521.06,Az=-648.19,Gx=-24272.50,Gy=38325.00,Gz=-1T=42,H=56,SAT=0"
,2025-09-21T02:38:30Z,COM6,,UTC=10:38:27,N/A,N/A,N/A,,,,,,,,,56,SAT=0,623.91,242.66,-683.20,34912.50,2397.50,-18235T=42,,"Package=121,UTC=10:38:27,Lat=N/A,Lng=N/A,Alt=N/A,Ax=623.91,Ay=242.66,Az=-683.20,Gx=34912.50,Gy=2397.50,Gz=-18235T=42,H=56,SAT=0"
,2025-09-21T02:38:31Z,COM6,,UTC=10:38:28,N/A,N/A,N/A,,,,,,,,,56,SAT=0,481.05,-69.05,-877.18,82250.00,-36470.00,-274T=42,,"Package=122,UTC=10:38:28,Lat=N/A,Lng=N/A,Alt=N/A,Ax=481.05,Ay=-69.05,Az=-877.18,Gx=82250.00,Gy=-36470.00,Gz=-274T=42,H=56,SAT=0"
,2025-09-21T02:38:32Z,COM6,,UTC=10:38:29,N/A,N/A,N/A,,,,,,,,,56,SAT=0,505.32,195.20,-757.74,-41965.00,-15540.00,-13T=42,,"Package=123,UTC=10:38:29,Lat=N/A,Lng=N/A,Alt=N/A,Ax=505.32,Ay=195.20,Az=-757.74,Gx=-41965.00,Gy=-15540.00,Gz=-13T=42,H=56,SAT=0"
,2025-09-21T02:38:33Z,COM6,,UTC=10:38:30,N/A,N/A,N/A,,,,,,,,,56,SAT=0,720.78,-20.74,-663.56,-7087.50,19600.00,-4142T=42,,"Package=124,UTC=10:38:30,Lat=N/A,Lng=N/A,Alt=N/A,Ax=720.78,Ay=-20.74,Az=-663.56,Gx=-7087.50,Gy=19600.00,Gz=-4142T=42,H=56,SAT=0"
,2025-09-21T02:38:34Z,COM6,,UTC=10:38:31,N/A,N/A,N/A,,,,,,,,,56,SAT=0,850.83,-101.02,-529.60,-1557.50,-1855.00,3302T=42,,"Package=125,UTC=10:38:31,Lat=N/A,Lng=N/A,Alt=N/A,Ax=850.83,Ay=-101.02,Az=-529.60,Gx=-1557.50,Gy=-1855.00,Gz=3302T=42,H=56,SAT=0"
,2025-09-21T02:38:35Z,COM6,,UTC=10:38:32,N/A,N/A,N/A,,,,,,,,,56,SAT=0,792.76,-35.87,-608.78,43610.00,-5845.00,-9275T=42,,"Package=126,UTC=10:38:32,Lat=N/A,Lng=N/A,Alt=N/A,Ax=792.76,Ay=-35.87,Az=-608.78,Gx=43610.00,Gy=-5845.00,Gz=-9275T=42,H=56,SAT=0"
,2025-09-21T02:38:36Z,COM6,,UTC=10:38:33,N/A,N/A,N/A,,,,,,,,,56,SAT=0,791.29,-115.05,-591.09,-5512.50,752.50,2852.5T=42,,"Package=127,UTC=10:38:33,Lat=N/A,Lng=N/A,Alt=N/A,Ax=791.29,Ay=-115.05,Az=-591.09,Gx=-5512.50,Gy=752.50,Gz=2852.5T=42,H=56,SAT=0"
,2025-09-21T02:38:37Z,COM6,,UTC=10:38:34,N/A,N/A,N/A,,,,,,,,,56,SAT=0,765.67,-219.36,-574.13,20807.50,12495.00,2717T=42,,"Package=128,UTC=10:38:34,Lat=N/A,Lng=N/A,Alt=N/A,Ax=765.67,Ay=-219.36,Az=-574.13,Gx=20807.50,Gy=12495.00,Gz=2717T=42,H=56,SAT=0"
,2025-09-21T02:38:38Z,COM6,,UTC=10:38:35,N/A,N/A,N/A,,,,,,,,,56,SAT=0,789.58,-134.08,-590.85,10482.50,-6457.50,-138T=42,,"Package=129,UTC=10:38:35,Lat=N/A,Lng=N/A,Alt=N/A,Ax=789.58,Ay=-134.08,Az=-590.85,Gx=10482.50,Gy=-6457.50,Gz=-138T=42,H=56,SAT=0"
,2025-09-21T02:38:39Z,COM6,,UTC=10:38:36,N/A,N/A,N/A,,,,,,,,,56,SAT=0,784.46,-196.66,-576.21,-2940.00,4252.50,23870T=42,,"Package=130,UTC=10:38:36,Lat=N/A,Lng=N/A,Alt=N/A,Ax=784.46,Ay=-196.66,Az=-576.21,Gx=-2940.00,Gy=4252.50,Gz=23870T=42,H=56,SAT=0"
,2025-09-21T02:38:40Z,COM6,,UTC=10:38:37,N/A,N/A,N/A,,,,,,,,,56,SAT=0,772.87,-218.14,-576.08,-8155.00,-2257.50,-290T=42,,"Package=131,UTC=10:38:37,Lat=N/A,Lng=N/A,Alt=N/A,Ax=772.87,Ay=-218.14,Az=-576.08,Gx=-8155.00,Gy=-2257.50,Gz=-290T=42,H=56,SAT=0"
,2025-09-21T02:38:41Z,COM6,,UTC=10:38:38,N/A,N/A,N/A,,,,,,,,,56,SAT=0,753.11,-178.85,-618.78,-10325.00,-1102.50,-94T=43,,"Package=132,UTC=10:38:38,Lat=N/A,Lng=N/A,Alt=N/A,Ax=753.11,Ay=-178.85,Az=-618.78,Gx=-10325.00,Gy=-1102.50,Gz=-94T=43,H=56,SAT=0"
,2025-09-21T02:38:42Z,COM6,,UTC=10:38:39,N/A,N/A,N/A,,,,,,,,,56,SAT=0,732.00,-169.58,-645.87,1855.00,2012.50,-805.0T=42,,"Package=133,UTC=10:38:39,Lat=N/A,Lng=N/A,Alt=N/A,Ax=732.00,Ay=-169.58,Az=-645.87,Gx=1855.00,Gy=2012.50,Gz=-805.0T=42,H=56,SAT=0"
,2025-09-21T02:38:43Z,COM6,,UTC=10:38:40,N/A,N/A,N/A,,,,,,,,,56,SAT=0,737.98,-183.61,-641.96,2957.50,3062.50,2152.5T=43,,"Package=134,UTC=10:38:40,Lat=N/A,Lng=N/A,Alt=N/A,Ax=737.98,Ay=-183.61,Az=-641.96,Gx=2957.50,Gy=3062.50,Gz=2152.5T=43,H=56,SAT=0"
,2025-09-21T02:38:44Z,COM6,,UTC=10:38:41,N/A,N/A,N/A,,,,,,,,,56,SAT=0,725.78,-184.95,-662.34,7700.00,3430.00,6440.0T=42,,"Package=135,UTC=10:38:41,Lat=N/A,Lng=N/A,Alt=N/A,Ax=725.78,Ay=-184.95,Az=-662.34,Gx=7700.00,Gy=3430.00,Gz=6440.0T=42,H=56,SAT=0"
,2025-09-21T02:38:45Z,COM6,,UTC=10:38:42,N/A,N/A,N/A,,,,,,,,,56,SAT=0,724.80,-205.33,-651.24,-8400.00,-577.50,3850.T=43,,"Package=136,UTC=10:38:42,Lat=N/A,Lng=N/A,Alt=N/A,Ax=724.80,Ay=-205.33,Az=-651.24,Gx=-8400.00,Gy=-577.50,Gz=3850.T=43,H=56,SAT=0"
,2025-09-21T02:38:46Z,COM6,,UTC=10:38:43,N/A,N/A,N/A,,,,,,,,,56,SAT=0,717.48,-207.03,-656.48,-1610.00,17.50,-105.00T=43,,"Package=137,UTC=10:38:43,Lat=N/A,Lng=N/A,Alt=N/A,Ax=717.48,Ay=-207.03,Az=-656.48,Gx=-1610.00,Gy=17.50,Gz=-105.00T=43,H=56,SAT=0"
,2025-09-21T02:38:47Z,COM6,,UTC=10:38:44,N/A,N/A,N/A,,,,,,,,,56,SAT=0,711.50,-212.77,-659.78,-1207.50,122.50,-2817.T=43,,"Package=138,UTC=10:38:44,Lat=N/A,Lng=N/A,Alt=N/A,Ax=711.50,Ay=-212.77,Az=-659.78,Gx=-1207.50,Gy=122.50,Gz=-2817.T=43,H=56,SAT=0"
,2025-09-21T02:38:48Z,COM6,,UTC=10:38:45,N/A,N/A,N/A,,,,,,,,,56,SAT=0,714.43,-198.13,-661.24,-2730.00,210.00,-1400.T=43,,"Package=139,UTC=10:38:45,Lat=N/A,Lng=N/A,Alt=N/A,Ax=714.43,Ay=-198.13,Az=-661.24,Gx=-2730.00,Gy=210.00,Gz=-1400.T=43,H=56,SAT=0"
,2025-09-21T02:38:49Z,COM6,,UTC=10:38:46,N/A,N/A,N/A,,,,,,,,43,56,SAT=0,705.16,-194.96,-668.07,1050.00,490.00,280.00,,"Package=140,UTC=10:38:46,Lat=N/A,Lng=N/A,Alt=N/A,Ax=705.16,Ay=-194.96,Az=-668.07,Gx=1050.00,Gy=490.00,Gz=280.00,T=43,H=56,SAT=0"
,2025-09-21T02:38:50Z,COM6,,UTC=10:38:47,N/A,N/A,N/A,,,,,,,,,57,SAT=0,710.16,-216.18,-658.56,-4602.50,-192.50,-2030T=43,,"Package=141,UTC=10:38:47,Lat=N/A,Lng=N/A,Alt=N/A,Ax=710.16,Ay=-216.18,Az=-658.56,Gx=-4602.50,Gy=-192.50,Gz=-2030T=43,H=57,SAT=0"
,2025-09-21T02:38:51Z,COM6,,UTC=10:38:48,N/A,N/A,N/A,,,,,,,,,57,SAT=0,725.17,-203.25,-651.85,2065.00,105.00,-2170.0T=43,,"Package=142,UTC=10:38:48,Lat=N/A,Lng=N/A,Alt=N/A,Ax=725.17,Ay=-203.25,Az=-651.85,Gx=2065.00,Gy=105.00,Gz=-2170.0T=43,H=57,SAT=0"
,2025-09-21T02:38:52Z,COM6,,UTC=10:38:49,N/A,N/A,N/A,,,,,,,,,57,SAT=0,710.53,-169.09,-630.98,-9152.50,15190.00,-203T=43,,"Package=143,UTC=10:38:49,Lat=N/A,Lng=N/A,Alt=N/A,Ax=710.53,Ay=-169.09,Az=-630.98,Gx=-9152.50,Gy=15190.00,Gz=-203T=43,H=57,SAT=0"
,2025-09-21T02:38:53Z,COM6,,UTC=10:38:50,N/A,N/A,N/A,,,,,,,,,57,SAT=0,763.23,-203.01,-620.13,87.50,-3692.50,4760.00T=43,,"Package=144,UTC=10:38:50,Lat=N/A,Lng=N/A,Alt=N/A,Ax=763.23,Ay=-203.01,Az=-620.13,Gx=87.50,Gy=-3692.50,Gz=4760.00T=43,H=57,SAT=0"
,2025-09-21T02:38:54Z,COM6,,UTC=10:38:51,N/A,N/A,N/A,,,,,,,,,57,SAT=0,742.49,-307.44,-589.26,-8400.00,-8942.50,-161T=43,,"Package=145,UTC=10:38:51,Lat=N/A,Lng=N/A,Alt=N/A,Ax=742.49,Ay=-307.44,Az=-589.26,Gx=-8400.00,Gy=-8942.50,Gz=-161T=43,H=57,SAT=0"
,2025-09-21T02:38:55Z,COM6,,UTC=10:38:52,N/A,N/A,N/A,,,,,,,,,57,SAT=0,748.10,-264.74,-652.70,-21437.50,7910.00,1548T=43,,"Package=146,UTC=10:38:52,Lat=N/A,Lng=N/A,Alt=N/A,Ax=748.10,Ay=-264.74,Az=-652.70,Gx=-21437.50,Gy=7910.00,Gz=1548T=43,H=57,SAT=0"
,2025-09-21T02:38:56Z,COM6,,UTC=10:38:53,N/A,N/A,N/A,,,,,,,,,57,SAT=0,121.02,90.65,-990.03,-11182.50,-57662.50,-177T=43,,"Package=147,UTC=10:38:53,Lat=N/A,Lng=N/A,Alt=N/A,Ax=121.02,Ay=90.65,Az=-990.03,Gx=-11182.50,Gy=-57662.50,Gz=-177T=43,H=57,SAT=0"
,2025-09-21T02:38:57Z,COM6,,UTC=10:38:54,N/A,N/A,N/A,,,,,,,,,57,SAT=0,-450.30,33.43,-880.11,-5932.50,7805.00,-27020T=43,,"Package=148,UTC=10:38:54,Lat=N/A,Lng=N/A,Alt=N/A,Ax=-450.30,Ay=33.43,Az=-880.11,Gx=-5932.50,Gy=7805.00,Gz=-27020T=43,H=57,SAT=0"
,2025-09-21T02:38:58Z,COM6,,UTC=10:38:55,N/A,N/A,N/A,,,,,,,,,57,SAT=0,-375.52,349.65,-855.83,-19740.00,12092.50,-60T=43,,"Package=149,UTC=10:38:55,Lat=N/A,Lng=N/A,Alt=N/A,Ax=-375.52,Ay=349.65,Az=-855.83,Gx=-19740.00,Gy=12092.50,Gz=-60T=43,H=57,SAT=0"
,2025-09-21T02:38:59Z,COM6,,UTC=10:38:56,N/A,N/A,N/A,,,,,,,,,57,SAT=0,-232.90,194.96,-895.24,26337.50,-46497.50,495T=43,,"Package=150,UTC=10:38:56,Lat=N/A,Lng=N/A,Alt=N/A,Ax=-232.90,Ay=194.96,Az=-895.24,Gx=26337.50,Gy=-46497.50,Gz=495T=43,H=57,SAT=0"
,2025-09-21T02:39:00Z,COM6,,UTC=10:38:57,N/A,N/A,N/A,,,,,,,,,56,SAT=0,-637.33,108.46,-678.69,-54390.00,13895.00,-84T=43,,"Package=151,UTC=10:38:57,Lat=N/A,Lng=N/A,Alt=N/A,Ax=-637.33,Ay=108.46,Az=-678.69,Gx=-54390.00,Gy=13895.00,Gz=-84T=43,H=56,SAT=0"
,2025-09-21T02:39:01Z,COM6,,UTC=10:38:58,N/A,N/A,N/A,,,,,,,,,56,SAT=0,47.09,-146.16,-1011.38,-32322.50,3167.50,-162T=43,,"Package=152,UTC=10:38:58,Lat=N/A,Lng=N/A,Alt=N/A,Ax=47.09,Ay=-146.16,Az=-1011.38,Gx=-32322.50,Gy=3167.50,Gz=-162T=43,H=56,SAT=0"
,2025-09-21T02:39:02Z,COM6,,UTC=10:38:59,N/A,N/A,N/A,,,,,,,,,56,SAT=0,-5.86,-80.03,-999.91,-2870.00,-1312.50,-507.5T=43,,"Package=153,UTC=10:38:59,Lat=N/A,Lng=N/A,Alt=N/A,Ax=-5.86,Ay=-80.03,Az=-999.91,Gx=-2870.00,Gy=-1312.50,Gz=-507.5T=43,H=56,SAT=0"
,2025-09-21T02:39:04Z,COM6,,UTC=10:39:1,N/A,N/A,N/A,,,,,,,,,56,SAT=0,-696.62,-555.83,-653.43,-58712.50,31640.00,-1T=43,,"Package=155,UTC=10:39:1,Lat=N/A,Lng=N/A,Alt=N/A,Ax=-696.62,Ay=-555.83,Az=-653.43,Gx=-58712.50,Gy=31640.00,Gz=-1T=43,H=56,SAT=0"
,2025-09-21T02:39:05Z,COM6,,UTC=10:39:2,N/A,N/A,N/A,,,,,,,,,56,SAT=0,-857.90,-333.91,284.87,-44642.50,-24447.50,-1T=43,,"Package=156,UTC=10:39:2,Lat=N/A,Lng=N/A,Alt=N/A,Ax=-857.90,Ay=-333.91,Az=284.87,Gx=-44642.50,Gy=-24447.50,Gz=-1T=43,H=56,SAT=0"
,2025-09-21T02:39:06Z,COM6,,UTC=10:39:3,N/A,N/A,N/A,,,,,,,,,56,SAT=0,-749.57,-423.95,554.25,-68075.00,-61547.50,30T=43,,"Package=157,UTC=10:39:3,Lat=N/A,Lng=N/A,Alt=N/A,Ax=-749.57,Ay=-423.95,Az=554.25,Gx=-68075.00,Gy=-61547.50,Gz=30T=43,H=56,SAT=0"
,2025-09-21T02:39:08Z,COM6,,UTC=10:39:5,N/A,N/A,N/A,,,,,,,,,56,SAT=0,221.43,-170.19,976.49,-4427.50,-5197.50,1137.T=43,,"Package=159,UTC=10:39:5,Lat=N/A,Lng=N/A,Alt=N/A,Ax=221.43,Ay=-170.19,Az=976.49,Gx=-4427.50,Gy=-5197.50,Gz=1137.T=43,H=56,SAT=0"
,2025-09-21T02:39:09Z,COM6,,UTC=10:39:5,N/A,N/A,N/A,,,,,,,,,56,SAT=0,292.31,-118.83,971.73,6545.00,-17937.50,14875T=43,,"Package=160,UTC=10:39:5,Lat=N/A,Lng=N/A,Alt=N/A,Ax=292.31,Ay=-118.83,Az=971.73,Gx=6545.00,Gy=-17937.50,Gz=14875T=43,H=56,SAT=0"
,2025-09-21T02:39:10Z,COM6,,UTC=10:39:8,-4.90,120.292390,23.106440,,,,,,,,,56,SAT=5,304.39,-109.31,956.60,-787.50,-1277.50,-3027.T=43,,"Package=161,UTC=10:39:8,Lat=23.106440,Lng=120.292390,Alt=-4.90,Ax=304.39,Ay=-109.31,Az=956.60,Gx=-787.50,Gy=-1277.50,Gz=-3027.T=43,H=56,SAT=5"
,2025-09-21T02:39:11Z,COM6,,UTC=10:39:9,,,,,,,,,,,,,,,,,,,,,"Package=162,UTC=10:39:9,Lat="
,2025-09-21T02:39:12Z,COM6,,UTC=10:39:10,-5.00,120.292397,23.106475,,,,,,,,,56,SAT=5,293.90,-94.31,964.29,-5162.50,4497.50,-262.50T=43,,"Package=163,UTC=10:39:10,Lat=23.106475,Lng=120.292397,Alt=-5.00,Ax=293.90,Ay=-94.31,Az=964.29,Gx=-5162.50,Gy=4497.50,Gz=-262.50T=43,H=56,SAT=5"
,2025-09-21T02:39:13Z,COM6,,UTC=10:39:11,-4.20,120.292407,23.106467,,,,,,,,,56,SAT=5,289.14,-103.33,967.58,-1400.00,1890.00,-315.0T=43,,"Package=164,UTC=10:39:11,Lat=23.106467,Lng=120.292407,Alt=-4.20,Ax=289.14,Ay=-103.33,Az=967.58,Gx=-1400.00,Gy=1890.00,Gz=-315.0T=43,H=56,SAT=5"
,2025-09-21T02:39:14Z,COM6,,UTC=10:39:12,-1.90,120.292418,23.106472,,,,,,,,,56,SAT=5,293.17,-104.55,962.58,2660.00,-105.00,-402.50T=43,,"Package=165,UTC=10:39:12,Lat=23.106472,Lng=120.292418,Alt=-1.90,Ax=293.17,Ay=-104.55,Az=962.58,Gx=2660.00,Gy=-105.00,Gz=-402.50T=43,H=56,SAT=5"
,2025-09-21T02:39:15Z,COM6,,UTC=10:39:13,-3.00,120.292433,23.106472,,,,,,,,43,56,SAT=5,285.60,-95.77,969.41,-647.50,-490.00,157.50,,"Package=166,UTC=10:39:13,Lat=23.106472,Lng=120.292433,Alt=-3.00,Ax=285.60,Ay=-95.77,Az=969.41,Gx=-647.50,Gy=-490.00,Gz=157.50,T=43,H=56,SAT=5"
,2025-09-21T02:39:16Z,COM6,,UTC=10:39:14,-2.00,120.292442,23.106463,,,,,,,,43,56,SAT=5,287.19,-91.50,969.05,-595.00,-4760.00,927.50,,"Package=167,UTC=10:39:14,Lat=23.106463,Lng=120.292442,Alt=-2.00,Ax=287.19,Ay=-91.50,Az=969.05,Gx=-595.00,Gy=-4760.00,Gz=927.50,T=43,H=56,SAT=5"
,2025-09-21T02:39:17Z,COM6,,UTC=10:39:15,2.70,120.292448,23.106468,,,,,,,,,56,SAT=5,283.28,-93.94,968.68,1925.00,-1907.50,-805.00T=43,,"Package=168,UTC=10:39:15,Lat=23.106468,Lng=120.292448,Alt=2.70,Ax=283.28,Ay=-93.94,Az=968.68,Gx=1925.00,Gy=-1907.50,Gz=-805.00T=43,H=56,SAT=5"
,2025-09-21T02:39:18Z,COM6,,UTC=10:39:16,7.90,120.292452,23.106482,,,,,,,,,56,SAT=5,285.85,-89.18,966.48,-350.00,-1277.50,-1067.5T=43,,"Package=169,UTC=10:39:16,Lat=23.106482,Lng=120.292452,Alt=7.90,Ax=285.85,Ay=-89.18,Az=966.48,Gx=-350.00,Gy=-1277.50,Gz=-1067.5T=43,H=56,SAT=5"
,2025-09-21T02:39:19Z,COM6,,UTC=10:39:17,11.20,120.292457,23.106498,,,,,,,,43,56,SAT=5,287.31,-89.79,965.39,1190.00,-4760.00,875.00,,"Package=170,UTC=10:39:17,Lat=23.106498,Lng=120.292457,Alt=11.20,Ax=287.31,Ay=-89.79,Az=965.39,Gx=1190.00,Gy=-4760.00,Gz=875.00,T=43,H=56,SAT=5"
,2025-09-21T02:39:20Z,COM6,,UTC=10:39:18,15.70,120.292453,23.106518,,,,,,,,,56,SAT=5,289.87,-86.13,970.14,3815.00,-9660.00,1627.50T=43,,"Package=171,UTC=10:39:18,Lat=23.106518,Lng=120.292453,Alt=15.70,Ax=289.87,Ay=-86.13,Az=970.14,Gx=3815.00,Gy=-9660.00,Gz=1627.50T=43,H=56,SAT=5"
,2025-09-21T02:39:21Z,COM6,,UTC=10:39:19,19.00,120.292452,23.106527,,,,,,,,,56,SAT=5,296.95,-77.96,968.92,-1137.50,-3062.50,-682.5T=43,,"Package=172,UTC=10:39:19,Lat=23.106527,Lng=120.292452,Alt=19.00,Ax=296.95,Ay=-77.96,Az=968.92,Gx=-1137.50,Gy=-3062.50,Gz=-682.5T=43,H=56,SAT=5"
,2025-09-21T02:39:22Z,COM6,,UTC=10:39:20,22.00,120.292442,23.106553,,,,,,,,,56,SAT=5,308.66,-60.76,970.63,-1925.00,-3657.50,-87.50T=43,,"Package=173,UTC=10:39:20,Lat=23.106553,Lng=120.292442,Alt=22.00,Ax=308.66,Ay=-60.76,Az=970.63,Gx=-1925.00,Gy=-3657.50,Gz=-87.50T=43,H=56,SAT=5"
,2025-09-21T02:39:23Z,COM6,,UTC=10:39:21,24.10,120.292425,23.106602,,,,,,,,,56,SAT=4,308.54,-58.32,961.48,-9065.00,2187.50,-1120.0T=43,,"Package=174,UTC=10:39:21,Lat=23.106602,Lng=120.292425,Alt=24.10,Ax=308.54,Ay=-58.32,Az=961.48,Gx=-9065.00,Gy=2187.50,Gz=-1120.0T=43,H=56,SAT=4"
,2025-09-21T02:39:24Z,COM6,,UTC=10:39:22,,120.2924,23.106625,,,,,,,,,,,,,,,,,,"Package=175,UTC=10:39:22,Lat=23.106625,Lng=120.2924"
,2025-09-21T02:39:25Z,COM6,,UTC=10:39:23,22.90,120.292415,23.106640,,,,,,,,43,56,SAT=3,315.37,-47.82,966.36,1330.00,-5442.50,-87.50,,"Package=176,UTC=10:39:23,Lat=23.106640,Lng=120.292415,Alt=22.90,Ax=315.37,Ay=-47.82,Az=966.36,Gx=1330.00,Gy=-5442.50,Gz=-87.50,T=43,H=56,SAT=3"
,2025-09-21T02:39:26Z,COM6,,UTC=10:39:24,,120.29,23.106650,,,,,,,,,,,,,,,,,,"Package=177,UTC=10:39:24,Lat=23.106650,Lng=120.29"
,2025-09-21T02:39:27Z,COM6,,UTC=10:39:25,20.40,120.292417,23.106667,,,,,,,,43,56,SAT=3,337.09,-75.03,958.68,-1960.00,752.50,857.50,,"Package=178,UTC=10:39:25,Lat=23.106667,Lng=120.292417,Alt=20.40,Ax=337.09,Ay=-75.03,Az=958.68,Gx=-1960.00,Gy=752.50,Gz=857.50,T=43,H=56,SAT=3"
,2025-09-21T02:39:28Z,COM6,,UTC=10:39:26,,,,,,,,,,,,,,,,,,,,,"Package=179,UTC=10:39:26,La"
,2025-09-21T02:39:29Z,COM6,,UTC=10:39:27,16.70,120.292413,23.106692,,,,,,,,,56,SAT=3,355.51,-57.95,955.02,-5215.00,9450.00,-1820.0T=43,,"Package=180,UTC=10:39:27,Lat=23.106692,Lng=120.292413,Alt=16.70,Ax=355.51,Ay=-57.95,Az=955.02,Gx=-5215.00,Gy=9450.00,Gz=-1820.0T=43,H=56,SAT=3"
,2025-09-21T02:39:30Z,COM6,,UTC=10:39:28,14.20,120.292413,23.106710,,,,,,,,44,56,SAT=2,370.64,-60.27,949.53,3797.50,-7402.50,752.50,,"Package=181,UTC=10:39:28,Lat=23.106710,Lng=120.292413,Alt=14.20,Ax=370.64,Ay=-60.27,Az=949.53,Gx=3797.50,Gy=-7402.50,Gz=752.50,T=44,H=56,SAT=2"
,2025-09-21T02:39:31Z,COM6,,UTC=10:39:29,12.40,120.292408,23.106718,,,,,,,,,56,SAT=2,376.00,-53.92,952.58,-3797.50,-6737.50,-192.5T=44,,"Package=182,UTC=10:39:29,Lat=23.106718,Lng=120.292408,Alt=12.40,Ax=376.00,Ay=-53.92,Az=952.58,Gx=-3797.50,Gy=-6737.50,Gz=-192.5T=44,H=56,SAT=2"
,2025-09-21T02:39:32Z,COM6,,UTC=10:39:30,12.40,120.292408,23.106718,,,,,,,,,56,SAT=0,394.79,-46.60,932.08,-3342.50,-2747.50,-280.0T=44,,"Package=183,UTC=10:39:30,Lat=23.106718,Lng=120.292408,Alt=12.40,Ax=394.79,Ay=-46.60,Az=932.08,Gx=-3342.50,Gy=-2747.50,Gz=-280.0T=44,H=56,SAT=0"
,2025-09-21T02:39:33Z,COM6,,UTC=10:39:31,12.40,120.292408,23.106718,,,,,,,,,56,SAT=0,392.23,-67.47,929.88,21822.50,-15452.50,2660.T=44,,"Package=184,UTC=10:39:31,Lat=23.106718,Lng=120.292408,Alt=12.40,Ax=392.23,Ay=-67.47,Az=929.88,Gx=21822.50,Gy=-15452.50,Gz=2660.T=44,H=56,SAT=0"
,2025-09-21T02:39:34Z,COM6,,UTC=10:39:32,12.40,120.292408,23.106718,,,,,,,,,56,SAT=0,415.29,-80.28,913.78,-4340.00,2607.50,-472.50T=44,,"Package=185,UTC=10:39:32,Lat=23.106718,Lng=120.292408,Alt=12.40,Ax=415.29,Ay=-80.28,Az=913.78,Gx=-4340.00,Gy=2607.50,Gz=-472.50T=44,H=56,SAT=0"
,2025-09-21T02:39:35Z,COM6,,UTC=10:39:33,12.40,120.292408,23.106718,,,,,,,,,56,SAT=0,430.17,-78.32,915.73,-4392.50,-2240.00,-3587.T=44,,"Package=186,UTC=10:39:33,Lat=23.106718,Lng=120.292408,Alt=12.40,Ax=430.17,Ay=-78.32,Az=915.73,Gx=-4392.50,Gy=-2240.00,Gz=-3587.T=44,H=56,SAT=0"
,2025-09-21T02:39:36Z,COM6,,UTC=10:39:34,12.40,120.292408,23.106718,,,,,,,,,56,SAT=0,456.77,-35.99,926.96,7227.50,-16117.50,-12320T=44,,"Package=187,UTC=10:39:34,Lat=23.106718,Lng=120.292408,Alt=12.40,Ax=456.77,Ay=-35.99,Az=926.96,Gx=7227.50,Gy=-16117.50,Gz=-12320T=44,H=56,SAT=0"
,2025-09-21T02:39:37Z,COM6,,UTC=10:39:35,,120.292408,23.106718,,,,,,,,,,,,,,,,,,"Package=188,UTC=10:39:35,Lat=23.106718,Lng=120.292408,A"
,2025-09-21T02:39:38Z,COM6,,UTC=10:39:36,12.40,120.292408,23.106718,,,,,,,,,56,SAT=0,424.80,102.24,904.02,-5670.00,8627.50,6090.00T=44,,"Package=189,UTC=10:39:36,Lat=23.106718,Lng=120.292408,Alt=12.40,Ax=424.80,Ay=102.24,Az=904.02,Gx=-5670.00,Gy=8627.50,Gz=6090.00T=44,H=56,SAT=0"
,2025-09-21T02:39:39Z,COM6,,UTC=10:39:37,,,23.1,,,,,,,,,,,,,,,,,,"Package=190,UTC=10:39:37,Lat=23.1"
,2025-09-21T02:39:40Z,COM6,,UTC=10:39:38,-31.30,120.292488,23.106758,,,,,,,,,56,SAT=4,512.40,-44.41,855.95,-6440.00,12110.00,7525.0T=44,,"Package=191,UTC=10:39:38,Lat=23.106758,Lng=120.292488,Alt=-31.30,Ax=512.40,Ay=-44.41,Az=855.95,Gx=-6440.00,Gy=12110.00,Gz=7525.0T=44,H=56,SAT=4"
,2025-09-21T02:39:41Z,COM6,,UTC=10:39:39,,,23,,,,,,,,,,,,,,,,,,"Package=192,UTC=10:39:39,Lat=23"
,2025-09-21T02:39:42Z,COM6,,UTC=10:39:40,-31.30,120.292488,23.106758,,,,,,,,,56,SAT=0,512.52,92.84,869.98,-14840.00,16327.50,-13020T=43,,"Package=193,UTC=10:39:40,Lat=23.106758,Lng=120.292488,Alt=-31.30,Ax=512.52,Ay=92.84,Az=869.98,Gx=-14840.00,Gy=16327.50,Gz=-13020T=43,H=56,SAT=0"
,2025-09-21T02:39:43Z,COM6,,UTC=10:39:41,,,,,,,,,,,,,,,,,,,,,"Package=194,UTC=10:39:41,Lat="
,2025-09-21T02:39:44Z,COM6,,UTC=10:39:42,-46.90,120.292477,23.106840,,,,,,,,43,56,SAT=4,419.92,243.02,889.62,332.50,2065.00,7420.00,,"Package=195,UTC=10:39:42,Lat=23.106840,Lng=120.292477,Alt=-46.90,Ax=419.92,Ay=243.02,Az=889.62,Gx=332.50,Gy=2065.00,Gz=7420.00,T=43,H=56,SAT=4"
,2025-09-21T02:39:45Z,COM6,,UTC=10:39:43,,,,,,,,,,,,,,,,,,,,,"Package=196,UTC=10:39:43,L"
,2025-09-21T02:39:47Z,COM6,,UTC=10:39:44,-50.70,120.292480,23.106847,,,,,,,,,56,SAT=0,372.34,132.98,915.49,23572.50,-2765.00,-7770.T=43,,"Package=197,UTC=10:39:44,Lat=23.106847,Lng=120.292480,Alt=-50.70,Ax=372.34,Ay=132.98,Az=915.49,Gx=23572.50,Gy=-2765.00,Gz=-7770.T=43,H=56,SAT=0"
,2025-09-21T02:39:47Z,COM6,,UTC=10:39:45,,,,,,,,,,,,,,,,,,,,,"Package=198,UTC=10:39:45"
,2025-09-21T02:39:48Z,COM6,,UTC=10:39:46,-50.70,120.292480,23.106847,,,,,,,,,56,SAT=0,463.60,198.98,871.81,16642.50,-19617.50,3202.T=43,,"Package=199,UTC=10:39:46,Lat=23.106847,Lng=120.292480,Alt=-50.70,Ax=463.60,Ay=198.98,Az=871.81,Gx=16642.50,Gy=-19617.50,Gz=3202.T=43,H=56,SAT=0"
,2025-09-21T02:39:50Z,COM6,,UTC=10:39:48,-61.90,120.292472,23.106885,,,,,,,,,56,SAT=4,536.80,228.87,814.84,1277.50,-4217.50,9170.00T=43,,"Package=201,UTC=10:39:48,Lat=23.106885,Lng=120.292472,Alt=-61.90,Ax=536.80,Ay=228.87,Az=814.84,Gx=1277.50,Gy=-4217.50,Gz=9170.00T=43,H=56,SAT=4"
,2025-09-21T02:39:51Z,COM6,,UTC=10:39:49,-68.50,120.292490,23.106873,,,,,,,,,56,SAT=4,532.16,161.65,842.78,-13597.50,-297.50,-4217.T=43,,"Package=202,UTC=10:39:49,Lat=23.106873,Lng=120.292490,Alt=-68.50,Ax=532.16,Ay=161.65,Az=842.78,Gx=-13597.50,Gy=-297.50,Gz=-4217.T=43,H=56,SAT=4"
,2025-09-21T02:39:52Z,COM6,,UTC=10:39:50,-78.80,120.292520,23.106858,,,,,,,,43,56,SAT=4,523.38,37.94,858.76,770.00,4970.00,-8347.50,,"Package=203,UTC=10:39:50,Lat=23.106858,Lng=120.292520,Alt=-78.80,Ax=523.38,Ay=37.94,Az=858.76,Gx=770.00,Gy=4970.00,Gz=-8347.50,T=43,H=56,SAT=4"
,2025-09-21T02:39:53Z,COM6,,UTC=10:39:51,-84.20,120.292550,23.106842,,,,,,,,43,56,SAT=4,526.06,1.95,871.08,-3185.00,8032.50,-9502.50,,"Package=204,UTC=10:39:51,Lat=23.106842,Lng=120.292550,Alt=-84.20,Ax=526.06,Ay=1.95,Az=871.08,Gx=-3185.00,Gy=8032.50,Gz=-9502.50,T=43,H=56,SAT=4"
,2025-09-21T02:39:54Z,COM6,,UTC=10:39:52,-89.60,120.292560,23.106850,,,,,,,,43,56,SAT=4,541.92,82.96,852.05,-8260.00,6230.00,1155.00,,"Package=205,UTC=10:39:52,Lat=23.106850,Lng=120.292560,Alt=-89.60,Ax=541.92,Ay=82.96,Az=852.05,Gx=-8260.00,Gy=6230.00,Gz=1155.00,T=43,H=56,SAT=4"
,2025-09-21T02:39:55Z,COM6,,UTC=10:39:53,-95.00,120.292558,23.106853,,,,,,,,43,56,SAT=4,498.25,26.84,883.28,-2397.50,8032.50,1540.00,,"Package=206,UTC=10:39:53,Lat=23.106853,Lng=120.292558,Alt=-95.00,Ax=498.25,Ay=26.84,Az=883.28,Gx=-2397.50,Gy=8032.50,Gz=1540.00,T=43,H=56,SAT=4"
,2025-09-21T02:39:56Z,COM6,,UTC=10:39:54,-95.60,120.292568,23.106845,,,,,,,,43,56,SAT=4,493.12,30.01,883.28,24587.50,-490.00,1312.50,,"Package=207,UTC=10:39:54,Lat=23.106845,Lng=120.292568,Alt=-95.60,Ax=493.12,Ay=30.01,Az=883.28,Gx=24587.50,Gy=-490.00,Gz=1312.50,T=43,H=56,SAT=4"
,2025-09-21T02:39:57Z,COM6,,UTC=10:39:55,-98.20,120.292572,23.106850,,,,,,,,,56,SAT=4,475.31,11.71,895.60,-19267.50,15277.50,-10132T=43,,"Package=208,UTC=10:39:55,Lat=23.106850,Lng=120.292572,Alt=-98.20,Ax=475.31,Ay=11.71,Az=895.60,Gx=-19267.50,Gy=15277.50,Gz=-10132T=43,H=56,SAT=4"
,2025-09-21T02:39:58Z,COM6,,UTC=10:39:56,-99.70,120.292572,23.106855,,,,,,,,,56,SAT=4,453.23,-13.42,904.75,-29312.50,-7210.00,-2782T=43,,"Package=209,UTC=10:39:56,Lat=23.106855,Lng=120.292572,Alt=-99.70,Ax=453.23,Ay=-13.42,Az=904.75,Gx=-29312.50,Gy=-7210.00,Gz=-2782T=43,H=56,SAT=4"
,2025-09-21T02:39:59Z,COM6,,UTC=10:39:57,-101.60,120.292572,23.106863,,,,,,,,,56,SAT=4,437.86,-12.44,899.02,-2275.00,-3885.00,-4445.T=43,,"Package=210,UTC=10:39:57,Lat=23.106863,Lng=120.292572,Alt=-101.60,Ax=437.86,Ay=-12.44,Az=899.02,Gx=-2275.00,Gy=-3885.00,Gz=-4445.T=43,H=56,SAT=4"
,2025-09-21T02:40:00Z,COM6,,UTC=10:39:58,-105.50,120.292572,23.106892,,,,,,,,,56,SAT=4,473.85,40.50,886.45,8767.50,-14035.00,-3640.0T=43,,"Package=211,UTC=10:39:58,Lat=23.106892,Lng=120.292572,Alt=-105.50,Ax=473.85,Ay=40.50,Az=886.45,Gx=8767.50,Gy=-14035.00,Gz=-3640.0T=43,H=56,SAT=4"
,2025-09-21T02:40:01Z,COM6,,UTC=10:39:59,-107.50,120.292588,23.106902,,,,,,,,,56,SAT=4,465.55,63.20,896.70,-10745.00,-5267.50,157.50T=43,,"Package=212,UTC=10:39:59,Lat=23.106902,Lng=120.292588,Alt=-107.50,Ax=465.55,Ay=63.20,Az=896.70,Gx=-10745.00,Gy=-5267.50,Gz=157.50T=43,H=56,SAT=4"
,2025-09-21T02:40:02Z,COM6,,UTC=10:40:0,-111.10,120.292625,23.106922,,,,,,,,44,55,SAT=4,455.79,50.75,906.70,542.50,-6020.00,-1085.00,,"Package=213,UTC=10:40:0,Lat=23.106922,Lng=120.292625,Alt=-111.10,Ax=455.79,Ay=50.75,Az=906.70,Gx=542.50,Gy=-6020.00,Gz=-1085.00,T=44,H=55,SAT=4"
,2025-09-21T02:40:03Z,COM6,,UTC=10:40:1,-116.50,120.292635,23.106930,,,,,,,,44,55,SAT=3,475.80,65.51,896.21,6545.00,2310.00,-1050.00,,"Package=214,UTC=10:40:1,Lat=23.106930,Lng=120.292635,Alt=-116.50,Ax=475.80,Ay=65.51,Az=896.21,Gx=6545.00,Gy=2310.00,Gz=-1050.00,T=44,H=55,SAT=3"
,2025-09-21T02:40:04Z,COM6,,UTC=10:40:2,-116.50,120.292635,23.106930,,,,,,,,44,55,SAT=0,474.34,56.61,901.58,2100.00,14315.00,2292.50,,"Package=215,UTC=10:40:2,Lat=23.106930,Lng=120.292635,Alt=-116.50,Ax=474.34,Ay=56.61,Az=901.58,Gx=2100.00,Gy=14315.00,Gz=2292.50,T=44,H=55,SAT=0"
,2025-09-21T02:40:05Z,COM6,,UTC=10:40:3,-116.50,120.292635,23.106930,,,,,,,,,55,SAT=0,486.54,105.53,886.45,8470.00,-15995.00,2275.0T=44,,"Package=216,UTC=10:40:3,Lat=23.106930,Lng=120.292635,Alt=-116.50,Ax=486.54,Ay=105.53,Az=886.45,Gx=8470.00,Gy=-15995.00,Gz=2275.0T=44,H=55,SAT=0"
,2025-09-21T02:40:06Z,COM6,,UTC=10:40:4,-11,120.292635,23.106930,,,,,,,,,,,,,,,,,,"Package=217,UTC=10:40:4,Lat=23.106930,Lng=120.292635,Alt=-11"
,2025-09-21T02:40:07Z,COM6,,UTC=10:40:5,-116.50,120.292635,23.106930,,,,,,,,,55,SAT=0,800.20,21.96,585.48,9590.00,-5652.50,16695.00T=44,,"Package=218,UTC=10:40:5,Lat=23.106930,Lng=120.292635,Alt=-116.50,Ax=800.20,Ay=21.96,Az=585.48,Gx=9590.00,Gy=-5652.50,Gz=16695.00T=44,H=55,SAT=0"
,2025-09-21T02:40:08Z,COM6,,UTC=10:40:6,-,120.292635,23.106930,,,,,,,,,,,,,,,,,,"Package=219,UTC=10:40:6,Lat=23.106930,Lng=120.292635,Alt=-"
,2025-09-21T02:40:09Z,COM6,,UTC=10:40:7,-116.50,120.292635,23.106930,,,,,,,,44,55,SAT=0,859.49,13.66,519.48,4305.00,-157.50,-1750.00,,"Package=220,UTC=10:40:7,Lat=23.106930,Lng=120.292635,Alt=-116.50,Ax=859.49,Ay=13.66,Az=519.48,Gx=4305.00,Gy=-157.50,Gz=-1750.00,T=44,H=55,SAT=0"
,2025-09-21T02:40:10Z,COM6,,UTC=10:40:8,,120.292635,23.106930,,,,,,,,,,,,,,,,,,"Package=221,UTC=10:40:8,Lat=23.106930,Lng=120.292635,Alt"
,2025-09-21T02:40:11Z,COM6,,UTC=10:40:9,-129.40,120.292652,23.107038,,,,,,,,,55,SAT=3,892.80,43.55,464.21,-332.50,-9450.00,-2800.00T=44,,"Package=222,UTC=10:40:9,Lat=23.107038,Lng=120.292652,Alt=-129.40,Ax=892.80,Ay=43.55,Az=464.21,Gx=-332.50,Gy=-9450.00,Gz=-2800.00T=44,H=55,SAT=3"
,2025-09-21T02:40:12Z,COM6,,UTC=10:40:10,,120.292652,23.107038,,,,,,,,,,,,,,,,,,"Package=223,UTC=10:40:10,Lat=23.107038,Lng=120.292652,"
,2025-09-21T02:40:13Z,COM6,,UTC=10:40:11,-129.40,120.292652,23.107038,,,,,,,,,55,SAT=0,874.74,32.21,485.80,-1890.00,3517.50,-1505.00T=44,,"Package=224,UTC=10:40:11,Lat=23.107038,Lng=120.292652,Alt=-129.40,Ax=874.74,Ay=32.21,Az=485.80,Gx=-1890.00,Gy=3517.50,Gz=-1505.00T=44,H=55,SAT=0"
,2025-09-21T02:40:14Z,COM6,,UTC=10:40:12,-129.40,120.292652,23.107038,,,,,,,,44,55,SAT=0,880.47,49.17,459.70,8347.50,-4795.00,3045.00,,"Package=225,UTC=10:40:12,Lat=23.107038,Lng=120.292652,Alt=-129.40,Ax=880.47,Ay=49.17,Az=459.70,Gx=8347.50,Gy=-4795.00,Gz=3045.00,T=44,H=55,SAT=0"
,2025-09-21T02:40:15Z,COM6,,UTC=10:40:13,-129.40,120.292652,23.107038,,,,,,,,,55,SAT=0,883.89,54.17,473.97,-3342.50,-10587.50,1750.0T=44,,"Package=226,UTC=10:40:13,Lat=23.107038,Lng=120.292652,Alt=-129.40,Ax=883.89,Ay=54.17,Az=473.97,Gx=-3342.50,Gy=-10587.50,Gz=1750.0T=44,H=55,SAT=0"
,2025-09-21T02:40:16Z,COM6,,UTC=10:40:14,-129.40,120.292652,23.107038,,,,,,,,44,55,SAT=0,877.30,52.22,487.51,8820.00,-6877.50,3045.00,,"Package=227,UTC=10:40:14,Lat=23.107038,Lng=120.292652,Alt=-129.40,Ax=877.30,Ay=52.22,Az=487.51,Gx=8820.00,Gy=-6877.50,Gz=3045.00,T=44,H=55,SAT=0"
,2025-09-21T02:40:17Z,COM6,,UTC=10:40:15,-129.40,120.292652,23.107038,,,,,,,,44,55,SAT=0,874.74,43.07,486.29,4777.50,2345.00,262.50,,"Package=228,UTC=10:40:15,Lat=23.107038,Lng=120.292652,Alt=-129.40,Ax=874.74,Ay=43.07,Az=486.29,Gx=4777.50,Gy=2345.00,Gz=262.50,T=44,H=55,SAT=0"
,2025-09-21T02:40:18Z,COM6,,UTC=10:40:16,-129.40,120.292652,23.107038,,,,,,,,44,55,SAT=0,891.82,44.29,465.80,3850.00,3202.50,1592.50,,"Package=229,UTC=10:40:16,Lat=23.107038,Lng=120.292652,Alt=-129.40,Ax=891.82,Ay=44.29,Az=465.80,Gx=3850.00,Gy=3202.50,Gz=1592.50,T=44,H=55,SAT=0"
,2025-09-21T02:40:19Z,COM6,,UTC=10:40:17,-129.40,120.292652,23.107038,,,,,,,,44,55,SAT=0,883.65,0.85,461.28,4462.50,-15277.50,105.00,,"Package=230,UTC=10:40:17,Lat=23.107038,Lng=120.292652,Alt=-129.40,Ax=883.65,Ay=0.85,Az=461.28,Gx=4462.50,Gy=-15277.50,Gz=105.00,T=44,H=55,SAT=0"
,2025-09-21T02:40:20Z,COM6,,UTC=10:40:18,-129.40,120.292652,23.107038,,,,,,,,,55,SAT=0,915.24,-23.79,440.66,-9747.50,1785.00,2362.50T=44,,"Package=231,UTC=10:40:18,Lat=23.107038,Lng=120.292652,Alt=-129.40,Ax=915.24,Ay=-23.79,Az=440.66,Gx=-9747.50,Gy=1785.00,Gz=2362.50T=44,H=55,SAT=0"
,2025-09-21T02:40:21Z,COM6,,UTC=10:40:19,-145.60,120.292642,23.107105,,,,,,,,44,55,SAT=4,909.39,-13.18,416.14,8120.00,1365.00,1015.00,,"Package=232,UTC=10:40:19,Lat=23.107105,Lng=120.292642,Alt=-145.60,Ax=909.39,Ay=-13.18,Az=416.14,Gx=8120.00,Gy=1365.00,Gz=1015.00,T=44,H=55,SAT=4"
,2025-09-21T02:40:22Z,COM6,,UTC=10:40:20,-146.70,120.292645,23.107115,,,,,,,,44,55,SAT=4,872.54,6.10,466.65,6860.00,-9327.50,-6335.00,,"Package=233,UTC=10:40:20,Lat=23.107115,Lng=120.292645,Alt=-146.70,Ax=872.54,Ay=6.10,Az=466.65,Gx=6860.00,Gy=-9327.50,Gz=-6335.00,T=44,H=55,SAT=4"
,2025-09-21T02:40:23Z,COM6,,UTC=10:40:21,-146.70,120.292645,23.107115,,,,,,,,,55,SAT=0,442.98,179.71,916.95,5442.50,-12092.50,-8522.T=44,,"Package=234,UTC=10:40:21,Lat=23.107115,Lng=120.292645,Alt=-146.70,Ax=442.98,Ay=179.71,Az=916.95,Gx=5442.50,Gy=-12092.50,Gz=-8522.T=44,H=55,SAT=0"
,2025-09-21T02:40:24Z,COM6,,UTC=10:40:22,-146.70,120.292645,23.107115,,,,,,,,,55,SAT=0,599.26,718.70,212.77,-14647.50,-27510.00,-385T=43,,"Package=235,UTC=10:40:22,Lat=23.107115,Lng=120.292645,Alt=-146.70,Ax=599.26,Ay=718.70,Az=212.77,Gx=-14647.50,Gy=-27510.00,Gz=-385T=43,H=55,SAT=0"
,2025-09-21T02:40:25Z,COM6,,UTC=10:40:23,-146.70,120.292645,23.107115,,,,,,,,,55,SAT=0,702.11,554.61,370.88,-41580.00,11182.50,56280T=43,,"Package=236,UTC=10:40:23,Lat=23.107115,Lng=120.292645,Alt=-146.70,Ax=702.11,Ay=554.61,Az=370.88,Gx=-41580.00,Gy=11182.50,Gz=56280T=43,H=55,SAT=0"
,2025-09-21T02:40:26Z,COM6,,UTC=10:40:24,-155.50,120.292605,23.107148,,,,,,,,,55,SAT=4,892.19,-412.97,209.35,-3097.50,-6667.50,3027.T=43,,"Package=237,UTC=10:40:24,Lat=23.107148,Lng=120.292605,Alt=-155.50,Ax=892.19,Ay=-412.97,Az=209.35,Gx=-3097.50,Gy=-6667.50,Gz=3027.T=43,H=55,SAT=4"
,2025-09-21T02:40:28Z,COM6,,UTC=10:40:25,-155.20,120.292582,23.107153,,,,,,,,,55,SAT=4,948.43,-458.23,155.67,16975.00,68372.50,-6529T=43,,"Package=238,UTC=10:40:25,Lat=23.107153,Lng=120.292582,Alt=-155.20,Ax=948.43,Ay=-458.23,Az=155.67,Gx=16975.00,Gy=68372.50,Gz=-6529T=43,H=55,SAT=4"
,2025-09-21T02:40:28Z,COM6,,UTC=10:40:26,-154.20,120.292570,23.107158,,,,,,,,,55,SAT=4,-638.79,120.78,670.63,43750.00,55562.50,-3482T=43,,"Package=239,UTC=10:40:26,Lat=23.107158,Lng=120.292570,Alt=-154.20,Ax=-638.79,Ay=120.78,Az=670.63,Gx=43750.00,Gy=55562.50,Gz=-3482T=43,H=55,SAT=4"
,2025-09-21T02:40:29Z,COM6,,UTC=10:40:27,,120.292557,23.107155,,,,,,,,,,,,,,,,,,"Package=240,UTC=10:40:27,Lat=23.107155,Lng=120.292557,Alt"
,2025-09-21T02:40:30Z,COM6,,UTC=10:40:28,-152.20,120.292547,23.107142,,,,,,,,,55,SAT=4,590.85,770.06,-52.95,-2240.00,-18830.00,962.5T=44,,"Package=241,UTC=10:40:28,Lat=23.107142,Lng=120.292547,Alt=-152.20,Ax=590.85,Ay=770.06,Az=-52.95,Gx=-2240.00,Gy=-18830.00,Gz=962.5T=44,H=55,SAT=4"
,2025-09-21T02:40:31Z,COM6,,UTC=10:40:29,-151.10,120.292542,23.107132,,,,,,,,,55,SAT=4,594.02,774.33,-83.20,12302.50,7822.50,-5705.0T=44,,"Package=242,UTC=10:40:29,Lat=23.107132,Lng=120.292542,Alt=-151.10,Ax=594.02,Ay=774.33,Az=-83.20,Gx=12302.50,Gy=7822.50,Gz=-5705.0T=44,H=55,SAT=4"
,2025-09-21T02:40:32Z,COM6,,UTC=10:40:30,-150.70,120.292533,23.107130,,,,,,,,,55,SAT=4,507.15,825.82,-120.41,4287.50,-5635.00,1697.5T=44,,"Package=243,UTC=10:40:30,Lat=23.107130,Lng=120.292533,Alt=-150.70,Ax=507.15,Ay=825.82,Az=-120.41,Gx=4287.50,Gy=-5635.00,Gz=1697.5T=44,H=55,SAT=4"
,2025-09-21T02:40:33Z,COM6,,UTC=10:40:31,-149.90,120.292523,23.107140,,,,,,,,,55,SAT=4,511.79,830.82,-125.17,-3570.00,7105.00,5740.0T=44,,"Package=244,UTC=10:40:31,Lat=23.107140,Lng=120.292523,Alt=-149.90,Ax=511.79,Ay=830.82,Az=-125.17,Gx=-3570.00,Gy=7105.00,Gz=5740.0T=44,H=55,SAT=4"
,2025-09-21T02:40:34Z,COM6,,UTC=10:40:32,-148.60,120.292517,23.107145,,,,,,,,,55,SAT=4,505.08,851.44,-162.26,-10202.50,-6055.00,-103T=44,,"Package=245,UTC=10:40:32,Lat=23.107145,Lng=120.292517,Alt=-148.60,Ax=505.08,Ay=851.44,Az=-162.26,Gx=-10202.50,Gy=-6055.00,Gz=-103T=44,H=55,SAT=4"
,2025-09-21T02:40:35Z,COM6,,UTC=10:40:33,-148.70,120.292520,23.107155,,,,,,,,44,55,SAT=4,460.92,846.31,-99.67,-4760.00,332.50,4952.50,,"Package=246,UTC=10:40:33,Lat=23.107155,Lng=120.292520,Alt=-148.70,Ax=460.92,Ay=846.31,Az=-99.67,Gx=-4760.00,Gy=332.50,Gz=4952.50,T=44,H=55,SAT=4"
,2025-09-21T02:40:36Z,COM6,,UTC=10:40:34,-148.70,120.292520,23.107155,,,,,,,,,55,SAT=0,482.63,849.36,-152.99,-2327.50,-2082.50,-1102T=44,,"Package=247,UTC=10:40:34,Lat=23.107155,Lng=120.292520,Alt=-148.70,Ax=482.63,Ay=849.36,Az=-152.99,Gx=-2327.50,Gy=-2082.50,Gz=-1102T=44,H=55,SAT=0"
,2025-09-21T02:40:37Z,COM6,,UTC=10:40:35,-148.70,120.292520,23.107155,,,,,,,,,55,SAT=0,497.76,835.33,-163.36,-3342.50,2730.00,5285.0T=44,,"Package=248,UTC=10:40:35,Lat=23.107155,Lng=120.292520,Alt=-148.70,Ax=497.76,Ay=835.33,Az=-163.36,Gx=-3342.50,Gy=2730.00,Gz=5285.0T=44,H=55,SAT=0"
,2025-09-21T02:40:38Z,COM6,,UTC=10:40:36,-148.70,120.292520,23.107155,,,,,,,,,55,SAT=0,509.72,828.62,-158.23,-1785.00,-192.50,-297.5T=44,,"Package=249,UTC=10:40:36,Lat=23.107155,Lng=120.292520,Alt=-148.70,Ax=509.72,Ay=828.62,Az=-158.23,Gx=-1785.00,Gy=-192.50,Gz=-297.5T=44,H=55,SAT=0"
,2025-09-21T02:40:39Z,COM6,,UTC=10:40:37,-148.70,120.292520,23.107155,,,,,,,,44,55,SAT=0,513.62,829.84,-148.47,892.50,997.50,-1487.50,,"Package=250,UTC=10:40:37,Lat=23.107155,Lng=120.292520,Alt=-148.70,Ax=513.62,Ay=829.84,Az=-148.47,Gx=892.50,Gy=997.50,Gz=-1487.50,T=44,H=55,SAT=0"
,2025-09-21T02:40:40Z,COM6,,UTC=10:40:38,-148.70,120.292520,23.107155,,,,,,,,,55,SAT=0,531.19,823.13,-144.20,2117.50,1592.50,-3307.5T=44,,"Package=251,UTC=10:40:38,Lat=23.107155,Lng=120.292520,Alt=-148.70,Ax=531.19,Ay=823.13,Az=-144.20,Gx=2117.50,Gy=1592.50,Gz=-3307.5T=44,H=55,SAT=0"
,2025-09-21T02:40:42Z,COM6,,UTC=10:40:39,-148.70,120.292520,23.107155,,,,,,,,,55,SAT=0,465.43,859.86,-101.26,-15172.50,-14682.50,-72T=44,,"Package=252,UTC=10:40:39,Lat=23.107155,Lng=120.292520,Alt=-148.70,Ax=465.43,Ay=859.86,Az=-101.26,Gx=-15172.50,Gy=-14682.50,Gz=-72T=44,H=55,SAT=0"
,2025-09-21T02:40:42Z,COM6,,UTC=10:40:40,,,,,,,,,,,,,,,,,,,,,"Package=253,UTC=10:40:40"
,2025-09-21T02:40:43Z,COM6,,UTC=10:40:41,-148.70,120.292520,23.107155,,,,,,,,,55,SAT=0,167.02,-107.85,945.01,-14647.50,-27352.50,255T=44,,"Package=254,UTC=10:40:41,Lat=23.107155,Lng=120.292520,Alt=-148.70,Ax=167.02,Ay=-107.85,Az=945.01,Gx=-14647.50,Gy=-27352.50,Gz=255T=44,H=55,SAT=0"
,2025-09-21T02:40:45Z,COM6,,UTC=10:40:43,-151.70,120.292553,23.107148,,,,,,,,,55,SAT=4,757.13,-412.48,550.46,4655.00,-245.00,-227.50T=44,,"Package=256,UTC=10:40:43,Lat=23.107148,Lng=120.292553,Alt=-151.70,Ax=757.13,Ay=-412.48,Az=550.46,Gx=4655.00,Gy=-245.00,Gz=-227.50T=44,H=55,SAT=4"
,2025-09-21T02:40:47Z,COM6,,UTC=10:40:44,-154.70,120.292557,23.107165,,,,,,,,,55,SAT=5,772.14,-405.28,526.31,1925.00,-1837.50,-315.0T=44,,"Package=257,UTC=10:40:44,Lat=23.107165,Lng=120.292557,Alt=-154.70,Ax=772.14,Ay=-405.28,Az=526.31,Gx=1925.00,Gy=-1837.50,Gz=-315.0T=44,H=55,SAT=5"
,2025-09-21T02:40:47Z,COM6,,UTC=10:40:45,-154.20,120.292557,23.107160,,,,,,,,44,55,SAT=4,779.58,-402.97,540.46,805.00,4252.50,1610.00,,"Package=258,UTC=10:40:45,Lat=23.107160,Lng=120.292557,Alt=-154.20,Ax=779.58,Ay=-402.97,Az=540.46,Gx=805.00,Gy=4252.50,Gz=1610.00,T=44,H=55,SAT=4"
,2025-09-21T02:40:48Z,COM6,,UTC=10:40:46,,120.292548,23.107148,,,,,,,,,,,,,,,,,,"Package=259,UTC=10:40:46,Lat=23.107148,Lng=120.292548,Alt"
,2025-09-21T02:40:49Z,COM6,,UTC=10:40:47,-147.50,120.292538,23.107147,,,,,,,,,55,SAT=4,685.76,-204.59,755.67,-19530.00,44660.00,-667T=44,,"Package=260,UTC=10:40:47,Lat=23.107147,Lng=120.292538,Alt=-147.50,Ax=685.76,Ay=-204.59,Az=755.67,Gx=-19530.00,Gy=44660.00,Gz=-667T=44,H=55,SAT=4"
,2025-09-21T02:40:50Z,COM6,,UTC=10:40:48,-142.80,120.292520,23.107123,,,,,,,,,55,SAT=4,599.02,-370.39,726.02,-27702.50,29680.00,-180T=44,,"Package=261,UTC=10:40:48,Lat=23.107123,Lng=120.292520,Alt=-142.80,Ax=599.02,Ay=-370.39,Az=726.02,Gx=-27702.50,Gy=29680.00,Gz=-180T=44,H=55,SAT=4"
,2025-09-21T02:40:51Z,COM6,,UTC=10:40:49,-135.50,120.292510,23.107080,,,,,,,,,55,SAT=4,443.35,-730.29,563.52,-14455.00,24727.50,-442T=44,,"Package=262,UTC=10:40:49,Lat=23.107080,Lng=120.292510,Alt=-135.50,Ax=443.35,Ay=-730.29,Az=563.52,Gx=-14455.00,Gy=24727.50,Gz=-442T=44,H=55,SAT=4"
,2025-09-21T02:40:52Z,COM6,,UTC=10:40:50,-133.00,120.292507,23.107062,,,,,,,,,55,SAT=4,579.01,-591.82,608.05,4445.00,-4340.00,14892.T=44,,"Package=263,UTC=10:40:50,Lat=23.107062,Lng=120.292507,Alt=-133.00,Ax=579.01,Ay=-591.82,Az=608.05,Gx=4445.00,Gy=-4340.00,Gz=14892.T=44,H=55,SAT=4"
,2025-09-21T02:40:53Z,COM6,,UTC=10:40:51,-129.80,120.292512,23.107037,,,,,,,,,55,SAT=5,483.12,-676.37,709.43,2397.50,-34072.50,17867T=44,,"Package=264,UTC=10:40:51,Lat=23.107037,Lng=120.292512,Alt=-129.80,Ax=483.12,Ay=-676.37,Az=709.43,Gx=2397.50,Gy=-34072.50,Gz=17867T=44,H=55,SAT=5"
,2025-09-21T02:40:54Z,COM6,,UTC=10:40:52,-125.40,120.292515,23.107018,,,,,,,,,55,SAT=5,370.39,-741.52,546.93,3605.00,-20107.50,37415T=44,,"Package=265,UTC=10:40:52,Lat=23.107018,Lng=120.292515,Alt=-125.40,Ax=370.39,Ay=-741.52,Az=546.93,Gx=3605.00,Gy=-20107.50,Gz=37415T=44,H=55,SAT=5"
,2025-09-21T02:40:55Z,COM6,,UTC=10:40:53,-124.70,120.292523,23.107005,,,,,,,,,55,SAT=5,466.16,-783.73,482.39,-20090.00,25147.50,-227T=44,,"Package=266,UTC=10:40:53,Lat=23.107005,Lng=120.292523,Alt=-124.70,Ax=466.16,Ay=-783.73,Az=482.39,Gx=-20090.00,Gy=25147.50,Gz=-227T=44,H=55,SAT=5"
,2025-09-21T02:40:56Z,COM6,,UTC=10:40:54,-123.80,120.292527,23.107002,,,,,,,,,55,SAT=5,276.70,-764.33,592.43,-1925.00,927.50,1715.00T=45,,"Package=267,UTC=10:40:54,Lat=23.107002,Lng=120.292527,Alt=-123.80,Ax=276.70,Ay=-764.33,Az=592.43,Gx=-1925.00,Gy=927.50,Gz=1715.00T=45,H=55,SAT=5"
,2025-09-21T02:40:57Z,COM6,,UTC=10:40:55,-106.30,120.292525,23.106947,,,,,,,,,54,SAT=5,281.70,-803.98,602.80,13702.50,11322.50,-2467T=45,,"Package=268,UTC=10:40:55,Lat=23.106947,Lng=120.292525,Alt=-106.30,Ax=281.70,Ay=-803.98,Az=602.80,Gx=13702.50,Gy=11322.50,Gz=-2467T=45,H=54,SAT=5"
,2025-09-21T02:40:58Z,COM6,,UTC=10:40:56,-108.00,120.292528,23.106968,,,,,,,,,54,SAT=4,293.65,-833.02,531.68,15715.00,1785.00,-962.5T=45,,"Package=269,UTC=10:40:56,Lat=23.106968,Lng=120.292528,Alt=-108.00,Ax=293.65,Ay=-833.02,Az=531.68,Gx=15715.00,Gy=1785.00,Gz=-962.5T=45,H=54,SAT=4"
,2025-09-21T02:40:59Z,COM6,,UTC=10:40:57,-110.60,120.292527,23.106988,,,,,,,,,54,SAT=4,284.63,-789.10,583.65,-4270.00,6230.00,-227.5T=45,,"Package=270,UTC=10:40:57,Lat=23.106988,Lng=120.292527,Alt=-110.60,Ax=284.63,Ay=-789.10,Az=583.65,Gx=-4270.00,Gy=6230.00,Gz=-227.5T=45,H=54,SAT=4"
,2025-09-21T02:41:01Z,COM6,,UTC=10:40:58,-111.90,120.292523,23.107012,,,,,,,,,54,SAT=4,295.85,-770.80,596.70,-542.50,-227.50,-3902.5T=45,,"Package=271,UTC=10:40:58,Lat=23.107012,Lng=120.292523,Alt=-111.90,Ax=295.85,Ay=-770.80,Az=596.70,Gx=-542.50,Gy=-227.50,Gz=-3902.5T=45,H=54,SAT=4"
,2025-09-21T02:41:01Z,COM6,,UTC=10:40:59,,,,,,,,,,,,,,,,,,,,,"Package=272,UTC=10:40:59,"
,2025-09-21T02:41:02Z,COM6,,UTC=10:41:0,-111.80,120.292513,23.107025,,,,,,,,,54,SAT=4,290.36,-818.62,544.73,6177.50,-12267.50,2537.T=45,,"Package=273,UTC=10:41:0,Lat=23.107025,Lng=120.292513,Alt=-111.80,Ax=290.36,Ay=-818.62,Az=544.73,Gx=6177.50,Gy=-12267.50,Gz=2537.T=45,H=54,SAT=4"
,2025-09-21T02:41:03Z,COM6,,UTC=10:41:1,,,23.107025,,,,,,,,,,,,,,,,,,"Package=274,UTC=10:41:1,Lat=23.107025,Lng="
,2025-09-21T02:41:04Z,COM6,,UTC=10:41:2,-109.10,120.292505,23.107028,,,,,,,,,54,SAT=5,311.47,-801.91,575.96,-8435.00,-4480.00,-1461T=45,,"Package=275,UTC=10:41:2,Lat=23.107028,Lng=120.292505,Alt=-109.10,Ax=311.47,Ay=-801.91,Az=575.96,Gx=-8435.00,Gy=-4480.00,Gz=-1461T=45,H=54,SAT=5"
,2025-09-21T02:41:05Z,COM6,,UTC=10:41:3,,,23.107045,,,,,,,,,,,,,,,,,,"Package=276,UTC=10:41:3,Lat=23.107045,Ln"
,2025-09-21T02:41:06Z,COM6,,UTC=10:41:4,-115.00,120.292502,23.107075,,,,,,,,,54,SAT=5,356.12,-742.86,610.12,-7542.50,-1872.50,-2135T=45,,"Package=277,UTC=10:41:4,Lat=23.107075,Lng=120.292502,Alt=-115.00,Ax=356.12,Ay=-742.86,Az=610.12,Gx=-7542.50,Gy=-1872.50,Gz=-2135T=45,H=54,SAT=5"
,2025-09-21T02:41:07Z,COM6,,UTC=10:41:5,,,23.107077,,,,,,,,,,,,,,,,,,"Package=278,UTC=10:41:5,Lat=23.107077,"
,2025-09-21T02:41:08Z,COM6,,UTC=10:41:6,-113.60,120.292510,23.107077,,,,,,,,,54,SAT=5,366.73,-752.50,583.28,682.50,-5460.00,2275.00T=45,,"Package=279,UTC=10:41:6,Lat=23.107077,Lng=120.292510,Alt=-113.60,Ax=366.73,Ay=-752.50,Az=583.28,Gx=682.50,Gy=-5460.00,Gz=2275.00T=45,H=54,SAT=5"
,2025-09-21T02:41:09Z,COM6,,UTC=10:41:7,,,23.10709,,,,,,,,,,,,,,,,,,"Package=280,UTC=10:41:7,Lat=23.10709"
,2025-09-21T02:41:10Z,COM6,,UTC=10:41:8,-118.30,120.292522,23.107097,,,,,,,,,54,SAT=5,367.22,-783.24,561.69,3937.50,2152.50,-2257.5T=45,,"Package=281,UTC=10:41:8,Lat=23.107097,Lng=120.292522,Alt=-118.30,Ax=367.22,Ay=-783.24,Az=561.69,Gx=3937.50,Gy=2152.50,Gz=-2257.5T=45,H=54,SAT=5"
,2025-09-21T02:41:11Z,COM6,,UTC=10:41:9,-120.10,120.292525,23.107102,,,,,,,,,54,SAT=5,374.54,-770.19,576.82,-5547.50,-1540.00,892.5T=45,,"Package=282,UTC=10:41:9,Lat=23.107102,Lng=120.292525,Alt=-120.10,Ax=374.54,Ay=-770.19,Az=576.82,Gx=-5547.50,Gy=-1540.00,Gz=892.5T=45,H=54,SAT=5"
,2025-09-21T02:41:12Z,COM6,,UTC=10:41:9,-120.10,120.292525,23.107102,,,,,,,,,54,SAT=5,399.31,-772.26,568.64,490.00,-4830.00,5880.00T=45,,"Package=283,UTC=10:41:9,Lat=23.107102,Lng=120.292525,Alt=-120.10,Ax=399.31,Ay=-772.26,Az=568.64,Gx=490.00,Gy=-4830.00,Gz=5880.00T=45,H=54,SAT=5"
,2025-09-21T02:41:13Z,COM6,,UTC=10:41:9,-120.10,120.292525,23.107102,,,,,,,,,54,SAT=5,384.18,-762.62,580.23,-12320.00,560.00,-6160.T=45,,"Package=284,UTC=10:41:9,Lat=23.107102,Lng=120.292525,Alt=-120.10,Ax=384.18,Ay=-762.62,Az=580.23,Gx=-12320.00,Gy=560.00,Gz=-6160.T=45,H=54,SAT=5"
,2025-09-21T02:41:14Z,COM6,,UTC=10:41:9,-120.10,120.292525,23.107102,,,,,,,,,54,SAT=5,397.35,-763.84,569.98,2677.50,-1225.00,-560.0T=45,,"Package=285,UTC=10:41:9,Lat=23.107102,Lng=120.292525,Alt=-120.10,Ax=397.35,Ay=-763.84,Az=569.98,Gx=2677.50,Gy=-1225.00,Gz=-560.0T=45,H=54,SAT=5"
,2025-09-21T02:41:15Z,COM6,,UTC=10:41:9,-120.10,120.292525,23.107102,,,,,,,,,54,SAT=5,406.38,-764.21,564.37,-18532.50,-12635.00,113T=45,,"Package=286,UTC=10:41:9,Lat=23.107102,Lng=120.292525,Alt=-120.10,Ax=406.38,Ay=-764.21,Az=564.37,Gx=-18532.50,Gy=-12635.00,Gz=113T=45,H=54,SAT=5"
,2025-09-21T02:41:16Z,COM6,,UTC=10:41:9,-120.10,120.292525,23.107102,,,,,,,,,54,SAT=5,408.70,-766.65,541.92,3115.00,2327.50,-7350.0T=45,,"Package=287,UTC=10:41:9,Lat=23.107102,Lng=120.292525,Alt=-120.10,Ax=408.70,Ay=-766.65,Az=541.92,Gx=3115.00,Gy=2327.50,Gz=-7350.0T=45,H=54,SAT=5"
,2025-09-21T02:41:17Z,COM6,,UTC=10:41:9,-120.10,120.292525,23.107102,,,,,,,,45,54,SAT=5,444.69,-783.73,511.67,6177.50,770.00,2572.50,,"Package=288,UTC=10:41:9,Lat=23.107102,Lng=120.292525,Alt=-120.10,Ax=444.69,Ay=-783.73,Az=511.67,Gx=6177.50,Gy=770.00,Gz=2572.50,T=45,H=54,SAT=5"
,2025-09-21T02:41:18Z,COM6,,UTC=10:41:9,-120.10,120.292525,23.107102,,,,,,,,45,54,SAT=5,428.71,-772.38,531.19,1662.50,2082.50,105.00,,"Package=289,UTC=10:41:9,Lat=23.107102,Lng=120.292525,Alt=-120.10,Ax=428.71,Ay=-772.38,Az=531.19,Gx=1662.50,Gy=2082.50,Gz=105.00,T=45,H=54,SAT=5"
,2025-09-21T02:41:19Z,COM6,,UTC=10:41:9,-120.10,120.292525,23.107102,,,,,,,,,54,SAT=5,214.72,-569.74,745.79,48002.50,131705.00,-319T=45,,"Package=290,UTC=10:41:9,Lat=23.107102,Lng=120.292525,Alt=-120.10,Ax=214.72,Ay=-569.74,Az=745.79,Gx=48002.50,Gy=131705.00,Gz=-319T=45,H=54,SAT=5"
,2025-09-21T02:41:20Z,COM6,,UTC=10:41:9,-120.10,120.292525,23.107102,,,,,,,,,54,SAT=5,573.64,-719.31,411.38,-20492.50,-31045.00,197T=45,,"Package=291,UTC=10:41:9,Lat=23.107102,Lng=120.292525,Alt=-120.10,Ax=573.64,Ay=-719.31,Az=411.38,Gx=-20492.50,Gy=-31045.00,Gz=197T=45,H=54,SAT=5"
,2025-09-21T02:41:21Z,COM6,,UTC=10:41:9,-120.10,120.292525,23.107102,,,,,,,,,54,SAT=5,542.17,-780.43,392.96,18550.00,4742.50,29452.T=45,,"Package=292,UTC=10:41:9,Lat=23.107102,Lng=120.292525,Alt=-120.10,Ax=542.17,Ay=-780.43,Az=392.96,Gx=18550.00,Gy=4742.50,Gz=29452.T=45,H=54,SAT=5"
,2025-09-21T02:41:22Z,COM6,,UTC=10:41:9,-1,120.292525,23.107102,,,,,,,,,,,,,,,,,,"Package=293,UTC=10:41:9,Lat=23.107102,Lng=120.292525,Alt=-1"
,2025-09-21T02:41:23Z,COM6,,UTC=10:41:9,-120.10,120.292525,23.107102,,,,,,,,,54,SAT=5,384.30,-679.05,643.43,-3465.00,-9992.50,12127T=46,,"Package=294,UTC=10:41:9,Lat=23.107102,Lng=120.292525,Alt=-120.10,Ax=384.30,Ay=-679.05,Az=643.43,Gx=-3465.00,Gy=-9992.50,Gz=12127T=46,H=54,SAT=5"
,2025-09-21T02:41:24Z,COM6,,UTC=10:41:22,,,23.10672,,,,,,,,,,,,,,,,,,"Package=295,UTC=10:41:22,Lat=23.10672"
,2025-09-21T02:41:25Z,COM6,,UTC=10:41:22,23.30,120.292488,23.106723,,,,,,,,,54,SAT=7,573.52,-769.82,397.72,-24990.00,18672.50,-147T=46,,"Package=296,UTC=10:41:22,Lat=23.106723,Lng=120.292488,Alt=23.30,Ax=573.52,Ay=-769.82,Az=397.72,Gx=-24990.00,Gy=18672.50,Gz=-147T=46,H=54,SAT=7"
,2025-09-21T02:41:26Z,COM6,,UTC=10:41:22,23.30,120.292488,23.106723,,,,,,,,,54,SAT=7,564.13,-886.21,326.59,49892.50,-16520.00,1704T=46,,"Package=297,UTC=10:41:22,Lat=23.106723,Lng=120.292488,Alt=23.30,Ax=564.13,Ay=-886.21,Az=326.59,Gx=49892.50,Gy=-16520.00,Gz=1704T=46,H=54,SAT=7"
,2025-09-21T02:41:27Z,COM6,,UTC=10:41:24,23.90,120.292488,23.106725,,,,,,,,,54,SAT=6,596.58,-760.18,415.53,5897.50,1382.50,18760.0T=46,,"Package=298,UTC=10:41:24,Lat=23.106725,Lng=120.292488,Alt=23.90,Ax=596.58,Ay=-760.18,Az=415.53,Gx=5897.50,Gy=1382.50,Gz=18760.0T=46,H=54,SAT=6"
,2025-09-21T02:41:28Z,COM6,,UTC=10:41:24,23.90,120.292488,23.106725,,,,,,,,,54,SAT=6,317.20,-799.83,556.20,-19932.50,-30747.50,140T=46,,"Package=299,UTC=10:41:24,Lat=23.106725,Lng=120.292488,Alt=23.90,Ax=317.20,Ay=-799.83,Az=556.20,Gx=-19932.50,Gy=-30747.50,Gz=140T=46,H=54,SAT=6"
,2025-09-21T02:41:29Z,COM6,,UTC=10:41:24,23.90,120.292488,23.106725,,,,,,,,,54,SAT=6,531.68,-820.08,329.52,10517.50,-23100.00,1016T=46,,"Package=300,UTC=10:41:24,Lat=23.106725,Lng=120.292488,Alt=23.90,Ax=531.68,Ay=-820.08,Az=329.52,Gx=10517.50,Gy=-23100.00,Gz=1016T=46,H=54,SAT=6"
,2025-09-21T02:41:30Z,COM6,,UTC=10:41:24,23.90,120.292488,23.106725,,,,,,,,,54,SAT=6,508.01,-744.93,428.95,-21192.50,-5757.50,-754T=46,,"Package=301,UTC=10:41:24,Lat=23.106725,Lng=120.292488,Alt=23.90,Ax=508.01,Ay=-744.93,Az=428.95,Gx=-21192.50,Gy=-5757.50,Gz=-754T=46,H=54,SAT=6"
,2025-09-21T02:41:31Z,COM6,,UTC=10:41:24,23.90,120.292488,23.106725,,,,,,,,,54,SAT=6,667.22,-743.59,321.35,-6125.00,15242.50,-1300T=45,,"Package=302,UTC=10:41:24,Lat=23.106725,Lng=120.292488,Alt=23.90,Ax=667.22,Ay=-743.59,Az=321.35,Gx=-6125.00,Gy=15242.50,Gz=-1300T=45,H=54,SAT=6"
,2025-09-21T02:41:32Z,COM6,,UTC=10:41:30,27.40,120.292488,23.106708,,,,,,,,,54,SAT=7,790.56,-673.20,211.55,2170.00,-6195.00,4165.0T=45,,"Package=303,UTC=10:41:30,Lat=23.106708,Lng=120.292488,Alt=27.40,Ax=790.56,Ay=-673.20,Az=211.55,Gx=2170.00,Gy=-6195.00,Gz=4165.0T=45,H=54,SAT=7"
,2025-09-21T02:41:33Z,COM6,,UTC=10:41:31,28.00,120.292488,23.106707,,,,,,,,,,,,,,,,,,"Package=304,UTC=10:41:31,Lat=23.106707,Lng=120.292488,Alt=28.00,A"
,2025-09-21T02:41:34Z,COM6,,UTC=10:41:32,28.80,120.292487,23.106707,,,,,,,,,53,SAT=7,788.12,-504.10,209.84,-8365.00,-13405.00,-281T=45,,"Package=305,UTC=10:41:32,Lat=23.106707,Lng=120.292487,Alt=28.80,Ax=788.12,Ay=-504.10,Az=209.84,Gx=-8365.00,Gy=-13405.00,Gz=-281T=45,H=53,SAT=7"
,2025-09-21T02:41:35Z,COM6,,UTC=10:41:32,28.8,120.292487,23.106707,,,,,,,,,,,,,,,,,,"Package=306,UTC=10:41:32,Lat=23.106707,Lng=120.292487,Alt=28.8"
,2025-09-21T02:41:36Z,COM6,,UTC=10:41:34,29.10,120.292488,23.106700,,,,,,,,,53,SAT=7,779.46,-456.40,-1.10,-51502.50,-19985.00,-249T=45,,"Package=307,UTC=10:41:34,Lat=23.106700,Lng=120.292488,Alt=29.10,Ax=779.46,Ay=-456.40,Az=-1.10,Gx=-51502.50,Gy=-19985.00,Gz=-249T=45,H=53,SAT=7"
,2025-09-21T02:41:37Z,COM6,,UTC=10:41:35,,,23.106702,,,,,,,,,,,,,,,,,,"Package=308,UTC=10:41:35,Lat=23.106702,L"
,2025-09-21T02:41:38Z,COM6,,UTC=10:41:35,29.40,120.292485,23.106702,,,,,,,,,53,SAT=7,939.64,3.05,213.13,20142.50,10500.00,-5250.00T=45,,"Package=309,UTC=10:41:35,Lat=23.106702,Lng=120.292485,Alt=29.40,Ax=939.64,Ay=3.05,Az=213.13,Gx=20142.50,Gy=10500.00,Gz=-5250.00T=45,H=53,SAT=7"
,2025-09-21T02:41:39Z,COM6,,UTC=10:41:37,29.90,120.292480,23.106712,,,,,,,,,53,SAT=7,-259.01,111.02,849.12,-18515.00,111895.00,-47T=45,,"Package=310,UTC=10:41:37,Lat=23.106712,Lng=120.292480,Alt=29.90,Ax=-259.01,Ay=111.02,Az=849.12,Gx=-18515.00,Gy=111895.00,Gz=-47T=45,H=53,SAT=7"
,2025-09-21T02:41:40Z,COM6,,UTC=10:41:38,30.50,120.292477,23.106717,,,,,,,,,53,SAT=7,871.93,-145.18,451.52,-9695.00,-31745.00,-113T=45,,"Package=311,UTC=10:41:38,Lat=23.106717,Lng=120.292477,Alt=30.50,Ax=871.93,Ay=-145.18,Az=451.52,Gx=-9695.00,Gy=-31745.00,Gz=-113T=45,H=53,SAT=7"
,2025-09-21T02:41:41Z,COM6,,UTC=10:41:39,30.80,120.292482,23.106715,,,,,,,,,53,SAT=7,945.62,-154.21,316.22,2380.00,4795.00,-1400.0T=45,,"Package=312,UTC=10:41:39,Lat=23.106715,Lng=120.292482,Alt=30.80,Ax=945.62,Ay=-154.21,Az=316.22,Gx=2380.00,Gy=4795.00,Gz=-1400.0T=45,H=53,SAT=7"
,2025-09-21T02:41:42Z,COM6,,UTC=10:41:40,31.10,120.292480,23.106708,,,,,,,,,53,SAT=7,945.01,-139.08,315.98,-2065.00,297.50,-1890.0T=45,,"Package=313,UTC=10:41:40,Lat=23.106708,Lng=120.292480,Alt=31.10,Ax=945.01,Ay=-139.08,Az=315.98,Gx=-2065.00,Gy=297.50,Gz=-1890.0T=45,H=53,SAT=7"
,2025-09-21T02:41:43Z,COM6,,UTC=10:41:41,31.50,120.292475,23.106707,,,,,,,,,53,SAT=6,954.89,-144.57,264.37,2852.50,3657.50,-3167.5T=45,,"Package=314,UTC=10:41:41,Lat=23.106707,Lng=120.292475,Alt=31.50,Ax=954.89,Ay=-144.57,Az=264.37,Gx=2852.50,Gy=3657.50,Gz=-3167.5T=45,H=53,SAT=6"
,2025-09-21T02:41:44Z,COM6,,UTC=10:41:42,32.40,120.292472,23.106707,,,,,,,,,53,SAT=6,991.49,-144.69,149.33,-1820.00,-3167.50,-4532T=45,,"Package=315,UTC=10:41:42,Lat=23.106707,Lng=120.292472,Alt=32.40,Ax=991.49,Ay=-144.69,Az=149.33,Gx=-1820.00,Gy=-3167.50,Gz=-4532T=45,H=53,SAT=6"
,2025-09-21T02:41:48Z,COM6,,UTC=NO_TIME,N/A,N/A,N/A,,,,,,,,46,62,SAT=0,996.86,7.44,33.67,-70.00,-997.50,5110.00,,"Package=1,UTC=NO_TIME,Lat=N/A,Lng=N/A,Alt=N/A,Ax=996.86,Ay=7.44,Az=33.67,Gx=-70.00,Gy=-997.50,Gz=5110.00,T=46,H=62,SAT=0"
,2025-09-21T02:41:49Z,COM6,,UTC=NO_TIME,N/A,N/A,N/A,,,,,,,,46,53,SAT=0,998.94,2.07,33.79,35.00,-892.50,875.00,,"Package=2,UTC=NO_TIME,Lat=N/A,Lng=N/A,Alt=N/A,Ax=998.94,Ay=2.07,Az=33.79,Gx=35.00,Gy=-892.50,Gz=875.00,T=46,H=53,SAT=0"
,2025-09-21T02:41:51Z,COM6,,UTC=10:41:48,N/A,N/A,N/A,,,,,,,,46,53,SAT=0,998.57,0.61,33.67,-35.00,-595.00,-175.00,,"Package=4,UTC=10:41:48,Lat=N/A,Lng=N/A,Alt=N/A,Ax=998.57,Ay=0.61,Az=33.67,Gx=-35.00,Gy=-595.00,Gz=-175.00,T=46,H=53,SAT=0"
,2025-09-21T02:41:52Z,COM6,,UTC=10:41:49,N/A,N/A,N/A,,,,,,,,46,53,SAT=0,996.01,0.98,34.40,140.00,-385.00,-770.00,,"Package=5,UTC=10:41:49,Lat=N/A,Lng=N/A,Alt=N/A,Ax=996.01,Ay=0.98,Az=34.40,Gx=140.00,Gy=-385.00,Gz=-770.00,T=46,H=53,SAT=0"
,2025-09-21T02:41:53Z,COM6,,UTC=10:41:50,N/A,N/A,N/A,,,,,,,,46,53,SAT=0,998.45,0.98,33.92,-17.50,-560.00,-227.50,,"Package=6,UTC=10:41:50,Lat=N/A,Lng=N/A,Alt=N/A,Ax=998.45,Ay=0.98,Az=33.92,Gx=-17.50,Gy=-560.00,Gz=-227.50,T=46,H=53,SAT=0"
,2025-09-21T02:41:54Z,COM6,,UTC=10:41:51,N/A,N/A,N/A,,,,,,,,47,53,SAT=0,998.57,0.85,33.79,-70.00,-700.00,-17.50,,"Package=7,UTC=10:41:51,Lat=N/A,Lng=N/A,Alt=N/A,Ax=998.57,Ay=0.85,Az=33.79,Gx=-70.00,Gy=-700.00,Gz=-17.50,T=47,H=53,SAT=0"
,2025-09-21T02:41:55Z,COM6,,UTC=10:41:52,N/A,N/A,N/A,,,,,,,,47,53,SAT=0,998.45,0.85,33.92,52.50,-700.00,17.50,,"Package=8,UTC=10:41:52,Lat=N/A,Lng=N/A,Alt=N/A,Ax=998.45,Ay=0.85,Az=33.92,Gx=52.50,Gy=-700.00,Gz=17.50,T=47,H=53,SAT=0"
,2025-09-21T02:41:56Z,COM6,,UTC=10:41:52,N/A,N/A,N/A,,,,,,,,47,53,SAT=0,998.45,1.10,33.67,-17.50,-682.50,35.00,,"Package=9,UTC=10:41:52,Lat=N/A,Lng=N/A,Alt=N/A,Ax=998.45,Ay=1.10,Az=33.67,Gx=-17.50,Gy=-682.50,Gz=35.00,T=47,H=53,SAT=0"
,2025-09-21T02:41:57Z,COM6,,UTC=10:41:52,N/A,N/A,N/A,,,,,,,,47,53,SAT=0,998.94,1.10,33.92,-35.00,-665.00,-35.00,,"Package=10,UTC=10:41:52,Lat=N/A,Lng=N/A,Alt=N/A,Ax=998.94,Ay=1.10,Az=33.92,Gx=-35.00,Gy=-665.00,Gz=-35.00,T=47,H=53,SAT=0"
,2025-09-21T02:41:58Z,COM6,,UTC=10:41:52,N/A,N/A,N/A,,,,,,,,47,53,SAT=0,998.69,1.22,33.79,-17.50,-647.50,-52.50,,"Package=11,UTC=10:41:52,Lat=N/A,Lng=N/A,Alt=N/A,Ax=998.69,Ay=1.22,Az=33.79,Gx=-17.50,Gy=-647.50,Gz=-52.50,T=47,H=53,SAT=0"
,2025-09-21T02:41:59Z,COM6,,UTC=10:41:52,N/A,N/A,N/A,,,,,,,,47,53,SAT=0,998.94,1.22,33.92,52.50,-682.50,-52.50,,"Package=12,UTC=10:41:52,Lat=N/A,Lng=N/A,Alt=N/A,Ax=998.94,Ay=1.22,Az=33.92,Gx=52.50,Gy=-682.50,Gz=-52.50,T=47,H=53,SAT=0"
,2025-09-21T02:42:00Z,COM6,,UTC=10:41:52,N/A,N/A,N/A,,,,,,,,47,53,SAT=0,998.57,0.98,33.79,17.50,-682.50,-87.50,,"Package=13,UTC=10:41:52,Lat=N/A,Lng=N/A,Alt=N/A,Ax=998.57,Ay=0.98,Az=33.79,Gx=17.50,Gy=-682.50,Gz=-87.50,T=47,H=53,SAT=0"
,2025-09-21T02:42:01Z,COM6,,UTC=10:41:52,N/A,N/A,N/A,,,,,,,,47,53,SAT=0,998.81,1.22,33.67,52.50,-682.50,-35.00,,"Package=14,UTC=10:41:52,Lat=N/A,Lng=N/A,Alt=N/A,Ax=998.81,Ay=1.22,Az=33.67,Gx=52.50,Gy=-682.50,Gz=-35.00,T=47,H=53,SAT=0"
,2025-09-21T02:42:02Z,COM6,,UTC=10:41:52,N/A,N/A,N/A,,,,,,,,47,53,SAT=0,998.45,0.98,33.67,-17.50,-630.00,-87.50,,"Package=15,UTC=10:41:52,Lat=N/A,Lng=N/A,Alt=N/A,Ax=998.45,Ay=0.98,Az=33.67,Gx=-17.50,Gy=-630.00,Gz=-87.50,T=47,H=53,SAT=0"
,2025-09-21T02:42:03Z,COM6,,UTC=10:41:52,N/A,N/A,N/A,,,,,,,,46,53,SAT=0,998.45,0.98,33.92,0.00,-647.50,0.00,,"Package=16,UTC=10:41:52,Lat=N/A,Lng=N/A,Alt=N/A,Ax=998.45,Ay=0.98,Az=33.92,Gx=0.00,Gy=-647.50,Gz=0.00,T=46,H=53,SAT=0"
,2025-09-21T02:42:04Z,COM6,,UTC=10:41:52,N/A,N/A,N/A,,,,,,,,46,53,SAT=0,998.45,0.98,33.79,0.00,-682.50,-52.50,,"Package=17,UTC=10:41:52,Lat=N/A,Lng=N/A,Alt=N/A,Ax=998.45,Ay=0.98,Az=33.79,Gx=0.00,Gy=-682.50,Gz=-52.50,T=46,H=53,SAT=0"
,2025-09-21T02:42:05Z,COM6,,UTC=10:41:52,N/A,N/A,N/A,,,,,,,,46,53,SAT=0,998.57,1.22,33.92,35.00,-665.00,-52.50,,"Package=18,UTC=10:41:52,Lat=N/A,Lng=N/A,Alt=N/A,Ax=998.57,Ay=1.22,Az=33.92,Gx=35.00,Gy=-665.00,Gz=-52.50,T=46,H=53,SAT=0"
,2025-09-21T02:42:06Z,COM6,,UTC=10:41:52,N/A,N/A,N/A,,,,,,,,46,53,SAT=0,998.69,0.98,34.16,-35.00,-735.00,-35.00,,"Package=19,UTC=10:41:52,Lat=N/A,Lng=N/A,Alt=N/A,Ax=998.69,Ay=0.98,Az=34.16,Gx=-35.00,Gy=-735.00,Gz=-35.00,T=46,H=53,SAT=0"
,2025-09-21T02:42:07Z,COM6,,UTC=10:41:52,N/A,N/A,N/A,,,,,,,,46,53,SAT=0,998.45,1.22,33.79,-35.00,-700.00,-70.00,,"Package=20,UTC=10:41:52,Lat=N/A,Lng=N/A,Alt=N/A,Ax=998.45,Ay=1.22,Az=33.79,Gx=-35.00,Gy=-700.00,Gz=-70.00,T=46,H=53,SAT=0"
,2025-09-21T02:42:08Z,COM6,,UTC=10:41:52,N/A,N/A,N/A,,,,,,,,46,53,SAT=0,998.57,1.22,33.67,52.50,-647.50,-17.50,,"Package=21,UTC=10:41:52,Lat=N/A,Lng=N/A,Alt=N/A,Ax=998.57,Ay=1.22,Az=33.67,Gx=52.50,Gy=-647.50,Gz=-17.50,T=46,H=53,SAT=0"
,2025-09-21T02:42:09Z,COM6,,UTC=10:41:52,N/A,N/A,N/A,,,,,,,,46,53,SAT=0,998.69,1.22,33.55,0.00,-700.00,-52.50,,"Package=22,UTC=10:41:52,Lat=N/A,Lng=N/A,Alt=N/A,Ax=998.69,Ay=1.22,Az=33.55,Gx=0.00,Gy=-700.00,Gz=-52.50,T=46,H=53,SAT=0"
,2025-09-21T02:42:10Z,COM6,,UTC=10:41:52,N/A,N/A,N/A,,,,,,,,46,53,SAT=0,1000.03,3.54,32.94,-332.50,700.00,-402.50,,"Package=23,UTC=10:41:52,Lat=N/A,Lng=N/A,Alt=N/A,Ax=1000.03,Ay=3.54,Az=32.94,Gx=-332.50,Gy=700.00,Gz=-402.50,T=46,H=53,SAT=0"
,2025-09-21T02:42:11Z,COM6,,UTC=10:41:52,N/A,N/A,N/A,,,,,,,,,53,SAT=0,1009.18,-16.35,77.35,-3150.00,20702.50,-1470.T=46,,"Package=24,UTC=10:41:52,Lat=N/A,Lng=N/A,Alt=N/A,Ax=1009.18,Ay=-16.35,Az=77.35,Gx=-3150.00,Gy=20702.50,Gz=-1470.T=46,H=53,SAT=0"
,2025-09-21T02:42:12Z,COM6,,UTC=10:41:52,N/A,N/A,N/A,,,,,,,,,53,SAT=0,976.24,124.93,78.69,-16152.50,-647.50,-37100.T=46,,"Package=25,UTC=10:41:52,Lat=N/A,Lng=N/A,Alt=N/A,Ax=976.24,Ay=124.93,Az=78.69,Gx=-16152.50,Gy=-647.50,Gz=-37100.T=46,H=53,SAT=0"
,2025-09-21T02:42:13Z,COM6,,UTC=10:41:52,N/A,N/A,N/A,,,,,,,,,53,SAT=0,955.14,406.38,-19.52,875.00,-26110.00,-31220.T=46,,"Package=26,UTC=10:41:52,Lat=N/A,Lng=N/A,Alt=N/A,Ax=955.14,Ay=406.38,Az=-19.52,Gx=875.00,Gy=-26110.00,Gz=-31220.T=46,H=53,SAT=0"
,2025-09-21T02:42:14Z,COM6,,UTC=10:41:52,N/A,N/A,N/A,,,,,,,,,53,SAT=0,890.97,260.71,-324.64,70.00,-2380.00,40267.50T=46,,"Package=27,UTC=10:41:52,Lat=N/A,Lng=N/A,Alt=N/A,Ax=890.97,Ay=260.71,Az=-324.64,Gx=70.00,Gy=-2380.00,Gz=40267.50T=46,H=53,SAT=0"
,2025-09-21T02:42:15Z,COM6,,UTC=10:41:52,N/A,N/A,N/A,,,,,,,,,53,SAT=0,915.98,-75.64,-289.75,-47635.00,19810.00,-187T=46,,"Package=28,UTC=10:41:52,Lat=N/A,Lng=N/A,Alt=N/A,Ax=915.98,Ay=-75.64,Az=-289.75,Gx=-47635.00,Gy=19810.00,Gz=-187T=46,H=53,SAT=0"
,2025-09-21T02:42:16Z,COM6,,UTC=10:41:52,N/A,N/A,N/A,,,,,,,,,53,SAT=0,986.74,-91.99,-107.36,-4025.00,8540.00,-5547.T=46,,"Package=29,UTC=10:41:52,Lat=N/A,Lng=N/A,Alt=N/A,Ax=986.74,Ay=-91.99,Az=-107.36,Gx=-4025.00,Gy=8540.00,Gz=-5547.T=46,H=53,SAT=0"
,2025-09-21T02:42:17Z,COM6,,UTC=10:41:52,N/A,N/A,N/A,,,,,,,,,53,SAT=0,976.61,-169.82,-162.75,-23765.00,-10027.50,25T=46,,"Package=30,UTC=10:41:52,Lat=N/A,Lng=N/A,Alt=N/A,Ax=976.61,Ay=-169.82,Az=-162.75,Gx=-23765.00,Gy=-10027.50,Gz=25T=46,H=53,SAT=0"
,2025-09-21T02:42:18Z,COM6,,UTC=10:41:52,N/A,N/A,N/A,,,,,,,,,53,SAT=0,936.23,-343.31,-150.43,5250.00,3622.50,-20562T=46,,"Package=31,UTC=10:41:52,Lat=N/A,Lng=N/A,Alt=N/A,Ax=936.23,Ay=-343.31,Az=-150.43,Gx=5250.00,Gy=3622.50,Gz=-20562T=46,H=53,SAT=0"
,2025-09-21T02:42:19Z,COM6,,UTC=10:41:52,N/A,N/A,N/A,,,,,,,,,53,SAT=0,933.06,-312.08,-198.37,-7227.50,-7892.50,3062T=46,,"Package=32,UTC=10:41:52,Lat=N/A,Lng=N/A,Alt=N/A,Ax=933.06,Ay=-312.08,Az=-198.37,Gx=-7227.50,Gy=-7892.50,Gz=3062T=46,H=53,SAT=0"
,2025-09-21T02:42:20Z,COM6,,UTC=10:41:52,N/A,N/A,N/A,,,,,,,,,53,SAT=0,951.23,-109.80,-218.75,-17552.50,1225.00,-203T=46,,"Package=33,UTC=10:41:52,Lat=N/A,Lng=N/A,Alt=N/A,Ax=951.23,Ay=-109.80,Az=-218.75,Gx=-17552.50,Gy=1225.00,Gz=-203T=46,H=53,SAT=0"
,2025-09-21T02:42:21Z,COM6,,UTC=10:41:52,N/A,N/A,N/A,,,,,,,,,53,SAT=0,822.04,533.75,-81.98,3430.00,15977.50,-26582.T=46,,"Package=34,UTC=10:41:52,Lat=N/A,Lng=N/A,Alt=N/A,Ax=822.04,Ay=533.75,Az=-81.98,Gx=3430.00,Gy=15977.50,Gz=-26582.T=46,H=53,SAT=0"
,2025-09-21T02:42:22Z,COM6,,UTC=10:41:52,N/A,N/A,N/A,,,,,,,,,53,SAT=0,18.54,1000.64,154.70,-34772.50,-1942.50,-2969T=46,,"Package=35,UTC=10:41:52,Lat=N/A,Lng=N/A,Alt=N/A,Ax=18.54,Ay=1000.64,Az=154.70,Gx=-34772.50,Gy=-1942.50,Gz=-2969T=46,H=53,SAT=0"
,2025-09-21T02:42:23Z,COM6,,UTC=10:41:52,N/A,N/A,N/A,,,,,,,,,53,SAT=0,160.67,860.10,457.74,-13440.00,-28245.00,-978T=46,,"Package=36,UTC=10:41:52,Lat=N/A,Lng=N/A,Alt=N/A,Ax=160.67,Ay=860.10,Az=457.74,Gx=-13440.00,Gy=-28245.00,Gz=-978T=46,H=53,SAT=0"
,2025-09-21T02:42:24Z,COM6,,UTC=10:41:52,N/A,N/A,N/A,,,,,,,,,53,SAT=0,725.90,-480.68,265.72,6615.00,-40145.00,84420T=46,,"Package=37,UTC=10:41:52,Lat=N/A,Lng=N/A,Alt=N/A,Ax=725.90,Ay=-480.68,Az=265.72,Gx=6615.00,Gy=-40145.00,Gz=84420T=46,H=53,SAT=0"
,2025-09-21T02:42:25Z,COM6,,UTC=10:41:52,N/A,N/A,N/A,,,,,,,,,53,SAT=0,719.07,-660.14,263.52,-2940.00,-12810.00,9502T=46,,"Package=38,UTC=10:41:52,Lat=N/A,Lng=N/A,Alt=N/A,Ax=719.07,Ay=-660.14,Az=263.52,Gx=-2940.00,Gy=-12810.00,Gz=9502T=46,H=53,SAT=0"
,2025-09-21T02:42:26Z,COM6,,UTC=10:41:52,N/A,N/A,N/A,,,,,,,,,53,SAT=0,605.49,-828.01,53.19,-14332.50,20755.00,-1487T=46,,"Package=39,UTC=10:41:52,Lat=N/A,Lng=N/A,Alt=N/A,Ax=605.49,Ay=-828.01,Az=53.19,Gx=-14332.50,Gy=20755.00,Gz=-1487T=46,H=53,SAT=0"
,2025-09-21T02:42:27Z,COM6,,UTC=10:41:52,N/A,N/A,N/A,,,,,,,,,53,SAT=0,778.97,-350.26,-527.77,-36907.50,-20247.50,-1T=46,,"Package=40,UTC=10:41:52,Lat=N/A,Lng=N/A,Alt=N/A,Ax=778.97,Ay=-350.26,Az=-527.77,Gx=-36907.50,Gy=-20247.50,Gz=-1T=46,H=53,SAT=0"
,2025-09-21T02:42:28Z,COM6,,UTC=10:41:52,N/A,N/A,N/A,,,,,,,,47,53,SAT=0,803.13,0.49,-602.68,3727.50,-717.50,-2572.50,,"Package=41,UTC=10:41:52,Lat=N/A,Lng=N/A,Alt=N/A,Ax=803.13,Ay=0.49,Az=-602.68,Gx=3727.50,Gy=-717.50,Gz=-2572.50,T=47,H=53,SAT=0"
,2025-09-21T02:42:29Z,COM6,,UTC=10:41:52,N/A,N/A,N/A,,,,,,,,,53,SAT=0,825.33,57.58,-556.81,10622.50,-5320.00,1207.5T=47,,"Package=42,UTC=10:41:52,Lat=N/A,Lng=N/A,Alt=N/A,Ax=825.33,Ay=57.58,Az=-556.81,Gx=10622.50,Gy=-5320.00,Gz=1207.5T=47,H=53,SAT=0"
,2025-09-21T02:42:30Z,COM6,,UTC=10:41:52,N/A,N/A,N/A,,,,,,,,,53,SAT=0,821.91,31.60,-580.23,-11777.50,682.50,6177.50T=47,,"Package=43,UTC=10:41:52,Lat=N/A,Lng=N/A,Alt=N/A,Ax=821.91,Ay=31.60,Az=-580.23,Gx=-11777.50,Gy=682.50,Gz=6177.50T=47,H=53,SAT=0"
,2025-09-21T02:42:31Z,COM6,,UTC=10:41:52,N/A,N/A,N/A,,,,,,,,,53,SAT=0,813.74,-21.84,-572.30,6055.00,-4427.50,-7017.T=47,,"Package=44,UTC=10:41:52,Lat=N/A,Lng=N/A,Alt=N/A,Ax=813.74,Ay=-21.84,Az=-572.30,Gx=6055.00,Gy=-4427.50,Gz=-7017.T=47,H=53,SAT=0"
,2025-09-21T02:42:32Z,COM6,,UTC=10:41:52,N/A,N/A,N/A,,,,,,,,,53,SAT=0,816.18,-13.30,-563.40,3360.00,-3727.50,2730.0T=47,,"Package=45,UTC=10:41:52,Lat=N/A,Lng=N/A,Alt=N/A,Ax=816.18,Ay=-13.30,Az=-563.40,Gx=3360.00,Gy=-3727.50,Gz=2730.0T=47,H=53,SAT=0"
,2025-09-21T02:42:33Z,COM6,,UTC=10:41:52,N/A,N/A,N/A,,,,,,,,,53,SAT=0,817.16,-4.64,-566.69,-1890.00,-210.00,2310.00T=47,,"Package=46,UTC=10:41:52,Lat=N/A,Lng=N/A,Alt=N/A,Ax=817.16,Ay=-4.64,Az=-566.69,Gx=-1890.00,Gy=-210.00,Gz=2310.00T=47,H=53,SAT=0"
,2025-09-21T02:42:34Z,COM6,,UTC=10:41:52,N/A,N/A,N/A,,,,,,,,47,53,SAT=0,807.76,7.81,-574.13,1540.00,4235.00,10150.00,,"Package=47,UTC=10:41:52,Lat=N/A,Lng=N/A,Alt=N/A,Ax=807.76,Ay=7.81,Az=-574.13,Gx=1540.00,Gy=4235.00,Gz=10150.00,T=47,H=53,SAT=0"
,2025-09-21T02:42:35Z,COM6,,UTC=10:41:52,N/A,N/A,N/A,,,,,,,,,53,SAT=0,818.38,-14.27,-568.52,1295.00,-2730.00,-1785.T=47,,"Package=48,UTC=10:41:52,Lat=N/A,Lng=N/A,Alt=N/A,Ax=818.38,Ay=-14.27,Az=-568.52,Gx=1295.00,Gy=-2730.00,Gz=-1785.T=47,H=53,SAT=0"
,2025-09-21T02:42:36Z,COM6,,UTC=10:41:52,N/A,N/A,N/A,,,,,,,,47,53,SAT=0,818.62,-21.23,-567.06,245.00,-1890.00,87.50,,"Package=49,UTC=10:41:52,Lat=N/A,Lng=N/A,Alt=N/A,Ax=818.62,Ay=-21.23,Az=-567.06,Gx=245.00,Gy=-1890.00,Gz=87.50,T=47,H=53,SAT=0"
,2025-09-21T02:42:37Z,COM6,,UTC=10:41:52,N/A,N/A,N/A,,,,,,,,47,53,SAT=0,818.99,-30.50,-554.37,105.00,-87.50,-2310.00,,"Package=50,UTC=10:41:52,Lat=N/A,Lng=N/A,Alt=N/A,Ax=818.99,Ay=-30.50,Az=-554.37,Gx=105.00,Gy=-87.50,Gz=-2310.00,T=47,H=53,SAT=0"
,2025-09-21T02:42:38Z,COM6,,UTC=10:41:52,N/A,N/A,N/A,,,,,,,,47,53,SAT=0,824.35,-27.57,-549.24,1172.50,1277.50,122.50,,"Package=51,UTC=10:41:52,Lat=N/A,Lng=N/A,Alt=N/A,Ax=824.35,Ay=-27.57,Az=-549.24,Gx=1172.50,Gy=1277.50,Gz=122.50,T=47,H=53,SAT=0"
,2025-09-21T02:42:39Z,COM6,,UTC=10:41:52,N/A,N/A,N/A,,,,,,,,,53,SAT=0,835.46,-27.33,-545.95,-1120.00,-840.00,-752.5T=47,,"Package=52,UTC=10:41:52,Lat=N/A,Lng=N/A,Alt=N/A,Ax=835.46,Ay=-27.33,Az=-545.95,Gx=-1120.00,Gy=-840.00,Gz=-752.5T=47,H=53,SAT=0"
,2025-09-21T02:42:40Z,COM6,,UTC=10:41:52,N/A,N/A,N/A,,,,,,,,,53,SAT=0,840.09,-62.46,-520.33,3937.50,5827.50,1697.50T=47,,"Package=53,UTC=10:41:52,Lat=N/A,Lng=N/A,Alt=N/A,Ax=840.09,Ay=-62.46,Az=-520.33,Gx=3937.50,Gy=5827.50,Gz=1697.50T=47,H=53,SAT=0"
,2025-09-21T02:42:41Z,COM6,,UTC=10:41:52,N/A,N/A,N/A,,,,,,,,,53,SAT=0,869.13,-85.40,-479.46,4970.00,3850.00,6440.00T=47,,"Package=54,UTC=10:41:52,Lat=N/A,Lng=N/A,Alt=N/A,Ax=869.13,Ay=-85.40,Az=-479.46,Gx=4970.00,Gy=3850.00,Gz=6440.00T=47,H=53,SAT=0"
,2025-09-21T02:42:42Z,COM6,,UTC=10:41:52,N/A,N/A,N/A,,,,,,,,,53,SAT=0,882.91,-83.20,-450.55,2467.50,2310.00,2082.50T=47,,"Package=55,UTC=10:41:52,Lat=N/A,Lng=N/A,Alt=N/A,Ax=882.91,Ay=-83.20,Az=-450.55,Gx=2467.50,Gy=2310.00,Gz=2082.50T=47,H=53,SAT=0"
,2025-09-21T02:42:43Z,COM6,,UTC=10:41:52,N/A,N/A,N/A,,,,,,,,,53,SAT=0,884.01,-81.74,-441.64,-4235.00,192.50,-857.50T=47,,"Package=56,UTC=10:41:52,Lat=N/A,Lng=N/A,Alt=N/A,Ax=884.01,Ay=-81.74,Az=-441.64,Gx=-4235.00,Gy=192.50,Gz=-857.50T=47,H=53,SAT=0"
,2025-09-21T02:42:44Z,COM6,,UTC=10:41:52,N/A,N/A,N/A,,,,,,,,,53,SAT=0,879.13,-76.98,-461.16,3167.50,-2117.50,-245.0T=47,,"Package=57,UTC=10:41:52,Lat=N/A,Lng=N/A,Alt=N/A,Ax=879.13,Ay=-76.98,Az=-461.16,Gx=3167.50,Gy=-2117.50,Gz=-245.0T=47,H=53,SAT=0"
,2025-09-21T02:42:45Z,COM6,,UTC=10:41:52,N/A,N/A,N/A,,,,,,,,47,52,SAT=0,885.23,-92.96,-439.57,-262.50,105.00,-490.00,,"Package=58,UTC=10:41:52,Lat=N/A,Lng=N/A,Alt=N/A,Ax=885.23,Ay=-92.96,Az=-439.57,Gx=-262.50,Gy=105.00,Gz=-490.00,T=47,H=52,SAT=0"
,2025-09-21T02:42:46Z,COM6,,UTC=10:41:52,N/A,N/A,N/A,,,,,,,,47,52,SAT=0,892.06,-93.45,-436.15,1242.50,-472.50,315.00,,"Package=59,UTC=10:41:52,Lat=N/A,Lng=N/A,Alt=N/A,Ax=892.06,Ay=-93.45,Az=-436.15,Gx=1242.50,Gy=-472.50,Gz=315.00,T=47,H=52,SAT=0"
,2025-09-21T02:42:47Z,COM6,,UTC=10:41:52,N/A,N/A,N/A,,,,,,,,47,52,SAT=0,897.07,-98.33,-423.71,1785.00,-560.00,402.50,,"Package=60,UTC=10:41:52,Lat=N/A,Lng=N/A,Alt=N/A,Ax=897.07,Ay=-98.33,Az=-423.71,Gx=1785.00,Gy=-560.00,Gz=402.50,T=47,H=52,SAT=0"
,2025-09-21T02:42:48Z,COM6,,UTC=10:41:52,N/A,N/A,N/A,,,,,,,,,52,SAT=0,894.75,-99.80,-425.05,262.50,-595.00,-2327.50T=47,,"Package=61,UTC=10:41:52,Lat=N/A,Lng=N/A,Alt=N/A,Ax=894.75,Ay=-99.80,Az=-425.05,Gx=262.50,Gy=-595.00,Gz=-2327.50T=47,H=52,SAT=0"
,2025-09-21T02:42:49Z,COM6,,UTC=10:41:52,N/A,N/A,N/A,,,,,,,,,52,SAT=0,905.85,-114.80,-408.82,-1540.00,560.00,1347.5T=47,,"Package=62,UTC=10:41:52,Lat=N/A,Lng=N/A,Alt=N/A,Ax=905.85,Ay=-114.80,Az=-408.82,Gx=-1540.00,Gy=560.00,Gz=1347.5T=47,H=52,SAT=0"
,2025-09-21T02:42:50Z,COM6,,UTC=10:41:52,N/A,N/A,N/A,,,,,,,,,52,SAT=0,903.90,-69.78,-433.59,2222.50,-2222.50,367.50T=47,,"Package=63,UTC=10:41:52,Lat=N/A,Lng=N/A,Alt=N/A,Ax=903.90,Ay=-69.78,Az=-433.59,Gx=2222.50,Gy=-2222.50,Gz=367.50T=47,H=52,SAT=0"
,2025-09-21T02:42:52Z,COM6,,UTC=10:41:52,N/A,N/A,N/A,,,,,,,,47,52,SAT=0,922.20,-69.30,-380.27,1015.00,-17.50,3780.00,,"Package=65,UTC=10:41:52,Lat=N/A,Lng=N/A,Alt=N/A,Ax=922.20,Ay=-69.30,Az=-380.27,Gx=1015.00,Gy=-17.50,Gz=3780.00,T=47,H=52,SAT=0"
,2025-09-21T02:42:53Z,COM6,,UTC=10:41:52,N/A,N/A,N/A,,,,,,,,,52,SAT=0,931.10,-83.20,-364.54,6265.00,-7192.50,-10482T=47,,"Package=66,UTC=10:41:52,Lat=N/A,Lng=N/A,Alt=N/A,Ax=931.10,Ay=-83.20,Az=-364.54,Gx=6265.00,Gy=-7192.50,Gz=-10482T=47,H=52,SAT=0"
,2025-09-21T02:42:54Z,COM6,,UTC=10:41:52,N/A,N/A,N/A,,,,,,,,,52,SAT=0,943.55,-176.17,-263.03,4725.00,8907.50,11095.T=47,,"Package=67,UTC=10:41:52,Lat=N/A,Lng=N/A,Alt=N/A,Ax=943.55,Ay=-176.17,Az=-263.03,Gx=4725.00,Gy=8907.50,Gz=11095.T=47,H=52,SAT=0"
,2025-09-21T02:42:55Z,COM6,,UTC=10:41:52,N/A,N/A,N/A,,,,,,,,,52,SAT=0,934.52,-166.53,-195.69,57225.00,9467.50,-1881T=47,,"Package=68,UTC=10:41:52,Lat=N/A,Lng=N/A,Alt=N/A,Ax=934.52,Ay=-166.53,Az=-195.69,Gx=57225.00,Gy=9467.50,Gz=-1881T=47,H=52,SAT=0"
,2025-09-21T02:42:56Z,COM6,,UTC=10:41:52,N/A,N/A,N/A,,,,,,,,,52,SAT=0,981.73,-73.32,112.00,63997.50,-5547.50,-23747T=47,,"Package=69,UTC=10:41:52,Lat=N/A,Lng=N/A,Alt=N/A,Ax=981.73,Ay=-73.32,Az=112.00,Gx=63997.50,Gy=-5547.50,Gz=-23747T=47,H=52,SAT=0"
,2025-09-21T02:42:57Z,COM6,,UTC=10:41:52,N/A,N/A,N/A,,,,,,,,,52,SAT=0,885.72,-214.48,-56.36,-3640.00,2537.50,69177.T=47,,"Package=70,UTC=10:41:52,Lat=N/A,Lng=N/A,Alt=N/A,Ax=885.72,Ay=-214.48,Az=-56.36,Gx=-3640.00,Gy=2537.50,Gz=69177.T=47,H=52,SAT=0"
,2025-09-21T02:42:58Z,COM6,,UTC=10:41:52,N/A,N/A,N/A,,,,,,,,,52,SAT=0,956.85,-457.38,-154.94,29680.00,29347.50,8237T=47,,"Package=71,UTC=10:41:52,Lat=N/A,Lng=N/A,Alt=N/A,Ax=956.85,Ay=-457.38,Az=-154.94,Gx=29680.00,Gy=29347.50,Gz=8237T=47,H=52,SAT=0"
,2025-09-21T02:42:59Z,COM6,,UTC=10:41:52,N/A,N/A,N/A,,,,,,,,,52,SAT=0,-577.43,-712.24,192.27,12057.50,16607.50,4049T=47,,"Package=72,UTC=10:41:52,Lat=N/A,Lng=N/A,Alt=N/A,Ax=-577.43,Ay=-712.24,Az=192.27,Gx=12057.50,Gy=16607.50,Gz=4049T=47,H=52,SAT=0"
,2025-09-21T02:43:01Z,COM6,,UTC=10:41:52,N/A,N/A,N/A,,,,,,,,,52,SAT=0,737.49,-524.48,182.39,39445.00,-19687.50,-839T=47,,"Package=74,UTC=10:41:52,Lat=N/A,Lng=N/A,Alt=N/A,Ax=737.49,Ay=-524.48,Az=182.39,Gx=39445.00,Gy=-19687.50,Gz=-839T=47,H=52,SAT=0"
,2025-09-21T02:43:02Z,COM6,,UTC=10:41:52,N/A,N/A,N/A,,,,,,,,47,52,SAT=0,1062.50,-22.57,85.64,7577.50,245.00,-4480.00,,"Package=75,UTC=10:41:52,Lat=N/A,Lng=N/A,Alt=N/A,Ax=1062.50,Ay=-22.57,Az=85.64,Gx=7577.50,Gy=245.00,Gz=-4480.00,T=47,H=52,SAT=0"
,2025-09-21T02:43:03Z,COM6,,UTC=10:41:52,N/A,N/A,N/A,,,,,,,,,52,SAT=0,995.28,24.40,38.80,-8820.00,-7892.50,-17955.0T=47,,"Package=76,UTC=10:41:52,Lat=N/A,Lng=N/A,Alt=N/A,Ax=995.28,Ay=24.40,Az=38.80,Gx=-8820.00,Gy=-7892.50,Gz=-17955.0T=47,H=52,SAT=0"
,2025-09-21T02:43:04Z,COM6,,UTC=10:41:52,N/A,N/A,N/A,,,,,,,,47,52,SAT=0,998.69,4.15,32.33,157.50,1032.50,-105.00,,"Package=77,UTC=10:41:52,Lat=N/A,Lng=N/A,Alt=N/A,Ax=998.69,Ay=4.15,Az=32.33,Gx=157.50,Gy=1032.50,Gz=-105.00,T=47,H=52,SAT=0"
,2025-09-21T02:43:05Z,COM6,,UTC=10:41:52,N/A,N/A,N/A,,,,,,,,47,52,SAT=0,998.45,4.88,33.18,17.50,-717.50,175.00,,"Package=78,UTC=10:41:52,Lat=N/A,Lng=N/A,Alt=N/A,Ax=998.45,Ay=4.88,Az=33.18,Gx=17.50,Gy=-717.50,Gz=175.00,T=47,H=52,SAT=0"
,2025-09-21T02:43:06Z,COM6,,UTC=10:41:52,N/A,N/A,N/A,,,,,,,,,52,SAT=0,1008.09,-6.10,14.27,1610.00,16292.50,-11445.0T=47,,"Package=79,UTC=10:41:52,Lat=N/A,Lng=N/A,Alt=N/A,Ax=1008.09,Ay=-6.10,Az=14.27,Gx=1610.00,Gy=16292.50,Gz=-11445.0T=47,H=52,SAT=0"
,2025-09-21T02:43:07Z,COM6,,UTC=10:41:52,N/A,N/A,N/A,,,,,,,,47,52,SAT=0,998.20,4.03,32.45,-17.50,-787.50,157.50,,"Package=80,UTC=10:41:52,Lat=N/A,Lng=N/A,Alt=N/A,Ax=998.20,Ay=4.03,Az=32.45,Gx=-17.50,Gy=-787.50,Gz=157.50,T=47,H=52,SAT=0"
,2025-09-21T02:43:08Z,COM6,,UTC=10:41:52,N/A,N/A,N/A,,,,,,,,47,52,SAT=0,997.72,3.17,33.43,-17.50,-2082.50,-735.00,,"Package=81,UTC=10:41:52,Lat=N/A,Lng=N/A,Alt=N/A,Ax=997.72,Ay=3.17,Az=33.43,Gx=-17.50,Gy=-2082.50,Gz=-735.00,T=47,H=52,SAT=0"
,2025-09-21T02:43:09Z,COM6,,UTC=10:41:52,N/A,N/A,N/A,,,,,,,,47,52,SAT=0,998.45,4.39,32.70,-17.50,-892.50,0.00,,"Package=82,UTC=10:41:52,Lat=N/A,Lng=N/A,Alt=N/A,Ax=998.45,Ay=4.39,Az=32.70,Gx=-17.50,Gy=-892.50,Gz=0.00,T=47,H=52,SAT=0"
,2025-09-21T02:43:10Z,COM6,,UTC=10:41:52,N/A,N/A,N/A,,,,,,,,47,52,SAT=0,998.45,4.03,32.45,35.00,-665.00,-70.00,,"Package=83,UTC=10:41:52,Lat=N/A,Lng=N/A,Alt=N/A,Ax=998.45,Ay=4.03,Az=32.45,Gx=35.00,Gy=-665.00,Gz=-70.00,T=47,H=52,SAT=0"
,2025-09-21T02:43:11Z,COM6,,UTC=10:41:52,N/A,N/A,N/A,,,,,,,,47,52,SAT=0,998.33,4.03,32.70,0.00,-647.50,-35.00,,"Package=84,UTC=10:41:52,Lat=N/A,Lng=N/A,Alt=N/A,Ax=998.33,Ay=4.03,Az=32.70,Gx=0.00,Gy=-647.50,Gz=-35.00,T=47,H=52,SAT=0"
,2025-09-21T02:43:12Z,COM6,,UTC=10:41:52,N/A,N/A,N/A,,,,,,,,47,52,SAT=0,998.20,4.27,32.57,35.00,-700.00,-52.50,,"Package=85,UTC=10:41:52,Lat=N/A,Lng=N/A,Alt=N/A,Ax=998.20,Ay=4.27,Az=32.57,Gx=35.00,Gy=-700.00,Gz=-52.50,T=47,H=52,SAT=0"
,2025-09-21T02:43:13Z,COM6,,UTC=10:41:52,N/A,N/A,N/A,,,,,,,,47,52,SAT=0,998.33,4.15,32.33,70.00,-682.50,-35.00,,"Package=86,UTC=10:41:52,Lat=N/A,Lng=N/A,Alt=N/A,Ax=998.33,Ay=4.15,Az=32.33,Gx=70.00,Gy=-682.50,Gz=-35.00,T=47,H=52,SAT=0"
,2025-09-21T02:43:14Z,COM6,,UTC=10:41:52,N/A,N/A,N/A,,,,,,,,48,52,SAT=0,998.45,4.27,32.45,105.00,-630.00,-17.50,,"Package=87,UTC=10:41:52,Lat=N/A,Lng=N/A,Alt=N/A,Ax=998.45,Ay=4.27,Az=32.45,Gx=105.00,Gy=-630.00,Gz=-17.50,T=48,H=52,SAT=0"
,2025-09-21T02:43:15Z,COM6,,UTC=10:41:52,N/A,N/A,N/A,,,,,,,,48,52,SAT=0,998.45,4.39,32.33,35.00,-682.50,0.00,,"Package=88,UTC=10:41:52,Lat=N/A,Lng=N/A,Alt=N/A,Ax=998.45,Ay=4.39,Az=32.33,Gx=35.00,Gy=-682.50,Gz=0.00,T=48,H=52,SAT=0"
,2025-09-21T02:43:16Z,COM6,,UTC=10:41:52,N/A,N/A,N/A,,,,,,,,48,52,SAT=0,998.45,4.15,32.33,-35.00,-717.50,-17.50,,"Package=89,UTC=10:41:52,Lat=N/A,Lng=N/A,Alt=N/A,Ax=998.45,Ay=4.15,Az=32.33,Gx=-35.00,Gy=-717.50,Gz=-17.50,T=48,H=52,SAT=0"
,2025-09-21T02:43:17Z,COM6,,UTC=10:41:52,N/A,N/A,N/A,,,,,,,,48,52,SAT=0,998.33,4.39,32.45,70.00,-700.00,17.50,,"Package=90,UTC=10:41:52,Lat=N/A,Lng=N/A,Alt=N/A,Ax=998.33,Ay=4.39,Az=32.45,Gx=70.00,Gy=-700.00,Gz=17.50,T=48,H=52,SAT=0"
,2025-09-21T02:43:18Z,COM6,,UTC=10:41:52,N/A,N/A,N/A,,,,,,,,48,52,SAT=0,1000.16,-5.12,26.96,-122.50,4497.50,-6475.00,,"Package=91,UTC=10:41:52,Lat=N/A,Lng=N/A,Alt=N/A,Ax=1000.16,Ay=-5.12,Az=26.96,Gx=-122.50,Gy=4497.50,Gz=-6475.00,T=48,H=52,SAT=0"
,2025-09-21T02:43:19Z,COM6,,UTC=10:41:52,N/A,N/A,N/A,,,,,,,,,52,SAT=0,957.21,-9.27,-147.01,42735.00,-25130.00,-1349T=48,,"Package=92,UTC=10:41:52,Lat=N/A,Lng=N/A,Alt=N/A,Ax=957.21,Ay=-9.27,Az=-147.01,Gx=42735.00,Gy=-25130.00,Gz=-1349T=48,H=52,SAT=0"
,2025-09-21T02:43:20Z,COM6,,UTC=10:41:52,N/A,N/A,N/A,,,,,,,,,52,SAT=0,967.95,-116.51,-127.86,-35735.00,9625.00,7017T=48,,"Package=93,UTC=10:41:52,Lat=N/A,Lng=N/A,Alt=N/A,Ax=967.95,Ay=-116.51,Az=-127.86,Gx=-35735.00,Gy=9625.00,Gz=7017T=48,H=52,SAT=0"
,2025-09-21T02:43:21Z,COM6,,UTC=10:41:52,N/A,N/A,N/A,,,,,,,,,52,SAT=0,1016.75,-155.92,-43.92,-14367.50,245.00,8715.T=48,,"Package=94,UTC=10:41:52,Lat=N/A,Lng=N/A,Alt=N/A,Ax=1016.75,Ay=-155.92,Az=-43.92,Gx=-14367.50,Gy=245.00,Gz=8715.T=48,H=52,SAT=0"
,2025-09-21T02:43:22Z,COM6,,UTC=10:41:52,N/A,N/A,N/A,,,,,,,,,52,SAT=0,987.83,-41.97,-190.44,82547.50,-9747.50,-1163T=48,,"Package=95,UTC=10:41:52,Lat=N/A,Lng=N/A,Alt=N/A,Ax=987.83,Ay=-41.97,Az=-190.44,Gx=82547.50,Gy=-9747.50,Gz=-1163T=48,H=52,SAT=0"
,2025-09-21T02:43:23Z,COM6,,UTC=10:41:52,N/A,N/A,N/A,,,,,,,,,52,SAT=0,947.70,-114.19,-345.99,-32830.00,-59780.00,64T=48,,"Package=96,UTC=10:41:52,Lat=N/A,Lng=N/A,Alt=N/A,Ax=947.70,Ay=-114.19,Az=-345.99,Gx=-32830.00,Gy=-59780.00,Gz=64T=48,H=52,SAT=0"
,2025-09-21T02:43:24Z,COM6,,UTC=10:41:52,N/A,N/A,N/A,,,,,,,,,52,SAT=0,929.76,-343.31,-245.46,114502.50,19232.50,946T=48,,"Package=97,UTC=10:41:52,Lat=N/A,Lng=N/A,Alt=N/A,Ax=929.76,Ay=-343.31,Az=-245.46,Gx=114502.50,Gy=19232.50,Gz=946T=48,H=52,SAT=0"
,2025-09-21T02:43:25Z,COM6,,UTC=10:41:52,N/A,N/A,N/A,,,,,,,,,52,SAT=0,625.86,-353.92,733.22,2187.50,-595.00,20912.5T=48,,"Package=98,UTC=10:41:52,Lat=N/A,Lng=N/A,Alt=N/A,Ax=625.86,Ay=-353.92,Az=733.22,Gx=2187.50,Gy=-595.00,Gz=20912.5T=48,H=52,SAT=0"
,2025-09-21T02:43:26Z,COM6,,UTC=10:41:52,N/A,N/A,N/A,,,,,,,,,52,SAT=0,513.62,-423.46,832.53,-34632.50,-1592.50,2747T=48,,"Package=99,UTC=10:41:52,Lat=N/A,Lng=N/A,Alt=N/A,Ax=513.62,Ay=-423.46,Az=832.53,Gx=-34632.50,Gy=-1592.50,Gz=2747T=48,H=52,SAT=0"
,2025-09-21T02:43:27Z,COM6,,UTC=10:41:52,N/A,N/A,N/A,,,,,,,,,52,SAT=0,509.35,-385.52,787.88,43487.50,2257.50,88410.T=48,,"Package=100,UTC=10:41:52,Lat=N/A,Lng=N/A,Alt=N/A,Ax=509.35,Ay=-385.52,Az=787.88,Gx=43487.50,Gy=2257.50,Gz=88410.T=48,H=52,SAT=0"
,2025-09-21T02:43:30Z,COM6,,UTC=NO_TIME,N/A,N/A,N/A,,,,,,,,,61,SAT=0,360.75,-597.31,778.36,-3255.00,-83545.00,3692T=48,,"Package=1,UTC=NO_TIME,Lat=N/A,Lng=N/A,Alt=N/A,Ax=360.75,Ay=-597.31,Az=778.36,Gx=-3255.00,Gy=-83545.00,Gz=3692T=48,H=61,SAT=0"
,2025-09-21T02:43:31Z,COM6,,UTC=NO_TIME,N/A,N/A,N/A,,,,,,,,,52,SAT=0,572.18,-554.73,643.18,27177.50,24360.00,39935T=48,,"Package=2,UTC=NO_TIME,Lat=N/A,Lng=N/A,Alt=N/A,Ax=572.18,Ay=-554.73,Az=643.18,Gx=27177.50,Gy=24360.00,Gz=39935T=48,H=52,SAT=0"
,2025-09-21T02:43:33Z,COM6,,UTC=10:43:30,0.80,120.292503,23.106928,,,,,,,,48,52,SAT=6,9.76,-419.31,926.59,89617.50,647.50,2677.50,,"Package=3,UTC=10:43:30,Lat=23.106928,Lng=120.292503,Alt=0.80,Ax=9.76,Ay=-419.31,Az=926.59,Gx=89617.50,Gy=647.50,Gz=2677.50,T=48,H=52,SAT=6"
,2025-09-21T02:43:35Z,COM6,,UTC=10:43:32,26.30,120.292487,23.106715,,,,,,,,,52,SAT=6,-180.19,-168.48,965.26,-7577.50,-1347.50,-836T=48,,"Package=5,UTC=10:43:32,Lat=23.106715,Lng=120.292487,Alt=26.30,Ax=-180.19,Ay=-168.48,Az=965.26,Gx=-7577.50,Gy=-1347.50,Gz=-836T=48,H=52,SAT=6"
,2025-09-21T02:43:36Z,COM6,,UTC=10:43:33,25.20,120.292493,23.106712,,,,,,,,,52,SAT=6,-109.80,-617.56,860.22,-8137.50,1067.50,367.5T=48,,"Package=6,UTC=10:43:33,Lat=23.106712,Lng=120.292493,Alt=25.20,Ax=-109.80,Ay=-617.56,Az=860.22,Gx=-8137.50,Gy=1067.50,Gz=367.5T=48,H=52,SAT=6"
,2025-09-21T02:43:37Z,COM6,,UTC=10:43:34,26.70,120.292502,23.106680,,,,,,,,,52,SAT=6,-97.11,-650.63,784.09,-4060.00,1575.00,787.50T=48,,"Package=7,UTC=10:43:34,Lat=23.106680,Lng=120.292502,Alt=26.70,Ax=-97.11,Ay=-650.63,Az=784.09,Gx=-4060.00,Gy=1575.00,Gz=787.50T=48,H=52,SAT=6"
,2025-09-21T02:43:38Z,COM6,,UTC=10:43:35,27.60,120.292513,23.106655,,,,,,,,,52,SAT=6,-99.43,-666.61,784.22,-2135.00,1067.50,1505.0T=48,,"Package=8,UTC=10:43:35,Lat=23.106655,Lng=120.292513,Alt=27.60,Ax=-99.43,Ay=-666.61,Az=784.22,Gx=-2135.00,Gy=1067.50,Gz=1505.0T=48,H=52,SAT=6"
,2025-09-21T02:43:39Z,COM6,,UTC=10:43:36,2,120.292520,23.106645,,,,,,,,,,,,,,,,,,"Package=9,UTC=10:43:36,Lat=23.106645,Lng=120.292520,Alt=2"
,2025-09-21T02:43:40Z,COM6,,UTC=10:43:37,16.00,120.292498,23.106725,,,,,,,,,52,SAT=7,-108.34,-720.53,728.83,-1242.50,140.00,-3815.T=48,,"Package=10,UTC=10:43:37,Lat=23.106725,Lng=120.292498,Alt=16.00,Ax=-108.34,Ay=-720.53,Az=728.83,Gx=-1242.50,Gy=140.00,Gz=-3815.T=48,H=52,SAT=7"
,2025-09-21T02:43:40Z,COM6,,UTC=10:43:38,,,23.1068,,,,,,,,,,,,,,,,,,"Package=11,UTC=10:43:38,Lat=23.1068"
,2025-09-21T02:43:42Z,COM6,,UTC=10:43:39,3.40,120.292480,23.106790,,,,,,,,,52,SAT=7,-115.41,-732.73,721.14,-2625.00,-1680.00,-612T=48,,"Package=12,UTC=10:43:39,Lat=23.106790,Lng=120.292480,Alt=3.40,Ax=-115.41,Ay=-732.73,Az=721.14,Gx=-2625.00,Gy=-1680.00,Gz=-612T=48,H=52,SAT=7"
,2025-09-21T02:43:43Z,COM6,,UTC=10:43:40,4.00,120.292482,23.106783,,,,,,,,,52,SAT=7,-146.28,-787.27,633.67,297.50,14507.50,8960.0T=48,,"Package=13,UTC=10:43:40,Lat=23.106783,Lng=120.292482,Alt=4.00,Ax=-146.28,Ay=-787.27,Az=633.67,Gx=297.50,Gy=14507.50,Gz=8960.0T=48,H=52,SAT=7"
,2025-09-21T02:43:44Z,COM6,,UTC=10:43:41,3.70,120.292482,23.106775,,,,,,,,,52,SAT=7,-353.07,-791.29,536.80,-14105.00,22347.50,-33T=48,,"Package=14,UTC=10:43:41,Lat=23.106775,Lng=120.292482,Alt=3.70,Ax=-353.07,Ay=-791.29,Az=536.80,Gx=-14105.00,Gy=22347.50,Gz=-33T=48,H=52,SAT=7"
,2025-09-21T02:43:45Z,COM6,,UTC=10:43:42,4.40,120.292483,23.106768,,,,,,,,,52,SAT=7,-358.19,-862.30,466.16,2257.50,-11130.00,4917T=48,,"Package=15,UTC=10:43:42,Lat=23.106768,Lng=120.292483,Alt=4.40,Ax=-358.19,Ay=-862.30,Az=466.16,Gx=2257.50,Gy=-11130.00,Gz=4917T=48,H=52,SAT=7"
,2025-09-21T02:43:46Z,COM6,,UTC=10:43:43,4.30,120.292483,23.106767,,,,,,,,,52,SAT=7,-377.96,-862.78,415.90,-3727.50,-7875.00,8172T=48,,"Package=16,UTC=10:43:43,Lat=23.106767,Lng=120.292483,Alt=4.30,Ax=-377.96,Ay=-862.78,Az=415.90,Gx=-3727.50,Gy=-7875.00,Gz=8172T=48,H=52,SAT=7"
,2025-09-21T02:43:47Z,COM6,,UTC=10:43:44,3.80,120.292485,23.106767,,,,,,,,,52,SAT=7,-396.26,-857.90,417.73,-5950.00,-5302.50,1662T=47,,"Package=17,UTC=10:43:44,Lat=23.106767,Lng=120.292485,Alt=3.80,Ax=-396.26,Ay=-857.90,Az=417.73,Gx=-5950.00,Gy=-5302.50,Gz=1662T=47,H=52,SAT=7"
,2025-09-21T02:43:48Z,COM6,,UTC=10:43:45,3.60,120.292487,23.106770,,,,,,,,,,,,,,,,,,"Package=18,UTC=10:43:45,Lat=23.106770,Lng=120.292487,Alt=3.60,Ax="
,2025-09-21T02:43:49Z,COM6,,UTC=10:43:46,3.60,120.292487,23.106768,,,,,,,,,52,SAT=7,-422.24,-856.20,386.74,-1295.00,-1995.00,-682T=47,,"Package=19,UTC=10:43:46,Lat=23.106768,Lng=120.292487,Alt=3.60,Ax=-422.24,Ay=-856.20,Az=386.74,Gx=-1295.00,Gy=-1995.00,Gz=-682T=47,H=52,SAT=7"
,2025-09-21T02:43:49Z,COM6,,UTC=10:43:47,,1,23.106772,,,,,,,,,,,,,,,,,,"Package=20,UTC=10:43:47,Lat=23.106772,Lng=1"
,2025-09-21T02:43:51Z,COM6,,UTC=10:43:48,3.80,120.292487,23.106773,,,,,,,,,52,SAT=6,-427.37,-854.49,407.24,1120.00,1540.00,-2082.T=47,,"Package=21,UTC=10:43:48,Lat=23.106773,Lng=120.292487,Alt=3.80,Ax=-427.37,Ay=-854.49,Az=407.24,Gx=1120.00,Gy=1540.00,Gz=-2082.T=47,H=52,SAT=6"
,2025-09-21T02:43:53Z,COM6,,UTC=10:43:50,4.10,120.292485,23.106780,,,,,,,,,52,SAT=6,-524.84,-659.17,552.78,27965.00,25025.00,-273T=47,,"Package=23,UTC=10:43:50,Lat=23.106780,Lng=120.292485,Alt=4.10,Ax=-524.84,Ay=-659.17,Az=552.78,Gx=27965.00,Gy=25025.00,Gz=-273T=47,H=52,SAT=6"
,2025-09-21T02:43:54Z,COM6,,UTC=10:43:51,3.90,120.292483,23.106783,,,,,,,,,52,SAT=6,-260.35,-274.99,949.28,-15382.50,-140.00,1989T=47,,"Package=24,UTC=10:43:51,Lat=23.106783,Lng=120.292483,Alt=3.90,Ax=-260.35,Ay=-274.99,Az=949.28,Gx=-15382.50,Gy=-140.00,Gz=1989T=47,H=52,SAT=6"
,2025-09-21T02:43:55Z,COM6,,UTC=10:43:52,3.30,120.292483,23.106788,,,,,,,,,52,SAT=6,-141.28,-148.60,999.18,23450.00,19950.00,-609T=47,,"Package=25,UTC=10:43:52,Lat=23.106788,Lng=120.292483,Alt=3.30,Ax=-141.28,Ay=-148.60,Az=999.18,Gx=23450.00,Gy=19950.00,Gz=-609T=47,H=52,SAT=6"
,2025-09-21T02:43:56Z,COM6,,UTC=10:43:53,3.10,120.292483,23.106785,,,,,,,,,52,SAT=6,-653.43,207.40,730.90,32095.00,-2117.50,-1797T=48,,"Package=26,UTC=10:43:53,Lat=23.106785,Lng=120.292483,Alt=3.10,Ax=-653.43,Ay=207.40,Az=730.90,Gx=32095.00,Gy=-2117.50,Gz=-1797T=48,H=52,SAT=6"
,2025-09-21T02:43:57Z,COM6,,UTC=10:43:54,3.40,120.292483,23.106785,,,,,,,,,52,SAT=6,-497.76,165.43,804.71,-36540.00,-96320.00,164T=47,,"Package=27,UTC=10:43:54,Lat=23.106785,Lng=120.292483,Alt=3.40,Ax=-497.76,Ay=165.43,Az=804.71,Gx=-36540.00,Gy=-96320.00,Gz=164T=47,H=52,SAT=6"
,2025-09-21T02:43:58Z,COM6,,UTC=10:43:55,4.00,120.292485,23.106782,,,,,,,,,51,SAT=6,350.63,161.53,930.37,-10885.00,-13615.00,-322T=47,,"Package=28,UTC=10:43:55,Lat=23.106782,Lng=120.292485,Alt=4.00,Ax=350.63,Ay=161.53,Az=930.37,Gx=-10885.00,Gy=-13615.00,Gz=-322T=47,H=51,SAT=6"
,2025-09-21T02:43:58Z,COM6,,UTC=10:43:56,,120.29248,23.106767,,,,,,,,,,,,,,,,,,"Package=29,UTC=10:43:56,Lat=23.106767,Lng=120.29248"
,2025-09-21T02:44:00Z,COM6,,UTC=10:43:57,9.20,120.292480,23.106753,,,,,,,,,51,SAT=6,297.31,190.20,951.48,-13177.50,-12022.50,-661T=47,,"Package=30,UTC=10:43:57,Lat=23.106753,Lng=120.292480,Alt=9.20,Ax=297.31,Ay=190.20,Az=951.48,Gx=-13177.50,Gy=-12022.50,Gz=-661T=47,H=51,SAT=6"
,2025-09-21T02:44:00Z,COM6,,UTC=10:43:58,,,2,,,,,,,,,,,,,,,,,,"Package=31,UTC=10:43:58,Lat=2"
,2025-09-21T02:44:02Z,COM6,,UTC=10:43:59,10.60,120.292473,23.106742,,,,,,,,,51,SAT=6,227.16,56.97,965.02,-9502.50,-11672.50,-27737T=48,,"Package=32,UTC=10:43:59,Lat=23.106742,Lng=120.292473,Alt=10.60,Ax=227.16,Ay=56.97,Az=965.02,Gx=-9502.50,Gy=-11672.50,Gz=-27737T=48,H=51,SAT=6"
,2025-09-21T02:44:03Z,COM6,,UTC=10:44:0,11.20,120.292475,23.106742,,,,,,,,,51,SAT=6,177.02,27.94,993.45,7192.50,-20265.00,29085.0T=48,,"Package=33,UTC=10:44:0,Lat=23.106742,Lng=120.292475,Alt=11.20,Ax=177.02,Ay=27.94,Az=993.45,Gx=7192.50,Gy=-20265.00,Gz=29085.0T=48,H=51,SAT=6"
,2025-09-21T02:44:04Z,COM6,,UTC=10:44:1,11.60,120.292480,23.106735,,,,,,,,,51,SAT=6,196.66,114.44,966.73,4900.00,13510.00,21105.0T=48,,"Package=34,UTC=10:44:1,Lat=23.106735,Lng=120.292480,Alt=11.60,Ax=196.66,Ay=114.44,Az=966.73,Gx=4900.00,Gy=13510.00,Gz=21105.0T=48,H=51,SAT=6"
,2025-09-21T02:44:05Z,COM6,,UTC=10:44:2,12.80,120.292482,23.106727,,,,,,,,,51,SAT=6,156.65,182.15,945.26,-25235.00,-14997.50,-579T=49,,"Package=35,UTC=10:44:2,Lat=23.106727,Lng=120.292482,Alt=12.80,Ax=156.65,Ay=182.15,Az=945.26,Gx=-25235.00,Gy=-14997.50,Gz=-579T=49,H=51,SAT=6"
,2025-09-21T02:44:06Z,COM6,,UTC=10:44:3,13.60,120.292483,23.106720,,,,,,,,,51,SAT=6,-268.40,-171.53,930.74,26442.50,97527.50,-327T=49,,"Package=36,UTC=10:44:3,Lat=23.106720,Lng=120.292483,Alt=13.60,Ax=-268.40,Ay=-171.53,Az=930.74,Gx=26442.50,Gy=97527.50,Gz=-327T=49,H=51,SAT=6"
,2025-09-21T02:44:07Z,COM6,,UTC=10:44:4,14.60,120.292490,23.106710,,,,,,,,,51,SAT=6,-421.39,-271.45,859.98,-2695.00,-25602.50,-13T=49,,"Package=37,UTC=10:44:4,Lat=23.106710,Lng=120.292490,Alt=14.60,Ax=-421.39,Ay=-271.45,Az=859.98,Gx=-2695.00,Gy=-25602.50,Gz=-13T=49,H=51,SAT=6"
,2025-09-21T02:44:08Z,COM6,,UTC=10:44:5,15.,120.292498,23.106693,,,,,,,,,,,,,,,,,,"Package=38,UTC=10:44:5,Lat=23.106693,Lng=120.292498,Alt=15."
,2025-09-21T02:44:09Z,COM6,,UTC=10:44:6,17.00,120.292500,23.106697,,,,,,,,,51,SAT=6,128.83,-369.78,925.25,8067.50,-8032.50,1295.0T=49,,"Package=39,UTC=10:44:6,Lat=23.106697,Lng=120.292500,Alt=17.00,Ax=128.83,Ay=-369.78,Az=925.25,Gx=8067.50,Gy=-8032.50,Gz=1295.0T=49,H=51,SAT=6"
,2025-09-21T02:44:09Z,COM6,,UTC=10:44:7,,,23.106687,,,,,,,,,,,,,,,,,,"Package=40,UTC=10:44:7,Lat=23.106687,"
,2025-09-21T02:44:11Z,COM6,,UTC=10:44:8,19.90,120.292512,23.106675,,,,,,,,,51,SAT=7,82.23,-194.35,997.59,4235.00,-1715.00,-4357.5T=49,,"Package=41,UTC=10:44:8,Lat=23.106675,Lng=120.292512,Alt=19.90,Ax=82.23,Ay=-194.35,Az=997.59,Gx=4235.00,Gy=-1715.00,Gz=-4357.5T=49,H=51,SAT=7"
,2025-09-21T02:44:12Z,COM6,,UTC=10:44:9,21.40,120.292518,23.106660,,,,,,,,,51,SAT=7,-28.55,-177.39,1060.30,12197.50,24115.00,-145T=49,,"Package=42,UTC=10:44:9,Lat=23.106660,Lng=120.292518,Alt=21.40,Ax=-28.55,Ay=-177.39,Az=1060.30,Gx=12197.50,Gy=24115.00,Gz=-145T=49,H=51,SAT=7"
,2025-09-21T02:44:13Z,COM6,,UTC=10:44:10,22.30,120.292520,23.106658,,,,,,,,,51,SAT=7,-303.54,-255.71,894.50,-13300.00,-16065.00,14T=49,,"Package=43,UTC=10:44:10,Lat=23.106658,Lng=120.292520,Alt=22.30,Ax=-303.54,Ay=-255.71,Az=894.50,Gx=-13300.00,Gy=-16065.00,Gz=14T=49,H=51,SAT=7"
,2025-09-21T02:44:14Z,COM6,,UTC=10:44:11,21.50,120.292525,23.106655,,,,,,,,,51,SAT=6,-302.56,-223.02,962.34,-18305.00,8050.00,-123T=49,,"Package=44,UTC=10:44:11,Lat=23.106655,Lng=120.292525,Alt=21.50,Ax=-302.56,Ay=-223.02,Az=962.34,Gx=-18305.00,Gy=8050.00,Gz=-123T=49,H=51,SAT=6"
,2025-09-21T02:44:15Z,COM6,,UTC=10:44:12,22.00,120.292528,23.106645,,,,,,,,,51,SAT=7,-283.41,-226.92,975.88,-5950.00,-5985.00,-411T=49,,"Package=45,UTC=10:44:12,Lat=23.106645,Lng=120.292528,Alt=22.00,Ax=-283.41,Ay=-226.92,Az=975.88,Gx=-5950.00,Gy=-5985.00,Gz=-411T=49,H=51,SAT=7"
,2025-09-21T02:44:16Z,COM6,,UTC=10:44:13,22.30,120.292527,23.106645,,,,,,,,,51,SAT=7,-291.82,-211.18,936.35,12530.00,2100.00,-2485T=49,,"Package=46,UTC=10:44:13,Lat=23.106645,Lng=120.292527,Alt=22.30,Ax=-291.82,Ay=-211.18,Az=936.35,Gx=12530.00,Gy=2100.00,Gz=-2485T=49,H=51,SAT=7"
,2025-09-21T02:44:17Z,COM6,,UTC=10:44:14,23.10,120.292528,23.106635,,,,,,,,,51,SAT=7,-231.31,-147.86,979.54,-332.50,-1155.00,2170.T=49,,"Package=47,UTC=10:44:14,Lat=23.106635,Lng=120.292528,Alt=23.10,Ax=-231.31,Ay=-147.86,Az=979.54,Gx=-332.50,Gy=-1155.00,Gz=2170.T=49,H=51,SAT=7"
,2025-09-21T02:44:18Z,COM6,,UTC=10:44:15,23.40,120.292527,23.106633,,,,,,,,49,51,SAT=7,-229.60,-157.14,974.41,-857.50,822.50,280.00,,"Package=48,UTC=10:44:15,Lat=23.106633,Lng=120.292527,Alt=23.40,Ax=-229.60,Ay=-157.14,Az=974.41,Gx=-857.50,Gy=822.50,Gz=280.00,T=49,H=51,SAT=7"
,2025-09-21T02:44:19Z,COM6,,UTC=10:44:16,23.60,120.292525,23.106633,,,,,,,,,,,,,,,,,,"Package=49,UTC=10:44:16,Lat=23.106633,Lng=120.292525,Alt=23.60,A"
,2025-09-21T02:44:20Z,COM6,,UTC=10:44:17,24.20,120.292523,23.106628,,,,,,,,,51,SAT=7,-216.67,-156.65,982.22,-2345.00,-2187.50,2590T=49,,"Package=50,UTC=10:44:17,Lat=23.106628,Lng=120.292523,Alt=24.20,Ax=-216.67,Ay=-156.65,Az=982.22,Gx=-2345.00,Gy=-2187.50,Gz=2590T=49,H=51,SAT=7"
,2025-09-21T02:44:20Z,COM6,,UTC=10:44:18,,,23.106628,,,,,,,,,,,,,,,,,,"Package=51,UTC=10:44:18,Lat=23.106628,Lng="
,2025-09-21T02:44:22Z,COM6,,UTC=10:44:19,24.10,120.292523,23.106628,,,,,,,,,51,SAT=7,-218.01,-148.84,985.15,-5635.00,-2397.50,157.T=49,,"Package=52,UTC=10:44:19,Lat=23.106628,Lng=120.292523,Alt=24.10,Ax=-218.01,Ay=-148.84,Az=985.15,Gx=-5635.00,Gy=-2397.50,Gz=157.T=49,H=51,SAT=7"
,2025-09-21T02:44:22Z,COM6,,UTC=10:44:20,,,23.106623,,,,,,,,,,,,,,,,,,"Package=53,UTC=10:44:20,Lat=23.106623,Ln"
,2025-09-21T02:44:24Z,COM6,,UTC=10:44:21,24.90,120.292523,23.106617,,,,,,,,,51,SAT=7,-210.08,-148.23,979.78,507.50,-1050.00,-822.5T=49,,"Package=54,UTC=10:44:21,Lat=23.106617,Lng=120.292523,Alt=24.90,Ax=-210.08,Ay=-148.23,Az=979.78,Gx=507.50,Gy=-1050.00,Gz=-822.5T=49,H=51,SAT=7"
,2025-09-21T02:44:25Z,COM6,,UTC=10:44:22,25.00,120.292522,23.106617,,,,,,,,,51,SAT=7,-201.54,-146.89,983.69,-1470.00,-2170.00,4567T=49,,"Package=55,UTC=10:44:22,Lat=23.106617,Lng=120.292522,Alt=25.00,Ax=-201.54,Ay=-146.89,Az=983.69,Gx=-1470.00,Gy=-2170.00,Gz=4567T=49,H=51,SAT=7"
,2025-09-21T02:44:26Z,COM6,,UTC=10:44:23,25.30,120.292523,23.106615,,,,,,,,,51,SAT=7,-219.48,-159.33,976.24,1505.00,-1697.50,-1365T=49,,"Package=56,UTC=10:44:23,Lat=23.106615,Lng=120.292523,Alt=25.30,Ax=-219.48,Ay=-159.33,Az=976.24,Gx=1505.00,Gy=-1697.50,Gz=-1365T=49,H=51,SAT=7"
,2025-09-21T02:44:27Z,COM6,,UTC=10:44:24,26.10,120.292523,23.106608,,,,,,,,,51,SAT=7,-199.10,-153.23,980.39,3202.50,4112.50,-507.5T=49,,"Package=57,UTC=10:44:24,Lat=23.106608,Lng=120.292523,Alt=26.10,Ax=-199.10,Ay=-153.23,Az=980.39,Gx=3202.50,Gy=4112.50,Gz=-507.5T=49,H=51,SAT=7"
,2025-09-21T02:44:28Z,COM6,,UTC=10:44:25,27.00,120.292522,23.106608,,,,,,,,,51,SAT=7,-185.93,-178.73,982.10,-9222.50,-4235.00,-647T=49,,"Package=58,UTC=10:44:25,Lat=23.106608,Lng=120.292522,Alt=27.00,Ax=-185.93,Ay=-178.73,Az=982.10,Gx=-9222.50,Gy=-4235.00,Gz=-647T=49,H=51,SAT=7"
,2025-09-21T02:44:29Z,COM6,,UTC=10:44:26,27.20,120.292520,23.106608,,,,,,,,,51,SAT=7,-130.30,-356.48,910.36,-61442.50,-51117.50,-2T=49,,"Package=59,UTC=10:44:26,Lat=23.106608,Lng=120.292520,Alt=27.20,Ax=-130.30,Ay=-356.48,Az=910.36,Gx=-61442.50,Gy=-51117.50,Gz=-2T=49,H=51,SAT=7"
,2025-09-21T02:44:30Z,COM6,,UTC=10:44:27,27.70,120.292518,23.106612,,,,,,,,,51,SAT=7,314.27,-490.81,884.01,13702.50,-13755.00,8855T=49,,"Package=60,UTC=10:44:27,Lat=23.106612,Lng=120.292518,Alt=27.70,Ax=314.27,Ay=-490.81,Az=884.01,Gx=13702.50,Gy=-13755.00,Gz=8855T=49,H=51,SAT=7"
,2025-09-21T02:44:31Z,COM6,,UTC=10:44:28,28.20,120.292520,23.106610,,,,,,,,,51,SAT=7,304.63,-550.83,792.76,-53935.00,-12442.50,-27T=49,,"Package=61,UTC=10:44:28,Lat=23.106610,Lng=120.292520,Alt=28.20,Ax=304.63,Ay=-550.83,Az=792.76,Gx=-53935.00,Gy=-12442.50,Gz=-27T=49,H=51,SAT=7"
,2025-09-21T02:44:32Z,COM6,,UTC=10:44:29,28.60,120.292520,23.106610,,,,,,,,,51,SAT=7,361.00,-642.57,685.27,1995.00,-1225.00,4165.0T=49,,"Package=62,UTC=10:44:29,Lat=23.106610,Lng=120.292520,Alt=28.60,Ax=361.00,Ay=-642.57,Az=685.27,Gx=1995.00,Gy=-1225.00,Gz=4165.0T=49,H=51,SAT=7"
,2025-09-21T02:44:33Z,COM6,,UTC=10:44:30,28.40,120.292520,23.106610,,,,,,,,,51,SAT=7,336.48,-692.47,684.54,-3605.00,-2695.00,2432.T=48,,"Package=63,UTC=10:44:30,Lat=23.106610,Lng=120.292520,Alt=28.40,Ax=336.48,Ay=-692.47,Az=684.54,Gx=-3605.00,Gy=-2695.00,Gz=2432.T=48,H=51,SAT=7"
,2025-09-21T02:44:33Z,COM6,,UTC=10:44:31,,120.,23.106612,,,,,,,,,,,,,,,,,,"Package=64,UTC=10:44:31,Lat=23.106612,Lng=120."
,2025-09-21T02:44:35Z,COM6,,UTC=10:44:32,28.70,120.292518,23.106612,,,,,,,,,51,SAT=8,25.13,-940.50,404.55,11987.50,-3010.00,48650.T=48,,"Package=65,UTC=10:44:32,Lat=23.106612,Lng=120.292518,Alt=28.70,Ax=25.13,Ay=-940.50,Az=404.55,Gx=11987.50,Gy=-3010.00,Gz=48650.T=48,H=51,SAT=8"
,2025-09-21T02:44:35Z,COM6,,UTC=10:44:33,,,,,,,,,,,,,,,,,,,,,"Package=66,UTC=10:44:33,"
,2025-09-21T02:44:37Z,COM6,,UTC=10:44:34,29.00,120.292515,23.106615,,,,,,,,,51,SAT=8,-397.60,-715.16,611.83,-10325.00,-32900.00,11T=48,,"Package=67,UTC=10:44:34,Lat=23.106615,Lng=120.292515,Alt=29.00,Ax=-397.60,Ay=-715.16,Az=611.83,Gx=-10325.00,Gy=-32900.00,Gz=11T=48,H=51,SAT=8"
,2025-09-21T02:44:39Z,COM6,,UTC=10:44:36,29.30,120.292512,23.106623,,,,,,,,,51,SAT=8,100.53,-674.29,817.16,21035.00,-25585.00,8872T=49,,"Package=69,UTC=10:44:36,Lat=23.106623,Lng=120.292512,Alt=29.30,Ax=100.53,Ay=-674.29,Az=817.16,Gx=21035.00,Gy=-25585.00,Gz=8872T=49,H=51,SAT=8"
,2025-09-21T02:44:40Z,COM6,,UTC=10:44:37,29.30,120.292508,23.106625,,,,,,,,,51,SAT=8,61.49,-491.29,883.52,8662.50,-38867.50,70962.T=50,,"Package=70,UTC=10:44:37,Lat=23.106625,Lng=120.292508,Alt=29.30,Ax=61.49,Ay=-491.29,Az=883.52,Gx=8662.50,Gy=-38867.50,Gz=70962.T=50,H=51,SAT=8"
,2025-09-21T02:44:41Z,COM6,,UTC=10:44:38,29.40,120.292508,23.106627,,,,,,,,,50,SAT=8,276.82,-429.93,920.37,5180.00,-3797.50,29540.T=50,,"Package=71,UTC=10:44:38,Lat=23.106627,Lng=120.292508,Alt=29.40,Ax=276.82,Ay=-429.93,Az=920.37,Gx=5180.00,Gy=-3797.50,Gz=29540.T=50,H=50,SAT=8"
,2025-09-21T02:44:42Z,COM6,,UTC=10:44:39,29.40,120.292505,23.106632,,,,,,,,,50,SAT=8,420.29,-588.16,736.39,-3097.50,-31692.50,1524T=50,,"Package=72,UTC=10:44:39,Lat=23.106632,Lng=120.292505,Alt=29.40,Ax=420.29,Ay=-588.16,Az=736.39,Gx=-3097.50,Gy=-31692.50,Gz=1524T=50,H=50,SAT=8"
,2025-09-21T02:44:43Z,COM6,,UTC=10:44:40,29.60,120.292502,23.106635,,,,,,,,,50,SAT=8,496.30,-609.27,664.66,245.00,-2467.50,-105.00T=50,,"Package=73,UTC=10:44:40,Lat=23.106635,Lng=120.292502,Alt=29.60,Ax=496.30,Ay=-609.27,Az=664.66,Gx=245.00,Gy=-2467.50,Gz=-105.00T=50,H=50,SAT=8"
,2025-09-21T02:44:44Z,COM6,,UTC=10:44:41,29.80,120.292498,23.106640,,,,,,,,,50,SAT=8,507.89,-613.90,656.12,2817.50,1855.00,-297.50T=50,,"Package=74,UTC=10:44:41,Lat=23.106640,Lng=120.292498,Alt=29.80,Ax=507.89,Ay=-613.90,Az=656.12,Gx=2817.50,Gy=1855.00,Gz=-297.50T=50,H=50,SAT=8"
,2025-09-21T02:44:45Z,COM6,,UTC=10:44:42,30.20,120.292497,23.106637,,,,,,,,,50,SAT=8,513.13,-612.07,643.92,3132.50,1050.00,-612.50T=50,,"Package=75,UTC=10:44:42,Lat=23.106637,Lng=120.292497,Alt=30.20,Ax=513.13,Ay=-612.07,Az=643.92,Gx=3132.50,Gy=1050.00,Gz=-612.50T=50,H=50,SAT=8"
,2025-09-21T02:44:46Z,COM6,,UTC=10:44:43,30.50,120.292497,23.106632,,,,,,,,,50,SAT=8,699.18,-408.46,660.75,6405.00,-14367.50,2520.T=50,,"Package=76,UTC=10:44:43,Lat=23.106632,Lng=120.292497,Alt=30.50,Ax=699.18,Ay=-408.46,Az=660.75,Gx=6405.00,Gy=-14367.50,Gz=2520.T=50,H=50,SAT=8"
,2025-09-21T02:44:47Z,COM6,,UTC=10:44:44,30.70,120.292498,23.106628,,,,,,,,50,50,SAT=8,665.88,-49.17,779.21,-6370.00,367.50,420.00,,"Package=77,UTC=10:44:44,Lat=23.106628,Lng=120.292498,Alt=30.70,Ax=665.88,Ay=-49.17,Az=779.21,Gx=-6370.00,Gy=367.50,Gz=420.00,T=50,H=50,SAT=8"
,2025-09-21T02:44:48Z,COM6,,UTC=10:44:45,31.20,120.292500,23.106622,,,,,,,,,50,SAT=8,662.58,-228.14,764.82,-12985.00,-20615.00,608T=50,,"Package=78,UTC=10:44:45,Lat=23.106622,Lng=120.292500,Alt=31.20,Ax=662.58,Ay=-228.14,Az=764.82,Gx=-12985.00,Gy=-20615.00,Gz=608T=50,H=50,SAT=8"
,2025-09-21T02:44:48Z,COM6,,UTC=10:44:46,,120.2,23.106617,,,,,,,,,,,,,,,,,,"Package=79,UTC=10:44:46,Lat=23.106617,Lng=120.2"
,2025-09-21T02:44:50Z,COM6,,UTC=10:44:47,31.90,120.292513,23.106600,,,,,,,,,50,SAT=8,463.11,-671.98,706.50,2957.50,9047.50,4532.50T=50,,"Package=80,UTC=10:44:47,Lat=23.106600,Lng=120.292513,Alt=31.90,Ax=463.11,Ay=-671.98,Az=706.50,Gx=2957.50,Gy=9047.50,Gz=4532.50T=50,H=50,SAT=8"
,2025-09-21T02:44:50Z,COM6,,UTC=10:44:48,,120,23.106600,,,,,,,,,,,,,,,,,,"Package=81,UTC=10:44:48,Lat=23.106600,Lng=120"
,2025-09-21T02:44:52Z,COM6,,UTC=10:44:49,33.50,120.292530,23.106585,,,,,,,,,50,SAT=8,347.70,-565.35,768.36,13422.50,-24535.00,4144T=50,,"Package=82,UTC=10:44:49,Lat=23.106585,Lng=120.292530,Alt=33.50,Ax=347.70,Ay=-565.35,Az=768.36,Gx=13422.50,Gy=-24535.00,Gz=4144T=50,H=50,SAT=8"
,2025-09-21T02:44:54Z,COM6,,UTC=10:44:51,34.80,120.292540,23.106580,,,,,,,,,50,SAT=8,387.23,-738.47,603.90,3132.50,-9257.50,10430.T=50,,"Package=84,UTC=10:44:51,Lat=23.106580,Lng=120.292540,Alt=34.80,Ax=387.23,Ay=-738.47,Az=603.90,Gx=3132.50,Gy=-9257.50,Gz=10430.T=50,H=50,SAT=8"
,2025-09-21T02:44:55Z,COM6,,UTC=10:44:52,35.90,120.292543,23.106577,,,,,,,,,50,SAT=8,309.51,-749.81,624.27,-8925.00,6562.50,-10115T=50,,"Package=85,UTC=10:44:52,Lat=23.106577,Lng=120.292543,Alt=35.90,Ax=309.51,Ay=-749.81,Az=624.27,Gx=-8925.00,Gy=6562.50,Gz=-10115T=50,H=50,SAT=8"
,2025-09-21T02:44:56Z,COM6,,UTC=10:44:53,36.50,120.292548,23.106575,,,,,,,,,50,SAT=8,379.42,-793.24,555.71,2905.00,-10465.00,7472.T=50,,"Package=86,UTC=10:44:53,Lat=23.106575,Lng=120.292548,Alt=36.50,Ax=379.42,Ay=-793.24,Az=555.71,Gx=2905.00,Gy=-10465.00,Gz=7472.T=50,H=50,SAT=8"
,2025-09-21T02:44:57Z,COM6,,UTC=10:44:54,37.00,120.292552,23.106573,,,,,,,,,50,SAT=8,363.32,-808.62,534.36,3430.00,3465.00,1557.50T=50,,"Package=87,UTC=10:44:54,Lat=23.106573,Lng=120.292552,Alt=37.00,Ax=363.32,Ay=-808.62,Az=534.36,Gx=3430.00,Gy=3465.00,Gz=1557.50T=50,H=50,SAT=8"
,2025-09-21T02:44:58Z,COM6,,UTC=10:44:55,36.80,120.292550,23.106573,,,,,,,,,50,SAT=8,355.51,-778.36,579.50,-962.50,19267.50,-6265.T=50,,"Package=88,UTC=10:44:55,Lat=23.106573,Lng=120.292550,Alt=36.80,Ax=355.51,Ay=-778.36,Az=579.50,Gx=-962.50,Gy=19267.50,Gz=-6265.T=50,H=50,SAT=8"
,2025-09-21T02:44:59Z,COM6,,UTC=10:44:56,37.20,120.292552,23.106573,,,,,,,,,50,SAT=8,331.35,-808.62,560.47,-3832.50,9590.00,-6632.T=50,,"Package=89,UTC=10:44:56,Lat=23.106573,Lng=120.292552,Alt=37.20,Ax=331.35,Ay=-808.62,Az=560.47,Gx=-3832.50,Gy=9590.00,Gz=-6632.T=50,H=50,SAT=8"
,2025-09-21T02:45:00Z,COM6,,UTC=10:44:57,37.40,120.292552,23.106573,,,,,,,,,50,SAT=8,338.92,-774.21,567.06,3990.00,8260.00,-6842.5T=50,,"Package=90,UTC=10:44:57,Lat=23.106573,Lng=120.292552,Alt=37.40,Ax=338.92,Ay=-774.21,Az=567.06,Gx=3990.00,Gy=8260.00,Gz=-6842.5T=50,H=50,SAT=8"
,2025-09-21T02:45:01Z,COM6,,UTC=10:44:58,37.60,120.292553,23.106573,,,,,,,,,50,SAT=8,367.34,-754.08,609.51,-122.50,-10500.00,3290.T=49,,"Package=91,UTC=10:44:58,Lat=23.106573,Lng=120.292553,Alt=37.60,Ax=367.34,Ay=-754.08,Az=609.51,Gx=-122.50,Gy=-10500.00,Gz=3290.T=49,H=50,SAT=8"
,2025-09-21T02:45:01Z,COM6,,UTC=10:44:59,,120.2925,23.106573,,,,,,,,,,,,,,,,,,"Package=92,UTC=10:44:59,Lat=23.106573,Lng=120.2925"
,2025-09-21T02:45:03Z,COM6,,UTC=10:45:0,38.10,120.292563,23.106575,,,,,,,,,50,SAT=8,340.75,-741.39,692.59,-7367.50,-34352.50,1996T=50,,"Package=93,UTC=10:45:0,Lat=23.106575,Lng=120.292563,Alt=38.10,Ax=340.75,Ay=-741.39,Az=692.59,Gx=-7367.50,Gy=-34352.50,Gz=1996T=50,H=50,SAT=8"
,2025-09-21T02:45:03Z,COM6,,UTC=10:45:1,,,2,,,,,,,,,,,,,,,,,,"Package=94,UTC=10:45:1,Lat=2"
,2025-09-21T02:45:05Z,COM6,,UTC=10:45:2,38.60,120.292567,23.106578,,,,,,,,,51,SAT=7,328.42,-326.23,890.72,26810.00,-2625.00,12670T=49,,"Package=95,UTC=10:45:2,Lat=23.106578,Lng=120.292567,Alt=38.60,Ax=328.42,Ay=-326.23,Az=890.72,Gx=26810.00,Gy=-2625.00,Gz=12670T=49,H=51,SAT=7"
,2025-09-21T02:45:06Z,COM6,,UTC=10:45:3,38.90,120.292565,23.106580,,,,,,,,,51,SAT=7,266.94,-268.03,999.42,16747.50,-22995.00,-827T=49,,"Package=96,UTC=10:45:3,Lat=23.106580,Lng=120.292565,Alt=38.90,Ax=266.94,Ay=-268.03,Az=999.42,Gx=16747.50,Gy=-22995.00,Gz=-827T=49,H=51,SAT=7"
,2025-09-21T02:45:07Z,COM6,,UTC=10:45:4,39.10,120.292563,23.106582,,,,,,,,,51,SAT=7,82.84,-29.77,1014.19,6160.00,3710.00,92505.00T=49,,"Package=97,UTC=10:45:4,Lat=23.106582,Lng=120.292563,Alt=39.10,Ax=82.84,Ay=-29.77,Az=1014.19,Gx=6160.00,Gy=3710.00,Gz=92505.00T=49,H=51,SAT=7"
,2025-09-21T02:45:08Z,COM6,,UTC=10:45:5,39.40,120.292560,23.106587,,,,,,,,,51,SAT=7,-150.30,-2.56,951.60,-10412.50,-5145.00,62755T=49,,"Package=98,UTC=10:45:5,Lat=23.106587,Lng=120.292560,Alt=39.40,Ax=-150.30,Ay=-2.56,Az=951.60,Gx=-10412.50,Gy=-5145.00,Gz=62755T=49,H=51,SAT=7"
,2025-09-21T02:45:09Z,COM6,,UTC=10:45:6,39.70,120.292557,23.106592,,,,,,,,,51,SAT=7,-174.22,2.68,1024.43,-7402.50,7910.00,78610.0T=49,,"Package=99,UTC=10:45:6,Lat=23.106592,Lng=120.292557,Alt=39.70,Ax=-174.22,Ay=2.68,Az=1024.43,Gx=-7402.50,Gy=7910.00,Gz=78610.0T=49,H=51,SAT=7"
,2025-09-21T02:45:10Z,COM6,,UTC=10:45:7,39.90,120.292555,23.106593,,,,,,,,,50,SAT=7,-369.42,-59.78,931.59,12162.50,3727.50,6195.0T=49,,"Package=100,UTC=10:45:7,Lat=23.106593,Lng=120.292555,Alt=39.90,Ax=-369.42,Ay=-59.78,Az=931.59,Gx=12162.50,Gy=3727.50,Gz=6195.0T=49,H=50,SAT=7"
,2025-09-21T02:45:11Z,COM6,,UTC=10:45:8,4,120.292550,23.106595,,,,,,,,,,,,,,,,,,"Package=101,UTC=10:45:8,Lat=23.106595,Lng=120.292550,Alt=4"
,2025-09-21T02:45:12Z,COM6,,UTC=10:45:9,40.30,120.292547,23.106602,,,,,,,,,50,SAT=7,-194.96,8.78,967.46,-7945.00,-3552.50,-11252.T=50,,"Package=102,UTC=10:45:9,Lat=23.106602,Lng=120.292547,Alt=40.30,Ax=-194.96,Ay=8.78,Az=967.46,Gx=-7945.00,Gy=-3552.50,Gz=-11252.T=50,H=50,SAT=7"
,2025-09-21T02:45:12Z,COM6,,UTC=10:45:10,,,23.1066,,,,,,,,,,,,,,,,,,"Package=103,UTC=10:45:10,Lat=23.1066"
,2025-09-21T02:45:14Z,COM6,,UTC=10:45:11,40.50,120.292552,23.106607,,,,,,,,,49,SAT=7,-175.68,25.74,1002.11,-13790.00,2695.00,7332.T=50,,"Package=104,UTC=10:45:11,Lat=23.106607,Lng=120.292552,Alt=40.50,Ax=-175.68,Ay=25.74,Az=1002.11,Gx=-13790.00,Gy=2695.00,Gz=7332.T=50,H=49,SAT=7"
,2025-09-21T02:45:15Z,COM6,,UTC=10:45:12,40.50,120.292548,23.106607,,,,,,,,,49,SAT=7,-138.35,-73.93,993.32,18795.00,-12582.50,-165T=50,,"Package=105,UTC=10:45:12,Lat=23.106607,Lng=120.292548,Alt=40.50,Ax=-138.35,Ay=-73.93,Az=993.32,Gx=18795.00,Gy=-12582.50,Gz=-165T=50,H=49,SAT=7"
,2025-09-21T02:45:16Z,COM6,,UTC=10:45:13,40.70,120.292547,23.106605,,,,,,,,,49,SAT=7,-113.46,-50.87,996.98,-8750.00,6807.50,3850.0T=50,,"Package=106,UTC=10:45:13,Lat=23.106605,Lng=120.292547,Alt=40.70,Ax=-113.46,Ay=-50.87,Az=996.98,Gx=-8750.00,Gy=6807.50,Gz=3850.0T=50,H=49,SAT=7"
,2025-09-21T02:45:17Z,COM6,,UTC=10:45:14,40.80,120.292547,23.106603,,,,,,,,,49,SAT=7,-178.85,-136.88,1043.10,3395.00,28542.50,-738T=50,,"Package=107,UTC=10:45:14,Lat=23.106603,Lng=120.292547,Alt=40.80,Ax=-178.85,Ay=-136.88,Az=1043.10,Gx=3395.00,Gy=28542.50,Gz=-738T=50,H=49,SAT=7"
,2025-09-21T02:45:18Z,COM6,,UTC=10:45:15,40.70,120.292542,23.106602,,,,,,,,,49,SAT=7,-236.68,-131.39,937.81,-6405.00,2240.00,10270T=50,,"Package=108,UTC=10:45:15,Lat=23.106602,Lng=120.292542,Alt=40.70,Ax=-236.68,Ay=-131.39,Az=937.81,Gx=-6405.00,Gy=2240.00,Gz=10270T=50,H=49,SAT=7"
,2025-09-21T02:45:19Z,COM6,,UTC=10:45:16,40.80,120.292543,23.106607,,,,,,,,,49,SAT=7,-268.40,-115.17,967.46,4095.00,5897.50,-29767T=50,,"Package=109,UTC=10:45:16,Lat=23.106607,Lng=120.292543,Alt=40.80,Ax=-268.40,Ay=-115.17,Az=967.46,Gx=4095.00,Gy=5897.50,Gz=-29767T=50,H=49,SAT=7"
,2025-09-21T02:45:20Z,COM6,,UTC=10:45:17,40.90,120.292542,23.106610,,,,,,,,,49,SAT=7,-323.06,-59.66,965.51,-13842.50,-12757.50,465T=50,,"Package=110,UTC=10:45:17,Lat=23.106610,Lng=120.292542,Alt=40.90,Ax=-323.06,Ay=-59.66,Az=965.51,Gx=-13842.50,Gy=-12757.50,Gz=465T=50,H=49,SAT=7"
,2025-09-21T02:45:21Z,COM6,,UTC=10:45:18,41.00,120.292540,23.106613,,,,,,,,,49,SAT=7,-241.07,-140.79,972.58,-8330.00,525.00,1785.0T=50,,"Package=111,UTC=10:45:18,Lat=23.106613,Lng=120.292540,Alt=41.00,Ax=-241.07,Ay=-140.79,Az=972.58,Gx=-8330.00,Gy=525.00,Gz=1785.0T=50,H=49,SAT=7"
,2025-09-21T02:45:22Z,COM6,,UTC=10:45:19,41.00,120.292537,23.106615,,,,,,,,,49,SAT=7,-232.53,-178.61,961.12,-6650.00,2152.50,10500T=50,,"Package=112,UTC=10:45:19,Lat=23.106615,Lng=120.292537,Alt=41.00,Ax=-232.53,Ay=-178.61,Az=961.12,Gx=-6650.00,Gy=2152.50,Gz=10500T=50,H=49,SAT=7"
,2025-09-21T02:45:23Z,COM6,,UTC=10:45:20,41.10,120.292535,23.106620,,,,,,,,,49,SAT=7,-359.66,-182.02,936.84,3412.50,-1330.00,6475.T=50,,"Package=113,UTC=10:45:20,Lat=23.106620,Lng=120.292535,Alt=41.10,Ax=-359.66,Ay=-182.02,Az=936.84,Gx=3412.50,Gy=-1330.00,Gz=6475.T=50,H=49,SAT=7"
,2025-09-21T02:45:24Z,COM6,,UTC=10:45:21,41.20,120.292530,23.106628,,,,,,,,,49,SAT=7,-337.94,-172.14,977.95,1785.00,-5617.50,-1816T=50,,"Package=114,UTC=10:45:21,Lat=23.106628,Lng=120.292530,Alt=41.20,Ax=-337.94,Ay=-172.14,Az=977.95,Gx=1785.00,Gy=-5617.50,Gz=-1816T=50,H=49,SAT=7"
,2025-09-21T02:45:25Z,COM6,,UTC=10:45:22,41.20,120.292527,23.106633,,,,,,,,,49,SAT=7,-224.11,-237.41,960.02,-3937.50,-1907.50,1338T=50,,"Package=115,UTC=10:45:22,Lat=23.106633,Lng=120.292527,Alt=41.20,Ax=-224.11,Ay=-237.41,Az=960.02,Gx=-3937.50,Gy=-1907.50,Gz=1338T=50,H=49,SAT=7"
,2025-09-21T02:45:25Z,COM6,,UTC=10:45:23,4,120.292525,23.106635,,,,,,,,,,,,,,,,,,"Package=116,UTC=10:45:23,Lat=23.106635,Lng=120.292525,Alt=4"
,2025-09-21T02:45:27Z,COM6,,UTC=10:45:24,41.20,120.292523,23.106632,,,,,,,,,49,SAT=7,-223.63,-225.82,978.07,4305.00,-6335.00,3850.T=50,,"Package=117,UTC=10:45:24,Lat=23.106632,Lng=120.292523,Alt=41.20,Ax=-223.63,Ay=-225.82,Az=978.07,Gx=4305.00,Gy=-6335.00,Gz=3850.T=50,H=49,SAT=7"
,2025-09-21T02:45:27Z,COM6,,UTC=10:45:25,,,23.10663,,,,,,,,,,,,,,,,,,"Package=118,UTC=10:45:25,Lat=23.10663"
,2025-09-21T02:45:29Z,COM6,,UTC=10:45:26,41.00,120.292525,23.106635,,,,,,,,,49,SAT=7,-210.21,-226.07,982.22,-2590.00,-1872.50,-118T=50,,"Package=119,UTC=10:45:26,Lat=23.106635,Lng=120.292525,Alt=41.00,Ax=-210.21,Ay=-226.07,Az=982.22,Gx=-2590.00,Gy=-1872.50,Gz=-118T=50,H=49,SAT=7"
,2025-09-21T02:45:30Z,COM6,,UTC=10:45:27,40.90,120.292528,23.106630,,,,,,,,,49,SAT=7,-315.25,-393.82,910.61,-4777.50,14087.50,2940T=50,,"Package=120,UTC=10:45:27,Lat=23.106630,Lng=120.292528,Alt=40.90,Ax=-315.25,Ay=-393.82,Az=910.61,Gx=-4777.50,Gy=14087.50,Gz=2940T=50,H=49,SAT=7"
,2025-09-21T02:45:31Z,COM6,,UTC=10:45:28,40.60,120.292532,23.106633,,,,,,,,,49,SAT=7,-421.51,-347.09,864.49,-210.00,2835.00,5880.0T=50,,"Package=121,UTC=10:45:28,Lat=23.106633,Lng=120.292532,Alt=40.60,Ax=-421.51,Ay=-347.09,Az=864.49,Gx=-210.00,Gy=2835.00,Gz=5880.0T=50,H=49,SAT=7"
,2025-09-21T02:45:32Z,COM6,,UTC=10:45:29,40.80,120.292528,23.106632,,,,,,,,,49,SAT=7,-422.00,-338.92,857.90,1890.00,-2572.50,-3307T=50,,"Package=122,UTC=10:45:29,Lat=23.106632,Lng=120.292528,Alt=40.80,Ax=-422.00,Ay=-338.92,Az=857.90,Gx=1890.00,Gy=-2572.50,Gz=-3307T=50,H=49,SAT=7"
,2025-09-21T02:45:33Z,COM6,,UTC=10:45:30,40.80,120.292528,23.106633,,,,,,,,,49,SAT=7,-418.95,-337.45,867.66,-3097.50,-857.50,-3990T=50,,"Package=123,UTC=10:45:30,Lat=23.106633,Lng=120.292528,Alt=40.80,Ax=-418.95,Ay=-337.45,Az=867.66,Gx=-3097.50,Gy=-857.50,Gz=-3990T=50,H=49,SAT=7"
,2025-09-21T02:45:34Z,COM6,,UTC=10:45:31,40.70,120.292527,23.106635,,,,,,,,,49,SAT=7,-240.83,-76.37,1000.64,43452.50,-61862.50,-47T=50,,"Package=124,UTC=10:45:31,Lat=23.106635,Lng=120.292527,Alt=40.70,Ax=-240.83,Ay=-76.37,Az=1000.64,Gx=43452.50,Gy=-61862.50,Gz=-47T=50,H=49,SAT=7"
,2025-09-21T02:45:35Z,COM6,,UTC=10:45:32,40.70,120.292525,23.106637,,,,,,,,,49,SAT=7,-129.32,102.85,1025.29,-19565.00,2870.00,-568T=50,,"Package=125,UTC=10:45:32,Lat=23.106637,Lng=120.292525,Alt=40.70,Ax=-129.32,Ay=102.85,Az=1025.29,Gx=-19565.00,Gy=2870.00,Gz=-568T=50,H=49,SAT=7"
,2025-09-21T02:45:36Z,COM6,,UTC=10:45:33,40.70,120.292523,23.106638,,,,,,,,,49,SAT=7,-590.72,-602.31,359.53,-127120.00,49542.50,-2T=50,,"Package=126,UTC=10:45:33,Lat=23.106638,Lng=120.292523,Alt=40.70,Ax=-590.72,Ay=-602.31,Az=359.53,Gx=-127120.00,Gy=49542.50,Gz=-2T=50,H=49,SAT=7"
,2025-09-21T02:45:37Z,COM6,,UTC=10:45:34,40.60,120.292523,23.106638,,,,,,,,,49,SAT=7,-592.43,-664.41,-155.18,244352.50,-271197.50,T=50,,"Package=127,UTC=10:45:34,Lat=23.106638,Lng=120.292523,Alt=40.60,Ax=-592.43,Ay=-664.41,Az=-155.18,Gx=244352.50,Gy=-271197.50,Gz=T=50,H=49,SAT=7"
,2025-09-21T02:45:38Z,COM6,,UTC=10:45:35,40.60,120.292522,23.106642,,,,,,,,,49,SAT=7,57.34,357.83,961.48,-7280.00,1592.50,-2240.00T=50,,"Package=128,UTC=10:45:35,Lat=23.106642,Lng=120.292522,Alt=40.60,Ax=57.34,Ay=357.83,Az=961.48,Gx=-7280.00,Gy=1592.50,Gz=-2240.00T=50,H=49,SAT=7"
,2025-09-21T02:45:39Z,COM6,,UTC=10:45:36,40.60,120.292522,23.106643,,,,,,,,,,,,,,,,,,"Package=129,UTC=10:45:36,Lat=23.106643,Lng=120.292522,Alt=40.60"
,2025-09-21T02:45:40Z,COM6,,UTC=10:45:37,40.50,120.292520,23.106645,,,,,,,,,49,SAT=7,-80.64,138.23,1004.30,-11025.00,15470.00,9292T=50,,"Package=130,UTC=10:45:37,Lat=23.106645,Lng=120.292520,Alt=40.50,Ax=-80.64,Ay=138.23,Az=1004.30,Gx=-11025.00,Gy=15470.00,Gz=9292T=50,H=49,SAT=7"
,2025-09-21T02:45:40Z,COM6,,UTC=10:45:38,,,23.106648,,,,,,,,,,,,,,,,,,"Package=131,UTC=10:45:38,Lat=23.106648,Ln"
,2025-09-21T02:45:42Z,COM6,,UTC=10:45:39,40.40,120.292518,23.106648,,,,,,,,,49,SAT=7,-182.39,338.18,916.95,47407.50,-3167.50,-3115T=50,,"Package=132,UTC=10:45:39,Lat=23.106648,Lng=120.292518,Alt=40.40,Ax=-182.39,Ay=338.18,Az=916.95,Gx=47407.50,Gy=-3167.50,Gz=-3115T=50,H=49,SAT=7"
,2025-09-21T02:45:43Z,COM6,,UTC=10:45:40,40.30,120.292513,23.106650,,,,,,,,,49,SAT=7,-194.71,426.76,883.77,-6895.00,1610.00,-4725.T=50,,"Package=133,UTC=10:45:40,Lat=23.106650,Lng=120.292513,Alt=40.30,Ax=-194.71,Ay=426.76,Az=883.77,Gx=-6895.00,Gy=1610.00,Gz=-4725.T=50,H=49,SAT=7"
,2025-09-21T02:45:44Z,COM6,,UTC=10:45:41,40.20,120.292513,23.106653,,,,,,,,,49,SAT=7,-171.17,394.30,895.11,-17990.00,14770.00,-106T=50,,"Package=134,UTC=10:45:41,Lat=23.106653,Lng=120.292513,Alt=40.20,Ax=-171.17,Ay=394.30,Az=895.11,Gx=-17990.00,Gy=14770.00,Gz=-106T=50,H=49,SAT=7"
,2025-09-21T02:45:45Z,COM6,,UTC=10:45:42,40.20,120.292513,23.106655,,,,,,,,,49,SAT=7,-295.12,79.42,1008.21,-1137.50,-14262.50,2982T=50,,"Package=135,UTC=10:45:42,Lat=23.106655,Lng=120.292513,Alt=40.20,Ax=-295.12,Ay=79.42,Az=1008.21,Gx=-1137.50,Gy=-14262.50,Gz=2982T=50,H=49,SAT=7"
,2025-09-21T02:45:46Z,COM6,,UTC=10:45:43,40.10,120.292513,23.106655,,,,,,,,,48,SAT=7,-267.55,249.12,944.77,44065.00,-16590.00,3270T=50,,"Package=136,UTC=10:45:43,Lat=23.106655,Lng=120.292513,Alt=40.10,Ax=-267.55,Ay=249.12,Az=944.77,Gx=44065.00,Gy=-16590.00,Gz=3270T=50,H=48,SAT=7"
,2025-09-21T02:45:47Z,COM6,,UTC=10:45:44,40.00,120.292515,23.106653,,,,,,,,,48,SAT=7,-179.22,391.38,871.69,14385.00,-3097.50,140.0T=50,,"Package=137,UTC=10:45:44,Lat=23.106653,Lng=120.292515,Alt=40.00,Ax=-179.22,Ay=391.38,Az=871.69,Gx=14385.00,Gy=-3097.50,Gz=140.0T=50,H=48,SAT=7"
,2025-09-21T02:45:48Z,COM6,,UTC=10:45:45,40.00,120.292513,23.106658,,,,,,,,,48,SAT=7,-371.61,223.75,931.35,-15487.50,11952.50,1340T=50,,"Package=138,UTC=10:45:45,Lat=23.106658,Lng=120.292513,Alt=40.00,Ax=-371.61,Ay=223.75,Az=931.35,Gx=-15487.50,Gy=11952.50,Gz=1340T=50,H=48,SAT=7"
,2025-09-21T02:45:49Z,COM6,,UTC=10:45:46,40.00,120.292512,23.106660,,,,,,,,,48,SAT=7,-409.92,-97.97,955.38,36190.00,-21420.00,-169T=50,,"Package=139,UTC=10:45:46,Lat=23.106660,Lng=120.292512,Alt=40.00,Ax=-409.92,Ay=-97.97,Az=955.38,Gx=36190.00,Gy=-21420.00,Gz=-169T=50,H=48,SAT=7"
,2025-09-21T02:45:50Z,COM6,,UTC=10:45:47,39.90,120.292512,23.106663,,,,,,,,,,,1,,,,,,,"Package=140,UTC=10:45:47,Lat=23.106663,Lng=120.292512,Alt=39.90,Ax=1"
,2025-09-21T02:45:51Z,COM6,,UTC=10:45:48,39.90,120.292510,23.106667,,,,,,,,,48,SAT=7,-77.35,-173.97,1061.77,-3062.50,1435.00,-6580T=50,,"Package=141,UTC=10:45:48,Lat=23.106667,Lng=120.292510,Alt=39.90,Ax=-77.35,Ay=-173.97,Az=1061.77,Gx=-3062.50,Gy=1435.00,Gz=-6580T=50,H=48,SAT=7"
,2025-09-21T02:45:51Z,COM6,,UTC=10:45:49,,120.,23.106670,,,,,,,,,,,,,,,,,,"Package=142,UTC=10:45:49,Lat=23.106670,Lng=120."
,2025-09-21T02:45:53Z,COM6,,UTC=10:45:50,39.90,120.292510,23.106670,,,,,,,,,48,SAT=7,-107.48,-320.86,989.91,10377.50,8662.50,41265T=51,,"Package=143,UTC=10:45:50,Lat=23.106670,Lng=120.292510,Alt=39.90,Ax=-107.48,Ay=-320.86,Az=989.91,Gx=10377.50,Gy=8662.50,Gz=41265T=51,H=48,SAT=7"
,2025-09-21T02:45:53Z,COM6,,UTC=10:45:51,,1,23.106672,,,,,,,,,,,,,,,,,,"Package=144,UTC=10:45:51,Lat=23.106672,Lng=1"
,2025-09-21T02:45:55Z,COM6,,UTC=10:45:52,39.90,120.292508,23.106675,,,,,,,,,48,SAT=7,-96.75,-285.11,965.26,-11830.00,2397.50,-1452T=51,,"Package=145,UTC=10:45:52,Lat=23.106675,Lng=120.292508,Alt=39.90,Ax=-96.75,Ay=-285.11,Az=965.26,Gx=-11830.00,Gy=2397.50,Gz=-1452T=51,H=48,SAT=7"
,2025-09-21T02:45:57Z,COM6,,UTC=10:45:54,39.80,120.292507,23.106677,,,,,,,,,48,SAT=7,349.53,-93.45,899.51,2415.00,-647.50,31570.00T=51,,"Package=147,UTC=10:45:54,Lat=23.106677,Lng=120.292507,Alt=39.80,Ax=349.53,Ay=-93.45,Az=899.51,Gx=2415.00,Gy=-647.50,Gz=31570.00T=51,H=48,SAT=7"
,2025-09-21T02:45:58Z,COM6,,UTC=10:45:55,39.80,120.292505,23.106680,,,,,,,,,48,SAT=7,178.73,29.28,1011.14,13597.50,15242.50,24010.T=51,,"Package=148,UTC=10:45:55,Lat=23.106680,Lng=120.292505,Alt=39.80,Ax=178.73,Ay=29.28,Az=1011.14,Gx=13597.50,Gy=15242.50,Gz=24010.T=51,H=48,SAT=7"
,2025-09-21T02:45:59Z,COM6,,UTC=10:45:56,39.80,120.292503,23.106682,,,,,,,,,48,SAT=7,16.84,120.90,1025.29,-13422.50,-28280.00,7157T=51,,"Package=149,UTC=10:45:56,Lat=23.106682,Lng=120.292503,Alt=39.80,Ax=16.84,Ay=120.90,Az=1025.29,Gx=-13422.50,Gy=-28280.00,Gz=7157T=51,H=48,SAT=7"
,2025-09-21T02:46:00Z,COM6,,UTC=10:45:57,39.80,120.292503,23.106683,,,,,,,,,48,SAT=7,33.06,16.10,1042.98,-20667.50,5180.00,10220.0T=51,,"Package=150,UTC=10:45:57,Lat=23.106683,Lng=120.292503,Alt=39.80,Ax=33.06,Ay=16.10,Az=1042.98,Gx=-20667.50,Gy=5180.00,Gz=10220.0T=51,H=48,SAT=7"
,2025-09-21T02:46:01Z,COM6,,UTC=10:45:58,39.80,120.292502,23.106687,,,,,,,,,48,SAT=7,145.42,-39.16,1013.09,-822.50,420.00,-5915.00T=51,,"Package=151,UTC=10:45:58,Lat=23.106687,Lng=120.292502,Alt=39.80,Ax=145.42,Ay=-39.16,Az=1013.09,Gx=-822.50,Gy=420.00,Gz=-5915.00T=51,H=48,SAT=7"
,2025-09-21T02:46:02Z,COM6,,UTC=10:45:59,39.80,120.292500,23.106693,,,,,,,,,48,SAT=7,175.80,8.17,992.84,-1662.50,-8505.00,24010.00T=51,,"Package=152,UTC=10:45:59,Lat=23.106693,Lng=120.292500,Alt=39.80,Ax=175.80,Ay=8.17,Az=992.84,Gx=-1662.50,Gy=-8505.00,Gz=24010.00T=51,H=48,SAT=7"
,2025-09-21T02:46:03Z,COM6,,UTC=10:46:0,39.80,120.292500,23.106690,,,,,,,,51,48,SAT=7,384.06,-73.44,987.47,-87.50,12180.00,-612.50,,"Package=153,UTC=10:46:0,Lat=23.106690,Lng=120.292500,Alt=39.80,Ax=384.06,Ay=-73.44,Az=987.47,Gx=-87.50,Gy=12180.00,Gz=-612.50,T=51,H=48,SAT=7"
,2025-09-21T02:46:04Z,COM6,,UTC=10:46:1,39.70,120.292492,23.106697,,,,,,,,,48,SAT=7,355.39,92.11,907.92,-37660.00,29872.50,-52657T=51,,"Package=154,UTC=10:46:1,Lat=23.106697,Lng=120.292492,Alt=39.70,Ax=355.39,Ay=92.11,Az=907.92,Gx=-37660.00,Gy=29872.50,Gz=-52657T=51,H=48,SAT=7"
,2025-09-21T02:46:05Z,COM6,,UTC=10:46:2,39.70,120.292490,23.106692,,,,,,,,,48,SAT=7,270.11,-157.01,969.41,3727.50,9292.50,-735.00T=51,,"Package=155,UTC=10:46:2,Lat=23.106692,Lng=120.292490,Alt=39.70,Ax=270.11,Ay=-157.01,Az=969.41,Gx=3727.50,Gy=9292.50,Gz=-735.00T=51,H=48,SAT=7"
,2025-09-21T02:46:06Z,COM6,,UTC=10:46:3,39.50,120.292493,23.106692,,,,,,,,,48,SAT=7,241.19,-239.85,939.89,18042.50,-10482.50,3710T=51,,"Package=156,UTC=10:46:3,Lat=23.106692,Lng=120.292493,Alt=39.50,Ax=241.19,Ay=-239.85,Az=939.89,Gx=18042.50,Gy=-10482.50,Gz=3710T=51,H=48,SAT=7"
,2025-09-21T02:46:06Z,COM6,,UTC=10:46:4,,120.29,23.106697,,,,,,,,,,,,,,,,,,"Package=157,UTC=10:46:4,Lat=23.106697,Lng=120.29"
,2025-09-21T02:46:08Z,COM6,,UTC=10:46:5,39.40,120.292490,23.106698,,,,,,,,,48,SAT=7,278.16,-141.52,958.43,-23957.50,-1855.00,-123T=51,,"Package=158,UTC=10:46:5,Lat=23.106698,Lng=120.292490,Alt=39.40,Ax=278.16,Ay=-141.52,Az=958.43,Gx=-23957.50,Gy=-1855.00,Gz=-123T=51,H=48,SAT=7"
,2025-09-21T02:46:08Z,COM6,,UTC=10:46:6,,,,,,,,,,,,,,,,,,,,,"Package=159,UTC=10:46:6,La"
,2025-09-21T02:46:10Z,COM6,,UTC=10:46:7,39.40,120.292487,23.106702,,,,,,,,,48,SAT=7,151.40,21.59,974.17,-11200.00,18007.50,1137.5T=51,,"Package=160,UTC=10:46:7,Lat=23.106702,Lng=120.292487,Alt=39.40,Ax=151.40,Ay=21.59,Az=974.17,Gx=-11200.00,Gy=18007.50,Gz=1137.5T=51,H=48,SAT=7"
,2025-09-21T02:46:11Z,COM6,,UTC=10:46:8,39.30,120.292485,23.106705,,,,,,,,51,48,SAT=7,40.14,3.54,1008.21,-2170.00,2485.00,-1522.50,,"Package=161,UTC=10:46:8,Lat=23.106705,Lng=120.292485,Alt=39.30,Ax=40.14,Ay=3.54,Az=1008.21,Gx=-2170.00,Gy=2485.00,Gz=-1522.50,T=51,H=48,SAT=7"
,2025-09-21T02:46:12Z,COM6,,UTC=10:46:9,39.30,120.292485,23.106710,,,,,,,,,48,SAT=7,-21.96,25.01,1001.99,-4777.50,-1697.50,-6632.T=51,,"Package=162,UTC=10:46:9,Lat=23.106710,Lng=120.292485,Alt=39.30,Ax=-21.96,Ay=25.01,Az=1001.99,Gx=-4777.50,Gy=-1697.50,Gz=-6632.T=51,H=48,SAT=7"
,2025-09-21T02:46:13Z,COM6,,UTC=10:46:10,39.20,120.292487,23.106713,,,,,,,,,48,SAT=7,-38.55,-9.39,1018.21,-20212.50,-13160.00,-962T=51,,"Package=163,UTC=10:46:10,Lat=23.106713,Lng=120.292487,Alt=39.20,Ax=-38.55,Ay=-9.39,Az=1018.21,Gx=-20212.50,Gy=-13160.00,Gz=-962T=51,H=48,SAT=7"
,2025-09-21T02:46:14Z,COM6,,UTC=10:46:11,39.20,120.292488,23.106717,,,,,,,,,48,SAT=7,-67.83,-69.78,1019.31,24640.00,-39777.50,1347T=51,,"Package=164,UTC=10:46:11,Lat=23.106717,Lng=120.292488,Alt=39.20,Ax=-67.83,Ay=-69.78,Az=1019.31,Gx=24640.00,Gy=-39777.50,Gz=1347T=51,H=48,SAT=7"
,2025-09-21T02:46:15Z,COM6,,UTC=10:46:12,39.20,120.292490,23.106723,,,,,,,,,48,SAT=7,-39.28,-20.74,980.51,-14367.50,49437.50,31430T=51,,"Package=165,UTC=10:46:12,Lat=23.106723,Lng=120.292490,Alt=39.20,Ax=-39.28,Ay=-20.74,Az=980.51,Gx=-14367.50,Gy=49437.50,Gz=31430T=51,H=48,SAT=7"
,2025-09-21T02:46:15Z,COM6,,UTC=10:46:13,,120.292492,23.106727,,,,,,,,,,,,,,,,,,"Package=166,UTC=10:46:13,Lat=23.106727,Lng=120.292492,A"
,2025-09-21T02:46:17Z,COM6,,UTC=10:46:14,39.20,120.292493,23.106735,,,,,,,,,48,SAT=7,-170.92,-12.20,996.50,4182.50,-19302.50,-2019T=51,,"Package=167,UTC=10:46:14,Lat=23.106735,Lng=120.292493,Alt=39.20,Ax=-170.92,Ay=-12.20,Az=996.50,Gx=4182.50,Gy=-19302.50,Gz=-2019T=51,H=48,SAT=7"
,2025-09-21T02:46:17Z,COM6,,UTC=10:46:15,,,23.10,,,,,,,,,,,,,,,,,,"Package=168,UTC=10:46:15,Lat=23.10"
,2025-09-21T02:46:19Z,COM6,,UTC=10:46:16,39.10,120.292500,23.106735,,,,,,,,,48,SAT=7,-94.92,-53.44,1005.04,1382.50,2292.50,-1190.0T=51,,"Package=169,UTC=10:46:16,Lat=23.106735,Lng=120.292500,Alt=39.10,Ax=-94.92,Ay=-53.44,Az=1005.04,Gx=1382.50,Gy=2292.50,Gz=-1190.0T=51,H=48,SAT=7"
,2025-09-21T02:46:19Z,COM6,,UTC=10:46:17,,,23,,,,,,,,,,,,,,,,,,"Package=170,UTC=10:46:17,Lat=23"
,2025-09-21T02:46:21Z,COM6,,UTC=10:46:18,39.00,120.292505,23.106732,,,,,,,,,48,SAT=7,-210.21,-5.37,1007.48,735.00,-11182.50,10185.T=51,,"Package=171,UTC=10:46:18,Lat=23.106732,Lng=120.292505,Alt=39.00,Ax=-210.21,Ay=-5.37,Az=1007.48,Gx=735.00,Gy=-11182.50,Gz=10185.T=51,H=48,SAT=7"
,2025-09-21T02:46:22Z,COM6,,UTC=10:46:19,38.90,120.292507,23.106735,,,,,,,,,48,SAT=7,-150.79,-4.39,1003.57,1417.50,-1802.50,3517.5T=51,,"Package=172,UTC=10:46:19,Lat=23.106735,Lng=120.292507,Alt=38.90,Ax=-150.79,Ay=-4.39,Az=1003.57,Gx=1417.50,Gy=-1802.50,Gz=3517.5T=51,H=48,SAT=7"
,2025-09-21T02:46:23Z,COM6,,UTC=10:46:20,38.90,120.292508,23.106738,,,,,,,,,48,SAT=7,-135.66,-25.01,991.25,3657.50,-5092.50,15085.T=51,,"Package=173,UTC=10:46:20,Lat=23.106738,Lng=120.292508,Alt=38.90,Ax=-135.66,Ay=-25.01,Az=991.25,Gx=3657.50,Gy=-5092.50,Gz=15085.T=51,H=48,SAT=7"
,2025-09-21T02:46:24Z,COM6,,UTC=10:46:21,38.80,120.292512,23.106743,,,,,,,,51,48,SAT=7,-174.70,-31.35,993.57,297.50,542.50,-1085.00,,"Package=174,UTC=10:46:21,Lat=23.106743,Lng=120.292512,Alt=38.80,Ax=-174.70,Ay=-31.35,Az=993.57,Gx=297.50,Gy=542.50,Gz=-1085.00,T=51,H=48,SAT=7"
,2025-09-21T02:46:25Z,COM6,,UTC=10:46:22,38.50,120.292513,23.106735,,,,,,,,,48,SAT=7,-161.28,-15.62,1000.03,-332.50,315.00,2660.00T=51,,"Package=175,UTC=10:46:22,Lat=23.106735,Lng=120.292513,Alt=38.50,Ax=-161.28,Ay=-15.62,Az=1000.03,Gx=-332.50,Gy=315.00,Gz=2660.00T=51,H=48,SAT=7"
,2025-09-21T02:46:26Z,COM6,,UTC=10:46:23,38.50,120.292515,23.106738,,,,,,,,,48,SAT=7,-174.09,-16.47,999.18,-9432.50,-3797.50,-3430T=51,,"Package=176,UTC=10:46:23,Lat=23.106738,Lng=120.292515,Alt=38.50,Ax=-174.09,Ay=-16.47,Az=999.18,Gx=-9432.50,Gy=-3797.50,Gz=-3430T=51,H=48,SAT=7"
,2025-09-21T02:46:27Z,COM6,,UTC=10:46:24,38.20,120.292515,23.106742,,,,,,,,,48,SAT=7,-162.02,-17.32,1000.40,-2695.00,-717.50,-3342T=51,,"Package=177,UTC=10:46:24,Lat=23.106742,Lng=120.292515,Alt=38.20,Ax=-162.02,Ay=-17.32,Az=1000.40,Gx=-2695.00,Gy=-717.50,Gz=-3342T=51,H=48,SAT=7"
,2025-09-21T02:46:28Z,COM6,,UTC=10:46:25,37.60,120.292512,23.106745,,,,,,,,,48,SAT=7,-167.87,-15.62,991.13,-927.50,-420.00,2152.50T=51,,"Package=178,UTC=10:46:25,Lat=23.106745,Lng=120.292512,Alt=37.60,Ax=-167.87,Ay=-15.62,Az=991.13,Gx=-927.50,Gy=-420.00,Gz=2152.50T=51,H=48,SAT=7"
,2025-09-21T02:46:29Z,COM6,,UTC=10:46:26,3,120.292513,23.106747,,,,,,,,,,,,,,,,,,"Package=179,UTC=10:46:26,Lat=23.106747,Lng=120.292513,Alt=3"
,2025-09-21T02:46:30Z,COM6,,UTC=10:46:27,37.00,120.292513,23.106745,,,,,,,,51,48,SAT=7,-199.84,-19.52,997.47,490.00,-1995.00,962.50,,"Package=180,UTC=10:46:27,Lat=23.106745,Lng=120.292513,Alt=37.00,Ax=-199.84,Ay=-19.52,Az=997.47,Gx=490.00,Gy=-1995.00,Gz=962.50,T=51,H=48,SAT=7"
,2025-09-21T02:46:30Z,COM6,,UTC=10:46:28,,,23.10674,,,,,,,,,,,,,,,,,,"Package=181,UTC=10:46:28,Lat=23.10674"
,2025-09-21T02:46:32Z,COM6,,UTC=10:46:29,37.20,120.292517,23.106735,,,,,,,,,48,SAT=7,-200.93,-53.56,987.47,3325.00,962.50,-2012.50T=51,,"Package=182,UTC=10:46:29,Lat=23.106735,Lng=120.292517,Alt=37.20,Ax=-200.93,Ay=-53.56,Az=987.47,Gx=3325.00,Gy=962.50,Gz=-2012.50T=51,H=48,SAT=7"
,2025-09-21T02:46:33Z,COM6,,UTC=10:46:30,37.40,120.292518,23.106727,,,,,,,,51,48,SAT=7,-197.88,-52.70,991.01,-332.50,-315.00,437.50,,"Package=183,UTC=10:46:30,Lat=23.106727,Lng=120.292518,Alt=37.40,Ax=-197.88,Ay=-52.70,Az=991.01,Gx=-332.50,Gy=-315.00,Gz=437.50,T=51,H=48,SAT=7"
,2025-09-21T02:46:34Z,COM6,,UTC=10:46:31,37.50,120.292522,23.106715,,,,,,,,,48,SAT=7,-219.97,-63.07,976.98,17167.50,7315.00,-6002.T=51,,"Package=184,UTC=10:46:31,Lat=23.106715,Lng=120.292522,Alt=37.50,Ax=-219.97,Ay=-63.07,Az=976.98,Gx=17167.50,Gy=7315.00,Gz=-6002.T=51,H=48,SAT=7"
,2025-09-21T02:46:35Z,COM6,,UTC=10:46:32,37.60,120.292522,23.106713,,,,,,,,,48,SAT=7,-178.24,33.31,992.47,-4637.50,-7770.00,7542.5T=52,,"Package=185,UTC=10:46:32,Lat=23.106713,Lng=120.292522,Alt=37.60,Ax=-178.24,Ay=33.31,Az=992.47,Gx=-4637.50,Gy=-7770.00,Gz=7542.5T=52,H=48,SAT=7"
,2025-09-21T02:46:36Z,COM6,,UTC=10:46:33,37.40,120.292523,23.106712,,,,,,,,,48,SAT=7,-61.85,44.04,1014.31,4025.00,-7455.00,-5810.0T=52,,"Package=186,UTC=10:46:33,Lat=23.106712,Lng=120.292523,Alt=37.40,Ax=-61.85,Ay=44.04,Az=1014.31,Gx=4025.00,Gy=-7455.00,Gz=-5810.0T=52,H=48,SAT=7"
,2025-09-21T02:46:37Z,COM6,,UTC=10:46:34,37.00,120.292520,23.106713,,,,,,,,,48,SAT=7,-35.14,110.90,1010.77,-14752.50,-1820.00,4987T=52,,"Package=187,UTC=10:46:34,Lat=23.106713,Lng=120.292520,Alt=37.00,Ax=-35.14,Ay=110.90,Az=1010.77,Gx=-14752.50,Gy=-1820.00,Gz=4987T=52,H=48,SAT=7"
,2025-09-21T02:46:38Z,COM6,,UTC=10:46:35,37.10,120.292518,23.106712,,,,,,,,,48,SAT=7,-33.18,6.10,1017.72,-4462.50,-8732.50,1837.50T=52,,"Package=188,UTC=10:46:35,Lat=23.106712,Lng=120.292518,Alt=37.10,Ax=-33.18,Ay=6.10,Az=1017.72,Gx=-4462.50,Gy=-8732.50,Gz=1837.50T=52,H=48,SAT=7"
,2025-09-21T02:46:39Z,COM6,,UTC=10:46:36,37.10,120.292518,23.106710,,,,,,,,,48,SAT=7,41.97,0.00,1009.55,11147.50,-2222.50,-12495.0T=52,,"Package=189,UTC=10:46:36,Lat=23.106710,Lng=120.292518,Alt=37.10,Ax=41.97,Ay=0.00,Az=1009.55,Gx=11147.50,Gy=-2222.50,Gz=-12495.0T=52,H=48,SAT=7"
,2025-09-21T02:46:40Z,COM6,,UTC=10:46:37,37.30,120.292522,23.106710,,,,,,,,,,,,,,,,,,"Package=190,UTC=10:46:37,Lat=23.106710,Lng=120.292522,Alt=37.30,A"
,2025-09-21T02:46:41Z,COM6,,UTC=10:46:38,37.20,120.292517,23.106705,,,,,,,,52,48,SAT=7,22.33,40.26,1009.92,5005.00,-1452.50,5460.00,,"Package=191,UTC=10:46:38,Lat=23.106705,Lng=120.292517,Alt=37.20,Ax=22.33,Ay=40.26,Az=1009.92,Gx=5005.00,Gy=-1452.50,Gz=5460.00,T=52,H=48,SAT=7"
,2025-09-21T02:46:42Z,COM6,,UTC=10:46:39,37.0,120.292518,23.106705,,,,,,,,,,,,,,,,,,"Package=192,UTC=10:46:39,Lat=23.106705,Lng=120.292518,Alt=37.0"
,2025-09-21T02:46:43Z,COM6,,UTC=10:46:40,36.40,120.292517,23.106697,,,,,,,,52,48,SAT=7,13.18,19.52,1028.34,402.50,-4917.50,-175.00,,"Package=193,UTC=10:46:40,Lat=23.106697,Lng=120.292517,Alt=36.40,Ax=13.18,Ay=19.52,Az=1028.34,Gx=402.50,Gy=-4917.50,Gz=-175.00,T=52,H=48,SAT=7"
,2025-09-21T02:46:43Z,COM6,,UTC=10:46:41,,,23.106697,,,,,,,,,,,,,,,,,,"Package=194,UTC=10:46:41,Lat=23.106697,L"
,2025-09-21T02:46:45Z,COM6,,UTC=10:46:42,36.30,120.292508,23.106685,,,,,,,,,48,SAT=7,-139.69,-27.82,999.91,560.00,-5337.50,4847.50T=52,,"Package=195,UTC=10:46:42,Lat=23.106685,Lng=120.292508,Alt=36.30,Ax=-139.69,Ay=-27.82,Az=999.91,Gx=560.00,Gy=-5337.50,Gz=4847.50T=52,H=48,SAT=7"
,2025-09-21T02:46:46Z,COM6,,UTC=10:46:43,37.20,120.292508,23.106668,,,,,,,,,48,SAT=7,-125.90,-8.05,1011.87,-3587.50,-4655.00,2257.T=52,,"Package=196,UTC=10:46:43,Lat=23.106668,Lng=120.292508,Alt=37.20,Ax=-125.90,Ay=-8.05,Az=1011.87,Gx=-3587.50,Gy=-4655.00,Gz=2257.T=52,H=48,SAT=7"
,2025-09-21T02:46:47Z,COM6,,UTC=10:46:44,37.70,120.292515,23.106648,,,,,,,,,48,SAT=7,-110.17,-15.49,1003.82,1505.00,-52.50,2100.00T=52,,"Package=197,UTC=10:46:44,Lat=23.106648,Lng=120.292515,Alt=37.70,Ax=-110.17,Ay=-15.49,Az=1003.82,Gx=1505.00,Gy=-52.50,Gz=2100.00T=52,H=48,SAT=7"
,2025-09-21T02:46:48Z,COM6,,UTC=10:46:45,38.50,120.292522,23.106632,,,,,,,,,48,SAT=7,-129.44,-16.23,1005.04,-507.50,-1697.50,542.5T=52,,"Package=198,UTC=10:46:45,Lat=23.106632,Lng=120.292522,Alt=38.50,Ax=-129.44,Ay=-16.23,Az=1005.04,Gx=-507.50,Gy=-1697.50,Gz=542.5T=52,H=48,SAT=7"
,2025-09-21T02:46:49Z,COM6,,UTC=10:46:46,39.80,120.292527,23.106620,,,,,,,,52,48,SAT=7,-123.10,-22.08,1003.69,-997.50,857.50,175.00,,"Package=199,UTC=10:46:46,Lat=23.106620,Lng=120.292527,Alt=39.80,Ax=-123.10,Ay=-22.08,Az=1003.69,Gx=-997.50,Gy=857.50,Gz=175.00,T=52,H=48,SAT=7"
,2025-09-21T02:46:50Z,COM6,,UTC=10:46:47,40.50,120.292533,23.106608,,,,,,,,52,48,SAT=7,-121.63,-20.98,1001.01,455.00,1277.50,700.00,,"Package=200,UTC=10:46:47,Lat=23.106608,Lng=120.292533,Alt=40.50,Ax=-121.63,Ay=-20.98,Az=1001.01,Gx=455.00,Gy=1277.50,Gz=700.00,T=52,H=48,SAT=7"
,2025-09-21T02:46:51Z,COM6,,UTC=10:46:48,40.50,120.292533,23.106612,,,,,,,,,48,SAT=7,-186.54,197.27,966.97,10045.00,10097.50,6825.T=52,,"Package=201,UTC=10:46:48,Lat=23.106612,Lng=120.292533,Alt=40.50,Ax=-186.54,Ay=197.27,Az=966.97,Gx=10045.00,Gy=10097.50,Gz=6825.T=52,H=48,SAT=7"
,2025-09-21T02:46:52Z,COM6,,UTC=10:46:49,41.90,120.292552,23.106583,,,,,,,,,48,SAT=9,-249.00,226.43,945.50,-3202.50,997.50,-2467.5T=52,,"Package=202,UTC=10:46:49,Lat=23.106583,Lng=120.292552,Alt=41.90,Ax=-249.00,Ay=226.43,Az=945.50,Gx=-3202.50,Gy=997.50,Gz=-2467.5T=52,H=48,SAT=9"
,2025-09-21T02:46:53Z,COM6,,UTC=10:46:50,41.90,120.292558,23.106572,,,,,,,,,48,SAT=9,-256.20,196.66,951.36,1172.50,-2800.00,402.50T=52,,"Package=203,UTC=10:46:50,Lat=23.106572,Lng=120.292558,Alt=41.90,Ax=-256.20,Ay=196.66,Az=951.36,Gx=1172.50,Gy=-2800.00,Gz=402.50T=52,H=48,SAT=9"
,2025-09-21T02:46:54Z,COM6,,UTC=10:46:51,42.60,120.292565,23.106560,,,,,,,,,48,SAT=9,-253.03,176.53,957.94,-140.00,-1190.00,3307.5T=52,,"Package=204,UTC=10:46:51,Lat=23.106560,Lng=120.292565,Alt=42.60,Ax=-253.03,Ay=176.53,Az=957.94,Gx=-140.00,Gy=-1190.00,Gz=3307.5T=52,H=48,SAT=9"
,2025-09-21T02:46:54Z,COM6,,UTC=10:46:52,,120,23.106562,,,,,,,,,,,,,,,,,,"Package=205,UTC=10:46:52,Lat=23.106562,Lng=120"
,2025-09-21T02:46:56Z,COM6,,UTC=10:46:53,42.40,120.292572,23.106560,,,,,,,,,48,SAT=9,-176.29,116.14,988.69,-1330.00,-1977.50,-507.T=52,,"Package=206,UTC=10:46:53,Lat=23.106560,Lng=120.292572,Alt=42.40,Ax=-176.29,Ay=116.14,Az=988.69,Gx=-1330.00,Gy=-1977.50,Gz=-507.T=52,H=48,SAT=9"
,2025-09-21T02:46:56Z,COM6,,UTC=10:46:54,,,,,,,,,,,,,,,,,,,,,"Package=207,UTC=10:46:54"
,2025-09-21T02:46:58Z,COM6,,UTC=10:46:55,41.40,120.292575,23.106540,,,,,,,,,48,SAT=8,-184.71,76.13,988.32,2817.50,-2607.50,8872.50T=52,,"Package=208,UTC=10:46:55,Lat=23.106540,Lng=120.292575,Alt=41.40,Ax=-184.71,Ay=76.13,Az=988.32,Gx=2817.50,Gy=-2607.50,Gz=8872.50T=52,H=48,SAT=8"
,2025-09-21T02:47:00Z,COM6,,UTC=10:46:57,39.90,120.292578,23.106525,,,,,,,,,48,SAT=8,-173.48,69.91,1010.77,-3167.50,-6702.50,1050.T=52,,"Package=210,UTC=10:46:57,Lat=23.106525,Lng=120.292578,Alt=39.90,Ax=-173.48,Ay=69.91,Az=1010.77,Gx=-3167.50,Gy=-6702.50,Gz=1050.T=52,H=48,SAT=8"
,2025-09-21T02:47:01Z,COM6,,UTC=10:46:58,40.30,120.292573,23.106525,,,,,,,,,48,SAT=8,-163.60,77.35,992.96,-11952.50,2887.50,-7700.T=52,,"Package=211,UTC=10:46:58,Lat=23.106525,Lng=120.292573,Alt=40.30,Ax=-163.60,Ay=77.35,Az=992.96,Gx=-11952.50,Gy=2887.50,Gz=-7700.T=52,H=48,SAT=8"
,2025-09-21T02:47:02Z,COM6,,UTC=10:46:59,40.50,120.292578,23.106525,,,,,,,,,48,SAT=8,-208.01,35.99,1002.84,-4830.00,-3482.50,5110.T=52,,"Package=212,UTC=10:46:59,Lat=23.106525,Lng=120.292578,Alt=40.50,Ax=-208.01,Ay=35.99,Az=1002.84,Gx=-4830.00,Gy=-3482.50,Gz=5110.T=52,H=48,SAT=8"
,2025-09-21T02:47:03Z,COM6,,UTC=10:47:0,40.00,120.292585,23.106525,,,,,,,,,48,SAT=8,-207.64,17.08,995.40,-3937.50,-4602.50,-5180.T=52,,"Package=213,UTC=10:47:0,Lat=23.106525,Lng=120.292585,Alt=40.00,Ax=-207.64,Ay=17.08,Az=995.40,Gx=-3937.50,Gy=-4602.50,Gz=-5180.T=52,H=48,SAT=8"
,2025-09-21T02:47:04Z,COM6,,UTC=10:47:1,39.60,120.292587,23.106530,,,,,,,,,48,SAT=8,-225.82,-38.80,996.50,1242.50,-17342.50,-245.T=52,,"Package=214,UTC=10:47:1,Lat=23.106530,Lng=120.292587,Alt=39.60,Ax=-225.82,Ay=-38.80,Az=996.50,Gx=1242.50,Gy=-17342.50,Gz=-245.T=52,H=48,SAT=8"
,2025-09-21T02:47:05Z,COM6,,UTC=10:47:2,38.80,120.292587,23.106530,,,,,,,,52,48,SAT=9,-189.71,-4.88,991.74,-3010.00,297.50,-857.50,,"Package=215,UTC=10:47:2,Lat=23.106530,Lng=120.292587,Alt=38.80,Ax=-189.71,Ay=-4.88,Az=991.74,Gx=-3010.00,Gy=297.50,Gz=-857.50,T=52,H=48,SAT=9"
,2025-09-21T02:47:06Z,COM6,,UTC=10:47:3,38.80,120.292588,23.106532,,,,,,,,,48,SAT=9,-199.10,-25.99,993.20,945.00,-10255.00,4217.5T=52,,"Package=216,UTC=10:47:3,Lat=23.106532,Lng=120.292588,Alt=38.80,Ax=-199.10,Ay=-25.99,Az=993.20,Gx=945.00,Gy=-10255.00,Gz=4217.5T=52,H=48,SAT=9"
,2025-09-21T02:47:07Z,COM6,,UTC=10:47:4,38.80,120.292588,23.106535,,,,,,,,52,48,SAT=9,-160.55,2.56,996.13,-717.50,-752.50,875.00,,"Package=217,UTC=10:47:4,Lat=23.106535,Lng=120.292588,Alt=38.80,Ax=-160.55,Ay=2.56,Az=996.13,Gx=-717.50,Gy=-752.50,Gz=875.00,T=52,H=48,SAT=9"
,2025-09-21T02:47:29Z,COM6,,UTC=NO_TIME,N/A,N/A,N/A,,,,,,,,,58,SAT=0,1.59,-60.76,1016.75,6562.50,-9642.50,-45080.0T=52,,"Package=1,UTC=NO_TIME,Lat=N/A,Lng=N/A,Alt=N/A,Ax=1.59,Ay=-60.76,Az=1016.75,Gx=6562.50,Gy=-9642.50,Gz=-45080.0T=52,H=58,SAT=0"
,2025-09-21T02:47:30Z,COM6,,UTC=NO_TIME,N/A,N/A,N/A,,,,,,,,,48,SAT=0,-16.10,50.26,1011.38,21752.50,-22487.50,2905.T=52,,"Package=2,UTC=NO_TIME,Lat=N/A,Lng=N/A,Alt=N/A,Ax=-16.10,Ay=50.26,Az=1011.38,Gx=21752.50,Gy=-22487.50,Gz=2905.T=52,H=48,SAT=0"
,2025-09-21T02:47:31Z,COM6,,UTC=NO_TIME,N/A,N/A,N/A,,,,,,,,,48,SAT=0,-36.23,130.54,993.45,9940.00,7735.00,-6510.00T=52,,"Package=3,UTC=NO_TIME,Lat=N/A,Lng=N/A,Alt=N/A,Ax=-36.23,Ay=130.54,Az=993.45,Gx=9940.00,Gy=7735.00,Gz=-6510.00T=52,H=48,SAT=0"
,2025-09-21T02:47:32Z,COM6,,UTC=31:59:44,N/A,N/A,N/A,,,,,,,,,48,SAT=0,-58.68,148.84,994.30,3552.50,-4725.00,2100.00T=52,,"Package=4,UTC=31:59:44,Lat=N/A,Lng=N/A,Alt=N/A,Ax=-58.68,Ay=148.84,Az=994.30,Gx=3552.50,Gy=-4725.00,Gz=2100.00T=52,H=48,SAT=0"
,2025-09-21T02:47:33Z,COM6,,UTC=31:59:45,N/A,N/A,N/A,,,,,,,,,48,SAT=0,-53.68,113.22,995.52,1522.50,3850.00,-8960.00T=52,,"Package=5,UTC=31:59:45,Lat=N/A,Lng=N/A,Alt=N/A,Ax=-53.68,Ay=113.22,Az=995.52,Gx=1522.50,Gy=3850.00,Gz=-8960.00T=52,H=48,SAT=0"
,2025-09-21T02:47:34Z,COM6,,UTC=31:59:46,N/A,N/A,N/A,,,,,,,,,48,SAT=0,-51.97,136.52,1001.50,-3972.50,1802.50,-1330.T=52,,"Package=6,UTC=31:59:46,Lat=N/A,Lng=N/A,Alt=N/A,Ax=-51.97,Ay=136.52,Az=1001.50,Gx=-3972.50,Gy=1802.50,Gz=-1330.T=52,H=48,SAT=0"
,2025-09-21T02:47:35Z,COM6,,UTC=31:59:47,N/A,N/A,N/A,,,,,,,,52,48,SAT=0,-54.78,76.49,1005.40,-1312.50,105.00,700.00,,"Package=7,UTC=31:59:47,Lat=N/A,Lng=N/A,Alt=N/A,Ax=-54.78,Ay=76.49,Az=1005.40,Gx=-1312.50,Gy=105.00,Gz=700.00,T=52,H=48,SAT=0"
,2025-09-21T02:47:36Z,COM6,,UTC=31:59:48,N/A,N/A,N/A,,,,,,,,52,48,SAT=0,-67.34,67.34,1004.30,4375.00,-875.00,175.00,,"Package=8,UTC=31:59:48,Lat=N/A,Lng=N/A,Alt=N/A,Ax=-67.34,Ay=67.34,Az=1004.30,Gx=4375.00,Gy=-875.00,Gz=175.00,T=52,H=48,SAT=0"
,2025-09-21T02:47:37Z,COM6,,UTC=31:59:49,N/A,N/A,N/A,,,,,,,,52,48,SAT=0,-52.46,171.41,991.25,6527.50,980.00,1890.00,,"Package=9,UTC=31:59:49,Lat=N/A,Lng=N/A,Alt=N/A,Ax=-52.46,Ay=171.41,Az=991.25,Gx=6527.50,Gy=980.00,Gz=1890.00,T=52,H=48,SAT=0"
,2025-09-21T02:47:38Z,COM6,,UTC=31:59:50,N/A,N/A,N/A,,,,,,,,,48,SAT=0,-59.29,231.92,976.49,-9275.00,-8312.50,-3377.T=52,,"Package=10,UTC=31:59:50,Lat=N/A,Lng=N/A,Alt=N/A,Ax=-59.29,Ay=231.92,Az=976.49,Gx=-9275.00,Gy=-8312.50,Gz=-3377.T=52,H=48,SAT=0"
,2025-09-21T02:47:39Z,COM6,,UTC=31:59:51,N/A,N/A,N/A,,,,,,,,,48,SAT=0,-54.78,168.73,1014.19,-7717.50,2730.00,-1942.T=53,,"Package=11,UTC=31:59:51,Lat=N/A,Lng=N/A,Alt=N/A,Ax=-54.78,Ay=168.73,Az=1014.19,Gx=-7717.50,Gy=2730.00,Gz=-1942.T=53,H=48,SAT=0"
,2025-09-21T02:47:40Z,COM6,,UTC=31:59:52,N/A,N/A,N/A,,,,,,,,,48,SAT=0,-26.11,227.29,973.44,12897.50,1330.00,7070.00T=53,,"Package=12,UTC=31:59:52,Lat=N/A,Lng=N/A,Alt=N/A,Ax=-26.11,Ay=227.29,Az=973.44,Gx=12897.50,Gy=1330.00,Gz=7070.00T=53,H=48,SAT=0"
,2025-09-21T02:47:41Z,COM6,,UTC=31:59:53,N/A,N/A,N/A,,,,,,,,,48,SAT=0,-70.03,167.87,990.15,-1470.00,6107.50,-2660.0T=53,,"Package=13,UTC=31:59:53,Lat=N/A,Lng=N/A,Alt=N/A,Ax=-70.03,Ay=167.87,Az=990.15,Gx=-1470.00,Gy=6107.50,Gz=-2660.0T=53,H=48,SAT=0"
,2025-09-21T02:47:42Z,COM6,,UTC=31:59:54,N/A,N/A,N/A,,,,,,,,,48,SAT=0,-78.08,104.92,975.63,18567.50,-2030.00,4620.0T=53,,"Package=14,UTC=31:59:54,Lat=N/A,Lng=N/A,Alt=N/A,Ax=-78.08,Ay=104.92,Az=975.63,Gx=18567.50,Gy=-2030.00,Gz=4620.0T=53,H=48,SAT=0"
,2025-09-21T02:47:43Z,COM6,,UTC=31:59:55,N/A,N/A,N/A,,,,,,,,,48,SAT=0,-100.28,70.64,1010.28,-8050.00,6160.00,7630.0T=53,,"Package=15,UTC=31:59:55,Lat=N/A,Lng=N/A,Alt=N/A,Ax=-100.28,Ay=70.64,Az=1010.28,Gx=-8050.00,Gy=6160.00,Gz=7630.0T=53,H=48,SAT=0"
,2025-09-21T02:47:44Z,COM6,,UTC=31:59:56,N/A,N/A,N/A,,,,,,,,,48,SAT=0,-115.90,49.17,984.54,12932.50,-945.00,-2275.0T=53,,"Package=16,UTC=31:59:56,Lat=N/A,Lng=N/A,Alt=N/A,Ax=-115.90,Ay=49.17,Az=984.54,Gx=12932.50,Gy=-945.00,Gz=-2275.0T=53,H=48,SAT=0"
,2025-09-21T02:47:45Z,COM6,,UTC=31:59:57,N/A,N/A,N/A,,,,,,,,,48,SAT=0,-134.93,-38.80,991.37,3220.00,9012.50,-1050.0T=53,,"Package=17,UTC=31:59:57,Lat=N/A,Lng=N/A,Alt=N/A,Ax=-134.93,Ay=-38.80,Az=991.37,Gx=3220.00,Gy=9012.50,Gz=-1050.0T=53,H=48,SAT=0"
,2025-09-21T02:47:46Z,COM6,,UTC=31:59:58,N/A,N/A,N/A,,,,,,,,,48,SAT=0,-132.00,-6.10,1009.92,-12092.50,-857.50,7892.T=53,,"Package=18,UTC=31:59:58,Lat=N/A,Lng=N/A,Alt=N/A,Ax=-132.00,Ay=-6.10,Az=1009.92,Gx=-12092.50,Gy=-857.50,Gz=7892.T=53,H=48,SAT=0"
,2025-09-21T02:47:47Z,COM6,,UTC=31:59:59,N/A,N/A,N/A,,,,,,,,53,48,SAT=0,23.79,38.19,1014.80,4165.00,-9747.50,8032.50,,"Package=19,UTC=31:59:59,Lat=N/A,Lng=N/A,Alt=N/A,Ax=23.79,Ay=38.19,Az=1014.80,Gx=4165.00,Gy=-9747.50,Gz=8032.50,T=53,H=48,SAT=0"
,2025-09-21T02:47:48Z,COM6,,UTC=8:0:0,N/A,N/A,N/A,,,,,,,,,48,SAT=0,-76.62,336.23,954.28,11392.50,1452.50,14665.0T=53,,"Package=20,UTC=8:0:0,Lat=N/A,Lng=N/A,Alt=N/A,Ax=-76.62,Ay=336.23,Az=954.28,Gx=11392.50,Gy=1452.50,Gz=14665.0T=53,H=48,SAT=0"
,2025-09-21T02:47:49Z,COM6,,UTC=8:0:1,N/A,N/A,N/A,,,,,,,,,48,SAT=0,0.00,499.71,887.67,-14612.50,22715.00,11970.0T=53,,"Package=21,UTC=8:0:1,Lat=N/A,Lng=N/A,Alt=N/A,Ax=0.00,Ay=499.71,Az=887.67,Gx=-14612.50,Gy=22715.00,Gz=11970.0T=53,H=48,SAT=0"
,2025-09-21T02:47:50Z,COM6,,UTC=8:0:2,N/A,N/A,N/A,,,,,,,,,48,SAT=0,-83.69,82.96,974.90,-11462.50,-630.00,5757.50T=53,,"Package=22,UTC=8:0:2,Lat=N/A,Lng=N/A,Alt=N/A,Ax=-83.69,Ay=82.96,Az=974.90,Gx=-11462.50,Gy=-630.00,Gz=5757.50T=53,H=48,SAT=0"
,2025-09-21T02:47:51Z,COM6,,UTC=8:0:3,N/A,N/A,N/A,,,,,,,,,48,SAT=0,-97.60,95.65,1000.52,-1715.00,-455.00,-1365.0T=53,,"Package=23,UTC=8:0:3,Lat=N/A,Lng=N/A,Alt=N/A,Ax=-97.60,Ay=95.65,Az=1000.52,Gx=-1715.00,Gy=-455.00,Gz=-1365.0T=53,H=48,SAT=0"
,2025-09-21T02:47:52Z,COM6,,UTC=8:0:4,N/A,N/A,N/A,,,,,,,,,48,SAT=0,-35.62,-29.65,1027.97,-7752.50,-10867.50,-101T=53,,"Package=24,UTC=8:0:4,Lat=N/A,Lng=N/A,Alt=N/A,Ax=-35.62,Ay=-29.65,Az=1027.97,Gx=-7752.50,Gy=-10867.50,Gz=-101T=53,H=48,SAT=0"
,2025-09-21T02:47:53Z,COM6,,UTC=8:0:5,N/A,N/A,N/A,,,,,,,,,48,SAT=0,-33.92,-38.31,997.59,10202.50,-4042.50,-1820.T=53,,"Package=25,UTC=8:0:5,Lat=N/A,Lng=N/A,Alt=N/A,Ax=-33.92,Ay=-38.31,Az=997.59,Gx=10202.50,Gy=-4042.50,Gz=-1820.T=53,H=48,SAT=0"
,2025-09-21T02:47:54Z,COM6,,UTC=8:0:6,N/A,N/A,N/A,,,,,,,,,48,SAT=0,-27.08,-39.89,1066.04,6405.00,14472.50,3290.0T=53,,"Package=26,UTC=8:0:6,Lat=N/A,Lng=N/A,Alt=N/A,Ax=-27.08,Ay=-39.89,Az=1066.04,Gx=6405.00,Gy=14472.50,Gz=3290.0T=53,H=48,SAT=0"
,2025-09-21T02:47:55Z,COM6,,UTC=8:0:7,N/A,N/A,N/A,,,,,,,,,48,SAT=0,-30.13,-15.37,1038.22,32392.50,-25987.50,1524T=53,,"Package=27,UTC=8:0:7,Lat=N/A,Lng=N/A,Alt=N/A,Ax=-30.13,Ay=-15.37,Az=1038.22,Gx=32392.50,Gy=-25987.50,Gz=1524T=53,H=48,SAT=0"
,2025-09-21T02:47:56Z,COM6,,UTC=8:0:8,N/A,N/A,N/A,,,,,,,,,48,SAT=0,-14.64,-58.32,944.52,21245.00,45220.00,-20702T=53,,"Package=28,UTC=8:0:8,Lat=N/A,Lng=N/A,Alt=N/A,Ax=-14.64,Ay=-58.32,Az=944.52,Gx=21245.00,Gy=45220.00,Gz=-20702T=53,H=48,SAT=0"
,2025-09-21T02:47:57Z,COM6,,UTC=8:0:9,N/A,N/A,N/A,,,,,,,,,48,SAT=0,-37.82,-41.48,1044.81,787.50,-18602.50,-14192T=53,,"Package=29,UTC=8:0:9,Lat=N/A,Lng=N/A,Alt=N/A,Ax=-37.82,Ay=-41.48,Az=1044.81,Gx=787.50,Gy=-18602.50,Gz=-14192T=53,H=48,SAT=0"
,2025-09-21T02:47:58Z,COM6,,UTC=8:0:10,N/A,N/A,N/A,,,,,,,,,48,SAT=0,-24.52,-40.99,962.95,19582.50,4357.50,13650.0T=53,,"Package=30,UTC=8:0:10,Lat=N/A,Lng=N/A,Alt=N/A,Ax=-24.52,Ay=-40.99,Az=962.95,Gx=19582.50,Gy=4357.50,Gz=13650.0T=53,H=48,SAT=0"
,2025-09-21T02:47:59Z,COM6,,UTC=8:0:11,N/A,N/A,N/A,,,,,,,,,48,SAT=0,26.11,-80.76,988.93,-1312.50,-6860.00,-3535.0T=53,,"Package=31,UTC=8:0:11,Lat=N/A,Lng=N/A,Alt=N/A,Ax=26.11,Ay=-80.76,Az=988.93,Gx=-1312.50,Gy=-6860.00,Gz=-3535.0T=53,H=48,SAT=0"
,2025-09-21T02:48:00Z,COM6,,UTC=8:0:12,N/A,N/A,N/A,,,,,,,,,48,SAT=0,10.13,15.62,1040.66,-4550.00,5530.00,-10517.5T=53,,"Package=32,UTC=8:0:12,Lat=N/A,Lng=N/A,Alt=N/A,Ax=10.13,Ay=15.62,Az=1040.66,Gx=-4550.00,Gy=5530.00,Gz=-10517.5T=53,H=48,SAT=0"
,2025-09-21T02:48:01Z,COM6,,UTC=8:0:13,N/A,N/A,N/A,,,,,,,,53,48,SAT=0,-2.81,-7.20,1001.74,6387.50,11620.00,3920.00,,"Package=33,UTC=8:0:13,Lat=N/A,Lng=N/A,Alt=N/A,Ax=-2.81,Ay=-7.20,Az=1001.74,Gx=6387.50,Gy=11620.00,Gz=3920.00,T=53,H=48,SAT=0"
,2025-09-21T02:48:02Z,COM6,,UTC=8:0:14,N/A,N/A,N/A,,,,,,,,,48,SAT=0,-40.14,9.52,1000.77,-10955.00,8120.00,13912.5T=53,,"Package=34,UTC=8:0:14,Lat=N/A,Lng=N/A,Alt=N/A,Ax=-40.14,Ay=9.52,Az=1000.77,Gx=-10955.00,Gy=8120.00,Gz=13912.5T=53,H=48,SAT=0"
,2025-09-21T02:48:03Z,COM6,,UTC=8:0:15,N/A,N/A,N/A,,,,,,,,,47,SAT=0,-34.28,11.47,996.62,5635.00,-1960.00,-1085.00T=53,,"Package=35,UTC=8:0:15,Lat=N/A,Lng=N/A,Alt=N/A,Ax=-34.28,Ay=11.47,Az=996.62,Gx=5635.00,Gy=-1960.00,Gz=-1085.00T=53,H=47,SAT=0"
,2025-09-21T02:48:04Z,COM6,,UTC=8:0:16,N/A,N/A,N/A,,,,,,,,,47,SAT=0,-18.79,-20.01,1010.16,7945.00,-7140.00,-20965T=53,,"Package=36,UTC=8:0:16,Lat=N/A,Lng=N/A,Alt=N/A,Ax=-18.79,Ay=-20.01,Az=1010.16,Gx=7945.00,Gy=-7140.00,Gz=-20965T=53,H=47,SAT=0"
,2025-09-21T02:48:05Z,COM6,,UTC=8:0:17,N/A,N/A,N/A,,,,,,,,,47,SAT=0,-29.28,14.40,1018.82,1015.00,-4602.50,-1662.5T=53,,"Package=37,UTC=8:0:17,Lat=N/A,Lng=N/A,Alt=N/A,Ax=-29.28,Ay=14.40,Az=1018.82,Gx=1015.00,Gy=-4602.50,Gz=-1662.5T=53,H=47,SAT=0"
,2025-09-21T02:48:06Z,COM6,,UTC=8:0:18,N/A,N/A,N/A,,,,,,,,,47,SAT=0,14.03,-13.05,1019.43,-4007.50,7000.00,-9975.0T=53,,"Package=38,UTC=8:0:18,Lat=N/A,Lng=N/A,Alt=N/A,Ax=14.03,Ay=-13.05,Az=1019.43,Gx=-4007.50,Gy=7000.00,Gz=-9975.0T=53,H=47,SAT=0"
,2025-09-21T02:48:07Z,COM6,,UTC=8:0:19,N/A,N/A,N/A,,,,,,,,,47,SAT=0,-54.17,-49.29,1002.60,-9362.50,17447.50,-1303T=53,,"Package=39,UTC=8:0:19,Lat=N/A,Lng=N/A,Alt=N/A,Ax=-54.17,Ay=-49.29,Az=1002.60,Gx=-9362.50,Gy=17447.50,Gz=-1303T=53,H=47,SAT=0"
,2025-09-21T02:48:08Z,COM6,,UTC=8:0:20,N/A,N/A,N/A,,,,,,,,,47,SAT=0,-155.06,-126.39,1004.79,-3027.50,1347.50,2922T=53,,"Package=40,UTC=8:0:20,Lat=N/A,Lng=N/A,Alt=N/A,Ax=-155.06,Ay=-126.39,Az=1004.79,Gx=-3027.50,Gy=1347.50,Gz=2922T=53,H=47,SAT=0"
,2025-09-21T02:48:09Z,COM6,,UTC=8:0:21,N/A,N/A,N/A,,,,,,,,53,47,SAT=0,-82.47,6.10,977.83,-18585.00,-3500.00,455.00,,"Package=41,UTC=8:0:21,Lat=N/A,Lng=N/A,Alt=N/A,Ax=-82.47,Ay=6.10,Az=977.83,Gx=-18585.00,Gy=-3500.00,Gz=455.00,T=53,H=47,SAT=0"
,2025-09-21T02:48:10Z,COM6,,UTC=8:0:22,N/A,N/A,N/A,,,,,,,,53,47,SAT=0,-40.50,21.96,1014.55,8032.50,-2117.50,997.50,,"Package=42,UTC=8:0:22,Lat=N/A,Lng=N/A,Alt=N/A,Ax=-40.50,Ay=21.96,Az=1014.55,Gx=8032.50,Gy=-2117.50,Gz=997.50,T=53,H=47,SAT=0"
,2025-09-21T02:48:11Z,COM6,,UTC=8:0:23,N/A,N/A,N/A,,,,,,,,,47,SAT=0,-9.39,46.97,1006.01,-7262.50,2590.00,-7647.50T=53,,"Package=43,UTC=8:0:23,Lat=N/A,Lng=N/A,Alt=N/A,Ax=-9.39,Ay=46.97,Az=1006.01,Gx=-7262.50,Gy=2590.00,Gz=-7647.50T=53,H=47,SAT=0"
,2025-09-21T02:48:12Z,COM6,,UTC=8:0:24,N/A,N/A,N/A,,,,,,,,,47,SAT=0,-150.55,124.81,955.02,-9502.50,1242.50,10762.T=53,,"Package=44,UTC=8:0:24,Lat=N/A,Lng=N/A,Alt=N/A,Ax=-150.55,Ay=124.81,Az=955.02,Gx=-9502.50,Gy=1242.50,Gz=10762.T=53,H=47,SAT=0"
,2025-09-21T02:48:13Z,COM6,,UTC=10:48:10,N/A,N/A,N/A,,,,,,,,,47,SAT=0,-156.65,37.21,993.08,3360.00,-3920.00,-6142.5T=53,,"Package=45,UTC=10:48:10,Lat=N/A,Lng=N/A,Alt=N/A,Ax=-156.65,Ay=37.21,Az=993.08,Gx=3360.00,Gy=-3920.00,Gz=-6142.5T=53,H=47,SAT=0"
,2025-09-21T02:48:14Z,COM6,,UTC=10:48:11,N/A,N/A,N/A,,,,,,,,,47,SAT=0,-148.35,67.10,1002.35,-402.50,-5425.00,-752.5T=53,,"Package=46,UTC=10:48:11,Lat=N/A,Lng=N/A,Alt=N/A,Ax=-148.35,Ay=67.10,Az=1002.35,Gx=-402.50,Gy=-5425.00,Gz=-752.5T=53,H=47,SAT=0"
,2025-09-21T02:48:15Z,COM6,,UTC=10:48:12,N/A,N/A,N/A,,,,,,,,,47,SAT=0,-183.61,-7.56,1025.90,7525.00,-13807.50,-1774T=53,,"Package=47,UTC=10:48:12,Lat=N/A,Lng=N/A,Alt=N/A,Ax=-183.61,Ay=-7.56,Az=1025.90,Gx=7525.00,Gy=-13807.50,Gz=-1774T=53,H=47,SAT=0"
,2025-09-21T02:48:16Z,COM6,,UTC=10:48:13,N/A,N/A,N/A,,,,,,,,,47,SAT=0,-83.69,13.79,989.42,-13002.50,-24517.50,-1135T=53,,"Package=48,UTC=10:48:13,Lat=N/A,Lng=N/A,Alt=N/A,Ax=-83.69,Ay=13.79,Az=989.42,Gx=-13002.50,Gy=-24517.50,Gz=-1135T=53,H=47,SAT=0"
,2025-09-21T02:48:17Z,COM6,,UTC=10:48:14,N/A,N/A,N/A,,,,,,,,,47,SAT=0,-46.36,22.20,1047.00,-30100.00,-1960.00,7787.T=53,,"Package=49,UTC=10:48:14,Lat=N/A,Lng=N/A,Alt=N/A,Ax=-46.36,Ay=22.20,Az=1047.00,Gx=-30100.00,Gy=-1960.00,Gz=7787.T=53,H=47,SAT=0"
,2025-09-21T02:48:18Z,COM6,,UTC=10:48:15,N/A,N/A,N/A,,,,,,,,,47,SAT=0,-67.22,-40.26,1044.69,11550.00,-16257.50,-370T=53,,"Package=50,UTC=10:48:15,Lat=N/A,Lng=N/A,Alt=N/A,Ax=-67.22,Ay=-40.26,Az=1044.69,Gx=11550.00,Gy=-16257.50,Gz=-370T=53,H=47,SAT=0"
,2025-09-21T02:48:19Z,COM6,,UTC=10:48:16,N/A,N/A,N/A,,,,,,,,,47,SAT=0,-95.16,-40.02,1017.72,11427.50,8732.50,38832.T=53,,"Package=51,UTC=10:48:16,Lat=N/A,Lng=N/A,Alt=N/A,Ax=-95.16,Ay=-40.02,Az=1017.72,Gx=11427.50,Gy=8732.50,Gz=38832.T=53,H=47,SAT=0"
,2025-09-21T02:48:20Z,COM6,,UTC=10:48:18,N/A,N/A,N/A,,,,,,,,,47,SAT=0,-43.80,-35.14,1004.55,-6002.50,-70.00,-6860.0T=54,,"Package=52,UTC=10:48:18,Lat=N/A,Lng=N/A,Alt=N/A,Ax=-43.80,Ay=-35.14,Az=1004.55,Gx=-6002.50,Gy=-70.00,Gz=-6860.0T=54,H=47,SAT=0"
,2025-09-21T02:48:21Z,COM6,,UTC=10:48:19,N/A,N/A,N/A,,,,,,,,,47,SAT=0,-18.30,-66.00,1011.14,437.50,1820.00,-1172.50T=54,,"Package=53,UTC=10:48:19,Lat=N/A,Lng=N/A,Alt=N/A,Ax=-18.30,Ay=-66.00,Az=1011.14,Gx=437.50,Gy=1820.00,Gz=-1172.50T=54,H=47,SAT=0"
,2025-09-21T02:48:22Z,COM6,,UTC=10:48:20,N/A,N/A,N/A,,,,,,,,54,47,SAT=0,-33.55,-52.70,1017.24,472.50,-17.50,-1015.00,,"Package=54,UTC=10:48:20,Lat=N/A,Lng=N/A,Alt=N/A,Ax=-33.55,Ay=-52.70,Az=1017.24,Gx=472.50,Gy=-17.50,Gz=-1015.00,T=54,H=47,SAT=0"
,2025-09-21T02:48:23Z,COM6,,UTC=10:48:21,N/A,N/A,N/A,,,,,,,,,47,SAT=0,-239.73,77.23,1031.39,-4585.00,-2555.00,10895T=54,,"Package=55,UTC=10:48:21,Lat=N/A,Lng=N/A,Alt=N/A,Ax=-239.73,Ay=77.23,Az=1031.39,Gx=-4585.00,Gy=-2555.00,Gz=10895T=54,H=47,SAT=0"
,2025-09-21T02:48:24Z,COM6,,UTC=10:48:22,N/A,N/A,N/A,,,,,,,,,47,SAT=0,37.45,-15.13,1003.33,9817.50,7962.50,21770.00T=54,,"Package=56,UTC=10:48:22,Lat=N/A,Lng=N/A,Alt=N/A,Ax=37.45,Ay=-15.13,Az=1003.33,Gx=9817.50,Gy=7962.50,Gz=21770.00T=54,H=47,SAT=0"
,2025-09-21T02:48:25Z,COM6,,UTC=10:48:23,N/A,N/A,N/A,,,,,,,,,47,SAT=0,-105.29,-96.99,1097.76,18917.50,-2450.00,-743T=54,,"Package=57,UTC=10:48:23,Lat=N/A,Lng=N/A,Alt=N/A,Ax=-105.29,Ay=-96.99,Az=1097.76,Gx=18917.50,Gy=-2450.00,Gz=-743T=54,H=47,SAT=0"
,2025-09-21T02:48:26Z,COM6,,UTC=10:48:24,N/A,N/A,N/A,,,,,,,,,47,SAT=0,-20.98,-71.49,1015.41,8907.50,17937.50,822.50T=54,,"Package=58,UTC=10:48:24,Lat=N/A,Lng=N/A,Alt=N/A,Ax=-20.98,Ay=-71.49,Az=1015.41,Gx=8907.50,Gy=17937.50,Gz=822.50T=54,H=47,SAT=0"
,2025-09-21T02:48:27Z,COM6,,UTC=10:48:25,N/A,N/A,N/A,,,,,,,,54,47,SAT=0,-42.33,-0.24,1021.87,6422.50,1085.00,-280.00,,"Package=59,UTC=10:48:25,Lat=N/A,Lng=N/A,Alt=N/A,Ax=-42.33,Ay=-0.24,Az=1021.87,Gx=6422.50,Gy=1085.00,Gz=-280.00,T=54,H=47,SAT=0"
,2025-09-21T02:48:28Z,COM6,,UTC=10:48:26,N/A,N/A,N/A,,,,,,,,54,47,SAT=0,-87.35,56.24,987.59,-1505.00,5565.00,6300.00,,"Package=60,UTC=10:48:26,Lat=N/A,Lng=N/A,Alt=N/A,Ax=-87.35,Ay=56.24,Az=987.59,Gx=-1505.00,Gy=5565.00,Gz=6300.00,T=54,H=47,SAT=0"
,2025-09-21T02:48:29Z,COM6,,UTC=10:48:27,N/A,N/A,N/A,,,,,,,,54,47,SAT=0,-5.12,56.36,984.30,-7630.00,-787.50,-3377.50,,"Package=61,UTC=10:48:27,Lat=N/A,Lng=N/A,Alt=N/A,Ax=-5.12,Ay=56.36,Az=984.30,Gx=-7630.00,Gy=-787.50,Gz=-3377.50,T=54,H=47,SAT=0"
,2025-09-21T02:48:30Z,COM6,,UTC=10:48:28,N/A,N/A,N/A,,,,,,,,,47,SAT=0,-33.79,30.38,1007.48,-175.00,4480.00,-2047.50T=54,,"Package=62,UTC=10:48:28,Lat=N/A,Lng=N/A,Alt=N/A,Ax=-33.79,Ay=30.38,Az=1007.48,Gx=-175.00,Gy=4480.00,Gz=-2047.50T=54,H=47,SAT=0"
,2025-09-21T02:48:31Z,COM6,,UTC=10:48:29,N/A,N/A,N/A,,,,,,,,,47,SAT=0,-61.37,3.17,1023.58,-210.00,-10412.50,1277.50T=54,,"Package=63,UTC=10:48:29,Lat=N/A,Lng=N/A,Alt=N/A,Ax=-61.37,Ay=3.17,Az=1023.58,Gx=-210.00,Gy=-10412.50,Gz=1277.50T=54,H=47,SAT=0"
,2025-09-21T02:48:32Z,COM6,,UTC=10:48:30,N/A,N/A,N/A,,,,,,,,,47,SAT=0,-70.03,-0.37,1026.63,7035.00,-560.00,-1837.50T=54,,"Package=64,UTC=10:48:30,Lat=N/A,Lng=N/A,Alt=N/A,Ax=-70.03,Ay=-0.37,Az=1026.63,Gx=7035.00,Gy=-560.00,Gz=-1837.50T=54,H=47,SAT=0"
,2025-09-21T02:48:33Z,COM6,,UTC=10:48:31,N/A,N/A,N/A,,,,,,,,54,47,SAT=0,-56.12,33.43,1013.09,3692.50,4882.50,770.00,,"Package=65,UTC=10:48:31,Lat=N/A,Lng=N/A,Alt=N/A,Ax=-56.12,Ay=33.43,Az=1013.09,Gx=3692.50,Gy=4882.50,Gz=770.00,T=54,H=47,SAT=0"
,2025-09-21T02:48:34Z,COM6,,UTC=10:48:32,N/A,N/A,N/A,,,,,,,,,47,SAT=0,-119.32,106.51,1012.23,12022.50,-17220.00,-30T=54,,"Package=66,UTC=10:48:32,Lat=N/A,Lng=N/A,Alt=N/A,Ax=-119.32,Ay=106.51,Az=1012.23,Gx=12022.50,Gy=-17220.00,Gz=-30T=54,H=47,SAT=0"
,2025-09-21T02:48:35Z,COM6,,UTC=10:48:33,N/A,N/A,N/A,,,,,,,,,47,SAT=0,-112.24,61.98,993.45,-5670.00,-2012.50,-4917.T=54,,"Package=67,UTC=10:48:33,Lat=N/A,Lng=N/A,Alt=N/A,Ax=-112.24,Ay=61.98,Az=993.45,Gx=-5670.00,Gy=-2012.50,Gz=-4917.T=54,H=47,SAT=0"
,2025-09-21T02:48:36Z,COM6,,UTC=10:48:34,N/A,N/A,N/A,,,,,,,,,47,SAT=0,-89.67,79.30,995.40,22907.50,3710.00,15137.50T=54,,"Package=68,UTC=10:48:34,Lat=N/A,Lng=N/A,Alt=N/A,Ax=-89.67,Ay=79.30,Az=995.40,Gx=22907.50,Gy=3710.00,Gz=15137.50T=54,H=47,SAT=0"
,2025-09-21T02:48:37Z,COM6,,UTC=10:48:35,N/A,N/A,N/A,,,,,,,,,46,SAT=0,-70.64,4.64,1026.14,-9940.00,-17850.00,-33127T=54,,"Package=69,UTC=10:48:35,Lat=N/A,Lng=N/A,Alt=N/A,Ax=-70.64,Ay=4.64,Az=1026.14,Gx=-9940.00,Gy=-17850.00,Gz=-33127T=54,H=46,SAT=0"
,2025-09-21T02:48:38Z,COM6,,UTC=10:48:36,N/A,N/A,N/A,,,,,,,,,46,SAT=0,-75.76,78.08,999.91,-6002.50,1015.00,12530.00T=54,,"Package=70,UTC=10:48:36,Lat=N/A,Lng=N/A,Alt=N/A,Ax=-75.76,Ay=78.08,Az=999.91,Gx=-6002.50,Gy=1015.00,Gz=12530.00T=54,H=46,SAT=0"
,2025-09-21T02:48:39Z,COM6,,UTC=10:48:37,N/A,N/A,N/A,,,,,,,,,46,SAT=0,-76.86,28.30,1002.96,-1452.50,5040.00,-1715.0T=54,,"Package=71,UTC=10:48:37,Lat=N/A,Lng=N/A,Alt=N/A,Ax=-76.86,Ay=28.30,Az=1002.96,Gx=-1452.50,Gy=5040.00,Gz=-1715.0T=54,H=46,SAT=0"
,2025-09-21T02:48:40Z,COM6,,UTC=10:48:38,N/A,N/A,N/A,,,,,,,,54,46,SAT=0,-86.62,30.99,1002.84,-822.50,262.50,-3307.50,,"Package=72,UTC=10:48:38,Lat=N/A,Lng=N/A,Alt=N/A,Ax=-86.62,Ay=30.99,Az=1002.84,Gx=-822.50,Gy=262.50,Gz=-3307.50,T=54,H=46,SAT=0"
,2025-09-21T02:48:41Z,COM6,,UTC=10:48:39,N/A,N/A,N/A,,,,,,,,,46,SAT=0,-84.42,15.37,1007.72,-280.00,-595.00,-2835.00T=54,,"Package=73,UTC=10:48:39,Lat=N/A,Lng=N/A,Alt=N/A,Ax=-84.42,Ay=15.37,Az=1007.72,Gx=-280.00,Gy=-595.00,Gz=-2835.00T=54,H=46,SAT=0"
,2025-09-21T02:48:42Z,COM6,,UTC=10:48:40,N/A,N/A,N/A,,,,,,,,54,46,SAT=0,-88.33,24.52,1006.87,1382.50,-682.50,-875.00,,"Package=74,UTC=10:48:40,Lat=N/A,Lng=N/A,Alt=N/A,Ax=-88.33,Ay=24.52,Az=1006.87,Gx=1382.50,Gy=-682.50,Gz=-875.00,T=54,H=46,SAT=0"
,2025-09-21T02:48:43Z,COM6,,UTC=10:48:41,N/A,N/A,N/A,,,,,,,,,46,SAT=0,-82.59,11.96,1005.04,1435.00,-105.00,-1907.50T=54,,"Package=75,UTC=10:48:41,Lat=N/A,Lng=N/A,Alt=N/A,Ax=-82.59,Ay=11.96,Az=1005.04,Gx=1435.00,Gy=-105.00,Gz=-1907.50T=54,H=46,SAT=0"
,2025-09-21T02:48:44Z,COM6,,UTC=10:48:42,N/A,N/A,N/A,,,,,,,,54,46,SAT=0,-86.74,13.18,1006.50,927.50,-1032.50,-122.50,,"Package=76,UTC=10:48:42,Lat=N/A,Lng=N/A,Alt=N/A,Ax=-86.74,Ay=13.18,Az=1006.50,Gx=927.50,Gy=-1032.50,Gz=-122.50,T=54,H=46,SAT=0"
,2025-09-21T02:48:45Z,COM6,,UTC=10:48:43,N/A,N/A,N/A,,,,,,,,54,46,SAT=0,-92.11,-3.78,1004.79,-647.50,-840.00,-192.50,,"Package=77,UTC=10:48:43,Lat=N/A,Lng=N/A,Alt=N/A,Ax=-92.11,Ay=-3.78,Az=1004.79,Gx=-647.50,Gy=-840.00,Gz=-192.50,T=54,H=46,SAT=0"
,2025-09-21T02:48:46Z,COM6,,UTC=10:48:44,N/A,N/A,N/A,,,,,,,,,46,SAT=0,-112.48,21.23,1002.60,13160.00,-5442.50,5967.T=54,,"Package=78,UTC=10:48:44,Lat=N/A,Lng=N/A,Alt=N/A,Ax=-112.48,Ay=21.23,Az=1002.60,Gx=13160.00,Gy=-5442.50,Gz=5967.T=54,H=46,SAT=0"
,2025-09-21T02:48:47Z,COM6,,UTC=10:48:45,N/A,N/A,N/A,,,,,,,,,46,SAT=0,-69.05,23.55,1020.29,192.50,-6632.50,23205.00T=54,,"Package=79,UTC=10:48:45,Lat=N/A,Lng=N/A,Alt=N/A,Ax=-69.05,Ay=23.55,Az=1020.29,Gx=192.50,Gy=-6632.50,Gz=23205.00T=54,H=46,SAT=0"
,2025-09-21T02:48:48Z,COM6,,UTC=10:48:46,N/A,N/A,N/A,,,,,,,,,46,SAT=0,-9.15,-123.22,1014.92,-4217.50,-9625.00,-5862T=54,,"Package=80,UTC=10:48:46,Lat=N/A,Lng=N/A,Alt=N/A,Ax=-9.15,Ay=-123.22,Az=1014.92,Gx=-4217.50,Gy=-9625.00,Gz=-5862T=54,H=46,SAT=0"
,2025-09-21T02:48:49Z,COM6,,UTC=10:48:47,N/A,N/A,N/A,,,,,,,,54,46,SAT=0,-25.13,-84.42,1005.40,1365.00,3237.50,87.50,,"Package=81,UTC=10:48:47,Lat=N/A,Lng=N/A,Alt=N/A,Ax=-25.13,Ay=-84.42,Az=1005.40,Gx=1365.00,Gy=3237.50,Gz=87.50,T=54,H=46,SAT=0"
,2025-09-21T02:48:50Z,COM6,,UTC=10:48:48,N/A,N/A,N/A,,,,,,,,,46,SAT=0,-100.28,17.81,1004.91,-1592.50,31377.50,19985T=54,,"Package=82,UTC=10:48:48,Lat=N/A,Lng=N/A,Alt=N/A,Ax=-100.28,Ay=17.81,Az=1004.91,Gx=-1592.50,Gy=31377.50,Gz=19985T=54,H=46,SAT=0"
,2025-09-21T02:48:51Z,COM6,,UTC=10:48:49,N/A,N/A,N/A,,,,,,,,54,46,SAT=0,-96.38,61.61,994.30,2765.00,4847.50,-4480.00,,"Package=83,UTC=10:48:49,Lat=N/A,Lng=N/A,Alt=N/A,Ax=-96.38,Ay=61.61,Az=994.30,Gx=2765.00,Gy=4847.50,Gz=-4480.00,T=54,H=46,SAT=0"
,2025-09-21T02:48:52Z,COM6,,UTC=10:48:50,N/A,N/A,N/A,,,,,,,,,46,SAT=0,-146.89,88.69,983.32,-18777.50,4952.50,-227.5T=54,,"Package=84,UTC=10:48:50,Lat=N/A,Lng=N/A,Alt=N/A,Ax=-146.89,Ay=88.69,Az=983.32,Gx=-18777.50,Gy=4952.50,Gz=-227.5T=54,H=46,SAT=0"
,2025-09-21T02:48:53Z,COM6,,UTC=10:48:51,N/A,N/A,N/A,,,,,,,,,46,SAT=0,-282.67,-44.77,965.75,2415.00,-6352.50,-4287.T=54,,"Package=85,UTC=10:48:51,Lat=N/A,Lng=N/A,Alt=N/A,Ax=-282.67,Ay=-44.77,Az=965.75,Gx=2415.00,Gy=-6352.50,Gz=-4287.T=54,H=46,SAT=0"
,2025-09-21T02:48:54Z,COM6,,UTC=10:48:52,N/A,N/A,N/A,,,,,,,,,46,SAT=0,-135.91,84.42,979.05,-175.00,-8977.50,-2555.0T=54,,"Package=86,UTC=10:48:52,Lat=N/A,Lng=N/A,Alt=N/A,Ax=-135.91,Ay=84.42,Az=979.05,Gx=-175.00,Gy=-8977.50,Gz=-2555.0T=54,H=46,SAT=0"
,2025-09-21T02:48:55Z,COM6,,UTC=10:48:53,N/A,N/A,N/A,,,,,,,,,46,SAT=0,-186.17,235.09,907.19,-175.00,-6912.50,-13860T=54,,"Package=87,UTC=10:48:53,Lat=N/A,Lng=N/A,Alt=N/A,Ax=-186.17,Ay=235.09,Az=907.19,Gx=-175.00,Gy=-6912.50,Gz=-13860T=54,H=46,SAT=0"
,2025-09-21T02:48:56Z,COM6,,UTC=10:48:54,N/A,N/A,N/A,,,,,,,,,46,SAT=0,-128.10,143.59,966.24,-17202.50,-33267.50,435T=54,,"Package=88,UTC=10:48:54,Lat=N/A,Lng=N/A,Alt=N/A,Ax=-128.10,Ay=143.59,Az=966.24,Gx=-17202.50,Gy=-33267.50,Gz=435T=54,H=46,SAT=0"
,2025-09-21T02:48:57Z,COM6,,UTC=10:48:55,N/A,N/A,N/A,,,,,,,,,46,SAT=0,-111.26,36.97,1001.99,9345.00,-612.50,-26442.T=54,,"Package=89,UTC=10:48:55,Lat=N/A,Lng=N/A,Alt=N/A,Ax=-111.26,Ay=36.97,Az=1001.99,Gx=9345.00,Gy=-612.50,Gz=-26442.T=54,H=46,SAT=0"
,2025-09-21T02:48:58Z,COM6,,UTC=10:48:56,N/A,N/A,N/A,,,,,,,,,46,SAT=0,-213.26,90.04,963.68,-6650.00,-1085.00,3535.0T=54,,"Package=90,UTC=10:48:56,Lat=N/A,Lng=N/A,Alt=N/A,Ax=-213.26,Ay=90.04,Az=963.68,Gx=-6650.00,Gy=-1085.00,Gz=3535.0T=54,H=46,SAT=0"
,2025-09-21T02:48:59Z,COM6,,UTC=10:48:57,N/A,N/A,N/A,,,,,,,,,46,SAT=0,-206.67,44.29,1016.63,8365.00,-14910.00,-2922T=54,,"Package=91,UTC=10:48:57,Lat=N/A,Lng=N/A,Alt=N/A,Ax=-206.67,Ay=44.29,Az=1016.63,Gx=8365.00,Gy=-14910.00,Gz=-2922T=54,H=46,SAT=0"
,2025-09-21T02:49:00Z,COM6,,UTC=10:48:58,N/A,N/A,N/A,,,,,,,,54,46,SAT=0,-150.79,176.17,974.66,-2292.50,140.00,962.50,,"Package=92,UTC=10:48:58,Lat=N/A,Lng=N/A,Alt=N/A,Ax=-150.79,Ay=176.17,Az=974.66,Gx=-2292.50,Gy=140.00,Gz=962.50,T=54,H=46,SAT=0"
,2025-09-21T02:49:01Z,COM6,,UTC=10:48:59,N/A,N/A,N/A,,,,,,,,,46,SAT=0,-181.41,145.18,1028.46,-10325.00,1540.00,3930T=54,,"Package=93,UTC=10:48:59,Lat=N/A,Lng=N/A,Alt=N/A,Ax=-181.41,Ay=145.18,Az=1028.46,Gx=-10325.00,Gy=1540.00,Gz=3930T=54,H=46,SAT=0"
,2025-09-21T02:49:02Z,COM6,,UTC=10:49:0,N/A,N/A,N/A,,,,,,,,,46,SAT=0,-170.31,20.37,993.08,5600.00,-2310.00,-980.00T=54,,"Package=94,UTC=10:49:0,Lat=N/A,Lng=N/A,Alt=N/A,Ax=-170.31,Ay=20.37,Az=993.08,Gx=5600.00,Gy=-2310.00,Gz=-980.00T=54,H=46,SAT=0"
,2025-09-21T02:49:03Z,COM6,,UTC=10:49:1,N/A,N/A,N/A,,,,,,,,,46,SAT=0,-238.27,133.96,960.02,-11147.50,-5127.50,-500T=54,,"Package=95,UTC=10:49:1,Lat=N/A,Lng=N/A,Alt=N/A,Ax=-238.27,Ay=133.96,Az=960.02,Gx=-11147.50,Gy=-5127.50,Gz=-500T=54,H=46,SAT=0"
,2025-09-21T02:49:04Z,COM6,,UTC=10:49:2,N/A,N/A,N/A,,,,,,,,,46,SAT=0,-207.16,85.64,980.88,-5705.00,-6930.00,420.00T=54,,"Package=96,UTC=10:49:2,Lat=N/A,Lng=N/A,Alt=N/A,Ax=-207.16,Ay=85.64,Az=980.88,Gx=-5705.00,Gy=-6930.00,Gz=420.00T=54,H=46,SAT=0"
,2025-09-21T02:49:05Z,COM6,,UTC=10:49:3,N/A,N/A,N/A,,,,,,,,,45,SAT=0,-214.23,100.53,964.90,8225.00,8277.50,-1995.0T=54,,"Package=97,UTC=10:49:3,Lat=N/A,Lng=N/A,Alt=N/A,Ax=-214.23,Ay=100.53,Az=964.90,Gx=8225.00,Gy=8277.50,Gz=-1995.0T=54,H=45,SAT=0"
,2025-09-21T02:49:06Z,COM6,,UTC=10:49:4,N/A,N/A,N/A,,,,,,,,,45,SAT=0,-128.34,-124.93,964.53,28035.00,10045.00,-429T=54,,"Package=98,UTC=10:49:4,Lat=N/A,Lng=N/A,Alt=N/A,Ax=-128.34,Ay=-124.93,Az=964.53,Gx=28035.00,Gy=10045.00,Gz=-429T=54,H=45,SAT=0"
,2025-09-21T02:49:07Z,COM6,,UTC=10:49:5,N/A,N/A,N/A,,,,,,,,,45,SAT=0,2.20,-0.73,1005.52,2905.00,12092.50,-14350.00T=54,,"Package=99,UTC=10:49:5,Lat=N/A,Lng=N/A,Alt=N/A,Ax=2.20,Ay=-0.73,Az=1005.52,Gx=2905.00,Gy=12092.50,Gz=-14350.00T=54,H=45,SAT=0"
,2025-09-21T02:49:08Z,COM6,,UTC=10:49:6,N/A,N/A,N/A,,,,,,,,,45,SAT=0,-103.46,-16.59,1002.72,-3745.00,-7140.00,-911T=54,,"Package=100,UTC=10:49:6,Lat=N/A,Lng=N/A,Alt=N/A,Ax=-103.46,Ay=-16.59,Az=1002.72,Gx=-3745.00,Gy=-7140.00,Gz=-911T=54,H=45,SAT=0"
,2025-09-21T02:49:09Z,COM6,,UTC=10:49:7,N/A,N/A,N/A,,,,,,,,,45,SAT=0,-89.55,52.95,1051.27,-48790.00,1347.50,-27737T=54,,"Package=101,UTC=10:49:7,Lat=N/A,Lng=N/A,Alt=N/A,Ax=-89.55,Ay=52.95,Az=1051.27,Gx=-48790.00,Gy=1347.50,Gz=-27737T=54,H=45,SAT=0"
,2025-09-21T02:49:10Z,COM6,,UTC=10:49:8,N/A,N/A,N/A,,,,,,,,,45,SAT=0,-254.25,-193.61,945.50,-22470.00,6177.50,4109T=54,,"Package=102,UTC=10:49:8,Lat=N/A,Lng=N/A,Alt=N/A,Ax=-254.25,Ay=-193.61,Az=945.50,Gx=-22470.00,Gy=6177.50,Gz=4109T=54,H=45,SAT=0"
,2025-09-21T02:49:11Z,COM6,,UTC=10:49:9,N/A,N/A,N/A,,,,,,,,,45,SAT=0,-349.77,-87.35,913.66,9502.50,5565.00,6055.00T=54,,"Package=103,UTC=10:49:9,Lat=N/A,Lng=N/A,Alt=N/A,Ax=-349.77,Ay=-87.35,Az=913.66,Gx=9502.50,Gy=5565.00,Gz=6055.00T=54,H=45,SAT=0"
,2025-09-21T02:49:12Z,COM6,,UTC=10:49:10,N/A,N/A,N/A,,,,,,,,,45,SAT=0,-395.40,82.47,967.95,37712.50,63315.00,-29960T=54,,"Package=104,UTC=10:49:10,Lat=N/A,Lng=N/A,Alt=N/A,Ax=-395.40,Ay=82.47,Az=967.95,Gx=37712.50,Gy=63315.00,Gz=-29960T=54,H=45,SAT=0"
,2025-09-21T02:49:13Z,COM6,,UTC=10:49:11,N/A,N/A,N/A,,,,,,,,,45,SAT=0,-483.24,36.84,830.33,18567.50,42980.00,23800.T=54,,"Package=105,UTC=10:49:11,Lat=N/A,Lng=N/A,Alt=N/A,Ax=-483.24,Ay=36.84,Az=830.33,Gx=18567.50,Gy=42980.00,Gz=23800.T=54,H=45,SAT=0"
,2025-09-21T02:49:14Z,COM6,,UTC=10:49:12,N/A,N/A,N/A,,,,,,,,,45,SAT=0,-747.98,-83.20,586.21,4637.50,11777.50,-53252T=54,,"Package=106,UTC=10:49:12,Lat=N/A,Lng=N/A,Alt=N/A,Ax=-747.98,Ay=-83.20,Az=586.21,Gx=4637.50,Gy=11777.50,Gz=-53252T=54,H=45,SAT=0"
,2025-09-21T02:49:15Z,COM6,,UTC=10:49:13,N/A,N/A,N/A,,,,,,,,,45,SAT=0,-737.98,-205.81,645.14,-8242.50,-2345.00,2275T=54,,"Package=107,UTC=10:49:13,Lat=N/A,Lng=N/A,Alt=N/A,Ax=-737.98,Ay=-205.81,Az=645.14,Gx=-8242.50,Gy=-2345.00,Gz=2275T=54,H=45,SAT=0"
,2025-09-21T02:49:16Z,COM6,,UTC=10:49:14,N/A,N/A,N/A,,,,,,,,,45,SAT=0,-805.69,-253.03,665.88,-6562.50,-44555.00,563T=54,,"Package=108,UTC=10:49:14,Lat=N/A,Lng=N/A,Alt=N/A,Ax=-805.69,Ay=-253.03,Az=665.88,Gx=-6562.50,Gy=-44555.00,Gz=563T=54,H=45,SAT=0"
,2025-09-21T02:49:17Z,COM6,,UTC=10:49:15,N/A,N/A,N/A,,,,,,,,,45,SAT=0,-91.50,-1.71,1048.59,-3325.00,-9625.00,5810.0T=54,,"Package=109,UTC=10:49:15,Lat=N/A,Lng=N/A,Alt=N/A,Ax=-91.50,Ay=-1.71,Az=1048.59,Gx=-3325.00,Gy=-9625.00,Gz=5810.0T=54,H=45,SAT=0"
,2025-09-21T02:49:18Z,COM6,,UTC=10:49:16,N/A,N/A,N/A,,,,,,,,,45,SAT=0,-209.11,0.73,984.30,-9940.00,11970.00,24815.0T=55,,"Package=110,UTC=10:49:16,Lat=N/A,Lng=N/A,Alt=N/A,Ax=-209.11,Ay=0.73,Az=984.30,Gx=-9940.00,Gy=11970.00,Gz=24815.0T=55,H=45,SAT=0"
,2025-09-21T02:49:19Z,COM6,,UTC=10:49:17,N/A,N/A,N/A,,,,,,,,,44,SAT=0,-182.51,-28.79,1000.89,7717.50,-5127.50,-5582T=55,,"Package=111,UTC=10:49:17,Lat=N/A,Lng=N/A,Alt=N/A,Ax=-182.51,Ay=-28.79,Az=1000.89,Gx=7717.50,Gy=-5127.50,Gz=-5582T=55,H=44,SAT=0"
,2025-09-21T02:49:20Z,COM6,,UTC=10:49:18,N/A,N/A,N/A,,,,,,,,,44,SAT=0,-188.49,-36.11,997.96,-1872.50,-2257.50,-525.T=55,,"Package=112,UTC=10:49:18,Lat=N/A,Lng=N/A,Alt=N/A,Ax=-188.49,Ay=-36.11,Az=997.96,Gx=-1872.50,Gy=-2257.50,Gz=-525.T=55,H=44,SAT=0"
,2025-09-21T02:49:21Z,COM6,,UTC=10:49:18,N/A,N/A,N/A,,,,,,,,,44,SAT=0,-57.46,-85.52,1025.17,1330.00,-5495.00,-10745T=55,,"Package=113,UTC=10:49:18,Lat=N/A,Lng=N/A,Alt=N/A,Ax=-57.46,Ay=-85.52,Az=1025.17,Gx=1330.00,Gy=-5495.00,Gz=-10745T=55,H=44,SAT=0"
,2025-09-21T02:49:22Z,COM6,,UTC=10:49:19,N/A,N/A,N/A,,,,,,,,,44,SAT=0,-54.17,-75.76,1010.65,2712.50,630.00,-8557.50T=55,,"Package=114,UTC=10:49:19,Lat=N/A,Lng=N/A,Alt=N/A,Ax=-54.17,Ay=-75.76,Az=1010.65,Gx=2712.50,Gy=630.00,Gz=-8557.50T=55,H=44,SAT=0"
,2025-09-21T02:49:23Z,COM6,,UTC=10:49:20,N/A,N/A,N/A,,,,,,,,,44,SAT=0,-80.89,-41.85,1012.11,-3885.00,-4217.50,3115.T=56,,"Package=115,UTC=10:49:20,Lat=N/A,Lng=N/A,Alt=N/A,Ax=-80.89,Ay=-41.85,Az=1012.11,Gx=-3885.00,Gy=-4217.50,Gz=3115.T=56,H=44,SAT=0"
,2025-09-21T02:49:24Z,COM6,,UTC=10:49:21,N/A,N/A,N/A,,,,,,,,56,44,SAT=0,-67.34,-39.77,1011.62,332.50,-2257.50,175.00,,"Package=116,UTC=10:49:21,Lat=N/A,Lng=N/A,Alt=N/A,Ax=-67.34,Ay=-39.77,Az=1011.62,Gx=332.50,Gy=-2257.50,Gz=175.00,T=56,H=44,SAT=0"
,2025-09-21T02:49:25Z,COM6,,UTC=10:49:22,N/A,N/A,N/A,,,,,,,,56,44,SAT=0,-87.72,6.83,1014.19,-3675.00,3220.00,1487.50,,"Package=117,UTC=10:49:22,Lat=N/A,Lng=N/A,Alt=N/A,Ax=-87.72,Ay=6.83,Az=1014.19,Gx=-3675.00,Gy=3220.00,Gz=1487.50,T=56,H=44,SAT=0"
,2025-09-21T02:49:26Z,COM6,,UTC=10:49:24,N/A,N/A,N/A,,,,,,,,,44,SAT=0,-97.60,-33.92,1025.04,-315.00,-9205.00,9030.0T=56,,"Package=118,UTC=10:49:24,Lat=N/A,Lng=N/A,Alt=N/A,Ax=-97.60,Ay=-33.92,Az=1025.04,Gx=-315.00,Gy=-9205.00,Gz=9030.0T=56,H=44,SAT=0"
,2025-09-21T02:49:27Z,COM6,,UTC=10:49:24,N/A,N/A,N/A,,,,,,,,,44,SAT=0,-142.01,-5.61,1022.73,-6422.50,-5652.50,-1715T=56,,"Package=119,UTC=10:49:24,Lat=N/A,Lng=N/A,Alt=N/A,Ax=-142.01,Ay=-5.61,Az=1022.73,Gx=-6422.50,Gy=-5652.50,Gz=-1715T=56,H=44,SAT=0"
,2025-09-21T02:49:28Z,COM6,,UTC=10:49:25,N/A,N/A,N/A,,,,,,,,,44,SAT=0,-126.03,-55.39,1023.46,-1767.50,-7227.50,-137T=56,,"Package=120,UTC=10:49:25,Lat=N/A,Lng=N/A,Alt=N/A,Ax=-126.03,Ay=-55.39,Az=1023.46,Gx=-1767.50,Gy=-7227.50,Gz=-137T=56,H=44,SAT=0"
,2025-09-21T02:49:29Z,COM6,,UTC=10:49:26,N/A,N/A,N/A,,,,,,,,,44,SAT=0,-82.84,136.15,999.30,-7630.00,3167.50,51030.0T=56,,"Package=121,UTC=10:49:26,Lat=N/A,Lng=N/A,Alt=N/A,Ax=-82.84,Ay=136.15,Az=999.30,Gx=-7630.00,Gy=3167.50,Gz=51030.0T=56,H=44,SAT=0"
,2025-09-21T02:49:30Z,COM6,,UTC=10:49:27,N/A,N/A,N/A,,,,,,,,,44,SAT=0,-116.51,38.55,973.32,13492.50,17430.00,55055.T=56,,"Package=122,UTC=10:49:27,Lat=N/A,Lng=N/A,Alt=N/A,Ax=-116.51,Ay=38.55,Az=973.32,Gx=13492.50,Gy=17430.00,Gz=55055.T=56,H=44,SAT=0"
,2025-09-21T02:49:31Z,COM6,,UTC=10:49:28,N/A,N/A,N/A,,,,,,,,,44,SAT=0,-130.66,60.76,1011.38,7227.50,-3955.00,-15697T=56,,"Package=123,UTC=10:49:28,Lat=N/A,Lng=N/A,Alt=N/A,Ax=-130.66,Ay=60.76,Az=1011.38,Gx=7227.50,Gy=-3955.00,Gz=-15697T=56,H=44,SAT=0"
,2025-09-21T02:49:32Z,COM6,,UTC=10:49:30,N/A,N/A,N/A,,,,,,,,,44,SAT=0,-103.46,5.37,1007.11,-735.00,3780.00,15767.50T=56,,"Package=124,UTC=10:49:30,Lat=N/A,Lng=N/A,Alt=N/A,Ax=-103.46,Ay=5.37,Az=1007.11,Gx=-735.00,Gy=3780.00,Gz=15767.50T=56,H=44,SAT=0"
,2025-09-21T02:49:33Z,COM6,,UTC=10:49:31,N/A,N/A,N/A,,,,,,,,,44,SAT=0,-225.09,30.26,997.35,-7647.50,5705.00,-14122.T=56,,"Package=125,UTC=10:49:31,Lat=N/A,Lng=N/A,Alt=N/A,Ax=-225.09,Ay=30.26,Az=997.35,Gx=-7647.50,Gy=5705.00,Gz=-14122.T=56,H=44,SAT=0"
,2025-09-21T02:49:34Z,COM6,,UTC=10:49:32,N/A,N/A,N/A,,,,,,,,56,43,SAT=0,-253.15,68.69,982.59,7735.00,-6877.50,350.00,,"Package=126,UTC=10:49:32,Lat=N/A,Lng=N/A,Alt=N/A,Ax=-253.15,Ay=68.69,Az=982.59,Gx=7735.00,Gy=-6877.50,Gz=350.00,T=56,H=43,SAT=0"
,2025-09-21T02:49:35Z,COM6,,UTC=10:49:33,N/A,N/A,N/A,,,,,,,,,44,SAT=0,-169.70,118.22,987.47,-245.00,-3675.00,5127.5T=56,,"Package=127,UTC=10:49:33,Lat=N/A,Lng=N/A,Alt=N/A,Ax=-169.70,Ay=118.22,Az=987.47,Gx=-245.00,Gy=-3675.00,Gz=5127.5T=56,H=44,SAT=0"
,2025-09-21T02:49:36Z,COM6,,UTC=10:49:34,N/A,N/A,N/A,,,,,,,,,43,SAT=0,-142.62,72.59,1000.40,875.00,-1172.50,-5267.5T=56,,"Package=128,UTC=10:49:34,Lat=N/A,Lng=N/A,Alt=N/A,Ax=-142.62,Ay=72.59,Az=1000.40,Gx=875.00,Gy=-1172.50,Gz=-5267.5T=56,H=43,SAT=0"
,2025-09-21T02:49:37Z,COM6,,UTC=10:49:35,N/A,N/A,N/A,,,,,,,,,43,SAT=0,-103.94,94.92,997.72,1277.50,-4830.00,-2467.5T=56,,"Package=129,UTC=10:49:35,Lat=N/A,Lng=N/A,Alt=N/A,Ax=-103.94,Ay=94.92,Az=997.72,Gx=1277.50,Gy=-4830.00,Gz=-2467.5T=56,H=43,SAT=0"
,2025-09-21T02:49:38Z,COM6,,UTC=10:49:36,N/A,N/A,N/A,,,,,,,,,43,SAT=0,-106.51,97.97,998.69,-2152.50,-2012.50,-2432.T=56,,"Package=130,UTC=10:49:36,Lat=N/A,Lng=N/A,Alt=N/A,Ax=-106.51,Ay=97.97,Az=998.69,Gx=-2152.50,Gy=-2012.50,Gz=-2432.T=56,H=43,SAT=0"
,2025-09-21T02:49:39Z,COM6,,UTC=10:49:37,N/A,N/A,N/A,,,,,,,,,43,SAT=0,-109.31,98.09,983.81,-7472.50,3622.50,-4497.5T=56,,"Package=131,UTC=10:49:37,Lat=N/A,Lng=N/A,Alt=N/A,Ax=-109.31,Ay=98.09,Az=983.81,Gx=-7472.50,Gy=3622.50,Gz=-4497.5T=56,H=43,SAT=0"
,2025-09-21T02:49:40Z,COM6,,UTC=10:49:38,N/A,N/A,N/A,,,,,,,,56,43,SAT=0,-118.58,53.19,994.30,-665.00,1067.50,3220.00,,"Package=132,UTC=10:49:38,Lat=N/A,Lng=N/A,Alt=N/A,Ax=-118.58,Ay=53.19,Az=994.30,Gx=-665.00,Gy=1067.50,Gz=3220.00,T=56,H=43,SAT=0"
,2025-09-21T02:49:41Z,COM6,,UTC=10:49:39,N/A,N/A,N/A,,,,,,,,,43,SAT=0,-110.04,56.24,1009.79,420.00,-4830.00,-1067.5T=56,,"Package=133,UTC=10:49:39,Lat=N/A,Lng=N/A,Alt=N/A,Ax=-110.04,Ay=56.24,Az=1009.79,Gx=420.00,Gy=-4830.00,Gz=-1067.5T=56,H=43,SAT=0"
,2025-09-21T02:49:42Z,COM6,,UTC=10:49:40,N/A,N/A,N/A,,,,,,,,,43,SAT=0,-120.05,49.29,1010.16,-2485.00,-1295.00,-262.T=56,,"Package=134,UTC=10:49:40,Lat=N/A,Lng=N/A,Alt=N/A,Ax=-120.05,Ay=49.29,Az=1010.16,Gx=-2485.00,Gy=-1295.00,Gz=-262.T=56,H=43,SAT=0"
,2025-09-21T02:49:43Z,COM6,,UTC=10:49:41,N/A,N/A,N/A,,,,,,,,,43,SAT=0,-198.13,-69.30,966.24,4130.00,-42350.00,-1434T=56,,"Package=135,UTC=10:49:41,Lat=N/A,Lng=N/A,Alt=N/A,Ax=-198.13,Ay=-69.30,Az=966.24,Gx=4130.00,Gy=-42350.00,Gz=-1434T=56,H=43,SAT=0"
,2025-09-21T02:49:44Z,COM6,,UTC=10:49:42,N/A,N/A,N/A,,,,,,,,,43,SAT=0,-282.31,5.25,1051.40,-21420.00,3535.00,-33022T=56,,"Package=136,UTC=10:49:42,Lat=N/A,Lng=N/A,Alt=N/A,Ax=-282.31,Ay=5.25,Az=1051.40,Gx=-21420.00,Gy=3535.00,Gz=-33022T=56,H=43,SAT=0"
,2025-09-21T02:49:45Z,COM6,,UTC=10:49:43,N/A,N/A,N/A,,,,,,,,,43,SAT=0,-232.04,-136.03,954.28,-15540.00,-11340.00,-1T=56,,"Package=137,UTC=10:49:43,Lat=N/A,Lng=N/A,Alt=N/A,Ax=-232.04,Ay=-136.03,Az=954.28,Gx=-15540.00,Gy=-11340.00,Gz=-1T=56,H=43,SAT=0"
,2025-09-21T02:49:46Z,COM6,,UTC=10:49:44,N/A,N/A,N/A,,,,,,,,56,43,SAT=0,-88.21,-55.39,1004.91,12127.50,490.00,962.50,,"Package=138,UTC=10:49:44,Lat=N/A,Lng=N/A,Alt=N/A,Ax=-88.21,Ay=-55.39,Az=1004.91,Gx=12127.50,Gy=490.00,Gz=962.50,T=56,H=43,SAT=0"
,2025-09-21T02:49:47Z,COM6,,UTC=10:49:45,N/A,N/A,N/A,,,,,,,,,43,SAT=0,-91.99,-102.97,995.76,8960.00,9205.00,-6230.0T=56,,"Package=139,UTC=10:49:45,Lat=N/A,Lng=N/A,Alt=N/A,Ax=-91.99,Ay=-102.97,Az=995.76,Gx=8960.00,Gy=9205.00,Gz=-6230.0T=56,H=43,SAT=0"
,2025-09-21T02:49:48Z,COM6,,UTC=10:49:46,N/A,N/A,N/A,,,,,,,,,43,SAT=0,-86.62,-124.93,1007.60,15715.00,1872.50,-6265T=56,,"Package=140,UTC=10:49:46,Lat=N/A,Lng=N/A,Alt=N/A,Ax=-86.62,Ay=-124.93,Az=1007.60,Gx=15715.00,Gy=1872.50,Gz=-6265T=56,H=43,SAT=0"
,2025-09-21T02:49:49Z,COM6,,UTC=10:49:47,N/A,N/A,N/A,,,,,,,,,43,SAT=0,-53.56,-104.43,1002.84,525.00,-7647.50,2502.5T=56,,"Package=141,UTC=10:49:47,Lat=N/A,Lng=N/A,Alt=N/A,Ax=-53.56,Ay=-104.43,Az=1002.84,Gx=525.00,Gy=-7647.50,Gz=2502.5T=56,H=43,SAT=0"
,2025-09-21T02:49:50Z,COM6,,UTC=10:49:48,N/A,N/A,N/A,,,,,,,,,43,SAT=0,-27.33,-98.58,1016.63,6702.50,4532.50,-5022.5T=56,,"Package=142,UTC=10:49:48,Lat=N/A,Lng=N/A,Alt=N/A,Ax=-27.33,Ay=-98.58,Az=1016.63,Gx=6702.50,Gy=4532.50,Gz=-5022.5T=56,H=43,SAT=0"
,2025-09-21T02:49:51Z,COM6,,UTC=10:49:49,N/A,N/A,N/A,,,,,,,,,43,SAT=0,-19.76,-81.01,989.42,4112.50,5687.50,-5880.00T=56,,"Package=143,UTC=10:49:49,Lat=N/A,Lng=N/A,Alt=N/A,Ax=-19.76,Ay=-81.01,Az=989.42,Gx=4112.50,Gy=5687.50,Gz=-5880.00T=56,H=43,SAT=0"
,2025-09-21T02:49:52Z,COM6,,UTC=10:49:50,N/A,N/A,N/A,,,,,,,,,43,SAT=0,-81.25,-52.70,1006.50,2065.00,-2765.00,-1260.T=56,,"Package=144,UTC=10:49:50,Lat=N/A,Lng=N/A,Alt=N/A,Ax=-81.25,Ay=-52.70,Az=1006.50,Gx=2065.00,Gy=-2765.00,Gz=-1260.T=56,H=43,SAT=0"
,2025-09-21T02:49:53Z,COM6,,UTC=10:49:51,N/A,N/A,N/A,,,,,,,,,43,SAT=0,-66.61,-46.97,1019.31,3080.00,-2240.00,1662.5T=56,,"Package=145,UTC=10:49:51,Lat=N/A,Lng=N/A,Alt=N/A,Ax=-66.61,Ay=-46.97,Az=1019.31,Gx=3080.00,Gy=-2240.00,Gz=1662.5T=56,H=43,SAT=0"
,2025-09-21T02:49:54Z,COM6,,UTC=10:49:52,N/A,N/A,N/A,,,,,,,,55,43,SAT=0,-64.90,-31.60,1008.82,700.00,-840.00,-735.00,,"Package=146,UTC=10:49:52,Lat=N/A,Lng=N/A,Alt=N/A,Ax=-64.90,Ay=-31.60,Az=1008.82,Gx=700.00,Gy=-840.00,Gz=-735.00,T=55,H=43,SAT=0"
,2025-09-21T02:49:55Z,COM6,,UTC=10:49:53,N/A,N/A,N/A,,,,,,,,,43,SAT=0,-57.58,-31.23,1007.35,1435.00,-2537.50,-840.0T=55,,"Package=147,UTC=10:49:53,Lat=N/A,Lng=N/A,Alt=N/A,Ax=-57.58,Ay=-31.23,Az=1007.35,Gx=1435.00,Gy=-2537.50,Gz=-840.0T=55,H=43,SAT=0"
,2025-09-21T02:49:56Z,COM6,,UTC=10:49:54,N/A,N/A,N/A,,,,,,,,55,43,SAT=0,-46.36,-38.19,1013.82,367.50,-647.50,-227.50,,"Package=148,UTC=10:49:54,Lat=N/A,Lng=N/A,Alt=N/A,Ax=-46.36,Ay=-38.19,Az=1013.82,Gx=367.50,Gy=-647.50,Gz=-227.50,T=55,H=43,SAT=0"
,2025-09-21T02:49:57Z,COM6,,UTC=10:49:55,N/A,N/A,N/A,,,,,,,,55,43,SAT=0,-47.58,-25.38,1011.87,140.00,1137.50,-980.00,,"Package=149,UTC=10:49:55,Lat=N/A,Lng=N/A,Alt=N/A,Ax=-47.58,Ay=-25.38,Az=1011.87,Gx=140.00,Gy=1137.50,Gz=-980.00,T=55,H=43,SAT=0"
,2025-09-21T02:49:58Z,COM6,,UTC=10:49:56,N/A,N/A,N/A,,,,,,,,,43,SAT=0,-47.58,-26.84,1010.16,-402.50,-1802.50,787.50T=55,,"Package=150,UTC=10:49:56,Lat=N/A,Lng=N/A,Alt=N/A,Ax=-47.58,Ay=-26.84,Az=1010.16,Gx=-402.50,Gy=-1802.50,Gz=787.50T=55,H=43,SAT=0"
,2025-09-21T02:49:59Z,COM6,,UTC=10:49:57,N/A,N/A,N/A,,,,,,,,55,43,SAT=0,-46.73,-33.67,1012.36,1802.50,192.50,-787.50,,"Package=151,UTC=10:49:57,Lat=N/A,Lng=N/A,Alt=N/A,Ax=-46.73,Ay=-33.67,Az=1012.36,Gx=1802.50,Gy=192.50,Gz=-787.50,T=55,H=43,SAT=0"
,2025-09-21T02:50:00Z,COM6,,UTC=10:49:58,N/A,N/A,N/A,,,,,,,,,43,SAT=0,-51.73,-36.72,1009.43,-1260.00,-1592.50,1522.T=55,,"Package=152,UTC=10:49:58,Lat=N/A,Lng=N/A,Alt=N/A,Ax=-51.73,Ay=-36.72,Az=1009.43,Gx=-1260.00,Gy=-1592.50,Gz=1522.T=55,H=43,SAT=0"
,2025-09-21T02:50:01Z,COM6,,UTC=10:49:59,N/A,N/A,N/A,,,,,,,,,43,SAT=0,-64.17,-42.94,1012.60,945.00,-1995.00,-1172.5T=55,,"Package=153,UTC=10:49:59,Lat=N/A,Lng=N/A,Alt=N/A,Ax=-64.17,Ay=-42.94,Az=1012.60,Gx=945.00,Gy=-1995.00,Gz=-1172.5T=55,H=43,SAT=0"
,2025-09-21T02:50:02Z,COM6,,UTC=10:50:0,N/A,N/A,N/A,,,,,,,,,43,SAT=0,-65.15,-33.31,1010.04,-612.50,-367.50,-542.50T=55,,"Package=154,UTC=10:50:0,Lat=N/A,Lng=N/A,Alt=N/A,Ax=-65.15,Ay=-33.31,Az=1010.04,Gx=-612.50,Gy=-367.50,Gz=-542.50T=55,H=43,SAT=0"
,2025-09-21T02:50:03Z,COM6,,UTC=10:50:0,N/A,N/A,N/A,,,,,,,,,43,SAT=0,-61.37,-26.96,1011.87,525.00,-2397.50,-507.50T=55,,"Package=155,UTC=10:50:0,Lat=N/A,Lng=N/A,Alt=N/A,Ax=-61.37,Ay=-26.96,Az=1011.87,Gx=525.00,Gy=-2397.50,Gz=-507.50T=55,H=43,SAT=0"
,2025-09-21T02:50:04Z,COM6,,UTC=10:50:1,N/A,N/A,N/A,,,,,,,,,43,SAT=0,-64.17,-23.91,1009.43,-1137.50,-577.50,420.00T=55,,"Package=156,UTC=10:50:1,Lat=N/A,Lng=N/A,Alt=N/A,Ax=-64.17,Ay=-23.91,Az=1009.43,Gx=-1137.50,Gy=-577.50,Gz=420.00T=55,H=43,SAT=0"
,2025-09-21T02:50:05Z,COM6,,UTC=10:50:2,N/A,N/A,N/A,,,,,,,,55,43,SAT=0,-71.13,-9.03,1011.50,1750.00,-2432.50,0.00,,"Package=157,UTC=10:50:2,Lat=N/A,Lng=N/A,Alt=N/A,Ax=-71.13,Ay=-9.03,Az=1011.50,Gx=1750.00,Gy=-2432.50,Gz=0.00,T=55,H=43,SAT=0"
,2025-09-21T02:50:06Z,COM6,,UTC=10:50:3,N/A,N/A,N/A,,,,,,,,55,43,SAT=0,-71.00,-10.49,1008.45,-105.00,612.50,-175.00,,"Package=158,UTC=10:50:3,Lat=N/A,Lng=N/A,Alt=N/A,Ax=-71.00,Ay=-10.49,Az=1008.45,Gx=-105.00,Gy=612.50,Gz=-175.00,T=55,H=43,SAT=0"
,2025-09-21T02:50:07Z,COM6,,UTC=10:50:4,N/A,N/A,N/A,,,,,,,,55,43,SAT=0,-79.54,2.93,994.91,2292.50,7507.50,-1592.50,,"Package=159,UTC=10:50:4,Lat=N/A,Lng=N/A,Alt=N/A,Ax=-79.54,Ay=2.93,Az=994.91,Gx=2292.50,Gy=7507.50,Gz=-1592.50,T=55,H=43,SAT=0"
,2025-09-21T02:50:08Z,COM6,,UTC=10:50:6,N/A,N/A,N/A,,,,,,,,,43,SAT=0,-87.72,-11.71,1009.55,-437.50,-1085.00,-2222.T=55,,"Package=160,UTC=10:50:6,Lat=N/A,Lng=N/A,Alt=N/A,Ax=-87.72,Ay=-11.71,Az=1009.55,Gx=-437.50,Gy=-1085.00,Gz=-2222.T=55,H=43,SAT=0"
,2025-09-21T02:50:09Z,COM6,,UTC=10:50:6,N/A,N/A,N/A,,,,,,,,55,43,SAT=0,-72.71,-5.86,1007.72,-70.00,-1417.50,245.00,,"Package=161,UTC=10:50:6,Lat=N/A,Lng=N/A,Alt=N/A,Ax=-72.71,Ay=-5.86,Az=1007.72,Gx=-70.00,Gy=-1417.50,Gz=245.00,T=55,H=43,SAT=0"
,2025-09-21T02:50:10Z,COM6,,UTC=10:50:7,N/A,N/A,N/A,,,,,,,,55,43,SAT=0,-64.78,2.07,1006.38,-2222.50,-1365.00,805.00,,"Package=162,UTC=10:50:7,Lat=N/A,Lng=N/A,Alt=N/A,Ax=-64.78,Ay=2.07,Az=1006.38,Gx=-2222.50,Gy=-1365.00,Gz=805.00,T=55,H=43,SAT=0"
,2025-09-21T02:50:11Z,COM6,,UTC=10:50:8,N/A,N/A,N/A,,,,,,,,,43,SAT=0,-82.84,-29.04,1008.33,-630.00,-4812.50,-3622.T=55,,"Package=163,UTC=10:50:8,Lat=N/A,Lng=N/A,Alt=N/A,Ax=-82.84,Ay=-29.04,Az=1008.33,Gx=-630.00,Gy=-4812.50,Gz=-3622.T=55,H=43,SAT=0"
,2025-09-21T02:50:12Z,COM6,,UTC=10:50:9,N/A,N/A,N/A,,,,,,,,,43,SAT=0,-52.70,-51.24,1010.28,297.50,-140.00,-1645.00T=55,,"Package=164,UTC=10:50:9,Lat=N/A,Lng=N/A,Alt=N/A,Ax=-52.70,Ay=-51.24,Az=1010.28,Gx=297.50,Gy=-140.00,Gz=-1645.00T=55,H=43,SAT=0"
,2025-09-21T02:50:13Z,COM6,,UTC=10:50:9,N/A,N/A,N/A,,,,,,,,,43,SAT=0,-42.46,-48.07,1014.80,-665.00,-3342.50,-315.0T=55,,"Package=165,UTC=10:50:9,Lat=N/A,Lng=N/A,Alt=N/A,Ax=-42.46,Ay=-48.07,Az=1014.80,Gx=-665.00,Gy=-3342.50,Gz=-315.0T=55,H=43,SAT=0"
,2025-09-21T02:50:14Z,COM6,,UTC=10:50:12,20.80,120.292552,23.106518,,,,,,,,,43,SAT=6,-38.06,-42.21,1012.23,-367.50,-1120.00,-192.5T=55,,"Package=166,UTC=10:50:12,Lat=23.106518,Lng=120.292552,Alt=20.80,Ax=-38.06,Ay=-42.21,Az=1012.23,Gx=-367.50,Gy=-1120.00,Gz=-192.5T=55,H=43,SAT=6"
,2025-09-21T02:50:15Z,COM6,,UTC=10:50:13,,,,,,,,,,,,,,,,,,,,,"Package=167,UTC=10:50:13,Lat="
,2025-09-21T02:50:16Z,COM6,,UTC=10:50:14,21.00,120.292555,23.106527,,,,,,,,,43,SAT=6,-35.14,-35.26,1010.53,-560.00,-1312.50,770.00T=55,,"Package=168,UTC=10:50:14,Lat=23.106527,Lng=120.292555,Alt=21.00,Ax=-35.14,Ay=-35.26,Az=1010.53,Gx=-560.00,Gy=-1312.50,Gz=770.00T=55,H=43,SAT=6"
,2025-09-21T02:50:17Z,COM6,,UTC=10:50:15,,,,,,,,,,,,,,,,,,,,,"Package=169,UTC=10:50:15,La"
,2025-09-21T02:50:18Z,COM6,,UTC=10:50:16,22.10,120.292558,23.106533,,,,,,,,,43,SAT=6,-63.68,24.64,1015.16,4725.00,-10062.50,-2485.T=55,,"Package=170,UTC=10:50:16,Lat=23.106533,Lng=120.292558,Alt=22.10,Ax=-63.68,Ay=24.64,Az=1015.16,Gx=4725.00,Gy=-10062.50,Gz=-2485.T=55,H=43,SAT=6"
,2025-09-21T02:50:19Z,COM6,,UTC=10:50:17,22.90,120.292557,23.106538,,,,,,,,,43,SAT=6,-92.23,5.73,1003.82,18882.50,2362.50,-22662.5T=55,,"Package=171,UTC=10:50:17,Lat=23.106538,Lng=120.292557,Alt=22.90,Ax=-92.23,Ay=5.73,Az=1003.82,Gx=18882.50,Gy=2362.50,Gz=-22662.5T=55,H=43,SAT=6"
,2025-09-21T02:50:20Z,COM6,,UTC=10:50:18,24.20,120.292553,23.106542,,,,,,,,,43,SAT=6,-64.66,-18.18,1017.72,122.50,-6772.50,1855.00T=55,,"Package=172,UTC=10:50:18,Lat=23.106542,Lng=120.292553,Alt=24.20,Ax=-64.66,Ay=-18.18,Az=1017.72,Gx=122.50,Gy=-6772.50,Gz=1855.00T=55,H=43,SAT=6"
,2025-09-21T02:50:21Z,COM6,,UTC=10:50:19,24.40,120.292555,23.106543,,,,,,,,,43,SAT=6,-51.24,-38.80,1009.06,6020.00,-5162.50,-2205.T=55,,"Package=173,UTC=10:50:19,Lat=23.106543,Lng=120.292555,Alt=24.40,Ax=-51.24,Ay=-38.80,Az=1009.06,Gx=6020.00,Gy=-5162.50,Gz=-2205.T=55,H=43,SAT=6"
,2025-09-21T02:50:22Z,COM6,,UTC=10:50:20,24.80,120.292550,23.106545,,,,,,,,,43,SAT=6,-77.23,27.45,1019.07,-27842.50,-9625.00,59955T=55,,"Package=174,UTC=10:50:20,Lat=23.106545,Lng=120.292550,Alt=24.80,Ax=-77.23,Ay=27.45,Az=1019.07,Gx=-27842.50,Gy=-9625.00,Gz=59955T=55,H=43,SAT=6"
,2025-09-21T02:50:23Z,COM6,,UTC=10:50:21,24.50,120.292575,23.106537,,,,,,,,,43,SAT=6,-69.78,-73.32,1029.80,-4287.50,-15347.50,2913T=55,,"Package=175,UTC=10:50:21,Lat=23.106537,Lng=120.292575,Alt=24.50,Ax=-69.78,Ay=-73.32,Az=1029.80,Gx=-4287.50,Gy=-15347.50,Gz=2913T=55,H=43,SAT=6"
,2025-09-21T02:50:24Z,COM6,,UTC=10:50:22,27.20,120.292593,23.106532,,,,,,,,,43,SAT=6,-7.56,-6.71,1040.90,-15697.50,-6702.50,52972.T=55,,"Package=176,UTC=10:50:22,Lat=23.106532,Lng=120.292593,Alt=27.20,Ax=-7.56,Ay=-6.71,Az=1040.90,Gx=-15697.50,Gy=-6702.50,Gz=52972.T=55,H=43,SAT=6"
,2025-09-21T02:50:25Z,COM6,,UTC=10:50:23,28.00,120.292600,23.106528,,,,,,,,,43,SAT=6,-22.45,-61.24,996.74,8750.00,13177.50,55247.5T=55,,"Package=177,UTC=10:50:23,Lat=23.106528,Lng=120.292600,Alt=28.00,Ax=-22.45,Ay=-61.24,Az=996.74,Gx=8750.00,Gy=13177.50,Gz=55247.5T=55,H=43,SAT=6"
,2025-09-21T02:50:26Z,COM6,,UTC=10:50:24,,120.292603,23.106535,,,,,,,,,,,,,,,,,,"Package=178,UTC=10:50:24,Lat=23.106535,Lng=120.292603,"
,2025-09-21T02:50:27Z,COM6,,UTC=10:50:25,31.80,120.292602,23.106545,,,,,,,,55,43,SAT=6,-22.94,34.16,969.66,5617.50,15120.00,2992.50,,"Package=179,UTC=10:50:25,Lat=23.106545,Lng=120.292602,Alt=31.80,Ax=-22.94,Ay=34.16,Az=969.66,Gx=5617.50,Gy=15120.00,Gz=2992.50,T=55,H=43,SAT=6"
,2025-09-21T02:50:28Z,COM6,,UTC=10:50:26,,,23.1,,,,,,,,,,,,,,,,,,"Package=180,UTC=10:50:26,Lat=23.1"
,2025-09-21T02:50:29Z,COM6,,UTC=10:50:27,34.90,120.292607,23.106560,,,,,,,,,43,SAT=6,-31.35,-5.86,1066.04,-12932.50,-51345.00,-275T=55,,"Package=181,UTC=10:50:27,Lat=23.106560,Lng=120.292607,Alt=34.90,Ax=-31.35,Ay=-5.86,Az=1066.04,Gx=-12932.50,Gy=-51345.00,Gz=-275T=55,H=43,SAT=6"
,2025-09-21T02:50:30Z,COM6,,UTC=10:50:28,,,2,,,,,,,,,,,,,,,,,,"Package=182,UTC=10:50:28,Lat=2"
,2025-09-21T02:50:31Z,COM6,,UTC=10:50:29,36.50,120.292625,23.106570,,,,,,,,,43,SAT=6,-47.09,13.05,949.28,-13265.00,-12127.50,15785T=55,,"Package=183,UTC=10:50:29,Lat=23.106570,Lng=120.292625,Alt=36.50,Ax=-47.09,Ay=13.05,Az=949.28,Gx=-13265.00,Gy=-12127.50,Gz=15785T=55,H=43,SAT=6"
,2025-09-21T02:50:32Z,COM6,,UTC=10:50:30,,,,,,,,,,,,,,,,,,,,,"Package=184,UTC=10:50:30,Lat"
,2025-09-21T02:50:33Z,COM6,,UTC=10:50:31,37.50,120.292643,23.106580,,,,,,,,,43,SAT=6,102.85,-37.09,1044.20,1697.50,-26477.50,-3410T=55,,"Package=185,UTC=10:50:31,Lat=23.106580,Lng=120.292643,Alt=37.50,Ax=102.85,Ay=-37.09,Az=1044.20,Gx=1697.50,Gy=-26477.50,Gz=-3410T=55,H=43,SAT=6"
,2025-09-21T02:50:35Z,COM6,,UTC=10:50:32,37.70,120.292653,23.106583,,,,,,,,,43,SAT=6,-51.24,-22.08,1232.93,-4235.00,-43102.50,-483T=55,,"Package=186,UTC=10:50:32,Lat=23.106583,Lng=120.292653,Alt=37.70,Ax=-51.24,Ay=-22.08,Az=1232.93,Gx=-4235.00,Gy=-43102.50,Gz=-483T=55,H=43,SAT=6"
,2025-09-21T02:50:35Z,COM6,,UTC=10:50:33,38.00,120.292658,23.106583,,,,,,,,,43,SAT=6,-52.95,5.00,1001.38,-22347.50,23275.00,-20195T=55,,"Package=187,UTC=10:50:33,Lat=23.106583,Lng=120.292658,Alt=38.00,Ax=-52.95,Ay=5.00,Az=1001.38,Gx=-22347.50,Gy=23275.00,Gz=-20195T=55,H=43,SAT=6"
,2025-09-21T02:50:36Z,COM6,,UTC=10:50:34,39.20,120.292663,23.106582,,,,,,,,,43,SAT=6,-73.08,-54.41,1126.30,36137.50,45325.00,9205.T=55,,"Package=188,UTC=10:50:34,Lat=23.106582,Lng=120.292663,Alt=39.20,Ax=-73.08,Ay=-54.41,Az=1126.30,Gx=36137.50,Gy=45325.00,Gz=9205.T=55,H=43,SAT=6"
,2025-09-21T02:50:37Z,COM6,,UTC=10:50:35,39.70,120.292667,23.106583,,,,,,,,,43,SAT=6,-13.42,41.36,1056.52,-28717.50,5687.50,-18847T=55,,"Package=189,UTC=10:50:35,Lat=23.106583,Lng=120.292667,Alt=39.70,Ax=-13.42,Ay=41.36,Az=1056.52,Gx=-28717.50,Gy=5687.50,Gz=-18847T=55,H=43,SAT=6"
,2025-09-21T02:50:38Z,COM6,,UTC=10:50:36,40.00,120.292668,23.106582,,,,,,,,,43,SAT=6,61.49,-57.83,1010.16,-11917.50,-10255.00,-382T=55,,"Package=190,UTC=10:50:36,Lat=23.106582,Lng=120.292668,Alt=40.00,Ax=61.49,Ay=-57.83,Az=1010.16,Gx=-11917.50,Gy=-10255.00,Gz=-382T=55,H=43,SAT=6"
,2025-09-21T02:50:39Z,COM6,,UTC=10:50:37,40.20,120.292668,23.106578,,,,,,,,,43,SAT=6,-86.86,-74.79,1008.70,17640.00,-1872.50,-8452T=55,,"Package=191,UTC=10:50:37,Lat=23.106578,Lng=120.292668,Alt=40.20,Ax=-86.86,Ay=-74.79,Az=1008.70,Gx=17640.00,Gy=-1872.50,Gz=-8452T=55,H=43,SAT=6"
,2025-09-21T02:50:40Z,COM6,,UTC=10:50:38,41.00,120.292672,23.106568,,,,,,,,,43,SAT=6,-84.67,-34.04,989.30,3692.50,-17727.50,65590.T=55,,"Package=192,UTC=10:50:38,Lat=23.106568,Lng=120.292672,Alt=41.00,Ax=-84.67,Ay=-34.04,Az=989.30,Gx=3692.50,Gy=-17727.50,Gz=65590.T=55,H=43,SAT=6"
,2025-09-21T02:50:41Z,COM6,,UTC=10:50:39,42.50,120.292673,23.106565,,,,,,,,,43,SAT=6,-116.02,45.75,974.05,8032.50,16782.50,-42332.T=55,,"Package=193,UTC=10:50:39,Lat=23.106565,Lng=120.292673,Alt=42.50,Ax=-116.02,Ay=45.75,Az=974.05,Gx=8032.50,Gy=16782.50,Gz=-42332.T=55,H=43,SAT=6"
,2025-09-21T02:50:42Z,COM6,,UTC=10:50:40,43.30,120.292678,23.106563,,,,,,,,,43,SAT=6,-50.14,-63.81,1080.31,5162.50,4305.00,-11987.T=55,,"Package=194,UTC=10:50:40,Lat=23.106563,Lng=120.292678,Alt=43.30,Ax=-50.14,Ay=-63.81,Az=1080.31,Gx=5162.50,Gy=4305.00,Gz=-11987.T=55,H=43,SAT=6"
,2025-09-21T02:50:43Z,COM6,,UTC=10:50:41,44.30,120.292682,23.106563,,,,,,,,,43,SAT=6,-88.45,-118.34,969.78,8540.00,11322.50,-22662T=55,,"Package=195,UTC=10:50:41,Lat=23.106563,Lng=120.292682,Alt=44.30,Ax=-88.45,Ay=-118.34,Az=969.78,Gx=8540.00,Gy=11322.50,Gz=-22662T=55,H=43,SAT=6"
,2025-09-21T02:50:44Z,COM6,,UTC=10:50:42,44.80,120.292683,23.106560,,,,,,,,,43,SAT=6,-84.42,89.30,1036.15,-42070.00,-18812.50,-184T=55,,"Package=196,UTC=10:50:42,Lat=23.106560,Lng=120.292683,Alt=44.80,Ax=-84.42,Ay=89.30,Az=1036.15,Gx=-42070.00,Gy=-18812.50,Gz=-184T=55,H=43,SAT=6"
,2025-09-21T02:50:45Z,COM6,,UTC=10:50:43,,120.2926,23.106558,,,,,,,,,,,,,,,,,,"Package=197,UTC=10:50:43,Lat=23.106558,Lng=120.2926"
,2025-09-21T02:50:46Z,COM6,,UTC=10:50:44,45.30,120.292685,23.106558,,,,,,,,,43,SAT=6,-125.78,114.19,993.69,-26792.50,-11725.00,-86T=55,,"Package=198,UTC=10:50:44,Lat=23.106558,Lng=120.292685,Alt=45.30,Ax=-125.78,Ay=114.19,Az=993.69,Gx=-26792.50,Gy=-11725.00,Gz=-86T=55,H=43,SAT=6"
,2025-09-21T02:50:47Z,COM6,,UTC=10:50:45,,120.29,23.106558,,,,,,,,,,,,,,,,,,"Package=199,UTC=10:50:45,Lat=23.106558,Lng=120.29"
,2025-09-21T02:50:48Z,COM6,,UTC=10:50:46,44.30,120.292682,23.106560,,,,,,,,55,43,SAT=6,-4.15,78.32,1013.58,-525.00,-4217.50,315.00,,"Package=200,UTC=10:50:46,Lat=23.106560,Lng=120.292682,Alt=44.30,Ax=-4.15,Ay=78.32,Az=1013.58,Gx=-525.00,Gy=-4217.50,Gz=315.00,T=55,H=43,SAT=6"
,2025-09-21T02:50:49Z,COM6,,UTC=10:50:47,,,,,,,,,,,,,,,,,,,,,"Package=201,UTC=10:50:47,La"
,2025-09-21T02:50:50Z,COM6,,UTC=10:50:48,47.90,120.292678,23.106572,,,,,,,,56,43,SAT=6,-81.25,40.75,953.92,5355.00,4480.00,7297.50,,"Package=202,UTC=10:50:48,Lat=23.106572,Lng=120.292678,Alt=47.90,Ax=-81.25,Ay=40.75,Az=953.92,Gx=5355.00,Gy=4480.00,Gz=7297.50,T=56,H=43,SAT=6"
,2025-09-21T02:50:52Z,COM6,,UTC=10:50:49,48.80,120.292677,23.106575,,,,,,,,,43,SAT=6,-105.53,-17.81,1022.36,18007.50,-3535.00,1470T=56,,"Package=203,UTC=10:50:49,Lat=23.106575,Lng=120.292677,Alt=48.80,Ax=-105.53,Ay=-17.81,Az=1022.36,Gx=18007.50,Gy=-3535.00,Gz=1470T=56,H=43,SAT=6"
,2025-09-21T02:50:52Z,COM6,,UTC=10:50:50,49.70,120.292675,23.106578,,,,,,,,57,43,SAT=6,-77.59,83.57,991.62,2030.00,4532.50,1750.00,,"Package=204,UTC=10:50:50,Lat=23.106578,Lng=120.292675,Alt=49.70,Ax=-77.59,Ay=83.57,Az=991.62,Gx=2030.00,Gy=4532.50,Gz=1750.00,T=57,H=43,SAT=6"
,2025-09-21T02:50:53Z,COM6,,UTC=10:50:51,50.20,120.292675,23.106585,,,,,,,,,42,SAT=6,-104.55,71.98,1013.82,3132.50,1872.50,4007.50T=57,,"Package=205,UTC=10:50:51,Lat=23.106585,Lng=120.292675,Alt=50.20,Ax=-104.55,Ay=71.98,Az=1013.82,Gx=3132.50,Gy=1872.50,Gz=4007.50T=57,H=42,SAT=6"
,2025-09-21T02:50:54Z,COM6,,UTC=10:50:52,51.10,120.292675,23.106592,,,,,,,,,42,SAT=6,-228.38,76.25,960.14,15400.00,-1137.50,25007.T=57,,"Package=206,UTC=10:50:52,Lat=23.106592,Lng=120.292675,Alt=51.10,Ax=-228.38,Ay=76.25,Az=960.14,Gx=15400.00,Gy=-1137.50,Gz=25007.T=57,H=42,SAT=6"
,2025-09-21T02:50:55Z,COM6,,UTC=10:50:53,52.00,120.292673,23.106593,,,,,,,,,42,SAT=6,-132.25,63.44,993.32,-3115.00,2345.00,-9520.0T=57,,"Package=207,UTC=10:50:53,Lat=23.106593,Lng=120.292673,Alt=52.00,Ax=-132.25,Ay=63.44,Az=993.32,Gx=-3115.00,Gy=2345.00,Gz=-9520.0T=57,H=42,SAT=6"
,2025-09-21T02:50:56Z,COM6,,UTC=10:50:54,52.70,120.292673,23.106600,,,,,,,,,42,SAT=6,-184.83,32.33,990.76,-1452.50,-12652.50,-4672T=57,,"Package=208,UTC=10:50:54,Lat=23.106600,Lng=120.292673,Alt=52.70,Ax=-184.83,Ay=32.33,Az=990.76,Gx=-1452.50,Gy=-12652.50,Gz=-4672T=57,H=42,SAT=6"
,2025-09-21T02:50:57Z,COM6,,UTC=10:50:55,54.20,120.292672,23.106607,,,,,,,,,42,SAT=6,-183.12,9.27,1002.60,2047.50,-3885.00,-2940.0T=57,,"Package=209,UTC=10:50:55,Lat=23.106607,Lng=120.292672,Alt=54.20,Ax=-183.12,Ay=9.27,Az=1002.60,Gx=2047.50,Gy=-3885.00,Gz=-2940.0T=57,H=42,SAT=6"
,2025-09-21T02:50:58Z,COM6,,UTC=10:50:56,,120.292667,23.106610,,,,,,,,,,,,,,,,,,"Package=210,UTC=10:50:56,Lat=23.106610,Lng=120.292667,A"
,2025-09-21T02:50:59Z,COM6,,UTC=10:50:57,55.30,120.292665,23.106610,,,,,,,,57,42,SAT=6,-178.85,40.63,995.03,2450.00,2240.00,822.50,,"Package=211,UTC=10:50:57,Lat=23.106610,Lng=120.292665,Alt=55.30,Ax=-178.85,Ay=40.63,Az=995.03,Gx=2450.00,Gy=2240.00,Gz=822.50,T=57,H=42,SAT=6"
,2025-09-21T02:51:00Z,COM6,,UTC=10:50:58,,,23.1,,,,,,,,,,,,,,,,,,"Package=212,UTC=10:50:58,Lat=23.1"
,2025-09-21T02:51:01Z,COM6,,UTC=10:50:59,55.40,120.292658,23.106608,,,,,,,,,42,SAT=6,-151.04,69.78,1002.35,-2327.50,-3780.00,7122.T=57,,"Package=213,UTC=10:50:59,Lat=23.106608,Lng=120.292658,Alt=55.40,Ax=-151.04,Ay=69.78,Az=1002.35,Gx=-2327.50,Gy=-3780.00,Gz=7122.T=57,H=42,SAT=6"
,2025-09-21T02:51:02Z,COM6,,UTC=10:51:0,,,23,,,,,,,,,,,,,,,,,,"Package=214,UTC=10:51:0,Lat=23"
,2025-09-21T02:51:03Z,COM6,,UTC=10:51:1,44.80,120.292660,23.106587,,,,,,,,,42,SAT=9,-59.29,9.76,1010.77,-2625.00,2782.50,18760.00T=57,,"Package=215,UTC=10:51:1,Lat=23.106587,Lng=120.292660,Alt=44.80,Ax=-59.29,Ay=9.76,Az=1010.77,Gx=-2625.00,Gy=2782.50,Gz=18760.00T=57,H=42,SAT=9"
,2025-09-21T02:51:04Z,COM6,,UTC=10:51:2,42.00,120.292660,23.106580,,,,,,,,,42,SAT=9,-107.36,28.79,975.63,5617.50,-11217.50,-10622T=57,,"Package=216,UTC=10:51:2,Lat=23.106580,Lng=120.292660,Alt=42.00,Ax=-107.36,Ay=28.79,Az=975.63,Gx=5617.50,Gy=-11217.50,Gz=-10622T=57,H=42,SAT=9"
,2025-09-21T02:51:05Z,COM6,,UTC=10:51:3,41.50,120.292660,23.106580,,,,,,,,,42,SAT=9,-63.20,53.68,987.10,-4865.00,12250.00,-3010.0T=57,,"Package=217,UTC=10:51:3,Lat=23.106580,Lng=120.292660,Alt=41.50,Ax=-63.20,Ay=53.68,Az=987.10,Gx=-4865.00,Gy=12250.00,Gz=-3010.0T=57,H=42,SAT=9"
,2025-09-21T02:51:06Z,COM6,,UTC=10:51:4,40.20,120.292662,23.106577,,,,,,,,,42,SAT=9,-114.44,62.34,1011.38,-2135.00,-4287.50,-1435T=57,,"Package=218,UTC=10:51:4,Lat=23.106577,Lng=120.292662,Alt=40.20,Ax=-114.44,Ay=62.34,Az=1011.38,Gx=-2135.00,Gy=-4287.50,Gz=-1435T=57,H=42,SAT=9"
,2025-09-21T02:51:07Z,COM6,,UTC=10:51:5,40.00,120.292658,23.106573,,,,,,,,,42,SAT=9,-120.54,55.63,1008.70,4480.00,-7000.00,2222.5T=57,,"Package=219,UTC=10:51:5,Lat=23.106573,Lng=120.292658,Alt=40.00,Ax=-120.54,Ay=55.63,Az=1008.70,Gx=4480.00,Gy=-7000.00,Gz=2222.5T=57,H=42,SAT=9"
,2025-09-21T02:51:08Z,COM6,,UTC=10:51:6,39.10,120.292658,23.106570,,,,,,,,,42,SAT=9,-111.63,38.67,991.86,-1085.00,3097.50,-4637.5T=56,,"Package=220,UTC=10:51:6,Lat=23.106570,Lng=120.292658,Alt=39.10,Ax=-111.63,Ay=38.67,Az=991.86,Gx=-1085.00,Gy=3097.50,Gz=-4637.5T=56,H=42,SAT=9"
,2025-09-21T02:51:09Z,COM6,,UTC=10:51:7,39.,120.292658,23.106575,,,,,,,,,,,,,,,,,,"Package=221,UTC=10:51:7,Lat=23.106575,Lng=120.292658,Alt=39."
,2025-09-21T02:51:10Z,COM6,,UTC=10:51:8,41.20,120.292658,23.106580,,,,,,,,,42,SAT=9,-152.01,58.56,1003.08,-4340.00,-297.50,29802.T=57,,"Package=222,UTC=10:51:8,Lat=23.106580,Lng=120.292658,Alt=41.20,Ax=-152.01,Ay=58.56,Az=1003.08,Gx=-4340.00,Gy=-297.50,Gz=29802.T=57,H=42,SAT=9"
,2025-09-21T02:51:11Z,COM6,,UTC=10:51:9,4,120.292660,23.106580,,,,,,,,,,,,,,,,,,"Package=223,UTC=10:51:9,Lat=23.106580,Lng=120.292660,Alt=4"
,2025-09-21T02:51:12Z,COM6,,UTC=10:51:10,40.20,120.292652,23.106570,,,,,,,,,42,SAT=1,-174.34,5.37,970.88,-7455.00,-14787.50,46550.T=57,,"Package=224,UTC=10:51:10,Lat=23.106570,Lng=120.292652,Alt=40.20,Ax=-174.34,Ay=5.37,Az=970.88,Gx=-7455.00,Gy=-14787.50,Gz=46550.T=57,H=42,SAT=1"
,2025-09-21T02:51:13Z,COM6,,UTC=10:51:11,,,23.1065,,,,,,,,,,,,,,,,,,"Package=225,UTC=10:51:11,Lat=23.1065"
,2025-09-21T02:51:14Z,COM6,,UTC=10:51:12,35.80,120.292652,23.106552,,,,,,,,,42,SAT=1,-6.22,39.77,1041.76,5267.50,-34072.50,-14420.T=57,,"Package=226,UTC=10:51:12,Lat=23.106552,Lng=120.292652,Alt=35.80,Ax=-6.22,Ay=39.77,Az=1041.76,Gx=5267.50,Gy=-34072.50,Gz=-14420.T=57,H=42,SAT=1"
,2025-09-21T02:51:15Z,COM6,,UTC=10:51:13,33.00,120.292647,23.106542,,,,,,,,,42,SAT=1,-73.32,121.27,998.20,-15697.50,-13247.50,4354T=57,,"Package=227,UTC=10:51:13,Lat=23.106542,Lng=120.292647,Alt=33.00,Ax=-73.32,Ay=121.27,Az=998.20,Gx=-15697.50,Gy=-13247.50,Gz=4354T=57,H=42,SAT=1"
,2025-09-21T02:51:16Z,COM6,,UTC=10:51:14,32.30,120.292638,23.106535,,,,,,,,,42,SAT=1,5.12,51.00,956.60,-25497.50,-17955.00,18130.0T=57,,"Package=228,UTC=10:51:14,Lat=23.106535,Lng=120.292638,Alt=32.30,Ax=5.12,Ay=51.00,Az=956.60,Gx=-25497.50,Gy=-17955.00,Gz=18130.0T=57,H=42,SAT=1"
,2025-09-21T02:51:17Z,COM6,,UTC=10:51:15,31.50,120.292637,23.106525,,,,,,,,,42,SAT=1,-18.54,71.37,960.87,-16520.00,-10570.00,35175T=56,,"Package=229,UTC=10:51:15,Lat=23.106525,Lng=120.292637,Alt=31.50,Ax=-18.54,Ay=71.37,Az=960.87,Gx=-16520.00,Gy=-10570.00,Gz=35175T=56,H=42,SAT=1"
,2025-09-21T02:51:18Z,COM6,,UTC=10:51:16,29.90,120.292637,23.106513,,,,,,,,,42,SAT=1,-39.04,97.36,1029.44,7507.50,10325.00,38027.5T=56,,"Package=230,UTC=10:51:16,Lat=23.106513,Lng=120.292637,Alt=29.90,Ax=-39.04,Ay=97.36,Az=1029.44,Gx=7507.50,Gy=10325.00,Gz=38027.5T=56,H=42,SAT=1"
,2025-09-21T02:51:19Z,COM6,,UTC=10:51:17,29.70,120.292635,23.106507,,,,,,,,,42,SAT=1,-137.98,101.26,1077.63,-21035.00,36050.00,179T=56,,"Package=231,UTC=10:51:17,Lat=23.106507,Lng=120.292635,Alt=29.70,Ax=-137.98,Ay=101.26,Az=1077.63,Gx=-21035.00,Gy=36050.00,Gz=179T=56,H=42,SAT=1"
,2025-09-21T02:51:20Z,COM6,,UTC=10:51:18,29.30,120.292637,23.106498,,,,,,,,,42,SAT=1,-123.10,4.15,970.63,-1907.50,-15837.50,11217.T=56,,"Package=232,UTC=10:51:18,Lat=23.106498,Lng=120.292637,Alt=29.30,Ax=-123.10,Ay=4.15,Az=970.63,Gx=-1907.50,Gy=-15837.50,Gz=11217.T=56,H=42,SAT=1"
,2025-09-21T02:51:21Z,COM6,,UTC=10:51:19,28.90,120.292637,23.106495,,,,,,,,,42,SAT=1,-129.56,-2.20,954.28,20947.50,17447.50,6475.0T=56,,"Package=233,UTC=10:51:19,Lat=23.106495,Lng=120.292637,Alt=28.90,Ax=-129.56,Ay=-2.20,Az=954.28,Gx=20947.50,Gy=17447.50,Gz=6475.0T=56,H=42,SAT=1"
,2025-09-21T02:51:22Z,COM6,,UTC=10:51:20,28.10,120.292635,23.106495,,,,,,,,,,,,,,,,,,"Package=234,UTC=10:51:20,Lat=23.106495,Lng=120.292635,Alt=28.10"
,2025-09-21T02:51:23Z,COM6,,UTC=10:51:21,27.30,120.292632,23.106492,,,,,,,,,42,SAT=1,-151.77,-25.50,992.23,-1820.00,-2625.00,-2940T=56,,"Package=235,UTC=10:51:21,Lat=23.106492,Lng=120.292632,Alt=27.30,Ax=-151.77,Ay=-25.50,Az=992.23,Gx=-1820.00,Gy=-2625.00,Gz=-2940T=56,H=42,SAT=1"
,2025-09-21T02:51:24Z,COM6,,UTC=10:51:22,,,23.106490,,,,,,,,,,,,,,,,,,"Package=236,UTC=10:51:22,Lat=23.106490,Lng"
,2025-09-21T02:51:25Z,COM6,,UTC=10:51:23,25.80,120.292625,23.106490,,,,,,,,,42,SAT=1,-106.14,-24.89,1001.86,-612.50,1557.50,735.00T=56,,"Package=237,UTC=10:51:23,Lat=23.106490,Lng=120.292625,Alt=25.80,Ax=-106.14,Ay=-24.89,Az=1001.86,Gx=-612.50,Gy=1557.50,Gz=735.00T=56,H=42,SAT=1"
,2025-09-21T02:51:26Z,COM6,,UTC=10:51:24,,,23.106492,,,,,,,,,,,,,,,,,,"Package=238,UTC=10:51:24,Lat=23.106492,"
,2025-09-21T02:51:27Z,COM6,,UTC=10:51:25,23.90,120.292618,23.106492,,,,,,,,,42,SAT=9,-95.40,-20.01,1006.62,-1837.50,1662.50,-70.00T=56,,"Package=239,UTC=10:51:25,Lat=23.106492,Lng=120.292618,Alt=23.90,Ax=-95.40,Ay=-20.01,Az=1006.62,Gx=-1837.50,Gy=1662.50,Gz=-70.00T=56,H=42,SAT=9"
,2025-09-21T02:51:28Z,COM6,,UTC=10:51:26,,,23.10649,,,,,,,,,,,,,,,,,,"Package=240,UTC=10:51:26,Lat=23.10649"
,2025-09-21T02:51:29Z,COM6,,UTC=10:51:27,22.40,120.292617,23.106492,,,,,,,,,42,SAT=1,-101.14,-35.14,1010.16,-1627.50,-1540.00,-87.T=56,,"Package=241,UTC=10:51:27,Lat=23.106492,Lng=120.292617,Alt=22.40,Ax=-101.14,Ay=-35.14,Az=1010.16,Gx=-1627.50,Gy=-1540.00,Gz=-87.T=56,H=42,SAT=1"
,2025-09-21T02:51:31Z,COM6,,UTC=10:51:28,22.80,120.292617,23.106495,,,,,,,,,42,SAT=1,-105.29,-26.11,1004.30,-140.00,-980.00,1872.5T=56,,"Package=242,UTC=10:51:28,Lat=23.106495,Lng=120.292617,Alt=22.80,Ax=-105.29,Ay=-26.11,Az=1004.30,Gx=-140.00,Gy=-980.00,Gz=1872.5T=56,H=42,SAT=1"
,2025-09-21T02:51:31Z,COM6,,UTC=10:51:29,22.30,120.292615,23.106495,,,,,,,,,42,SAT=1,-98.94,-25.13,1007.23,1102.50,-455.00,-997.50T=56,,"Package=243,UTC=10:51:29,Lat=23.106495,Lng=120.292615,Alt=22.30,Ax=-98.94,Ay=-25.13,Az=1007.23,Gx=1102.50,Gy=-455.00,Gz=-997.50T=56,H=42,SAT=1"
,2025-09-21T02:51:32Z,COM6,,UTC=10:51:30,22.20,120.292613,23.106495,,,,,,,,,42,SAT=1,-137.62,-40.87,993.32,5950.00,-6510.00,-1505.T=56,,"Package=244,UTC=10:51:30,Lat=23.106495,Lng=120.292613,Alt=22.20,Ax=-137.62,Ay=-40.87,Az=993.32,Gx=5950.00,Gy=-6510.00,Gz=-1505.T=56,H=42,SAT=1"
,2025-09-21T02:51:33Z,COM6,,UTC=10:51:30,22.20,120.292613,23.106495,,,,,,,,,42,SAT=1,-152.13,112.61,981.61,3272.50,6055.00,-7437.5T=56,,"Package=245,UTC=10:51:30,Lat=23.106495,Lng=120.292613,Alt=22.20,Ax=-152.13,Ay=112.61,Az=981.61,Gx=3272.50,Gy=6055.00,Gz=-7437.5T=56,H=42,SAT=1"
,2025-09-21T02:51:34Z,COM6,,UTC=10:51:32,21.80,120.292613,23.106493,,,,,,,,,42,SAT=1,-118.58,-7.20,1013.82,-10115.00,-8662.50,7700T=56,,"Package=246,UTC=10:51:32,Lat=23.106493,Lng=120.292613,Alt=21.80,Ax=-118.58,Ay=-7.20,Az=1013.82,Gx=-10115.00,Gy=-8662.50,Gz=7700T=56,H=42,SAT=1"
,2025-09-21T02:51:35Z,COM6,,UTC=10:51:33,21.60,120.292615,23.106493,,,,,,,,,42,SAT=1,-143.11,29.16,992.59,-18200.00,-1120.00,34860T=56,,"Package=247,UTC=10:51:33,Lat=23.106493,Lng=120.292615,Alt=21.60,Ax=-143.11,Ay=29.16,Az=992.59,Gx=-18200.00,Gy=-1120.00,Gz=34860T=56,H=42,SAT=1"
,2025-09-21T02:51:36Z,COM6,,UTC=10:51:34,21.30,120.292615,23.106493,,,,,,,,56,42,SAT=1,-98.94,-26.72,1011.26,87.50,-3307.50,1400.00,,"Package=248,UTC=10:51:34,Lat=23.106493,Lng=120.292615,Alt=21.30,Ax=-98.94,Ay=-26.72,Az=1011.26,Gx=87.50,Gy=-3307.50,Gz=1400.00,T=56,H=42,SAT=1"
,2025-09-21T02:51:37Z,COM6,,UTC=10:51:35,21.10,120.292615,23.106493,,,,,,,,,,,,,,,,,,"Package=249,UTC=10:51:35,Lat=23.106493,Lng=120.292615,Alt=21.10,A"
,2025-09-21T02:51:38Z,COM6,,UTC=10:51:36,20.90,120.292615,23.106493,,,,,,,,,42,SAT=1,-121.27,-52.34,1001.38,-3517.50,-2467.50,1452T=56,,"Package=250,UTC=10:51:36,Lat=23.106493,Lng=120.292615,Alt=20.90,Ax=-121.27,Ay=-52.34,Az=1001.38,Gx=-3517.50,Gy=-2467.50,Gz=1452T=56,H=42,SAT=1"
,2025-09-21T02:51:39Z,COM6,,UTC=10:51:37,20.7,120.292617,23.106493,,,,,,,,,,,,,,,,,,"Package=251,UTC=10:51:37,Lat=23.106493,Lng=120.292617,Alt=20.7"
,2025-09-21T02:51:40Z,COM6,,UTC=10:51:38,20.50,120.292618,23.106492,,,,,,,,,42,SAT=1,-63.56,-15.86,1013.70,-35.00,-3325.00,3307.50T=56,,"Package=252,UTC=10:51:38,Lat=23.106492,Lng=120.292618,Alt=20.50,Ax=-63.56,Ay=-15.86,Az=1013.70,Gx=-35.00,Gy=-3325.00,Gz=3307.50T=56,H=42,SAT=1"
,2025-09-21T02:51:41Z,COM6,,UTC=10:51:39,,,23.106492,,,,,,,,,,,,,,,,,,"Package=253,UTC=10:51:39,Lat=23.106492,L"
,2025-09-21T02:51:42Z,COM6,,UTC=10:51:40,20.30,120.292618,23.106492,,,,,,,,56,42,SAT=1,-67.10,-12.44,1008.09,420.00,-245.00,1225.00,,"Package=254,UTC=10:51:40,Lat=23.106492,Lng=120.292618,Alt=20.30,Ax=-67.10,Ay=-12.44,Az=1008.09,Gx=420.00,Gy=-245.00,Gz=1225.00,T=56,H=42,SAT=1"
,2025-09-21T02:51:43Z,COM6,,UTC=10:51:41,20.10,120.292618,23.106492,,,,,,,,56,42,SAT=1,-63.44,3.54,1005.52,7752.50,4287.50,8347.50,,"Package=255,UTC=10:51:41,Lat=23.106492,Lng=120.292618,Alt=20.10,Ax=-63.44,Ay=3.54,Az=1005.52,Gx=7752.50,Gy=4287.50,Gz=8347.50,T=56,H=42,SAT=1"
,2025-09-21T02:51:44Z,COM6,,UTC=10:51:42,20.00,120.292618,23.106493,,,,,,,,,42,SAT=1,-115.41,45.99,984.54,-2835.00,20195.00,37975.T=56,,"Package=256,UTC=10:51:42,Lat=23.106493,Lng=120.292618,Alt=20.00,Ax=-115.41,Ay=45.99,Az=984.54,Gx=-2835.00,Gy=20195.00,Gz=37975.T=56,H=42,SAT=1"
,2025-09-21T02:51:45Z,COM6,,UTC=10:51:43,19.80,120.292620,23.106493,,,,,,,,,42,SAT=1,-166.04,47.70,1021.99,2345.00,-2047.50,4952.5T=56,,"Package=257,UTC=10:51:43,Lat=23.106493,Lng=120.292620,Alt=19.80,Ax=-166.04,Ay=47.70,Az=1021.99,Gx=2345.00,Gy=-2047.50,Gz=4952.5T=56,H=42,SAT=1"
,2025-09-21T02:51:46Z,COM6,,UTC=10:51:44,19.60,120.292622,23.106495,,,,,,,,56,42,SAT=1,-99.92,14.76,1003.82,507.50,-4427.50,350.00,,"Package=258,UTC=10:51:44,Lat=23.106495,Lng=120.292622,Alt=19.60,Ax=-99.92,Ay=14.76,Az=1003.82,Gx=507.50,Gy=-4427.50,Gz=350.00,T=56,H=42,SAT=1"
,2025-09-21T02:51:47Z,COM6,,UTC=10:51:45,19.50,120.292622,23.106495,,,,,,,,,42,SAT=1,-91.13,25.86,993.08,12897.50,367.50,-42350.00T=56,,"Package=259,UTC=10:51:45,Lat=23.106495,Lng=120.292622,Alt=19.50,Ax=-91.13,Ay=25.86,Az=993.08,Gx=12897.50,Gy=367.50,Gz=-42350.00T=56,H=42,SAT=1"
,2025-09-21T02:51:48Z,COM6,,UTC=10:51:46,19.30,120.292620,23.106493,,,,,,,,,42,SAT=1,-111.75,115.41,1009.18,14945.00,11287.50,-507T=56,,"Package=260,UTC=10:51:46,Lat=23.106493,Lng=120.292620,Alt=19.30,Ax=-111.75,Ay=115.41,Az=1009.18,Gx=14945.00,Gy=11287.50,Gz=-507T=56,H=42,SAT=1"
,2025-09-21T02:51:49Z,COM6,,UTC=10:51:47,19.20,120.292618,23.106493,,,,,,,,,42,SAT=1,-142.98,49.65,1015.77,-4707.50,-4742.50,12582T=56,,"Package=261,UTC=10:51:47,Lat=23.106493,Lng=120.292618,Alt=19.20,Ax=-142.98,Ay=49.65,Az=1015.77,Gx=-4707.50,Gy=-4742.50,Gz=12582T=56,H=42,SAT=1"
,2025-09-21T02:51:50Z,COM6,,UTC=10:51:48,19.10,120.292618,23.106493,,,,,,,,,42,SAT=1,-109.56,97.97,1002.60,-23625.00,12285.00,8996T=56,,"Package=262,UTC=10:51:48,Lat=23.106493,Lng=120.292618,Alt=19.10,Ax=-109.56,Ay=97.97,Az=1002.60,Gx=-23625.00,Gy=12285.00,Gz=8996T=56,H=42,SAT=1"
,2025-09-21T02:51:51Z,COM6,,UTC=10:51:49,19.10,120.292618,23.106493,,,,,,,,,42,SAT=1,-107.36,-9.39,998.33,3937.50,-18812.50,68880.T=56,,"Package=263,UTC=10:51:49,Lat=23.106493,Lng=120.292618,Alt=19.10,Ax=-107.36,Ay=-9.39,Az=998.33,Gx=3937.50,Gy=-18812.50,Gz=68880.T=56,H=42,SAT=1"
,2025-09-21T02:51:52Z,COM6,,UTC=10:51:50,,120,23.106493,,,,,,,,,,,,,,,,,,"Package=264,UTC=10:51:50,Lat=23.106493,Lng=120"
,2025-09-21T02:51:54Z,COM6,,UTC=10:51:51,18.90,120.292617,23.106493,,,,,,,,,42,SAT=1,-240.46,-71.25,1019.19,44800.00,2012.50,14122T=56,,"Package=265,UTC=10:51:51,Lat=23.106493,Lng=120.292617,Alt=18.90,Ax=-240.46,Ay=-71.25,Az=1019.19,Gx=44800.00,Gy=2012.50,Gz=14122T=56,H=42,SAT=1"
,2025-09-21T02:51:54Z,COM6,,UTC=10:51:52,,,,,,,,,,,,,,,,,,,,,"Package=266,UTC=10:51:52"
,2025-09-21T02:51:55Z,COM6,,UTC=10:51:53,18.70,120.292615,23.106492,,,,,,,,,42,SAT=1,-213.62,55.14,979.29,5932.50,-16047.50,7875.0T=56,,"Package=267,UTC=10:51:53,Lat=23.106492,Lng=120.292615,Alt=18.70,Ax=-213.62,Ay=55.14,Az=979.29,Gx=5932.50,Gy=-16047.50,Gz=7875.0T=56,H=42,SAT=1"
,2025-09-21T02:51:57Z,COM6,,UTC=10:51:55,18.40,120.292613,23.106497,,,,,,,,,42,SAT=1,-88.57,-104.19,997.47,-20422.50,-22120.00,943T=56,,"Package=269,UTC=10:51:55,Lat=23.106497,Lng=120.292613,Alt=18.40,Ax=-88.57,Ay=-104.19,Az=997.47,Gx=-20422.50,Gy=-22120.00,Gz=943T=56,H=42,SAT=1"
,2025-09-21T02:51:59Z,COM6,,UTC=10:51:56,18.30,120.292613,23.106495,,,,,,,,,42,SAT=1,-110.65,-263.52,950.50,8960.00,-6492.50,28420T=56,,"Package=270,UTC=10:51:56,Lat=23.106495,Lng=120.292613,Alt=18.30,Ax=-110.65,Ay=-263.52,Az=950.50,Gx=8960.00,Gy=-6492.50,Gz=28420T=56,H=42,SAT=1"
,2025-09-21T02:51:59Z,COM6,,UTC=10:51:57,18.30,120.292613,23.106492,,,,,,,,,42,SAT=1,92.48,-82.23,981.73,6300.00,-9887.50,-7822.50T=56,,"Package=271,UTC=10:51:57,Lat=23.106492,Lng=120.292613,Alt=18.30,Ax=92.48,Ay=-82.23,Az=981.73,Gx=6300.00,Gy=-9887.50,Gz=-7822.50T=56,H=42,SAT=1"
,2025-09-21T02:52:00Z,COM6,,UTC=10:51:58,18.20,120.292610,23.106488,,,,,,,,,42,SAT=1,-57.10,-107.12,1007.48,8015.00,-17272.50,2292T=56,,"Package=272,UTC=10:51:58,Lat=23.106488,Lng=120.292610,Alt=18.20,Ax=-57.10,Ay=-107.12,Az=1007.48,Gx=8015.00,Gy=-17272.50,Gz=2292T=56,H=42,SAT=1"
,2025-09-21T02:52:01Z,COM6,,UTC=10:51:59,18.20,120.292608,23.106487,,,,,,,,56,42,SAT=1,5.37,-54.41,1004.18,6615.00,1487.50,-6160.00,,"Package=273,UTC=10:51:59,Lat=23.106487,Lng=120.292608,Alt=18.20,Ax=5.37,Ay=-54.41,Az=1004.18,Gx=6615.00,Gy=1487.50,Gz=-6160.00,T=56,H=42,SAT=1"
,2025-09-21T02:52:02Z,COM6,,UTC=10:52:0,18.20,120.292610,23.106487,,,,,,,,56,42,SAT=1,0.00,-88.21,999.91,4690.00,-4340.00,-1225.00,,"Package=274,UTC=10:52:0,Lat=23.106487,Lng=120.292610,Alt=18.20,Ax=0.00,Ay=-88.21,Az=999.91,Gx=4690.00,Gy=-4340.00,Gz=-1225.00,T=56,H=42,SAT=1"
,2025-09-21T02:52:03Z,COM6,,UTC=10:52:1,18.10,120.292608,23.106487,,,,,,,,,42,SAT=1,52.95,22.20,1037.73,-8155.00,4112.50,48965.00T=56,,"Package=275,UTC=10:52:1,Lat=23.106487,Lng=120.292608,Alt=18.10,Ax=52.95,Ay=22.20,Az=1037.73,Gx=-8155.00,Gy=4112.50,Gz=48965.00T=56,H=42,SAT=1"
,2025-09-21T02:52:04Z,COM6,,UTC=10:52:2,18.10,120.292610,23.106487,,,,,,,,,42,SAT=1,-26.23,13.05,1010.65,4620.00,3482.50,-51152.5T=56,,"Package=276,UTC=10:52:2,Lat=23.106487,Lng=120.292610,Alt=18.10,Ax=-26.23,Ay=13.05,Az=1010.65,Gx=4620.00,Gy=3482.50,Gz=-51152.5T=56,H=42,SAT=1"
,2025-09-21T02:52:05Z,COM6,,UTC=10:52:3,18.10,120.292608,23.106485,,,,,,,,,42,SAT=1,-48.07,38.06,1050.91,-12617.50,-23345.00,-252T=56,,"Package=277,UTC=10:52:3,Lat=23.106485,Lng=120.292608,Alt=18.10,Ax=-48.07,Ay=38.06,Az=1050.91,Gx=-12617.50,Gy=-23345.00,Gz=-252T=56,H=42,SAT=1"
,2025-09-21T02:52:06Z,COM6,,UTC=10:52:4,18.00,120.292608,23.106485,,,,,,,,,42,SAT=1,4.03,-25.62,1005.65,11340.00,-1697.50,-10342.T=56,,"Package=278,UTC=10:52:4,Lat=23.106485,Lng=120.292608,Alt=18.00,Ax=4.03,Ay=-25.62,Az=1005.65,Gx=11340.00,Gy=-1697.50,Gz=-10342.T=56,H=42,SAT=1"
,2025-09-21T02:52:07Z,COM6,,UTC=10:52:5,17.90,120.292608,23.106485,,,,,,,,,,,-,,,,,,,"Package=279,UTC=10:52:5,Lat=23.106485,Lng=120.292608,Alt=17.90,Ax=-"
,2025-09-21T02:52:08Z,COM6,,UTC=10:52:6,17.80,120.292610,23.106487,,,,,,,,,41,SAT=1,-23.91,-63.07,1005.65,-4497.50,10412.50,-1860T=56,,"Package=280,UTC=10:52:6,Lat=23.106487,Lng=120.292610,Alt=17.80,Ax=-23.91,Ay=-63.07,Az=1005.65,Gx=-4497.50,Gy=10412.50,Gz=-1860T=56,H=41,SAT=1"
,2025-09-21T02:52:09Z,COM6,,UTC=10:52:7,,120,23.106485,,,,,,,,,,,,,,,,,,"Package=281,UTC=10:52:7,Lat=23.106485,Lng=120"
,2025-09-21T02:52:10Z,COM6,,UTC=10:52:8,17.50,120.292612,23.106485,,,,,,,,,41,SAT=1,-130.30,-487.88,869.37,-21437.50,-27002.50,87T=56,,"Package=282,UTC=10:52:8,Lat=23.106485,Lng=120.292612,Alt=17.50,Ax=-130.30,Ay=-487.88,Az=869.37,Gx=-21437.50,Gy=-27002.50,Gz=87T=56,H=41,SAT=1"
,2025-09-21T02:52:12Z,COM6,,UTC=10:52:10,17.20,120.292615,23.106483,,,,,,,,,41,SAT=1,-87.35,144.69,980.88,-3202.50,4007.50,-14665.T=56,,"Package=284,UTC=10:52:10,Lat=23.106483,Lng=120.292615,Alt=17.20,Ax=-87.35,Ay=144.69,Az=980.88,Gx=-3202.50,Gy=4007.50,Gz=-14665.T=56,H=41,SAT=1"
,2025-09-21T02:52:13Z,COM6,,UTC=10:52:11,17.20,120.292615,23.106482,,,,,,,,56,41,SAT=1,-70.76,83.20,972.34,2607.50,4725.00,2712.50,,"Package=285,UTC=10:52:11,Lat=23.106482,Lng=120.292615,Alt=17.20,Ax=-70.76,Ay=83.20,Az=972.34,Gx=2607.50,Gy=4725.00,Gz=2712.50,T=56,H=41,SAT=1"
,2025-09-21T02:52:14Z,COM6,,UTC=10:52:12,17.10,120.292615,23.106480,,,,,,,,56,41,SAT=1,-119.56,88.45,996.01,647.50,-2712.50,280.00,,"Package=286,UTC=10:52:12,Lat=23.106480,Lng=120.292615,Alt=17.10,Ax=-119.56,Ay=88.45,Az=996.01,Gx=647.50,Gy=-2712.50,Gz=280.00,T=56,H=41,SAT=1"
,2025-09-21T02:52:15Z,COM6,,UTC=10:52:13,17.00,120.292615,23.106482,,,,,,,,56,41,SAT=1,-104.92,84.06,996.13,105.00,3535.00,1102.50,,"Package=287,UTC=10:52:13,Lat=23.106482,Lng=120.292615,Alt=17.00,Ax=-104.92,Ay=84.06,Az=996.13,Gx=105.00,Gy=3535.00,Gz=1102.50,T=56,H=41,SAT=1"
,2025-09-21T02:52:16Z,COM6,,UTC=10:52:14,17.00,120.292615,23.106480,,,,,,,,,41,SAT=1,-105.53,82.59,1001.62,-2765.00,-2817.50,2047.T=56,,"Package=288,UTC=10:52:14,Lat=23.106480,Lng=120.292615,Alt=17.00,Ax=-105.53,Ay=82.59,Az=1001.62,Gx=-2765.00,Gy=-2817.50,Gz=2047.T=56,H=41,SAT=1"
,2025-09-21T02:52:17Z,COM6,,UTC=10:52:15,16.90,120.292613,23.106480,,,,,,,,,41,SAT=1,-61.37,15.37,987.10,2362.50,-9415.00,-38902.5T=56,,"Package=289,UTC=10:52:15,Lat=23.106480,Lng=120.292613,Alt=16.90,Ax=-61.37,Ay=15.37,Az=987.10,Gx=2362.50,Gy=-9415.00,Gz=-38902.5T=56,H=41,SAT=1"
,2025-09-21T02:52:18Z,COM6,,UTC=10:52:16,16.80,120.292612,23.106480,,,,,,,,,41,SAT=1,-16.23,-91.26,1060.18,-51292.50,-4270.00,-301T=56,,"Package=290,UTC=10:52:16,Lat=23.106480,Lng=120.292612,Alt=16.80,Ax=-16.23,Ay=-91.26,Az=1060.18,Gx=-51292.50,Gy=-4270.00,Gz=-301T=56,H=41,SAT=1"
,2025-09-21T02:52:19Z,COM6,,UTC=10:52:17,16.80,120.292612,23.106482,,,,,,,,,41,SAT=1,-6.83,-416.02,897.19,18497.50,3587.50,-14367.T=56,,"Package=291,UTC=10:52:17,Lat=23.106482,Lng=120.292612,Alt=16.80,Ax=-6.83,Ay=-416.02,Az=897.19,Gx=18497.50,Gy=3587.50,Gz=-14367.T=56,H=41,SAT=1"
,2025-09-21T02:52:20Z,COM6,,UTC=10:52:18,,120.292,23.106482,,,,,,,,,,,,,,,,,,"Package=292,UTC=10:52:18,Lat=23.106482,Lng=120.292"
,2025-09-21T02:52:21Z,COM6,,UTC=10:52:19,16.50,120.292608,23.106483,,,,,,,,,41,SAT=1,37.94,-206.42,997.23,-5687.50,7980.00,-3500.0T=56,,"Package=293,UTC=10:52:19,Lat=23.106483,Lng=120.292608,Alt=16.50,Ax=37.94,Ay=-206.42,Az=997.23,Gx=-5687.50,Gy=7980.00,Gz=-3500.0T=56,H=41,SAT=1"
,2025-09-21T02:52:22Z,COM6,,UTC=10:52:20,,,,,,,,,,,,,,,,,,,,,"Package=294,UTC=10:52:20,Lat"
,2025-09-21T02:52:23Z,COM6,,UTC=10:52:21,16.20,120.292608,23.106492,,,,,,,,,41,SAT=1,7.56,-239.24,987.22,4392.50,-9870.00,-5565.00T=56,,"Package=295,UTC=10:52:21,Lat=23.106492,Lng=120.292608,Alt=16.20,Ax=7.56,Ay=-239.24,Az=987.22,Gx=4392.50,Gy=-9870.00,Gz=-5565.00T=56,H=41,SAT=1"
,2025-09-21T02:52:25Z,COM6,,UTC=10:52:22,16.30,120.292608,23.106490,,,,,,,,56,41,SAT=1,44.16,-207.77,994.06,5722.50,997.50,-3080.00,,"Package=296,UTC=10:52:22,Lat=23.106490,Lng=120.292608,Alt=16.30,Ax=44.16,Ay=-207.77,Az=994.06,Gx=5722.50,Gy=997.50,Gz=-3080.00,T=56,H=41,SAT=1"
,2025-09-21T02:52:25Z,COM6,,UTC=10:52:23,16.20,120.292608,23.106492,,,,,,,,,41,SAT=1,51.24,-179.95,1002.23,-3027.50,-2817.50,367.5T=56,,"Package=297,UTC=10:52:23,Lat=23.106492,Lng=120.292608,Alt=16.20,Ax=51.24,Ay=-179.95,Az=1002.23,Gx=-3027.50,Gy=-2817.50,Gz=367.5T=56,H=41,SAT=1"
,2025-09-21T02:52:26Z,COM6,,UTC=10:52:24,16.10,120.292608,23.106492,,,,,,,,56,41,SAT=1,61.61,-193.00,993.81,297.50,980.00,-1295.00,,"Package=298,UTC=10:52:24,Lat=23.106492,Lng=120.292608,Alt=16.10,Ax=61.61,Ay=-193.00,Az=993.81,Gx=297.50,Gy=980.00,Gz=-1295.00,T=56,H=41,SAT=1"
,2025-09-21T02:52:27Z,COM6,,UTC=10:52:25,16.00,120.292608,23.106492,,,,,,,,,41,SAT=1,53.44,-207.03,995.28,-1540.00,1295.00,-3955.0T=56,,"Package=299,UTC=10:52:25,Lat=23.106492,Lng=120.292608,Alt=16.00,Ax=53.44,Ay=-207.03,Az=995.28,Gx=-1540.00,Gy=1295.00,Gz=-3955.0T=56,H=41,SAT=1"
,2025-09-21T02:52:28Z,COM6,,UTC=10:52:26,16.00,120.292608,23.106492,,,,,,,,,41,SAT=1,142.98,-182.51,989.05,22715.00,-22837.50,7936T=56,,"Package=300,UTC=10:52:26,Lat=23.106492,Lng=120.292608,Alt=16.00,Ax=142.98,Ay=-182.51,Az=989.05,Gx=22715.00,Gy=-22837.50,Gz=7936T=56,H=41,SAT=1"
,2025-09-21T02:52:29Z,COM6,,UTC=10:52:27,16.00,120.292608,23.106492,,,,,,,,,41,SAT=1,97.97,-77.23,990.52,19862.50,11620.00,3815.00T=56,,"Package=301,UTC=10:52:27,Lat=23.106492,Lng=120.292608,Alt=16.00,Ax=97.97,Ay=-77.23,Az=990.52,Gx=19862.50,Gy=11620.00,Gz=3815.00T=56,H=41,SAT=1"
,2025-09-21T02:52:30Z,COM6,,UTC=10:52:28,15.90,120.292608,23.106493,,,,,,,,,41,SAT=1,46.36,47.34,1007.35,11357.50,-2975.00,-13492.T=56,,"Package=302,UTC=10:52:28,Lat=23.106493,Lng=120.292608,Alt=15.90,Ax=46.36,Ay=47.34,Az=1007.35,Gx=11357.50,Gy=-2975.00,Gz=-13492.T=56,H=41,SAT=1"
,2025-09-21T02:52:31Z,COM6,,UTC=10:52:29,15.80,120.292608,23.106492,,,,,,,,,41,SAT=1,-7.08,-10.00,1002.11,3202.50,-1820.00,-2292.5T=56,,"Package=303,UTC=10:52:29,Lat=23.106492,Lng=120.292608,Alt=15.80,Ax=-7.08,Ay=-10.00,Az=1002.11,Gx=3202.50,Gy=-1820.00,Gz=-2292.5T=56,H=41,SAT=1"
,2025-09-21T02:52:32Z,COM6,,UTC=10:52:30,15.70,120.292608,23.106492,,,,,,,,,41,SAT=1,-10.37,-3.05,1017.97,-20895.00,7910.00,-1715.T=56,,"Package=304,UTC=10:52:30,Lat=23.106492,Lng=120.292608,Alt=15.70,Ax=-10.37,Ay=-3.05,Az=1017.97,Gx=-20895.00,Gy=7910.00,Gz=-1715.T=56,H=41,SAT=1"
,2025-09-21T02:52:33Z,COM6,,UTC=10:52:31,,120.292610,23.106490,,,,,,,,,,,,,,,,,,"Package=305,UTC=10:52:31,Lat=23.106490,Lng=120.292610,"
,2025-09-21T02:52:34Z,COM6,,UTC=10:52:32,15.60,120.292612,23.106490,,,,,,,,,41,SAT=1,-9.52,-89.55,1055.91,717.50,-7227.50,-2012.50T=56,,"Package=306,UTC=10:52:32,Lat=23.106490,Lng=120.292612,Alt=15.60,Ax=-9.52,Ay=-89.55,Az=1055.91,Gx=717.50,Gy=-7227.50,Gz=-2012.50T=56,H=41,SAT=1"
,2025-09-21T02:52:35Z,COM6,,UTC=10:52:33,,,23.,,,,,,,,,,,,,,,,,,"Package=307,UTC=10:52:33,Lat=23."
,2025-09-21T02:52:36Z,COM6,,UTC=10:52:34,15.50,120.292612,23.106490,,,,,,,,,41,SAT=1,12.57,-46.36,1009.92,-2240.00,-1820.00,1050.0T=56,,"Package=308,UTC=10:52:34,Lat=23.106490,Lng=120.292612,Alt=15.50,Ax=12.57,Ay=-46.36,Az=1009.92,Gx=-2240.00,Gy=-1820.00,Gz=1050.0T=56,H=41,SAT=1"
,2025-09-21T02:52:37Z,COM6,,UTC=10:52:35,15.40,120.292613,23.106490,,,,,,,,56,41,SAT=1,-1.46,-67.10,1014.80,-2607.50,787.50,822.50,,"Package=309,UTC=10:52:35,Lat=23.106490,Lng=120.292613,Alt=15.40,Ax=-1.46,Ay=-67.10,Az=1014.80,Gx=-2607.50,Gy=787.50,Gz=822.50,T=56,H=41,SAT=1"
,2025-09-21T02:52:38Z,COM6,,UTC=10:52:36,15.40,120.292613,23.106492,,,,,,,,56,41,SAT=1,5.98,-65.76,1009.43,3885.00,-682.50,87.50,,"Package=310,UTC=10:52:36,Lat=23.106492,Lng=120.292613,Alt=15.40,Ax=5.98,Ay=-65.76,Az=1009.43,Gx=3885.00,Gy=-682.50,Gz=87.50,T=56,H=41,SAT=1"
,2025-09-21T02:52:39Z,COM6,,UTC=10:52:37,15.30,120.292612,23.106492,,,,,,,,56,41,SAT=1,4.64,-69.91,1013.82,-3202.50,-542.50,-140.00,,"Package=311,UTC=10:52:37,Lat=23.106492,Lng=120.292612,Alt=15.30,Ax=4.64,Ay=-69.91,Az=1013.82,Gx=-3202.50,Gy=-542.50,Gz=-140.00,T=56,H=41,SAT=1"
,2025-09-21T02:52:40Z,COM6,,UTC=10:52:38,15.50,120.292610,23.106493,,,,,,,,56,41,SAT=1,-4.88,-73.08,1010.65,857.50,-385.00,157.50,,"Package=312,UTC=10:52:38,Lat=23.106493,Lng=120.292610,Alt=15.50,Ax=-4.88,Ay=-73.08,Az=1010.65,Gx=857.50,Gy=-385.00,Gz=157.50,T=56,H=41,SAT=1"
,2025-09-21T02:52:41Z,COM6,,UTC=10:52:39,15.60,120.292612,23.106492,,,,,,,,56,41,SAT=1,-6.47,-66.12,1007.96,4462.50,-1277.50,402.50,,"Package=313,UTC=10:52:39,Lat=23.106492,Lng=120.292612,Alt=15.60,Ax=-6.47,Ay=-66.12,Az=1007.96,Gx=4462.50,Gy=-1277.50,Gz=402.50,T=56,H=41,SAT=1"
,2025-09-21T02:52:42Z,COM6,,UTC=10:52:40,15.,120.292610,23.106493,,,,,,,,,,,,,,,,,,"Package=314,UTC=10:52:40,Lat=23.106493,Lng=120.292610,Alt=15."
,2025-09-21T02:52:43Z,COM6,,UTC=10:52:41,15.50,120.292612,23.106493,,,,,,,,,41,SAT=1,13.42,-93.45,1008.45,1137.50,1347.50,-1627.50T=56,,"Package=315,UTC=10:52:41,Lat=23.106493,Lng=120.292612,Alt=15.50,Ax=13.42,Ay=-93.45,Az=1008.45,Gx=1137.50,Gy=1347.50,Gz=-1627.50T=56,H=41,SAT=1"
,2025-09-21T02:52:44Z,COM6,,UTC=10:52:42,1,120.292610,23.106493,,,,,,,,,,,,,,,,,,"Package=316,UTC=10:52:42,Lat=23.106493,Lng=120.292610,Alt=1"
,2025-09-21T02:52:45Z,COM6,,UTC=10:52:43,15.50,120.292610,23.106493,,,,,,,,56,41,SAT=1,15.49,-59.41,1014.55,490.00,-910.00,1207.50,,"Package=317,UTC=10:52:43,Lat=23.106493,Lng=120.292610,Alt=15.50,Ax=15.49,Ay=-59.41,Az=1014.55,Gx=490.00,Gy=-910.00,Gz=1207.50,T=56,H=41,SAT=1"
,2025-09-21T02:52:46Z,COM6,,UTC=10:52:44,,,23.10649,,,,,,,,,,,,,,,,,,"Package=318,UTC=10:52:44,Lat=23.10649"
,2025-09-21T02:52:47Z,COM6,,UTC=10:52:45,15.40,120.292612,23.106490,,,,,,,,56,41,SAT=1,7.93,-54.66,1006.99,1470.00,192.50,-2275.00,,"Package=319,UTC=10:52:45,Lat=23.106490,Lng=120.292612,Alt=15.40,Ax=7.93,Ay=-54.66,Az=1006.99,Gx=1470.00,Gy=192.50,Gz=-2275.00,T=56,H=41,SAT=1"
,2025-09-21T02:52:48Z,COM6,,UTC=10:52:46,15.40,120.292613,23.106490,,,,,,,,56,41,SAT=1,-1.10,-48.31,1009.92,2450.00,-1277.50,262.50,,"Package=320,UTC=10:52:46,Lat=23.106490,Lng=120.292613,Alt=15.40,Ax=-1.10,Ay=-48.31,Az=1009.92,Gx=2450.00,Gy=-1277.50,Gz=262.50,T=56,H=41,SAT=1"
,2025-09-21T02:52:49Z,COM6,,UTC=10:52:47,15.40,120.292612,23.106490,,,,,,,,56,41,SAT=1,6.34,-35.14,1013.21,-455.00,122.50,-1890.00,,"Package=321,UTC=10:52:47,Lat=23.106490,Lng=120.292612,Alt=15.40,Ax=6.34,Ay=-35.14,Az=1013.21,Gx=-455.00,Gy=122.50,Gz=-1890.00,T=56,H=41,SAT=1"
,2025-09-21T02:52:50Z,COM6,,UTC=10:52:48,15.40,120.292613,23.106490,,,,,,,,56,41,SAT=1,5.73,-41.36,1011.62,-700.00,-2275.00,-367.50,,"Package=322,UTC=10:52:48,Lat=23.106490,Lng=120.292613,Alt=15.40,Ax=5.73,Ay=-41.36,Az=1011.62,Gx=-700.00,Gy=-2275.00,Gz=-367.50,T=56,H=41,SAT=1"
,2025-09-21T02:52:51Z,COM6,,UTC=10:52:49,15.40,120.292613,23.106490,,,,,,,,,41,SAT=1,-2.93,-36.72,1025.78,-3430.00,-5320.00,-210.0T=56,,"Package=323,UTC=10:52:49,Lat=23.106490,Lng=120.292613,Alt=15.40,Ax=-2.93,Ay=-36.72,Az=1025.78,Gx=-3430.00,Gy=-5320.00,Gz=-210.0T=56,H=41,SAT=1"
,2025-09-21T02:52:52Z,COM6,,UTC=10:52:50,15.30,120.292613,23.106492,,,,,,,,56,41,SAT=1,19.28,-27.21,1012.60,-1470.00,1417.50,350.00,,"Package=324,UTC=10:52:50,Lat=23.106492,Lng=120.292613,Alt=15.30,Ax=19.28,Ay=-27.21,Az=1012.60,Gx=-1470.00,Gy=1417.50,Gz=350.00,T=56,H=41,SAT=1"
,2025-09-21T02:52:53Z,COM6,,UTC=10:52:51,15.30,120.292613,23.106490,,,,,,,,56,41,SAT=1,1.34,-15.86,1008.57,630.00,665.00,-1225.00,,"Package=325,UTC=10:52:51,Lat=23.106490,Lng=120.292613,Alt=15.30,Ax=1.34,Ay=-15.86,Az=1008.57,Gx=630.00,Gy=665.00,Gz=-1225.00,T=56,H=41,SAT=1"
,2025-09-21T02:52:54Z,COM6,,UTC=10:52:52,15.30,120.292613,23.106492,,,,,,,,56,41,SAT=1,-0.73,-5.25,1013.70,472.50,-787.50,105.00,,"Package=326,UTC=10:52:52,Lat=23.106492,Lng=120.292613,Alt=15.30,Ax=-0.73,Ay=-5.25,Az=1013.70,Gx=472.50,Gy=-787.50,Gz=105.00,T=56,H=41,SAT=1"
,2025-09-21T02:52:55Z,COM6,,UTC=10:52:53,,12,23.106492,,,,,,,,,,,,,,,,,,"Package=327,UTC=10:52:53,Lat=23.106492,Lng=12"
,2025-09-21T02:52:56Z,COM6,,UTC=10:52:54,15.20,120.292613,23.106492,,,,,,,,56,41,SAT=1,3.90,-0.49,1012.97,822.50,-507.50,-105.00,,"Package=328,UTC=10:52:54,Lat=23.106492,Lng=120.292613,Alt=15.20,Ax=3.90,Ay=-0.49,Az=1012.97,Gx=822.50,Gy=-507.50,Gz=-105.00,T=56,H=41,SAT=1"
,2025-09-21T02:52:57Z,COM6,,UTC=10:52:5,,,,,,,,,,,,,,,,,,,,,"Package=329,UTC=10:52:5"
,2025-09-21T02:52:58Z,COM6,,UTC=10:52:56,15.20,120.292615,23.106493,,,,,,,,56,41,SAT=1,1.59,-2.44,1011.87,315.00,-3552.50,-52.50,,"Package=330,UTC=10:52:56,Lat=23.106493,Lng=120.292615,Alt=15.20,Ax=1.59,Ay=-2.44,Az=1011.87,Gx=315.00,Gy=-3552.50,Gz=-52.50,T=56,H=41,SAT=1"
,2025-09-21T02:52:59Z,COM6,,UTC=10:52:56,15.20,120.292615,23.106493,,,,,,,,56,41,SAT=1,2.44,-4.76,1015.77,-770.00,-752.50,-2677.50,,"Package=331,UTC=10:52:56,Lat=23.106493,Lng=120.292615,Alt=15.20,Ax=2.44,Ay=-4.76,Az=1015.77,Gx=-770.00,Gy=-752.50,Gz=-2677.50,T=56,H=41,SAT=1"
,2025-09-21T02:53:00Z,COM6,,UTC=10:52:56,15.20,120.292615,23.106493,,,,,,,,56,41,SAT=1,3.90,-6.95,1010.28,1417.50,-1487.50,262.50,,"Package=332,UTC=10:52:56,Lat=23.106493,Lng=120.292615,Alt=15.20,Ax=3.90,Ay=-6.95,Az=1010.28,Gx=1417.50,Gy=-1487.50,Gz=262.50,T=56,H=41,SAT=1"
,2025-09-21T02:53:01Z,COM6,,UTC=10:52:56,15.20,120.292615,23.106493,,,,,,,,56,41,SAT=1,7.44,5.12,1013.33,-157.50,35.00,-1015.00,,"Package=333,UTC=10:52:56,Lat=23.106493,Lng=120.292615,Alt=15.20,Ax=7.44,Ay=5.12,Az=1013.33,Gx=-157.50,Gy=35.00,Gz=-1015.00,T=56,H=41,SAT=1"
,2025-09-21T02:53:02Z,COM6,,UTC=10:52:56,,,23.106,,,,,,,,,,,,,,,,,,"Package=334,UTC=10:52:56,Lat=23.106"
,2025-09-21T02:53:03Z,COM6,,UTC=10:52:56,15.20,120.292615,23.106493,,,,,,,,57,41,SAT=1,4.03,18.18,1012.97,-4550.00,1575.00,-1015.00,,"Package=335,UTC=10:52:56,Lat=23.106493,Lng=120.292615,Alt=15.20,Ax=4.03,Ay=18.18,Az=1012.97,Gx=-4550.00,Gy=1575.00,Gz=-1015.00,T=57,H=41,SAT=1"
,2025-09-21T02:53:04Z,COM6,,UTC=10:52:56,15.20,120.292615,23.106493,,,,,,,,57,41,SAT=1,7.56,11.71,1012.23,595.00,-2222.50,315.00,,"Package=336,UTC=10:52:56,Lat=23.106493,Lng=120.292615,Alt=15.20,Ax=7.56,Ay=11.71,Az=1012.23,Gx=595.00,Gy=-2222.50,Gz=315.00,T=57,H=41,SAT=1"
,2025-09-21T02:53:05Z,COM6,,UTC=10:52:56,15.20,120.292615,23.106493,,,,,,,,58,41,SAT=1,2.93,7.69,1013.21,-927.50,-1470.00,-472.50,,"Package=337,UTC=10:52:56,Lat=23.106493,Lng=120.292615,Alt=15.20,Ax=2.93,Ay=7.69,Az=1013.21,Gx=-927.50,Gy=-1470.00,Gz=-472.50,T=58,H=41,SAT=1"
,2025-09-21T02:53:06Z,COM6,,UTC=10:52:56,15.20,120.292615,23.106493,,,,,,,,58,41,SAT=1,16.47,6.95,1012.11,-175.00,-875.00,735.00,,"Package=338,UTC=10:52:56,Lat=23.106493,Lng=120.292615,Alt=15.20,Ax=16.47,Ay=6.95,Az=1012.11,Gx=-175.00,Gy=-875.00,Gz=735.00,T=58,H=41,SAT=1"
,2025-09-21T02:53:07Z,COM6,,UTC=10:52:56,15.20,120.292615,23.106493,,,,,,,,58,41,SAT=1,12.93,5.12,1008.21,910.00,-945.00,17.50,,"Package=339,UTC=10:52:56,Lat=23.106493,Lng=120.292615,Alt=15.20,Ax=12.93,Ay=5.12,Az=1008.21,Gx=910.00,Gy=-945.00,Gz=17.50,T=58,H=41,SAT=1"
,2025-09-21T02:53:08Z,COM6,,UTC=10:52:56,15.20,120.292615,23.106493,,,,,,,,58,41,SAT=1,20.25,9.76,1010.40,1155.00,-490.00,402.50,,"Package=340,UTC=10:52:56,Lat=23.106493,Lng=120.292615,Alt=15.20,Ax=20.25,Ay=9.76,Az=1010.40,Gx=1155.00,Gy=-490.00,Gz=402.50,T=58,H=41,SAT=1"
,2025-09-21T02:53:09Z,COM6,,UTC=10:52:56,15.20,120.292615,23.106493,,,,,,,,,,,,,,,,,,"Package=341,UTC=10:52:56,Lat=23.106493,Lng=120.292615,Alt=15.20,A"
,2025-09-21T02:53:10Z,COM6,,UTC=10:52:56,15.20,120.292615,23.106493,,,,,,,,58,41,SAT=1,21.96,14.40,1012.48,-490.00,1697.50,-1155.00,,"Package=342,UTC=10:52:56,Lat=23.106493,Lng=120.292615,Alt=15.20,Ax=21.96,Ay=14.40,Az=1012.48,Gx=-490.00,Gy=1697.50,Gz=-1155.00,T=58,H=41,SAT=1"
,2025-09-21T02:53:11Z,COM6,,UTC=10:53:9,14.90,120.292622,23.106488,,,,,,,,,,,,,,,,,,"Package=343,UTC=10:53:9,Lat=23.106488,Lng=120.292622,Alt=14.90,"
,2025-09-21T02:53:12Z,COM6,,UTC=10:53:9,14.90,120.292622,23.106488,,,,,,,,58,41,SAT=1,11.10,26.84,1012.84,402.50,-1067.50,-1015.00,,"Package=344,UTC=10:53:9,Lat=23.106488,Lng=120.292622,Alt=14.90,Ax=11.10,Ay=26.84,Az=1012.84,Gx=402.50,Gy=-1067.50,Gz=-1015.00,T=58,H=41,SAT=1"
,2025-09-21T02:53:13Z,COM6,,UTC=10:53:9,,,23.106488,,,,,,,,,,,,,,,,,,"Package=345,UTC=10:53:9,Lat=23.106488,Lng"
,2025-09-21T02:53:14Z,COM6,,UTC=10:53:9,14.90,120.292622,23.106488,,,,,,,,,41,SAT=1,11.59,61.37,1008.70,1015.00,-1015.00,-3272.50T=58,,"Package=346,UTC=10:53:9,Lat=23.106488,Lng=120.292622,Alt=14.90,Ax=11.59,Ay=61.37,Az=1008.70,Gx=1015.00,Gy=-1015.00,Gz=-3272.50T=58,H=41,SAT=1"
,2025-09-21T02:53:15Z,COM6,,UTC=10:53:9,14.90,120.292622,23.106488,,,,,,,,58,41,SAT=1,5.73,73.93,1009.67,2082.50,-3920.00,-420.00,,"Package=347,UTC=10:53:9,Lat=23.106488,Lng=120.292622,Alt=14.90,Ax=5.73,Ay=73.93,Az=1009.67,Gx=2082.50,Gy=-3920.00,Gz=-420.00,T=58,H=41,SAT=1"
,2025-09-21T02:53:16Z,COM6,,UTC=10:53:9,14.90,120.292622,23.106488,,,,,,,,58,41,SAT=1,40.02,81.50,1008.21,-70.00,-472.50,1277.50,,"Package=348,UTC=10:53:9,Lat=23.106488,Lng=120.292622,Alt=14.90,Ax=40.02,Ay=81.50,Az=1008.21,Gx=-70.00,Gy=-472.50,Gz=1277.50,T=58,H=41,SAT=1"
,2025-09-21T02:53:17Z,COM6,,UTC=10:53:9,14.90,120.292622,23.106488,,,,,,,,58,41,SAT=1,38.19,79.54,1003.82,-385.00,-910.00,-1627.50,,"Package=349,UTC=10:53:9,Lat=23.106488,Lng=120.292622,Alt=14.90,Ax=38.19,Ay=79.54,Az=1003.82,Gx=-385.00,Gy=-910.00,Gz=-1627.50,T=58,H=41,SAT=1"
,2025-09-21T02:53:18Z,COM6,,UTC=10:53:9,,120.292622,23.106488,,,,,,,,,,,,,,,,,,"Package=350,UTC=10:53:9,Lat=23.106488,Lng=120.292622,"
,2025-09-21T02:53:19Z,COM6,,UTC=10:53:9,14.90,120.292622,23.106488,,,,,,,,58,41,SAT=1,35.26,86.13,1008.33,-2222.50,2117.50,-542.50,,"Package=351,UTC=10:53:9,Lat=23.106488,Lng=120.292622,Alt=14.90,Ax=35.26,Ay=86.13,Az=1008.33,Gx=-2222.50,Gy=2117.50,Gz=-542.50,T=58,H=41,SAT=1"
,2025-09-21T02:53:20Z,COM6,,UTC=10:53:9,,,23.,,,,,,,,,,,,,,,,,,"Package=352,UTC=10:53:9,Lat=23."
,2025-09-21T02:53:21Z,COM6,,UTC=10:53:9,14.90,120.292622,23.106488,,,,,,,,58,41,SAT=1,34.04,85.16,1004.67,245.00,700.00,-857.50,,"Package=353,UTC=10:53:9,Lat=23.106488,Lng=120.292622,Alt=14.90,Ax=34.04,Ay=85.16,Az=1004.67,Gx=245.00,Gy=700.00,Gz=-857.50,T=58,H=41,SAT=1"
,2025-09-21T02:53:22Z,COM6,,UTC=10:53:9,14.90,120.292622,23.106488,,,,,,,,58,41,SAT=1,24.52,86.01,1005.77,-752.50,-385.00,420.00,,"Package=354,UTC=10:53:9,Lat=23.106488,Lng=120.292622,Alt=14.90,Ax=24.52,Ay=86.01,Az=1005.77,Gx=-752.50,Gy=-385.00,Gz=420.00,T=58,H=41,SAT=1"
,2025-09-21T02:53:23Z,COM6,,UTC=10:53:9,14.90,120.292622,23.106488,,,,,,,,58,41,SAT=1,25.86,91.13,1008.21,2397.50,-1697.50,-210.00,,"Package=355,UTC=10:53:9,Lat=23.106488,Lng=120.292622,Alt=14.90,Ax=25.86,Ay=91.13,Az=1008.21,Gx=2397.50,Gy=-1697.50,Gz=-210.00,T=58,H=41,SAT=1"
,2025-09-21T02:53:24Z,COM6,,UTC=10:53:9,14.90,120.292622,23.106488,,,,,,,,58,42,SAT=1,26.84,97.48,1007.48,1050.00,-332.50,1137.50,,"Package=356,UTC=10:53:9,Lat=23.106488,Lng=120.292622,Alt=14.90,Ax=26.84,Ay=97.48,Az=1007.48,Gx=1050.00,Gy=-332.50,Gz=1137.50,T=58,H=42,SAT=1"
,2025-09-21T02:53:25Z,COM6,,UTC=10:53:9,14.90,120.292622,23.106488,,,,,,,,,,,,,,,,,,"Package=357,UTC=10:53:9,Lat=23.106488,Lng=120.292622,Alt=14.90,"
,2025-09-21T02:53:26Z,COM6,,UTC=10:53:9,14.90,120.292622,23.106488,,,,,,,,58,42,SAT=1,33.55,106.14,1003.57,280.00,-1260.00,-945.00,,"Package=358,UTC=10:53:9,Lat=23.106488,Lng=120.292622,Alt=14.90,Ax=33.55,Ay=106.14,Az=1003.57,Gx=280.00,Gy=-1260.00,Gz=-945.00,T=58,H=42,SAT=1"
,2025-09-21T02:53:27Z,COM6,,UTC=10:53:9,,,23.106488,,,,,,,,,,,,,,,,,,"Package=359,UTC=10:53:9,Lat=23.106488,Lng"
,2025-09-21T02:53:28Z,COM6,,UTC=10:53:9,14.90,120.292622,23.106488,,,,,,,,58,42,SAT=1,33.92,103.09,1005.04,157.50,-1277.50,1085.00,,"Package=360,UTC=10:53:9,Lat=23.106488,Lng=120.292622,Alt=14.90,Ax=33.92,Ay=103.09,Az=1005.04,Gx=157.50,Gy=-1277.50,Gz=1085.00,T=58,H=42,SAT=1"
,2025-09-21T02:53:29Z,COM6,,UTC=10:53:9,14.90,120.292622,23.106488,,,,,,,,58,41,SAT=1,56.12,41.36,1004.91,385.00,2065.00,630.00,,"Package=361,UTC=10:53:9,Lat=23.106488,Lng=120.292622,Alt=14.90,Ax=56.12,Ay=41.36,Az=1004.91,Gx=385.00,Gy=2065.00,Gz=630.00,T=58,H=41,SAT=1"
,2025-09-21T02:53:30Z,COM6,,UTC=10:53:9,14.90,120.292622,23.106488,,,,,,,,58,41,SAT=1,34.40,24.28,1012.84,420.00,-1050.00,-70.00,,"Package=362,UTC=10:53:9,Lat=23.106488,Lng=120.292622,Alt=14.90,Ax=34.40,Ay=24.28,Az=1012.84,Gx=420.00,Gy=-1050.00,Gz=-70.00,T=58,H=41,SAT=1"
,2025-09-21T02:53:31Z,COM6,,UTC=10:53:9,14.90,120.292622,23.106488,,,,,,,,58,41,SAT=1,38.43,33.79,1009.79,-787.50,-1575.00,1155.00,,"Package=363,UTC=10:53:9,Lat=23.106488,Lng=120.292622,Alt=14.90,Ax=38.43,Ay=33.79,Az=1009.79,Gx=-787.50,Gy=-1575.00,Gz=1155.00,T=58,H=41,SAT=1"
,2025-09-21T02:53:32Z,COM6,,UTC=10:53:9,14.90,120.292622,23.106488,,,,,,,,58,41,SAT=1,46.24,37.82,1007.48,1925.00,-1610.00,-682.50,,"Package=364,UTC=10:53:9,Lat=23.106488,Lng=120.292622,Alt=14.90,Ax=46.24,Ay=37.82,Az=1007.48,Gx=1925.00,Gy=-1610.00,Gz=-682.50,T=58,H=41,SAT=1"
,2025-09-21T02:53:33Z,COM6,,UTC=10:53:9,14.90,120.292622,23.106488,,,,,,,,58,41,SAT=1,37.82,43.92,1010.04,1435.00,-1242.50,402.50,,"Package=365,UTC=10:53:9,Lat=23.106488,Lng=120.292622,Alt=14.90,Ax=37.82,Ay=43.92,Az=1010.04,Gx=1435.00,Gy=-1242.50,Gz=402.50,T=58,H=41,SAT=1"
,2025-09-21T02:53:34Z,COM6,,UTC=10:53:9,14.90,120.292622,23.106488,,,,,,,,58,41,SAT=1,38.80,34.04,1009.18,-1260.00,297.50,595.00,,"Package=366,UTC=10:53:9,Lat=23.106488,Lng=120.292622,Alt=14.90,Ax=38.80,Ay=34.04,Az=1009.18,Gx=-1260.00,Gy=297.50,Gz=595.00,T=58,H=41,SAT=1"
,2025-09-21T02:53:35Z,COM6,,UTC=10:53:9,14.90,120.292622,23.106488,,,,,,,,,41,SAT=1,98.58,26.11,1008.33,8592.50,-1172.50,27300.00T=58,,"Package=367,UTC=10:53:9,Lat=23.106488,Lng=120.292622,Alt=14.90,Ax=98.58,Ay=26.11,Az=1008.33,Gx=8592.50,Gy=-1172.50,Gz=27300.00T=58,H=41,SAT=1"
,2025-09-21T02:53:36Z,COM6,,UTC=10:53:9,,120.292,23.106488,,,,,,,,,,,,,,,,,,"Package=368,UTC=10:53:9,Lat=23.106488,Lng=120.292"
,2025-09-21T02:53:37Z,COM6,,UTC=10:53:9,14.90,120.292622,23.106488,,,,,,,,,41,SAT=1,-229.12,-71.74,1017.72,38972.50,-18357.50,456T=58,,"Package=369,UTC=10:53:9,Lat=23.106488,Lng=120.292622,Alt=14.90,Ax=-229.12,Ay=-71.74,Az=1017.72,Gx=38972.50,Gy=-18357.50,Gz=456T=58,H=41,SAT=1"
,2025-09-21T02:53:38Z,COM6,,UTC=10:53:9,,,,,,,,,,,,,,,,,,,,,"Package=370,UTC=10:53:9,Lat"
,2025-09-21T02:53:39Z,COM6,,UTC=10:53:9,14.90,120.292622,23.106488,,,,,,,,58,41,SAT=1,-6.34,0.49,1000.77,4707.50,-8312.50,8837.50,,"Package=371,UTC=10:53:9,Lat=23.106488,Lng=120.292622,Alt=14.90,Ax=-6.34,Ay=0.49,Az=1000.77,Gx=4707.50,Gy=-8312.50,Gz=8837.50,T=58,H=41,SAT=1"
,2025-09-21T02:53:40Z,COM6,,UTC=10:53:9,14.90,120.292622,23.106488,,,,,,,,,41,SAT=1,-93.94,-71.74,1000.03,4077.50,-7857.50,752.50T=58,,"Package=372,UTC=10:53:9,Lat=23.106488,Lng=120.292622,Alt=14.90,Ax=-93.94,Ay=-71.74,Az=1000.03,Gx=4077.50,Gy=-7857.50,Gz=752.50T=58,H=41,SAT=1"
,2025-09-21T02:53:41Z,COM6,,UTC=10:53:9,14.90,120.292622,23.106488,,,,,,,,,41,SAT=1,24.64,-50.75,1017.24,-5932.50,3342.50,6930.00T=58,,"Package=373,UTC=10:53:9,Lat=23.106488,Lng=120.292622,Alt=14.90,Ax=24.64,Ay=-50.75,Az=1017.24,Gx=-5932.50,Gy=3342.50,Gz=6930.00T=58,H=41,SAT=1"
,2025-09-21T02:53:42Z,COM6,,UTC=10:53:9,14.90,120.292622,23.106488,,,,,,,,58,41,SAT=1,-8.30,-77.10,999.91,-245.00,4077.50,7472.50,,"Package=374,UTC=10:53:9,Lat=23.106488,Lng=120.292622,Alt=14.90,Ax=-8.30,Ay=-77.10,Az=999.91,Gx=-245.00,Gy=4077.50,Gz=7472.50,T=58,H=41,SAT=1"
,2025-09-21T02:53:43Z,COM6,,UTC=10:53:9,14.90,120.292622,23.106488,,,,,,,,,41,SAT=1,-41.85,-105.53,1013.33,2362.50,1085.00,-140.0T=58,,"Package=375,UTC=10:53:9,Lat=23.106488,Lng=120.292622,Alt=14.90,Ax=-41.85,Ay=-105.53,Az=1013.33,Gx=2362.50,Gy=1085.00,Gz=-140.0T=58,H=41,SAT=1"
,2025-09-21T02:53:44Z,COM6,,UTC=10:53:9,14.90,120.292622,23.106488,,,,,,,,,42,SAT=1,-40.50,-108.09,1001.99,5670.00,-490.00,-2292.T=58,,"Package=376,UTC=10:53:9,Lat=23.106488,Lng=120.292622,Alt=14.90,Ax=-40.50,Ay=-108.09,Az=1001.99,Gx=5670.00,Gy=-490.00,Gz=-2292.T=58,H=42,SAT=1"
,2025-09-21T02:53:45Z,COM6,,UTC=10:53:9,,120.292622,23.106488,,,,,,,,,,,,,,,,,,"Package=377,UTC=10:53:9,Lat=23.106488,Lng=120.292622,Alt="
,2025-09-21T02:53:46Z,COM6,,UTC=10:53:9,14.90,120.292622,23.106488,,,,,,,,,41,SAT=1,-46.12,-101.14,1002.96,2712.50,1575.00,1452.5T=58,,"Package=378,UTC=10:53:9,Lat=23.106488,Lng=120.292622,Alt=14.90,Ax=-46.12,Ay=-101.14,Az=1002.96,Gx=2712.50,Gy=1575.00,Gz=1452.5T=58,H=41,SAT=1"
,2025-09-21T02:53:47Z,COM6,,UTC=10:53:9,,,23.1064,,,,,,,,,,,,,,,,,,"Package=379,UTC=10:53:9,Lat=23.1064"
,2025-09-21T02:53:48Z,COM6,,UTC=10:53:9,14.90,120.292622,23.106488,,,,,,,,,41,SAT=1,-22.94,-88.33,1001.86,7297.50,5652.50,1050.00T=58,,"Package=380,UTC=10:53:9,Lat=23.106488,Lng=120.292622,Alt=14.90,Ax=-22.94,Ay=-88.33,Az=1001.86,Gx=7297.50,Gy=5652.50,Gz=1050.00T=58,H=41,SAT=1"
,2025-09-21T02:53:49Z,COM6,,UTC=10:53:9,14.90,120.292622,23.106488,,,,,,,,,41,SAT=1,-51.24,-57.95,1035.78,4427.50,-12652.50,-3524T=58,,"Package=381,UTC=10:53:9,Lat=23.106488,Lng=120.292622,Alt=14.90,Ax=-51.24,Ay=-57.95,Az=1035.78,Gx=4427.50,Gy=-12652.50,Gz=-3524T=58,H=41,SAT=1"
,2025-09-21T02:53:50Z,COM6,,UTC=10:53:9,14.90,120.292622,23.106488,,,,,,,,,41,SAT=1,57.46,-126.15,1005.52,-7000.00,-13895.00,1083T=58,,"Package=382,UTC=10:53:9,Lat=23.106488,Lng=120.292622,Alt=14.90,Ax=57.46,Ay=-126.15,Az=1005.52,Gx=-7000.00,Gy=-13895.00,Gz=1083T=58,H=41,SAT=1"
,2025-09-21T02:53:51Z,COM6,,UTC=10:53:9,14.90,120.292622,23.106488,,,,,,,,,41,SAT=1,146.89,-139.08,990.52,1067.50,1400.00,5232.50T=58,,"Package=383,UTC=10:53:9,Lat=23.106488,Lng=120.292622,Alt=14.90,Ax=146.89,Ay=-139.08,Az=990.52,Gx=1067.50,Gy=1400.00,Gz=5232.50T=58,H=41,SAT=1"
,2025-09-21T02:53:52Z,COM6,,UTC=10:53:9,14.90,120.292622,23.106488,,,,,,,,,41,SAT=1,149.57,-128.83,998.20,437.50,-1155.00,2205.00T=58,,"Package=384,UTC=10:53:9,Lat=23.106488,Lng=120.292622,Alt=14.90,Ax=149.57,Ay=-128.83,Az=998.20,Gx=437.50,Gy=-1155.00,Gz=2205.00T=58,H=41,SAT=1"
,2025-09-21T02:53:53Z,COM6,,UTC=10:53:9,14.90,120.292622,23.106488,,,,,,,,58,41,SAT=1,140.30,-99.55,1000.28,280.00,-805.00,-87.50,,"Package=385,UTC=10:53:9,Lat=23.106488,Lng=120.292622,Alt=14.90,Ax=140.30,Ay=-99.55,Az=1000.28,Gx=280.00,Gy=-805.00,Gz=-87.50,T=58,H=41,SAT=1"
,2025-09-21T02:53:54Z,COM6,,UTC=10:53:9,14.90,120.292622,23.106488,,,,,,,,,,,,,,,,,,"Package=386,UTC=10:53:9,Lat=23.106488,Lng=120.292622,Alt=14.90,A"
,2025-09-21T02:53:55Z,COM6,,UTC=10:53:9,14.90,120.292622,23.106488,,,,,,,,58,41,SAT=1,168.85,-38.06,1004.55,-577.50,367.50,1627.50,,"Package=387,UTC=10:53:9,Lat=23.106488,Lng=120.292622,Alt=14.90,Ax=168.85,Ay=-38.06,Az=1004.55,Gx=-577.50,Gy=367.50,Gz=1627.50,T=58,H=41,SAT=1"
,2025-09-21T02:53:56Z,COM6,,UTC=10:53:9,,,23.106488,,,,,,,,,,,,,,,,,,"Package=388,UTC=10:53:9,Lat=23.106488,Lng="
,2025-09-21T02:53:57Z,COM6,,UTC=10:53:9,14.90,120.292622,23.106488,,,,,,,,58,41,SAT=1,177.39,-3.17,997.11,1067.50,280.00,1470.00,,"Package=389,UTC=10:53:9,Lat=23.106488,Lng=120.292622,Alt=14.90,Ax=177.39,Ay=-3.17,Az=997.11,Gx=1067.50,Gy=280.00,Gz=1470.00,T=58,H=41,SAT=1"
,2025-09-21T02:53:58Z,COM6,,UTC=10:53:9,,,23.106488,,,,,,,,,,,,,,,,,,"Package=390,UTC=10:53:9,Lat=23.106488,Ln"
,2025-09-21T02:53:59Z,COM6,,UTC=10:53:9,14.90,120.292622,23.106488,,,,,,,,58,41,SAT=1,200.20,-0.49,993.45,-525.00,-2362.50,-910.00,,"Package=391,UTC=10:53:9,Lat=23.106488,Lng=120.292622,Alt=14.90,Ax=200.20,Ay=-0.49,Az=993.45,Gx=-525.00,Gy=-2362.50,Gz=-910.00,T=58,H=41,SAT=1"
,2025-09-21T02:54:00Z,COM6,,UTC=10:53:9,14.90,120.292622,23.106488,,,,,,,,58,41,SAT=1,237.90,4.03,981.61,2642.50,-752.50,2362.50,,"Package=392,UTC=10:53:9,Lat=23.106488,Lng=120.292622,Alt=14.90,Ax=237.90,Ay=4.03,Az=981.61,Gx=2642.50,Gy=-752.50,Gz=2362.50,T=58,H=41,SAT=1"
,2025-09-21T02:54:01Z,COM6,,UTC=10:53:9,14.90,120.292622,23.106488,,,,,,,,58,41,SAT=1,240.10,3.90,985.15,-1452.50,-2555.00,1452.50,,"Package=393,UTC=10:53:9,Lat=23.106488,Lng=120.292622,Alt=14.90,Ax=240.10,Ay=3.90,Az=985.15,Gx=-1452.50,Gy=-2555.00,Gz=1452.50,T=58,H=41,SAT=1"
,2025-09-21T02:54:02Z,COM6,,UTC=10:53:9,14.90,120.292622,23.106488,,,,,,,,58,41,SAT=1,252.54,-0.85,982.71,-122.50,-1295.00,-927.50,,"Package=394,UTC=10:53:9,Lat=23.106488,Lng=120.292622,Alt=14.90,Ax=252.54,Ay=-0.85,Az=982.71,Gx=-122.50,Gy=-1295.00,Gz=-927.50,T=58,H=41,SAT=1"
,2025-09-21T02:54:03Z,COM6,,UTC=10:53:9,14.90,120.292622,23.106488,,,,,,,,58,41,SAT=1,256.44,-3.90,982.59,840.00,1890.00,2100.00,,"Package=395,UTC=10:53:9,Lat=23.106488,Lng=120.292622,Alt=14.90,Ax=256.44,Ay=-3.90,Az=982.59,Gx=840.00,Gy=1890.00,Gz=2100.00,T=58,H=41,SAT=1"
,2025-09-21T02:54:04Z,COM6,,UTC=10:53:9,14.90,120.292622,23.106488,,,,,,,,58,41,SAT=1,249.12,2.44,981.12,945.00,-3237.50,1715.00,,"Package=396,UTC=10:53:9,Lat=23.106488,Lng=120.292622,Alt=14.90,Ax=249.12,Ay=2.44,Az=981.12,Gx=945.00,Gy=-3237.50,Gz=1715.00,T=58,H=41,SAT=1"
,2025-09-21T02:54:05Z,COM6,,UTC=10:53:9,14.90,120.292622,23.106488,,,,,,,,58,41,SAT=1,251.08,4.51,984.05,-1627.50,2992.50,4112.50,,"Package=397,UTC=10:53:9,Lat=23.106488,Lng=120.292622,Alt=14.90,Ax=251.08,Ay=4.51,Az=984.05,Gx=-1627.50,Gy=2992.50,Gz=4112.50,T=58,H=41,SAT=1"
,2025-09-21T02:54:06Z,COM6,,UTC=10:53:9,14.90,120.292622,23.106488,,,,,,,,58,41,SAT=1,237.66,3.78,988.08,805.00,-1260.00,1207.50,,"Package=398,UTC=10:53:9,Lat=23.106488,Lng=120.292622,Alt=14.90,Ax=237.66,Ay=3.78,Az=988.08,Gx=805.00,Gy=-1260.00,Gz=1207.50,T=58,H=41,SAT=1"
,2025-09-21T02:54:07Z,COM6,,UTC=10:53:9,14.90,120.292622,23.106488,,,,,,,,58,41,SAT=1,245.22,20.62,985.52,-1592.50,210.00,910.00,,"Package=399,UTC=10:53:9,Lat=23.106488,Lng=120.292622,Alt=14.90,Ax=245.22,Ay=20.62,Az=985.52,Gx=-1592.50,Gy=210.00,Gz=910.00,T=58,H=41,SAT=1"
,2025-09-21T02:54:08Z,COM6,,UTC=10:53:9,14.90,120.292622,23.106488,,,,,,,,58,41,SAT=1,257.18,16.47,982.71,-1487.50,-647.50,700.00,,"Package=400,UTC=10:53:9,Lat=23.106488,Lng=120.292622,Alt=14.90,Ax=257.18,Ay=16.47,Az=982.71,Gx=-1487.50,Gy=-647.50,Gz=700.00,T=58,H=41,SAT=1"
,2025-09-21T02:54:09Z,COM6,,UTC=10:53:9,,120.,23.106488,,,,,,,,,,,,,,,,,,"Package=401,UTC=10:53:9,Lat=23.106488,Lng=120."
,2025-09-21T02:54:10Z,COM6,,UTC=10:53:9,14.90,120.292622,23.106488,,,,,,,,58,41,SAT=1,253.52,16.10,981.49,-1155.00,87.50,2677.50,,"Package=402,UTC=10:53:9,Lat=23.106488,Lng=120.292622,Alt=14.90,Ax=253.52,Ay=16.10,Az=981.49,Gx=-1155.00,Gy=87.50,Gz=2677.50,T=58,H=41,SAT=1"
,2025-09-21T02:54:11Z,COM6,,UTC=10:53:9,,,,,,,,,,,,,,,,,,,,,"Package=403,UTC=10:53:9,"
,2025-09-21T02:54:12Z,COM6,,UTC=10:53:9,14.90,120.292622,23.106488,,,,,,,,,41,SAT=1,242.78,26.84,982.95,-945.00,-2607.50,-2257.50T=58,,"Package=404,UTC=10:53:9,Lat=23.106488,Lng=120.292622,Alt=14.90,Ax=242.78,Ay=26.84,Az=982.95,Gx=-945.00,Gy=-2607.50,Gz=-2257.50T=58,H=41,SAT=1"
,2025-09-21T02:54:14Z,COM6,,UTC=10:53:9,14.90,120.292622,23.106488,,,,,,,,58,41,SAT=1,237.66,24.52,981.86,437.50,-1820.00,-1767.50,,"Package=406,UTC=10:53:9,Lat=23.106488,Lng=120.292622,Alt=14.90,Ax=237.66,Ay=24.52,Az=981.86,Gx=437.50,Gy=-1820.00,Gz=-1767.50,T=58,H=41,SAT=1"
,2025-09-21T02:54:16Z,COM6,,UTC=10:53:9,14.90,120.292622,23.106488,,,,,,,,58,41,SAT=1,253.64,21.96,980.15,-455.00,-630.00,-35.00,,"Package=407,UTC=10:53:9,Lat=23.106488,Lng=120.292622,Alt=14.90,Ax=253.64,Ay=21.96,Az=980.15,Gx=-455.00,Gy=-630.00,Gz=-35.00,T=58,H=41,SAT=1"
,2025-09-21T02:54:16Z,COM6,,UTC=10:53:9,14.90,120.292622,23.106488,,,,,,,,57,41,SAT=1,253.64,19.76,980.39,1732.50,-560.00,-2677.50,,"Package=408,UTC=10:53:9,Lat=23.106488,Lng=120.292622,Alt=14.90,Ax=253.64,Ay=19.76,Az=980.39,Gx=1732.50,Gy=-560.00,Gz=-2677.50,T=57,H=41,SAT=1"
,2025-09-21T02:54:17Z,COM6,,UTC=10:53:9,14.90,120.292622,23.106488,,,,,,,,57,41,SAT=1,256.93,26.23,983.20,-577.50,1120.00,1435.00,,"Package=409,UTC=10:53:9,Lat=23.106488,Lng=120.292622,Alt=14.90,Ax=256.93,Ay=26.23,Az=983.20,Gx=-577.50,Gy=1120.00,Gz=1435.00,T=57,H=41,SAT=1"
,2025-09-21T02:54:18Z,COM6,,UTC=10:53:9,14.90,120.292622,23.106488,,,,,,,,,41,SAT=1,184.95,57.83,991.74,-6860.00,-10745.00,-19110T=57,,"Package=410,UTC=10:53:9,Lat=23.106488,Lng=120.292622,Alt=14.90,Ax=184.95,Ay=57.83,Az=991.74,Gx=-6860.00,Gy=-10745.00,Gz=-19110T=57,H=41,SAT=1"
,2025-09-21T02:54:19Z,COM6,,UTC=10:53:9,14.90,120.292622,23.106488,,,,,,,,,41,SAT=1,156.16,128.95,979.17,-3237.50,-3150.00,-94272T=57,,"Package=411,UTC=10:53:9,Lat=23.106488,Lng=120.292622,Alt=14.90,Ax=156.16,Ay=128.95,Az=979.17,Gx=-3237.50,Gy=-3150.00,Gz=-94272T=57,H=41,SAT=1"
,2025-09-21T02:54:20Z,COM6,,UTC=10:53:9,14.90,120.292622,23.106488,,,,,,,,,41,SAT=1,193.49,41.72,963.80,-5932.50,14437.50,4725.00T=57,,"Package=412,UTC=10:53:9,Lat=23.106488,Lng=120.292622,Alt=14.90,Ax=193.49,Ay=41.72,Az=963.80,Gx=-5932.50,Gy=14437.50,Gz=4725.00T=57,H=41,SAT=1"
,2025-09-21T02:54:21Z,COM6,,UTC=10:53:9,14.90,120.292622,23.106488,,,,,,,,57,41,SAT=1,176.17,37.33,994.79,3412.50,-507.50,-2782.50,,"Package=413,UTC=10:53:9,Lat=23.106488,Lng=120.292622,Alt=14.90,Ax=176.17,Ay=37.33,Az=994.79,Gx=3412.50,Gy=-507.50,Gz=-2782.50,T=57,H=41,SAT=1"
,2025-09-21T02:54:22Z,COM6,,UTC=10:53:9,14.90,120.292622,23.106488,,,,,,,,,,,16,,,,,,,"Package=414,UTC=10:53:9,Lat=23.106488,Lng=120.292622,Alt=14.90,Ax=16"
,2025-09-21T02:54:23Z,COM6,,UTC=10:53:9,14.90,120.292622,23.106488,,,,,,,,57,41,SAT=1,183.12,64.54,989.66,3815.00,-1155.00,9625.00,,"Package=415,UTC=10:53:9,Lat=23.106488,Lng=120.292622,Alt=14.90,Ax=183.12,Ay=64.54,Az=989.66,Gx=3815.00,Gy=-1155.00,Gz=9625.00,T=57,H=41,SAT=1"
,2025-09-21T02:54:24Z,COM6,,UTC=10:53:9,,120.2,23.106488,,,,,,,,,,,,,,,,,,"Package=416,UTC=10:53:9,Lat=23.106488,Lng=120.2"
,2025-09-21T02:54:25Z,COM6,,UTC=10:53:9,14.90,120.292622,23.106488,,,,,,,,,41,SAT=1,181.17,71.98,996.50,36435.00,2975.00,-9362.50T=57,,"Package=417,UTC=10:53:9,Lat=23.106488,Lng=120.292622,Alt=14.90,Ax=181.17,Ay=71.98,Az=996.50,Gx=36435.00,Gy=2975.00,Gz=-9362.50T=57,H=41,SAT=1"
,2025-09-21T02:54:26Z,COM6,,UTC=10:53:9,,12,23.106488,,,,,,,,,,,,,,,,,,"Package=418,UTC=10:53:9,Lat=23.106488,Lng=12"
,2025-09-21T02:54:27Z,COM6,,UTC=10:53:9,14.90,120.292622,23.106488,,,,,,,,57,41,SAT=1,119.80,5.86,991.25,-5092.50,-1330.00,4917.50,,"Package=419,UTC=10:53:9,Lat=23.106488,Lng=120.292622,Alt=14.90,Ax=119.80,Ay=5.86,Az=991.25,Gx=-5092.50,Gy=-1330.00,Gz=4917.50,T=57,H=41,SAT=1"
,2025-09-21T02:54:29Z,COM6,,UTC=10:53:9,14.90,120.292622,23.106488,,,,,,,,,41,SAT=1,49.29,25.62,1013.58,-1365.00,10395.00,3045.00T=57,,"Package=421,UTC=10:53:9,Lat=23.106488,Lng=120.292622,Alt=14.90,Ax=49.29,Ay=25.62,Az=1013.58,Gx=-1365.00,Gy=10395.00,Gz=3045.00T=57,H=41,SAT=1"
,2025-09-21T02:54:30Z,COM6,,UTC=10:53:9,14.90,120.292622,23.106488,,,,,,,,57,41,SAT=1,59.54,9.27,986.74,7717.50,-6037.50,-4725.00,,"Package=422,UTC=10:53:9,Lat=23.106488,Lng=120.292622,Alt=14.90,Ax=59.54,Ay=9.27,Az=986.74,Gx=7717.50,Gy=-6037.50,Gz=-4725.00,T=57,H=41,SAT=1"
,2025-09-21T02:54:31Z,COM6,,UTC=10:53:9,14.90,120.292622,23.106488,,,,,,,,,41,SAT=1,25.99,-26.96,1006.26,3412.50,-4077.50,1977.50T=57,,"Package=423,UTC=10:53:9,Lat=23.106488,Lng=120.292622,Alt=14.90,Ax=25.99,Ay=-26.96,Az=1006.26,Gx=3412.50,Gy=-4077.50,Gz=1977.50T=57,H=41,SAT=1"
,2025-09-21T02:54:32Z,COM6,,UTC=10:53:9,14.90,120.292622,23.106488,,,,,,,,57,41,SAT=1,69.54,-72.59,1005.77,875.00,2275.00,3307.50,,"Package=424,UTC=10:53:9,Lat=23.106488,Lng=120.292622,Alt=14.90,Ax=69.54,Ay=-72.59,Az=1005.77,Gx=875.00,Gy=2275.00,Gz=3307.50,T=57,H=41,SAT=1"
,2025-09-21T02:54:33Z,COM6,,UTC=10:53:9,14.90,120.292622,23.106488,,,,,,,,,41,SAT=1,82.96,-72.96,1021.63,402.50,-19250.00,7735.00T=57,,"Package=425,UTC=10:53:9,Lat=23.106488,Lng=120.292622,Alt=14.90,Ax=82.96,Ay=-72.96,Az=1021.63,Gx=402.50,Gy=-19250.00,Gz=7735.00T=57,H=41,SAT=1"
,2025-09-21T02:54:34Z,COM6,,UTC=10:53:9,14.90,120.292622,23.106488,,,,,,,,57,41,SAT=1,157.50,-136.15,985.27,6160.00,-980.00,192.50,,"Package=426,UTC=10:53:9,Lat=23.106488,Lng=120.292622,Alt=14.90,Ax=157.50,Ay=-136.15,Az=985.27,Gx=6160.00,Gy=-980.00,Gz=192.50,T=57,H=41,SAT=1"
,2025-09-21T02:54:35Z,COM6,,UTC=10:53:9,14.90,120.292622,23.106488,,,,,,,,,41,SAT=1,158.84,-106.14,995.89,4340.00,2555.00,-735.00T=57,,"Package=427,UTC=10:53:9,Lat=23.106488,Lng=120.292622,Alt=14.90,Ax=158.84,Ay=-106.14,Az=995.89,Gx=4340.00,Gy=2555.00,Gz=-735.00T=57,H=41,SAT=1"
,2025-09-21T02:54:36Z,COM6,,UTC=10:53:9,14.90,120.292622,23.106488,,,,,,,,,41,SAT=1,120.54,-63.93,1005.89,997.50,-1242.50,-665.00T=57,,"Package=428,UTC=10:53:9,Lat=23.106488,Lng=120.292622,Alt=14.90,Ax=120.54,Ay=-63.93,Az=1005.89,Gx=997.50,Gy=-1242.50,Gz=-665.00T=57,H=41,SAT=1"
,2025-09-21T02:54:37Z,COM6,,UTC=10:53:9,,120.2926,23.106488,,,,,,,,,,,,,,,,,,"Package=429,UTC=10:53:9,Lat=23.106488,Lng=120.2926"
,2025-09-21T02:54:38Z,COM6,,UTC=10:53:9,14.90,120.292622,23.106488,,,,,,,,,41,SAT=1,80.03,-10.25,1009.67,1050.00,-1137.50,-1137.5T=58,,"Package=430,UTC=10:53:9,Lat=23.106488,Lng=120.292622,Alt=14.90,Ax=80.03,Ay=-10.25,Az=1009.67,Gx=1050.00,Gy=-1137.50,Gz=-1137.5T=58,H=41,SAT=1"
,2025-09-21T02:54:39Z,COM6,,UTC=10:53:9,,,,,,,,,,,,,,,,,,,,,"Package=431,UTC=10:53:9,Lat="
,2025-09-21T02:54:40Z,COM6,,UTC=10:53:9,14.90,120.292622,23.106488,,,,,,,,59,41,SAT=1,117.61,-10.13,1001.62,4830.00,542.50,-332.50,,"Package=432,UTC=10:53:9,Lat=23.106488,Lng=120.292622,Alt=14.90,Ax=117.61,Ay=-10.13,Az=1001.62,Gx=4830.00,Gy=542.50,Gz=-332.50,T=59,H=41,SAT=1"
,2025-09-21T02:54:41Z,COM6,,UTC=10:53:9,14.90,120.292622,23.106488,,,,,,,,59,41,SAT=1,115.05,-6.22,1005.28,2012.50,-665.00,-595.00,,"Package=433,UTC=10:53:9,Lat=23.106488,Lng=120.292622,Alt=14.90,Ax=115.05,Ay=-6.22,Az=1005.28,Gx=2012.50,Gy=-665.00,Gz=-595.00,T=59,H=41,SAT=1"
,2025-09-21T02:54:42Z,COM6,,UTC=10:53:9,14.90,120.292622,23.106488,,,,,,,,59,41,SAT=1,103.21,-1.22,1009.67,437.50,-4602.50,350.00,,"Package=434,UTC=10:53:9,Lat=23.106488,Lng=120.292622,Alt=14.90,Ax=103.21,Ay=-1.22,Az=1009.67,Gx=437.50,Gy=-4602.50,Gz=350.00,T=59,H=41,SAT=1"
,2025-09-21T02:54:43Z,COM6,,UTC=10:53:9,14.90,120.292622,23.106488,,,,,,,,59,41,SAT=1,110.78,2.44,1007.11,437.50,-332.50,-542.50,,"Package=435,UTC=10:53:9,Lat=23.106488,Lng=120.292622,Alt=14.90,Ax=110.78,Ay=2.44,Az=1007.11,Gx=437.50,Gy=-332.50,Gz=-542.50,T=59,H=41,SAT=1"
,2025-09-21T02:54:44Z,COM6,,UTC=10:53:9,14.,120.292622,23.106488,,,,,,,,,,,,,,,,,,"Package=436,UTC=10:53:9,Lat=23.106488,Lng=120.292622,Alt=14."
,2025-09-21T02:54:45Z,COM6,,UTC=10:53:9,14.90,120.292622,23.106488,,,,,,,,59,41,SAT=1,110.29,9.27,1012.60,-4252.50,4322.50,4252.50,,"Package=437,UTC=10:53:9,Lat=23.106488,Lng=120.292622,Alt=14.90,Ax=110.29,Ay=9.27,Az=1012.60,Gx=-4252.50,Gy=4322.50,Gz=4252.50,T=59,H=41,SAT=1"
,2025-09-21T02:54:46Z,COM6,,UTC=10:53:9,,,23.106488,,,,,,,,,,,,,,,,,,"Package=438,UTC=10:53:9,Lat=23.106488,"
,2025-09-21T02:54:47Z,COM6,,UTC=10:53:9,14.90,120.292622,23.106488,,,,,,,,59,41,SAT=1,103.33,-15.86,1009.18,-507.50,280.00,980.00,,"Package=439,UTC=10:53:9,Lat=23.106488,Lng=120.292622,Alt=14.90,Ax=103.33,Ay=-15.86,Az=1009.18,Gx=-507.50,Gy=280.00,Gz=980.00,T=59,H=41,SAT=1"
,2025-09-21T02:54:48Z,COM6,,UTC=10:53:9,14.90,120.292622,23.106488,,,,,,,,59,41,SAT=1,93.94,1.22,1011.14,700.00,-4252.50,-420.00,,"Package=440,UTC=10:53:9,Lat=23.106488,Lng=120.292622,Alt=14.90,Ax=93.94,Ay=1.22,Az=1011.14,Gx=700.00,Gy=-4252.50,Gz=-420.00,T=59,H=41,SAT=1"
,2025-09-21T02:54:49Z,COM6,,UTC=10:53:9,14.90,120.292622,23.106488,,,,,,,,,41,SAT=1,103.33,20.37,1010.77,2240.00,-2467.50,-2135.0T=59,,"Package=441,UTC=10:53:9,Lat=23.106488,Lng=120.292622,Alt=14.90,Ax=103.33,Ay=20.37,Az=1010.77,Gx=2240.00,Gy=-2467.50,Gz=-2135.0T=59,H=41,SAT=1"
,2025-09-21T02:54:50Z,COM6,,UTC=10:53:9,14.90,120.292622,23.106488,,,,,,,,59,41,SAT=1,117.12,20.25,1001.13,2782.50,-752.50,1645.00,,"Package=442,UTC=10:53:9,Lat=23.106488,Lng=120.292622,Alt=14.90,Ax=117.12,Ay=20.25,Az=1001.13,Gx=2782.50,Gy=-752.50,Gz=1645.00,T=59,H=41,SAT=1"
,2025-09-21T02:54:51Z,COM6,,UTC=10:53:9,14.90,120.292622,23.106488,,,,,,,,59,41,SAT=1,91.26,-3.42,1013.94,-2677.50,-735.00,1312.50,,"Package=443,UTC=10:53:9,Lat=23.106488,Lng=120.292622,Alt=14.90,Ax=91.26,Ay=-3.42,Az=1013.94,Gx=-2677.50,Gy=-735.00,Gz=1312.50,T=59,H=41,SAT=1"
,2025-09-21T02:54:52Z,COM6,,UTC=10:53:9,14.90,120.292622,23.106488,,,,,,,,,41,SAT=1,81.74,-18.54,1019.31,-3150.00,-2030.00,1872.5T=59,,"Package=444,UTC=10:53:9,Lat=23.106488,Lng=120.292622,Alt=14.90,Ax=81.74,Ay=-18.54,Az=1019.31,Gx=-3150.00,Gy=-2030.00,Gz=1872.5T=59,H=41,SAT=1"
,2025-09-21T02:54:53Z,COM6,,UTC=10:53:9,14.90,120.292622,23.106488,,,,,,,,59,41,SAT=1,67.34,-25.13,1009.92,-2712.50,1277.50,857.50,,"Package=445,UTC=10:53:9,Lat=23.106488,Lng=120.292622,Alt=14.90,Ax=67.34,Ay=-25.13,Az=1009.92,Gx=-2712.50,Gy=1277.50,Gz=857.50,T=59,H=41,SAT=1"
,2025-09-21T02:54:54Z,COM6,,UTC=10:53:9,14.90,120.292622,23.106488,,,,,,,,59,41,SAT=1,68.93,-25.13,1012.11,105.00,-1417.50,-210.00,,"Package=446,UTC=10:53:9,Lat=23.106488,Lng=120.292622,Alt=14.90,Ax=68.93,Ay=-25.13,Az=1012.11,Gx=105.00,Gy=-1417.50,Gz=-210.00,T=59,H=41,SAT=1"
,2025-09-21T02:54:55Z,COM6,,UTC=10:53:9,,120,23.106488,,,,,,,,,,,,,,,,,,"Package=447,UTC=10:53:9,Lat=23.106488,Lng=120"
,2025-09-21T02:54:57Z,COM6,,UTC=10:53:9,14.90,120.292622,23.106488,,,,,,,,,41,SAT=1,85.40,-39.77,1004.79,3605.00,1715.00,-1522.50T=59,,"Package=448,UTC=10:53:9,Lat=23.106488,Lng=120.292622,Alt=14.90,Ax=85.40,Ay=-39.77,Az=1004.79,Gx=3605.00,Gy=1715.00,Gz=-1522.50T=59,H=41,SAT=1"
,2025-09-21T02:54:57Z,COM6,,UTC=10:53:9,,,,,,,,,,,,,,,,,,,,,"Package=449,UTC=10:53:9,"
,2025-09-21T02:54:58Z,COM6,,UTC=10:53:9,14.90,120.292622,23.106488,,,,,,,,,41,SAT=1,59.05,-16.47,1008.57,1330.00,-157.50,-1855.00T=59,,"Package=450,UTC=10:53:9,Lat=23.106488,Lng=120.292622,Alt=14.90,Ax=59.05,Ay=-16.47,Az=1008.57,Gx=1330.00,Gy=-157.50,Gz=-1855.00T=59,H=41,SAT=1"
,2025-09-21T02:54:59Z,COM6,,UTC=10:53:9,14.90,120.292622,23.106488,,,,,,,,59,41,SAT=1,57.34,-4.39,1011.01,1662.50,210.00,140.00,,"Package=451,UTC=10:53:9,Lat=23.106488,Lng=120.292622,Alt=14.90,Ax=57.34,Ay=-4.39,Az=1011.01,Gx=1662.50,Gy=210.00,Gz=140.00,T=59,H=41,SAT=1"
,2025-09-21T02:55:00Z,COM6,,UTC=10:53:9,14.90,120.292622,23.106488,,,,,,,,59,41,SAT=1,39.28,5.37,1009.55,3762.50,-3762.50,-2590.00,,"Package=452,UTC=10:53:9,Lat=23.106488,Lng=120.292622,Alt=14.90,Ax=39.28,Ay=5.37,Az=1009.55,Gx=3762.50,Gy=-3762.50,Gz=-2590.00,T=59,H=41,SAT=1"
,2025-09-21T02:55:01Z,COM6,,UTC=10:53:9,14.90,120.292622,23.106488,,,,,,,,59,41,SAT=1,31.96,7.81,1012.36,2082.50,-87.50,-875.00,,"Package=453,UTC=10:53:9,Lat=23.106488,Lng=120.292622,Alt=14.90,Ax=31.96,Ay=7.81,Az=1012.36,Gx=2082.50,Gy=-87.50,Gz=-875.00,T=59,H=41,SAT=1"
,2025-09-21T02:55:02Z,COM6,,UTC=10:53:9,,120.292622,23.106488,,,,,,,,,,,,,,,,,,"Package=454,UTC=10:53:9,Lat=23.106488,Lng=120.292622,Al"
,2025-09-21T02:55:03Z,COM6,,UTC=10:53:9,14.90,120.292622,23.106488,,,,,,,,59,41,SAT=1,44.29,24.89,1009.92,-1785.00,262.50,-192.50,,"Package=455,UTC=10:53:9,Lat=23.106488,Lng=120.292622,Alt=14.90,Ax=44.29,Ay=24.89,Az=1009.92,Gx=-1785.00,Gy=262.50,Gz=-192.50,T=59,H=41,SAT=1"
,2025-09-21T02:55:04Z,COM6,,UTC=10:53:9,,,23.106,,,,,,,,,,,,,,,,,,"Package=456,UTC=10:53:9,Lat=23.106"
,2025-09-21T02:55:05Z,COM6,,UTC=10:53:9,14.90,120.292622,23.106488,,,,,,,,,41,SAT=1,28.55,31.72,1006.87,2240.00,-1645.00,-1557.50T=59,,"Package=457,UTC=10:53:9,Lat=23.106488,Lng=120.292622,Alt=14.90,Ax=28.55,Ay=31.72,Az=1006.87,Gx=2240.00,Gy=-1645.00,Gz=-1557.50T=59,H=41,SAT=1"
,2025-09-21T02:55:06Z,COM6,,UTC=10:53:9,14.90,120.292622,23.106488,,,,,,,,59,41,SAT=1,39.65,37.82,1012.97,-3395.00,-280.00,-595.00,,"Package=458,UTC=10:53:9,Lat=23.106488,Lng=120.292622,Alt=14.90,Ax=39.65,Ay=37.82,Az=1012.97,Gx=-3395.00,Gy=-280.00,Gz=-595.00,T=59,H=41,SAT=1"
,2025-09-21T02:55:07Z,COM6,,UTC=10:53:9,14.90,120.292622,23.106488,,,,,,,,59,41,SAT=1,3.05,16.59,1011.38,2590.00,-2677.50,-2047.50,,"Package=459,UTC=10:53:9,Lat=23.106488,Lng=120.292622,Alt=14.90,Ax=3.05,Ay=16.59,Az=1011.38,Gx=2590.00,Gy=-2677.50,Gz=-2047.50,T=59,H=41,SAT=1"
,2025-09-21T02:55:08Z,COM6,,UTC=10:53:9,14.90,120.292622,23.106488,,,,,,,,58,41,SAT=1,6.71,24.64,1014.80,1697.50,-2100.00,-1417.50,,"Package=460,UTC=10:53:9,Lat=23.106488,Lng=120.292622,Alt=14.90,Ax=6.71,Ay=24.64,Az=1014.80,Gx=1697.50,Gy=-2100.00,Gz=-1417.50,T=58,H=41,SAT=1"
,2025-09-21T02:55:09Z,COM6,,UTC=10:53:9,14.90,120.292622,23.106488,,,,,,,,59,41,SAT=1,5.00,41.24,1016.75,-1890.00,17.50,1207.50,,"Package=461,UTC=10:53:9,Lat=23.106488,Lng=120.292622,Alt=14.90,Ax=5.00,Ay=41.24,Az=1016.75,Gx=-1890.00,Gy=17.50,Gz=1207.50,T=59,H=41,SAT=1"
,2025-09-21T02:55:10Z,COM6,,UTC=10:53:9,14.90,120.292622,23.106488,,,,,,,,58,41,SAT=1,1.71,44.41,1011.50,-350.00,-787.50,-52.50,,"Package=462,UTC=10:53:9,Lat=23.106488,Lng=120.292622,Alt=14.90,Ax=1.71,Ay=44.41,Az=1011.50,Gx=-350.00,Gy=-787.50,Gz=-52.50,T=58,H=41,SAT=1"
,2025-09-21T02:55:11Z,COM6,,UTC=10:53:9,,,,,,,,,,,,,,,,,,,,,"Package=463,UTC=10:53:9,"
,2025-09-21T02:55:12Z,COM6,,UTC=10:53:9,14.90,120.292622,23.106488,,,,,,,,,41,SAT=1,-12.57,52.95,1008.33,2747.50,-1260.00,-175.00T=58,,"Package=464,UTC=10:53:9,Lat=23.106488,Lng=120.292622,Alt=14.90,Ax=-12.57,Ay=52.95,Az=1008.33,Gx=2747.50,Gy=-1260.00,Gz=-175.00T=58,H=41,SAT=1"
,2025-09-21T02:55:13Z,COM6,,UTC=10:53:9,14.90,120.292622,23.106488,,,,,,,,58,41,SAT=1,-7.20,57.10,1011.75,3482.50,-1190.00,192.50,,"Package=465,UTC=10:53:9,Lat=23.106488,Lng=120.292622,Alt=14.90,Ax=-7.20,Ay=57.10,Az=1011.75,Gx=3482.50,Gy=-1190.00,Gz=192.50,T=58,H=41,SAT=1"
,2025-09-21T02:55:15Z,COM6,,UTC=10:53:9,14.90,120.292622,23.106488,,,,,,,,58,41,SAT=1,-2.32,43.92,1010.16,87.50,840.00,1785.00,,"Package=467,UTC=10:53:9,Lat=23.106488,Lng=120.292622,Alt=14.90,Ax=-2.32,Ay=43.92,Az=1010.16,Gx=87.50,Gy=840.00,Gz=1785.00,T=58,H=41,SAT=1"
,2025-09-21T02:55:17Z,COM6,,UTC=10:53:9,14.90,120.292622,23.106488,,,,,,,,58,41,SAT=1,7.08,26.96,1007.72,-1067.50,-245.00,122.50,,"Package=469,UTC=10:53:9,Lat=23.106488,Lng=120.292622,Alt=14.90,Ax=7.08,Ay=26.96,Az=1007.72,Gx=-1067.50,Gy=-245.00,Gz=122.50,T=58,H=41,SAT=1"
,2025-09-21T02:55:18Z,COM6,,UTC=10:53:9,14.90,120.292622,23.106488,,,,,,,,58,41,SAT=1,28.30,34.04,1012.97,717.50,420.00,-752.50,,"Package=470,UTC=10:53:9,Lat=23.106488,Lng=120.292622,Alt=14.90,Ax=28.30,Ay=34.04,Az=1012.97,Gx=717.50,Gy=420.00,Gz=-752.50,T=58,H=41,SAT=1"
,2025-09-21T02:55:19Z,COM6,,UTC=10:53:9,,,23.106488,,,,,,,,,,,,,,,,,,"Package=471,UTC=10:53:9,Lat=23.106488,L"
,2025-09-21T02:55:20Z,COM6,,UTC=10:53:9,14.90,120.292622,23.106488,,,,,,,,58,41,SAT=1,22.20,43.80,1008.57,3500.00,-2677.50,2765.00,,"Package=472,UTC=10:53:9,Lat=23.106488,Lng=120.292622,Alt=14.90,Ax=22.20,Ay=43.80,Az=1008.57,Gx=3500.00,Gy=-2677.50,Gz=2765.00,T=58,H=41,SAT=1"
,2025-09-21T02:55:21Z,COM6,,UTC=10:53:9,14.90,120.292622,23.106488,,,,,,,,58,41,SAT=1,39.04,45.75,1012.36,1347.50,-1732.50,-140.00,,"Package=473,UTC=10:53:9,Lat=23.106488,Lng=120.292622,Alt=14.90,Ax=39.04,Ay=45.75,Az=1012.36,Gx=1347.50,Gy=-1732.50,Gz=-140.00,T=58,H=41,SAT=1"
,2025-09-21T02:55:22Z,COM6,,UTC=10:53:9,14.90,120.292622,23.106488,,,,,,,,58,41,SAT=1,43.07,49.78,1007.72,-332.50,1277.50,840.00,,"Package=474,UTC=10:53:9,Lat=23.106488,Lng=120.292622,Alt=14.90,Ax=43.07,Ay=49.78,Az=1007.72,Gx=-332.50,Gy=1277.50,Gz=840.00,T=58,H=41,SAT=1"
,2025-09-21T02:55:23Z,COM6,,UTC=10:53:9,14.90,120.292622,23.106488,,,,,,,,58,41,SAT=1,42.82,47.46,1010.40,-752.50,-4935.00,2555.00,,"Package=475,UTC=10:53:9,Lat=23.106488,Lng=120.292622,Alt=14.90,Ax=42.82,Ay=47.46,Az=1010.40,Gx=-752.50,Gy=-4935.00,Gz=2555.00,T=58,H=41,SAT=1"
,2025-09-21T02:55:24Z,COM6,,UTC=10:53:9,14.90,120.292622,23.106488,,,,,,,,,41,SAT=1,120.41,41.72,1062.38,9695.00,-3027.50,38272.5T=58,,"Package=476,UTC=10:53:9,Lat=23.106488,Lng=120.292622,Alt=14.90,Ax=120.41,Ay=41.72,Az=1062.38,Gx=9695.00,Gy=-3027.50,Gz=38272.5T=58,H=41,SAT=1"
,2025-09-21T02:55:25Z,COM6,,UTC=10:53:9,14.90,120.292622,23.106488,,,,,,,,,41,SAT=1,90.89,-2.56,1000.16,577.50,-13982.50,-9835.00T=58,,"Package=477,UTC=10:53:9,Lat=23.106488,Lng=120.292622,Alt=14.90,Ax=90.89,Ay=-2.56,Az=1000.16,Gx=577.50,Gy=-13982.50,Gz=-9835.00T=58,H=41,SAT=1"
,2025-09-21T02:55:26Z,COM6,,UTC=10:53:9,14.90,120.292622,23.106488,,,,,,,,,,,12,,,,,,,"Package=478,UTC=10:53:9,Lat=23.106488,Lng=120.292622,Alt=14.90,Ax=12"
,2025-09-21T02:55:27Z,COM6,,UTC=10:53:9,14.90,120.292622,23.106488,,,,,,,,58,41,SAT=1,131.76,10.00,993.08,2747.50,2065.00,157.50,,"Package=479,UTC=10:53:9,Lat=23.106488,Lng=120.292622,Alt=14.90,Ax=131.76,Ay=10.00,Az=993.08,Gx=2747.50,Gy=2065.00,Gz=157.50,T=58,H=41,SAT=1"
,2025-09-21T02:55:28Z,COM6,,UTC=10:53:9,,120.,23.106488,,,,,,,,,,,,,,,,,,"Package=480,UTC=10:53:9,Lat=23.106488,Lng=120."
,2025-09-21T02:55:30Z,COM6,,UTC=10:53:9,14.90,120.292622,23.106488,,,,,,,,58,41,SAT=1,96.14,1.83,1008.94,-2030.00,2082.50,-1995.00,,"Package=481,UTC=10:53:9,Lat=23.106488,Lng=120.292622,Alt=14.90,Ax=96.14,Ay=1.83,Az=1008.94,Gx=-2030.00,Gy=2082.50,Gz=-1995.00,T=58,H=41,SAT=1"
,2025-09-21T02:55:30Z,COM6,,UTC=10:53:9,,,,,,,,,,,,,,,,,,,,,"Package=482,UTC=10:53:9,"
,2025-09-21T02:55:31Z,COM6,,UTC=10:53:9,14.90,120.292622,23.106488,,,,,,,,58,41,SAT=1,72.59,-1.46,1014.06,-52.50,-3517.50,-3727.50,,"Package=483,UTC=10:53:9,Lat=23.106488,Lng=120.292622,Alt=14.90,Ax=72.59,Ay=-1.46,Az=1014.06,Gx=-52.50,Gy=-3517.50,Gz=-3727.50,T=58,H=41,SAT=1"
,2025-09-21T02:55:32Z,COM6,,UTC=10:53:9,14.90,120.292622,23.106488,,,,,,,,58,41,SAT=1,93.21,24.40,1007.48,-770.00,-2240.00,1785.00,,"Package=484,UTC=10:53:9,Lat=23.106488,Lng=120.292622,Alt=14.90,Ax=93.21,Ay=24.40,Az=1007.48,Gx=-770.00,Gy=-2240.00,Gz=1785.00,T=58,H=41,SAT=1"
,2025-09-21T02:55:33Z,COM6,,UTC=10:53:9,14.90,120.292622,23.106488,,,,,,,,,41,SAT=1,73.08,14.03,1007.72,1645.00,-4147.50,-1137.50T=58,,"Package=485,UTC=10:53:9,Lat=23.106488,Lng=120.292622,Alt=14.90,Ax=73.08,Ay=14.03,Az=1007.72,Gx=1645.00,Gy=-4147.50,Gz=-1137.50T=58,H=41,SAT=1"
,2025-09-21T02:55:34Z,COM6,,UTC=10:53:9,14.90,120.292622,23.106488,,,,,,,,58,41,SAT=1,75.88,20.37,1009.92,1207.50,-2467.50,1907.50,,"Package=486,UTC=10:53:9,Lat=23.106488,Lng=120.292622,Alt=14.90,Ax=75.88,Ay=20.37,Az=1009.92,Gx=1207.50,Gy=-2467.50,Gz=1907.50,T=58,H=41,SAT=1"
,2025-09-21T02:55:35Z,COM6,,UTC=10:53:9,14.90,120.292622,23.106488,,,,,,,,58,41,SAT=1,91.26,23.18,1008.94,35.00,-3272.50,752.50,,"Package=487,UTC=10:53:9,Lat=23.106488,Lng=120.292622,Alt=14.90,Ax=91.26,Ay=23.18,Az=1008.94,Gx=35.00,Gy=-3272.50,Gz=752.50,T=58,H=41,SAT=1"
,2025-09-21T02:55:36Z,COM6,,UTC=10:53:9,14.90,120.292622,23.106488,,,,,,,,58,41,SAT=1,78.69,16.59,1012.36,-385.00,630.00,682.50,,"Package=488,UTC=10:53:9,Lat=23.106488,Lng=120.292622,Alt=14.90,Ax=78.69,Ay=16.59,Az=1012.36,Gx=-385.00,Gy=630.00,Gz=682.50,T=58,H=41,SAT=1"
,2025-09-21T02:55:37Z,COM6,,UTC,,,,,,,,,,,,,,,,,,,,,"Package=489,UTC"
,2025-09-21T02:55:38Z,COM6,,UTC=10:53:9,14.90,120.292622,23.106488,,,,,,,,58,41,SAT=1,74.79,9.52,1008.45,-2922.50,1120.00,2625.00,,"Package=490,UTC=10:53:9,Lat=23.106488,Lng=120.292622,Alt=14.90,Ax=74.79,Ay=9.52,Az=1008.45,Gx=-2922.50,Gy=1120.00,Gz=2625.00,T=58,H=41,SAT=1"
,2025-09-21T02:55:39Z,COM6,,UTC=10:53:9,14.90,120.292622,23.106488,,,,,,,,58,41,SAT=1,87.35,8.91,1010.77,-1382.50,-2520.00,1697.50,,"Package=491,UTC=10:53:9,Lat=23.106488,Lng=120.292622,Alt=14.90,Ax=87.35,Ay=8.91,Az=1010.77,Gx=-1382.50,Gy=-2520.00,Gz=1697.50,T=58,H=41,SAT=1"
,2025-09-21T02:55:40Z,COM6,,UTC=10:53:9,14.90,120.292622,23.106488,,,,,,,,58,41,SAT=1,90.28,10.00,1008.82,-2537.50,2275.00,595.00,,"Package=492,UTC=10:53:9,Lat=23.106488,Lng=120.292622,Alt=14.90,Ax=90.28,Ay=10.00,Az=1008.82,Gx=-2537.50,Gy=2275.00,Gz=595.00,T=58,H=41,SAT=1"
,2025-09-21T02:55:41Z,COM6,,UTC=10:53:9,14.90,120.292622,23.106488,,,,,,,,,41,SAT=1,105.41,-80.03,1004.06,630.00,4427.50,-8137.50T=58,,"Package=493,UTC=10:53:9,Lat=23.106488,Lng=120.292622,Alt=14.90,Ax=105.41,Ay=-80.03,Az=1004.06,Gx=630.00,Gy=4427.50,Gz=-8137.50T=58,H=41,SAT=1"
,2025-09-21T02:55:42Z,COM6,,UTC=10:53:9,14.90,120.292622,23.106488,,,,,,,,,41,SAT=1,108.58,-94.43,994.54,4410.00,2100.00,-44327.5T=58,,"Package=494,UTC=10:53:9,Lat=23.106488,Lng=120.292622,Alt=14.90,Ax=108.58,Ay=-94.43,Az=994.54,Gx=4410.00,Gy=2100.00,Gz=-44327.5T=58,H=41,SAT=1"
,2025-09-21T02:55:43Z,COM6,,UTC=10:53:9,14.90,120.292622,23.106488,,,,,,,,,41,SAT=1,315.37,-109.56,933.91,12915.00,-17202.50,-637T=58,,"Package=495,UTC=10:53:9,Lat=23.106488,Lng=120.292622,Alt=14.90,Ax=315.37,Ay=-109.56,Az=933.91,Gx=12915.00,Gy=-17202.50,Gz=-637T=58,H=41,SAT=1"
,2025-09-21T02:55:44Z,COM6,,UTC=10:53:9,,12,23.106488,,,,,,,,,,,,,,,,,,"Package=496,UTC=10:53:9,Lat=23.106488,Lng=12"
,2025-09-21T02:55:45Z,COM6,,UTC=10:53:9,14.90,120.292622,23.106488,,,,,,,,,41,SAT=1,141.64,-29.28,993.45,2660.00,4095.00,14472.50T=58,,"Package=497,UTC=10:53:9,Lat=23.106488,Lng=120.292622,Alt=14.90,Ax=141.64,Ay=-29.28,Az=993.45,Gx=2660.00,Gy=4095.00,Gz=14472.50T=58,H=41,SAT=1"
,2025-09-21T02:55:47Z,COM6,,UTC=10:53:9,14.90,120.292622,23.106488,,,,,,,,58,41,SAT=1,62.83,-74.79,1008.70,0.00,175.00,-1015.00,,"Package=499,UTC=10:53:9,Lat=23.106488,Lng=120.292622,Alt=14.90,Ax=62.83,Ay=-74.79,Az=1008.70,Gx=0.00,Gy=175.00,Gz=-1015.00,T=58,H=41,SAT=1"
,2025-09-21T02:55:48Z,COM6,,UTC=10:53:9,14.90,120.292622,23.106488,,,,,,,,,41,SAT=1,64.42,-111.75,1008.45,-2257.50,-2275.00,-857.T=58,,"Package=500,UTC=10:53:9,Lat=23.106488,Lng=120.292622,Alt=14.90,Ax=64.42,Ay=-111.75,Az=1008.45,Gx=-2257.50,Gy=-2275.00,Gz=-857.T=58,H=41,SAT=1"
,2025-09-21T02:55:49Z,COM6,,UTC=10:53:9,14.90,120.292622,23.106488,,,,,,,,,41,SAT=1,78.57,-112.48,1004.55,1662.50,-962.50,-840.00T=58,,"Package=501,UTC=10:53:9,Lat=23.106488,Lng=120.292622,Alt=14.90,Ax=78.57,Ay=-112.48,Az=1004.55,Gx=1662.50,Gy=-962.50,Gz=-840.00T=58,H=41,SAT=1"
,2025-09-21T02:55:50Z,COM6,,UTC=10:53:9,14.90,120.292622,23.106488,,,,,,,,58,41,SAT=1,84.67,-95.40,1005.52,735.00,-3010.00,3185.00,,"Package=502,UTC=10:53:9,Lat=23.106488,Lng=120.292622,Alt=14.90,Ax=84.67,Ay=-95.40,Az=1005.52,Gx=735.00,Gy=-3010.00,Gz=3185.00,T=58,H=41,SAT=1"
,2025-09-21T02:55:51Z,COM6,,UTC=10:53:9,,120.292622,23.106488,,,,,,,,,,,,,,,,,,"Package=503,UTC=10:53:9,Lat=23.106488,Lng=120.292622,A"
,2025-09-21T02:55:52Z,COM6,,UTC=10:53:9,14.90,120.292622,23.106488,,,,,,,,58,41,SAT=1,103.21,-84.91,1003.21,0.00,577.50,2485.00,,"Package=504,UTC=10:53:9,Lat=23.106488,Lng=120.292622,Alt=14.90,Ax=103.21,Ay=-84.91,Az=1003.21,Gx=0.00,Gy=577.50,Gz=2485.00,T=58,H=41,SAT=1"
,2025-09-21T02:55:53Z,COM6,,U,,,,,,,,,,,,,,,,,,,,,"Package=505,U"
,2025-09-21T02:55:54Z,COM6,,UTC=10:53:9,14.90,120.292622,23.106488,,,,,,,,,41,SAT=1,108.58,-78.69,1003.69,-245.00,-1155.00,-1225.T=58,,"Package=506,UTC=10:53:9,Lat=23.106488,Lng=120.292622,Alt=14.90,Ax=108.58,Ay=-78.69,Az=1003.69,Gx=-245.00,Gy=-1155.00,Gz=-1225.T=58,H=41,SAT=1"
,2025-09-21T02:55:55Z,COM6,,UTC=10:53:9,14.90,120.292622,23.106488,,,,,,,,,41,SAT=1,111.87,-64.66,1004.30,770.00,-1382.50,3045.00T=58,,"Package=507,UTC=10:53:9,Lat=23.106488,Lng=120.292622,Alt=14.90,Ax=111.87,Ay=-64.66,Az=1004.30,Gx=770.00,Gy=-1382.50,Gz=3045.00T=58,H=41,SAT=1"
,2025-09-21T02:55:56Z,COM6,,UTC=10:53:9,14.90,120.292622,23.106488,,,,,,,,,41,SAT=1,118.71,-64.90,1005.89,-2170.00,-2310.00,175.0T=58,,"Package=508,UTC=10:53:9,Lat=23.106488,Lng=120.292622,Alt=14.90,Ax=118.71,Ay=-64.90,Az=1005.89,Gx=-2170.00,Gy=-2310.00,Gz=175.0T=58,H=41,SAT=1"
,2025-09-21T02:55:57Z,COM6,,UTC=10:53:9,14.90,120.292622,23.106488,,,,,,,,58,41,SAT=1,121.15,-65.39,998.94,612.50,2695.00,4147.50,,"Package=509,UTC=10:53:9,Lat=23.106488,Lng=120.292622,Alt=14.90,Ax=121.15,Ay=-65.39,Az=998.94,Gx=612.50,Gy=2695.00,Gz=4147.50,T=58,H=41,SAT=1"
,2025-09-21T02:55:58Z,COM6,,UTC=10:53:9,14.90,120.292622,23.106488,,,,,,,,,,,,,,,,,,"Package=510,UTC=10:53:9,Lat=23.106488,Lng=120.292622,Alt=14.90,A"
,2025-09-21T02:55:59Z,COM6,,UTC=10:53:9,14.90,120.292622,23.106488,,,,,,,,,40,SAT=1,127.61,-53.80,1011.01,-2975.00,-3535.00,1242.T=58,,"Package=511,UTC=10:53:9,Lat=23.106488,Lng=120.292622,Alt=14.90,Ax=127.61,Ay=-53.80,Az=1011.01,Gx=-2975.00,Gy=-3535.00,Gz=1242.T=58,H=40,SAT=1"
,2025-09-21T02:56:00Z,COM6,,UTC=10:53:9,,1,23.106488,,,,,,,,,,,,,,,,,,"Package=512,UTC=10:53:9,Lat=23.106488,Lng=1"
,2025-09-21T02:56:01Z,COM6,,UTC=10:53:9,14.90,120.292622,23.106488,,,,,,,,,39,SAT=1,109.80,-53.56,1017.36,-1592.50,-3500.00,-1225T=60,,"Package=513,UTC=10:53:9,Lat=23.106488,Lng=120.292622,Alt=14.90,Ax=109.80,Ay=-53.56,Az=1017.36,Gx=-1592.50,Gy=-3500.00,Gz=-1225T=60,H=39,SAT=1"
,2025-09-21T02:56:03Z,COM6,,UTC=10:53:9,14.90,120.292622,23.106488,,,,,,,,60,39,SAT=1,91.99,-72.96,1002.11,420.00,7612.50,-2747.50,,"Package=515,UTC=10:53:9,Lat=23.106488,Lng=120.292622,Alt=14.90,Ax=91.99,Ay=-72.96,Az=1002.11,Gx=420.00,Gy=7612.50,Gz=-2747.50,T=60,H=39,SAT=1"
,2025-09-21T02:56:04Z,COM6,,UTC=10:53:9,14.90,120.292622,23.106488,,,,,,,,,39,SAT=1,100.53,-62.83,1006.50,-4165.00,-1085.00,2520.T=60,,"Package=516,UTC=10:53:9,Lat=23.106488,Lng=120.292622,Alt=14.90,Ax=100.53,Ay=-62.83,Az=1006.50,Gx=-4165.00,Gy=-1085.00,Gz=2520.T=60,H=39,SAT=1"
,2025-09-21T02:56:05Z,COM6,,UTC=10:53:9,14.90,120.292622,23.106488,,,,,,,,,39,SAT=1,107.97,-85.28,1001.62,-192.50,-140.00,-2467.5T=60,,"Package=517,UTC=10:53:9,Lat=23.106488,Lng=120.292622,Alt=14.90,Ax=107.97,Ay=-85.28,Az=1001.62,Gx=-192.50,Gy=-140.00,Gz=-2467.5T=60,H=39,SAT=1"
,2025-09-21T02:56:06Z,COM6,,UTC=10:56:3,13.20,120.292602,23.106478,,,,,,,,,39,SAT=1,112.85,-85.16,1001.25,2765.00,-1032.50,-1820.T=60,,"Package=518,UTC=10:56:3,Lat=23.106478,Lng=120.292602,Alt=13.20,Ax=112.85,Ay=-85.16,Az=1001.25,Gx=2765.00,Gy=-1032.50,Gz=-1820.T=60,H=39,SAT=1"
,2025-09-21T02:56:07Z,COM6,,UTC=10:56:3,13.20,120.292602,23.106478,,,,,,,,,39,SAT=1,127.37,-72.47,1003.57,402.50,-3150.00,-1365.0T=60,,"Package=519,UTC=10:56:3,Lat=23.106478,Lng=120.292602,Alt=13.20,Ax=127.37,Ay=-72.47,Az=1003.57,Gx=402.50,Gy=-3150.00,Gz=-1365.0T=60,H=39,SAT=1"
,2025-09-21T02:56:08Z,COM6,,UTC=10:56:3,13.20,120.292602,23.106478,,,,,,,,,39,SAT=1,132.49,-59.17,1002.11,-857.50,1452.50,-1802.5T=60,,"Package=520,UTC=10:56:3,Lat=23.106478,Lng=120.292602,Alt=13.20,Ax=132.49,Ay=-59.17,Az=1002.11,Gx=-857.50,Gy=1452.50,Gz=-1802.5T=60,H=39,SAT=1"
,2025-09-21T02:56:09Z,COM6,,UTC=10:56:3,13.20,120.292602,23.106478,,,,,,,,60,39,SAT=1,119.07,-66.61,1005.89,-280.00,367.50,350.00,,"Package=521,UTC=10:56:3,Lat=23.106478,Lng=120.292602,Alt=13.20,Ax=119.07,Ay=-66.61,Az=1005.89,Gx=-280.00,Gy=367.50,Gz=350.00,T=60,H=39,SAT=1"
,2025-09-21T02:56:10Z,COM6,,UTC=10:56:3,13.20,120.292602,23.106478,,,,,,,,60,39,SAT=1,113.22,-74.42,1005.52,87.50,-1102.50,1155.00,,"Package=522,UTC=10:56:3,Lat=23.106478,Lng=120.292602,Alt=13.20,Ax=113.22,Ay=-74.42,Az=1005.52,Gx=87.50,Gy=-1102.50,Gz=1155.00,T=60,H=39,SAT=1"
,2025-09-21T02:56:11Z,COM6,,UTC=10:56:3,13.20,120.292602,23.106478,,,,,,,,60,39,SAT=1,111.63,-80.40,999.91,-560.00,-840.00,-700.00,,"Package=523,UTC=10:56:3,Lat=23.106478,Lng=120.292602,Alt=13.20,Ax=111.63,Ay=-80.40,Az=999.91,Gx=-560.00,Gy=-840.00,Gz=-700.00,T=60,H=39,SAT=1"
,2025-09-21T02:56:12Z,COM6,,UTC=10:56:3,13.20,120.292602,23.106478,,,,,,,,,39,SAT=1,110.04,-84.55,1004.79,-612.50,2275.00,1645.00T=60,,"Package=524,UTC=10:56:3,Lat=23.106478,Lng=120.292602,Alt=13.20,Ax=110.04,Ay=-84.55,Az=1004.79,Gx=-612.50,Gy=2275.00,Gz=1645.00T=60,H=39,SAT=1"
,2025-09-21T02:56:13Z,COM6,,UTC=10:56:3,,120.,23.106478,,,,,,,,,,,,,,,,,,"Package=525,UTC=10:56:3,Lat=23.106478,Lng=120."
,2025-09-21T02:56:15Z,COM6,,UTC=10:56:3,13.20,120.292602,23.106478,,,,,,,,60,39,SAT=1,122.73,-90.04,1004.30,2030.00,1015.00,35.00,,"Package=526,UTC=10:56:3,Lat=23.106478,Lng=120.292602,Alt=13.20,Ax=122.73,Ay=-90.04,Az=1004.30,Gx=2030.00,Gy=1015.00,Gz=35.00,T=60,H=39,SAT=1"
,2025-09-21T02:56:15Z,COM6,,UTC=10:56:3,,,,,,,,,,,,,,,,,,,,,"Package=527,UTC=10:56:3,"
,2025-09-21T02:56:16Z,COM6,,UTC=10:56:3,13.20,120.292602,23.106478,,,,,,,,,39,SAT=1,113.70,-88.82,1000.28,1697.50,-455.00,-3692.5T=60,,"Package=528,UTC=10:56:3,Lat=23.106478,Lng=120.292602,Alt=13.20,Ax=113.70,Ay=-88.82,Az=1000.28,Gx=1697.50,Gy=-455.00,Gz=-3692.5T=60,H=39,SAT=1"
,2025-09-21T02:56:17Z,COM6,,UTC=10:56:3,13.20,120.292602,23.106478,,,,,,,,60,38,SAT=1,121.88,-79.30,1003.69,735.00,962.50,665.00,,"Package=529,UTC=10:56:3,Lat=23.106478,Lng=120.292602,Alt=13.20,Ax=121.88,Ay=-79.30,Az=1003.69,Gx=735.00,Gy=962.50,Gz=665.00,T=60,H=38,SAT=1"
,2025-09-21T02:56:18Z,COM6,,UTC=10:56:3,13.20,120.292602,23.106478,,,,,,,,60,38,SAT=1,115.05,-89.30,1005.28,1102.50,1750.00,245.00,,"Package=530,UTC=10:56:3,Lat=23.106478,Lng=120.292602,Alt=13.20,Ax=115.05,Ay=-89.30,Az=1005.28,Gx=1102.50,Gy=1750.00,Gz=245.00,T=60,H=38,SAT=1"
,2025-09-21T02:56:19Z,COM6,,UTC=10:56:3,13.20,120.292602,23.106478,,,,,,,,,38,SAT=1,110.65,-79.79,1000.16,-1680.00,3290.00,-1872.T=60,,"Package=531,UTC=10:56:3,Lat=23.106478,Lng=120.292602,Alt=13.20,Ax=110.65,Ay=-79.79,Az=1000.16,Gx=-1680.00,Gy=3290.00,Gz=-1872.T=60,H=38,SAT=1"
,2025-09-21T02:56:20Z,COM6,,UTC=10:56:3,13.20,120.292602,23.106478,,,,,,,,60,38,SAT=1,117.12,-84.30,1010.53,507.50,-4287.50,717.50,,"Package=532,UTC=10:56:3,Lat=23.106478,Lng=120.292602,Alt=13.20,Ax=117.12,Ay=-84.30,Az=1010.53,Gx=507.50,Gy=-4287.50,Gz=717.50,T=60,H=38,SAT=1"
,2025-09-21T02:56:21Z,COM6,,UTC=10:56:3,13.20,120.292602,23.106478,,,,,,,,,38,SAT=1,75.15,-66.37,1012.48,-13510.00,-10062.50,5878T=60,,"Package=533,UTC=10:56:3,Lat=23.106478,Lng=120.292602,Alt=13.20,Ax=75.15,Ay=-66.37,Az=1012.48,Gx=-13510.00,Gy=-10062.50,Gz=5878T=60,H=38,SAT=1"
,2025-09-21T02:56:22Z,COM6,,UTC=10:56:20,13.40,120.292603,23.106477,,,,,,,,,38,SAT=1,-89.55,14.40,1045.05,-11882.50,1190.00,-22802T=60,,"Package=534,UTC=10:56:20,Lat=23.106477,Lng=120.292603,Alt=13.40,Ax=-89.55,Ay=14.40,Az=1045.05,Gx=-11882.50,Gy=1190.00,Gz=-22802T=60,H=38,SAT=1"
,2025-09-21T02:56:23Z,COM6,,UTC=10:56:21,13.40,120.292605,23.106478,,,,,,,,,38,SAT=1,-378.44,-212.77,915.24,-22942.50,49000.00,200T=60,,"Package=535,UTC=10:56:21,Lat=23.106478,Lng=120.292605,Alt=13.40,Ax=-378.44,Ay=-212.77,Az=915.24,Gx=-22942.50,Gy=49000.00,Gz=200T=60,H=38,SAT=1"
,2025-09-21T02:56:24Z,COM6,,UTC=10:56:22,,120.2926,23.106478,,,,,,,,,,,,,,,,,,"Package=536,UTC=10:56:22,Lat=23.106478,Lng=120.2926"
,2025-09-21T02:59:09Z,COM6,,UTC=NO_TIME,N/A,N/A,N/A,,,,,,,,59,48,SAT=0,-5.12,-57.95,-991.13,-507.50,-437.50,1260.00,,"Package=1,UTC=NO_TIME,Lat=N/A,Lng=N/A,Alt=N/A,Ax=-5.12,Ay=-57.95,Az=-991.13,Gx=-507.50,Gy=-437.50,Gz=1260.00,T=59,H=48,SAT=0"
,2025-09-21T02:59:10Z,COM6,,UTC=NO_TIME,N/A,N/A,N/A,,,,,,,,59,37,SAT=0,-7.32,-49.41,-993.08,-437.50,-542.50,192.50,,"Package=2,UTC=NO_TIME,Lat=N/A,Lng=N/A,Alt=N/A,Ax=-7.32,Ay=-49.41,Az=-993.08,Gx=-437.50,Gy=-542.50,Gz=192.50,T=59,H=37,SAT=0"
,2025-09-21T02:59:11Z,COM6,,UTC=NO_TIME,N/A,N/A,N/A,,,,,,,,59,37,SAT=0,-7.93,-53.56,-993.93,-857.50,-787.50,1067.50,,"Package=3,UTC=NO_TIME,Lat=N/A,Lng=N/A,Alt=N/A,Ax=-7.93,Ay=-53.56,Az=-993.93,Gx=-857.50,Gy=-787.50,Gz=1067.50,T=59,H=37,SAT=0"
,2025-09-21T02:59:12Z,COM6,,UTC=31:59:44,N/A,N/A,N/A,,,,,,,,59,37,SAT=0,5.12,-62.46,-992.10,700.00,-122.50,-297.50,,"Package=4,UTC=31:59:44,Lat=N/A,Lng=N/A,Alt=N/A,Ax=5.12,Ay=-62.46,Az=-992.10,Gx=700.00,Gy=-122.50,Gz=-297.50,T=59,H=37,SAT=0"
,2025-09-21T02:59:13Z,COM6,,UTC=31:59:45,N/A,N/A,N/A,,,,,,,,59,37,SAT=0,52.22,-65.51,-990.03,297.50,-840.00,-9852.50,,"Package=5,UTC=31:59:45,Lat=N/A,Lng=N/A,Alt=N/A,Ax=52.22,Ay=-65.51,Az=-990.03,Gx=297.50,Gy=-840.00,Gz=-9852.50,T=59,H=37,SAT=0"
,2025-09-21T02:59:14Z,COM6,,UTC=31:59:46,N/A,N/A,N/A,,,,,,,,59,38,SAT=0,41.48,-74.79,-991.37,105.00,-297.50,-2887.50,,"Package=6,UTC=31:59:46,Lat=N/A,Lng=N/A,Alt=N/A,Ax=41.48,Ay=-74.79,Az=-991.37,Gx=105.00,Gy=-297.50,Gz=-2887.50,T=59,H=38,SAT=0"
,2025-09-21T02:59:15Z,COM6,,UTC=31:59:47,N/A,N/A,N/A,,,,,,,,,37,SAT=0,35.38,-65.88,-989.54,437.50,-1435.00,-1680.00T=59,,"Package=7,UTC=31:59:47,Lat=N/A,Lng=N/A,Alt=N/A,Ax=35.38,Ay=-65.88,Az=-989.54,Gx=437.50,Gy=-1435.00,Gz=-1680.00T=59,H=37,SAT=0"
,2025-09-21T02:59:16Z,COM6,,UTC=31:59:48,N/A,N/A,N/A,,,,,,,,59,38,SAT=0,33.31,-66.98,-990.27,262.50,-892.50,-140.00,,"Package=8,UTC=31:59:48,Lat=N/A,Lng=N/A,Alt=N/A,Ax=33.31,Ay=-66.98,Az=-990.27,Gx=262.50,Gy=-892.50,Gz=-140.00,T=59,H=38,SAT=0"
,2025-09-21T02:59:17Z,COM6,,UTC=31:59:49,N/A,N/A,N/A,,,,,,,,59,37,SAT=0,29.04,-61.98,-992.59,2310.00,1207.50,-35.00,,"Package=9,UTC=31:59:49,Lat=N/A,Lng=N/A,Alt=N/A,Ax=29.04,Ay=-61.98,Az=-992.59,Gx=2310.00,Gy=1207.50,Gz=-35.00,T=59,H=37,SAT=0"
,2025-09-21T02:59:18Z,COM6,,UTC=31:59:50,N/A,N/A,N/A,,,,,,,,59,38,SAT=0,25.01,-59.05,-991.62,-350.00,-787.50,262.50,,"Package=10,UTC=31:59:50,Lat=N/A,Lng=N/A,Alt=N/A,Ax=25.01,Ay=-59.05,Az=-991.62,Gx=-350.00,Gy=-787.50,Gz=262.50,T=59,H=38,SAT=0"
,2025-09-21T02:59:19Z,COM6,,UTC=31:59:51,N/A,N/A,N/A,,,,,,,,59,38,SAT=0,25.01,-60.63,-993.20,1837.50,1382.50,-52.50,,"Package=11,UTC=31:59:51,Lat=N/A,Lng=N/A,Alt=N/A,Ax=25.01,Ay=-60.63,Az=-993.20,Gx=1837.50,Gy=1382.50,Gz=-52.50,T=59,H=38,SAT=0"
,2025-09-21T02:59:20Z,COM6,,UTC=31:59:52,N/A,N/A,N/A,,,,,,,,,37,SAT=0,29.52,-60.51,-991.25,-472.50,-1085.00,-367.50T=59,,"Package=12,UTC=31:59:52,Lat=N/A,Lng=N/A,Alt=N/A,Ax=29.52,Ay=-60.51,Az=-991.25,Gx=-472.50,Gy=-1085.00,Gz=-367.50T=59,H=37,SAT=0"
,2025-09-21T02:59:21Z,COM6,,UTC=31:59:53,N/A,N/A,N/A,,,,,,,,59,37,SAT=0,23.18,-59.17,-991.62,472.50,-297.50,-35.00,,"Package=13,UTC=31:59:53,Lat=N/A,Lng=N/A,Alt=N/A,Ax=23.18,Ay=-59.17,Az=-991.62,Gx=472.50,Gy=-297.50,Gz=-35.00,T=59,H=37,SAT=0"
,2025-09-21T02:59:22Z,COM6,,UTC=31:59:54,N/A,N/A,N/A,,,,,,,,59,38,SAT=0,23.67,-59.78,-991.37,105.00,-560.00,-175.00,,"Package=14,UTC=31:59:54,Lat=N/A,Lng=N/A,Alt=N/A,Ax=23.67,Ay=-59.78,Az=-991.37,Gx=105.00,Gy=-560.00,Gz=-175.00,T=59,H=38,SAT=0"
,2025-09-21T02:59:23Z,COM6,,UTC=31:59:55,N/A,N/A,N/A,,,,,,,,59,37,SAT=0,24.03,-58.93,-990.88,192.50,-770.00,-87.50,,"Package=15,UTC=31:59:55,Lat=N/A,Lng=N/A,Alt=N/A,Ax=24.03,Ay=-58.93,Az=-990.88,Gx=192.50,Gy=-770.00,Gz=-87.50,T=59,H=37,SAT=0"
,2025-09-21T02:59:24Z,COM6,,UTC=31:59:56,N/A,N/A,N/A,,,,,,,,59,38,SAT=0,25.13,-58.32,-992.35,-350.00,-507.50,245.00,,"Package=16,UTC=31:59:56,Lat=N/A,Lng=N/A,Alt=N/A,Ax=25.13,Ay=-58.32,Az=-992.35,Gx=-350.00,Gy=-507.50,Gz=245.00,T=59,H=38,SAT=0"
,2025-09-21T02:59:25Z,COM6,,UTC=31:59:57,N/A,N/A,N/A,,,,,,,,59,38,SAT=0,24.89,-56.97,-991.62,35.00,-507.50,822.50,,"Package=17,UTC=31:59:57,Lat=N/A,Lng=N/A,Alt=N/A,Ax=24.89,Ay=-56.97,Az=-991.62,Gx=35.00,Gy=-507.50,Gz=822.50,T=59,H=38,SAT=0"
,2025-09-21T02:59:26Z,COM6,,UTC=31:59:58,N/A,N/A,N/A,,,,,,,,,38,SAT=0,29.40,-62.46,-988.57,-4200.00,-5757.50,-4305.T=59,,"Package=18,UTC=31:59:58,Lat=N/A,Lng=N/A,Alt=N/A,Ax=29.40,Ay=-62.46,Az=-988.57,Gx=-4200.00,Gy=-5757.50,Gz=-4305.T=59,H=38,SAT=0"
,2025-09-21T02:59:27Z,COM6,,UTC=31:59:58,N/A,N/A,N/A,,,,,,,,59,37,SAT=0,25.99,-57.95,-990.76,1400.00,-262.50,315.00,,"Package=19,UTC=31:59:58,Lat=N/A,Lng=N/A,Alt=N/A,Ax=25.99,Ay=-57.95,Az=-990.76,Gx=1400.00,Gy=-262.50,Gz=315.00,T=59,H=37,SAT=0"
,2025-09-21T02:59:28Z,COM6,,UTC=31:59:59,N/A,N/A,N/A,,,,,,,,,37,SAT=0,26.84,-65.15,-992.23,-4462.50,-4480.00,-822.5T=59,,"Package=20,UTC=31:59:59,Lat=N/A,Lng=N/A,Alt=N/A,Ax=26.84,Ay=-65.15,Az=-992.23,Gx=-4462.50,Gy=-4480.00,Gz=-822.5T=59,H=37,SAT=0"
,2025-09-21T02:59:29Z,COM6,,UTC=10:59:26,N/A,N/A,N/A,,,,,,,,,38,SAT=0,31.72,-65.15,-987.35,-3272.50,-4532.50,-17.50T=59,,"Package=21,UTC=10:59:26,Lat=N/A,Lng=N/A,Alt=N/A,Ax=31.72,Ay=-65.15,Az=-987.35,Gx=-3272.50,Gy=-4532.50,Gz=-17.50T=59,H=38,SAT=0"
,2025-09-21T02:59:30Z,COM6,,UTC=10:59:27,N/A,N/A,N/A,,,,,,,,59,38,SAT=0,26.11,-61.61,-990.52,-227.50,-752.50,35.00,,"Package=22,UTC=10:59:27,Lat=N/A,Lng=N/A,Alt=N/A,Ax=26.11,Ay=-61.61,Az=-990.52,Gx=-227.50,Gy=-752.50,Gz=35.00,T=59,H=38,SAT=0"
,2025-09-21T02:59:31Z,COM6,,UTC=10:59:28,N/A,N/A,N/A,,,,,,,,59,38,SAT=0,26.96,-57.58,-991.01,-227.50,-875.00,-35.00,,"Package=23,UTC=10:59:28,Lat=N/A,Lng=N/A,Alt=N/A,Ax=26.96,Ay=-57.58,Az=-991.01,Gx=-227.50,Gy=-875.00,Gz=-35.00,T=59,H=38,SAT=0"
,2025-09-21T02:59:32Z,COM6,,UTC=10:59:29,N/A,N/A,N/A,,,,,,,,59,38,SAT=0,24.89,-58.44,-993.57,-700.00,-595.00,-87.50,,"Package=24,UTC=10:59:29,Lat=N/A,Lng=N/A,Alt=N/A,Ax=24.89,Ay=-58.44,Az=-993.57,Gx=-700.00,Gy=-595.00,Gz=-87.50,T=59,H=38,SAT=0"
,2025-09-21T02:59:33Z,COM6,,UTC=10:59:30,N/A,N/A,N/A,,,,,,,,59,37,SAT=0,23.18,-62.46,-992.47,-367.50,-665.00,35.00,,"Package=25,UTC=10:59:30,Lat=N/A,Lng=N/A,Alt=N/A,Ax=23.18,Ay=-62.46,Az=-992.47,Gx=-367.50,Gy=-665.00,Gz=35.00,T=59,H=37,SAT=0"
,2025-09-21T02:59:34Z,COM6,,UTC=10:59:31,N/A,N/A,N/A,,,,,,,,59,37,SAT=0,24.40,-54.90,-989.42,1470.00,-420.00,70.00,,"Package=26,UTC=10:59:31,Lat=N/A,Lng=N/A,Alt=N/A,Ax=24.40,Ay=-54.90,Az=-989.42,Gx=1470.00,Gy=-420.00,Gz=70.00,T=59,H=37,SAT=0"
,2025-09-21T02:59:35Z,COM6,,UTC=10:59:32,N/A,N/A,N/A,,,,,,,,,37,SAT=0,29.65,-75.88,-995.28,-542.50,-630.00,11515.00T=59,,"Package=27,UTC=10:59:32,Lat=N/A,Lng=N/A,Alt=N/A,Ax=29.65,Ay=-75.88,Az=-995.28,Gx=-542.50,Gy=-630.00,Gz=11515.00T=59,H=37,SAT=0"
,2025-09-21T02:59:36Z,COM6,,UTC=10:59:33,N/A,N/A,N/A,,,,,,,,,38,SAT=0,34.53,-71.61,-989.30,-2520.00,-700.00,-2152.5T=59,,"Package=28,UTC=10:59:33,Lat=N/A,Lng=N/A,Alt=N/A,Ax=34.53,Ay=-71.61,Az=-989.30,Gx=-2520.00,Gy=-700.00,Gz=-2152.5T=59,H=38,SAT=0"
,2025-09-21T02:59:37Z,COM6,,UTC=10:59:34,N/A,N/A,N/A,,,,,,,,,38,SAT=0,34.65,-130.17,-982.34,-1487.50,-630.00,-2135.T=59,,"Package=29,UTC=10:59:34,Lat=N/A,Lng=N/A,Alt=N/A,Ax=34.65,Ay=-130.17,Az=-982.34,Gx=-1487.50,Gy=-630.00,Gz=-2135.T=59,H=38,SAT=0"
,2025-09-21T02:59:38Z,COM6,,UTC=10:59:35,N/A,N/A,N/A,,,,,,,,59,37,SAT=0,22.08,-51.97,-991.37,157.50,-507.50,-437.50,,"Package=30,UTC=10:59:35,Lat=N/A,Lng=N/A,Alt=N/A,Ax=22.08,Ay=-51.97,Az=-991.37,Gx=157.50,Gy=-507.50,Gz=-437.50,T=59,H=37,SAT=0"
,2025-09-21T02:59:39Z,COM6,,UTC=10:59:36,N/A,N/A,N/A,,,,,,,,59,38,SAT=0,32.45,-57.58,-993.08,-997.50,0.00,-4165.00,,"Package=31,UTC=10:59:36,Lat=N/A,Lng=N/A,Alt=N/A,Ax=32.45,Ay=-57.58,Az=-993.08,Gx=-997.50,Gy=0.00,Gz=-4165.00,T=59,H=38,SAT=0"
,2025-09-21T02:59:40Z,COM6,,UTC=10:59:37,N/A,N/A,N/A,,,,,,,,59,38,SAT=0,23.18,-57.34,-992.23,3027.50,1592.50,-17.50,,"Package=32,UTC=10:59:37,Lat=N/A,Lng=N/A,Alt=N/A,Ax=23.18,Ay=-57.34,Az=-992.23,Gx=3027.50,Gy=1592.50,Gz=-17.50,T=59,H=38,SAT=0"
,2025-09-21T02:59:41Z,COM6,,UTC=10:59:38,N/A,N/A,N/A,,,,,,,,59,38,SAT=0,16.84,-59.66,-992.10,157.50,-1400.00,122.50,,"Package=33,UTC=10:59:38,Lat=N/A,Lng=N/A,Alt=N/A,Ax=16.84,Ay=-59.66,Az=-992.10,Gx=157.50,Gy=-1400.00,Gz=122.50,T=59,H=38,SAT=0"
,2025-09-21T02:59:42Z,COM6,,UTC=10:59:39,N/A,N/A,N/A,,,,,,,,59,37,SAT=0,15.62,-59.78,-991.86,87.50,-560.00,105.00,,"Package=34,UTC=10:59:39,Lat=N/A,Lng=N/A,Alt=N/A,Ax=15.62,Ay=-59.78,Az=-991.86,Gx=87.50,Gy=-560.00,Gz=105.00,T=59,H=37,SAT=0"
,2025-09-21T02:59:43Z,COM6,,UTC=10:59:40,N/A,N/A,N/A,,,,,,,,,38,SAT=0,29.04,-59.54,-991.74,3762.50,2747.50,-1347.50T=59,,"Package=35,UTC=10:59:40,Lat=N/A,Lng=N/A,Alt=N/A,Ax=29.04,Ay=-59.54,Az=-991.74,Gx=3762.50,Gy=2747.50,Gz=-1347.50T=59,H=38,SAT=0"
,2025-09-21T02:59:44Z,COM6,,UTC=10:59:41,N/A,N/A,N/A,,,,,,,,59,37,SAT=0,37.94,-66.12,-990.76,-682.50,-1137.50,70.00,,"Package=36,UTC=10:59:41,Lat=N/A,Lng=N/A,Alt=N/A,Ax=37.94,Ay=-66.12,Az=-990.76,Gx=-682.50,Gy=-1137.50,Gz=70.00,T=59,H=37,SAT=0"
,2025-09-21T02:59:45Z,COM6,,UTC=10:59:42,N/A,N/A,N/A,,,,,,,,59,37,SAT=0,44.41,-67.71,-989.18,-17.50,-1575.00,577.50,,"Package=37,UTC=10:59:42,Lat=N/A,Lng=N/A,Alt=N/A,Ax=44.41,Ay=-67.71,Az=-989.18,Gx=-17.50,Gy=-1575.00,Gz=577.50,T=59,H=37,SAT=0"
,2025-09-21T02:59:46Z,COM6,,UTC=10:59:43,N/A,N/A,N/A,,,,,,,,59,37,SAT=0,37.09,-67.34,-990.15,-262.50,-1067.50,-17.50,,"Package=38,UTC=10:59:43,Lat=N/A,Lng=N/A,Alt=N/A,Ax=37.09,Ay=-67.34,Az=-990.15,Gx=-262.50,Gy=-1067.50,Gz=-17.50,T=59,H=37,SAT=0"
,2025-09-21T02:59:47Z,COM6,,UTC=10:59:44,N/A,N/A,N/A,,,,,,,,59,37,SAT=0,32.70,-62.22,-991.74,2625.00,1837.50,-17.50,,"Package=39,UTC=10:59:44,Lat=N/A,Lng=N/A,Alt=N/A,Ax=32.70,Ay=-62.22,Az=-991.74,Gx=2625.00,Gy=1837.50,Gz=-17.50,T=59,H=37,SAT=0"
,2025-09-21T02:59:48Z,COM6,,UTC=10:59:45,N/A,N/A,N/A,,,,,,,,59,37,SAT=0,27.08,-59.17,-991.62,-105.00,-735.00,892.50,,"Package=40,UTC=10:59:45,Lat=N/A,Lng=N/A,Alt=N/A,Ax=27.08,Ay=-59.17,Az=-991.62,Gx=-105.00,Gy=-735.00,Gz=892.50,T=59,H=37,SAT=0"
,2025-09-21T02:59:49Z,COM6,,UTC=10:59:46,N/A,N/A,N/A,,,,,,,,59,37,SAT=0,26.84,-59.66,-990.88,-17.50,-945.00,-105.00,,"Package=41,UTC=10:59:46,Lat=N/A,Lng=N/A,Alt=N/A,Ax=26.84,Ay=-59.66,Az=-990.88,Gx=-17.50,Gy=-945.00,Gz=-105.00,T=59,H=37,SAT=0"
,2025-09-21T02:59:50Z,COM6,,UTC=10:59:47,N/A,N/A,N/A,,,,,,,,59,37,SAT=0,28.30,-58.56,-991.25,157.50,-840.00,-70.00,,"Package=42,UTC=10:59:47,Lat=N/A,Lng=N/A,Alt=N/A,Ax=28.30,Ay=-58.56,Az=-991.25,Gx=157.50,Gy=-840.00,Gz=-70.00,T=59,H=37,SAT=0"
,2025-09-21T02:59:51Z,COM6,,UTC=10:59:48,N/A,N/A,N/A,,,,,,,,59,37,SAT=0,29.28,-60.51,-990.27,-385.00,-1715.00,262.50,,"Package=43,UTC=10:59:48,Lat=N/A,Lng=N/A,Alt=N/A,Ax=29.28,Ay=-60.51,Az=-990.27,Gx=-385.00,Gy=-1715.00,Gz=262.50,T=59,H=37,SAT=0"
,2025-09-21T02:59:52Z,COM6,,UTC=10:59:49,N/A,N/A,N/A,,,,,,,,,37,SAT=0,27.45,-62.71,-991.62,-1155.00,-1067.50,-1785.T=58,,"Package=44,UTC=10:59:49,Lat=N/A,Lng=N/A,Alt=N/A,Ax=27.45,Ay=-62.71,Az=-991.62,Gx=-1155.00,Gy=-1067.50,Gz=-1785.T=58,H=37,SAT=0"
,2025-09-21T02:59:53Z,COM6,,UTC=10:59:50,N/A,N/A,N/A,,,,,,,,58,37,SAT=0,29.65,-67.34,-991.37,122.50,-385.00,6667.50,,"Package=45,UTC=10:59:50,Lat=N/A,Lng=N/A,Alt=N/A,Ax=29.65,Ay=-67.34,Az=-991.37,Gx=122.50,Gy=-385.00,Gz=6667.50,T=58,H=37,SAT=0"
,2025-09-21T02:59:54Z,COM6,,UTC=10:59:51,N/A,N/A,N/A,,,,,,,,57,37,SAT=0,24.89,-63.07,-991.01,-122.50,-577.50,227.50,,"Package=46,UTC=10:59:51,Lat=N/A,Lng=N/A,Alt=N/A,Ax=24.89,Ay=-63.07,Az=-991.01,Gx=-122.50,Gy=-577.50,Gz=227.50,T=57,H=37,SAT=0"
,2025-09-21T02:59:55Z,COM6,,UTC=10:59:52,N/A,N/A,N/A,,,,,,,,,37,SAT=0,25.99,-61.12,-991.37,-367.50,-1015.00,-192.50T=57,,"Package=47,UTC=10:59:52,Lat=N/A,Lng=N/A,Alt=N/A,Ax=25.99,Ay=-61.12,Az=-991.37,Gx=-367.50,Gy=-1015.00,Gz=-192.50T=57,H=37,SAT=0"
,2025-09-21T02:59:56Z,COM6,,UTC=10:59:53,N/A,N/A,N/A,,,,,,,,57,37,SAT=0,28.06,-57.34,-991.25,1050.00,-647.50,437.50,,"Package=48,UTC=10:59:53,Lat=N/A,Lng=N/A,Alt=N/A,Ax=28.06,Ay=-57.34,Az=-991.25,Gx=1050.00,Gy=-647.50,Gz=437.50,T=57,H=37,SAT=0"
,2025-09-21T02:59:57Z,COM6,,UTC=10:59:54,N/A,N/A,N/A,,,,,,,,57,37,SAT=0,22.45,-55.02,-991.25,437.50,-472.50,-245.00,,"Package=49,UTC=10:59:54,Lat=N/A,Lng=N/A,Alt=N/A,Ax=22.45,Ay=-55.02,Az=-991.25,Gx=437.50,Gy=-472.50,Gz=-245.00,T=57,H=37,SAT=0"
,2025-09-21T02:59:58Z,COM6,,UTC=10:59:55,N/A,N/A,N/A,,,,,,,,57,37,SAT=0,27.21,-59.05,-991.13,-52.50,-385.00,-52.50,,"Package=50,UTC=10:59:55,Lat=N/A,Lng=N/A,Alt=N/A,Ax=27.21,Ay=-59.05,Az=-991.13,Gx=-52.50,Gy=-385.00,Gz=-52.50,T=57,H=37,SAT=0"
,2025-09-21T02:59:59Z,COM6,,UTC=10:59:56,N/A,N/A,N/A,,,,,,,,57,37,SAT=0,23.79,-62.95,-990.88,87.50,-717.50,647.50,,"Package=51,UTC=10:59:56,Lat=N/A,Lng=N/A,Alt=N/A,Ax=23.79,Ay=-62.95,Az=-990.88,Gx=87.50,Gy=-717.50,Gz=647.50,T=57,H=37,SAT=0"
,2025-09-21T03:00:00Z,COM6,,UTC=10:59:57,N/A,N/A,N/A,,,,,,,,57,37,SAT=0,26.23,-64.66,-991.37,-1382.50,-525.00,612.50,,"Package=52,UTC=10:59:57,Lat=N/A,Lng=N/A,Alt=N/A,Ax=26.23,Ay=-64.66,Az=-991.37,Gx=-1382.50,Gy=-525.00,Gz=612.50,T=57,H=37,SAT=0"
,2025-09-21T03:00:01Z,COM6,,UTC=10:59:58,N/A,N/A,N/A,,,,,,,,57,37,SAT=0,24.03,-63.07,-992.23,-175.00,-315.00,-105.00,,"Package=53,UTC=10:59:58,Lat=N/A,Lng=N/A,Alt=N/A,Ax=24.03,Ay=-63.07,Az=-992.23,Gx=-175.00,Gy=-315.00,Gz=-105.00,T=57,H=37,SAT=0"
,2025-09-21T03:00:02Z,COM6,,UTC=10:59:59,N/A,N/A,N/A,,,,,,,,57,37,SAT=0,23.91,-59.90,-991.25,245.00,-612.50,-210.00,,"Package=54,UTC=10:59:59,Lat=N/A,Lng=N/A,Alt=N/A,Ax=23.91,Ay=-59.90,Az=-991.25,Gx=245.00,Gy=-612.50,Gz=-210.00,T=57,H=37,SAT=0"
,2025-09-21T03:00:03Z,COM6,,UTC=11:0:0,N/A,N/A,N/A,,,,,,,,57,37,SAT=0,24.89,-65.51,-991.62,-52.50,-700.00,5197.50,,"Package=55,UTC=11:0:0,Lat=N/A,Lng=N/A,Alt=N/A,Ax=24.89,Ay=-65.51,Az=-991.62,Gx=-52.50,Gy=-700.00,Gz=5197.50,T=57,H=37,SAT=0"
,2025-09-21T03:00:04Z,COM6,,UTC=11:0:1,N/A,N/A,N/A,,,,,,,,57,37,SAT=0,32.21,-70.27,-991.13,1050.00,122.50,-822.50,,"Package=56,UTC=11:0:1,Lat=N/A,Lng=N/A,Alt=N/A,Ax=32.21,Ay=-70.27,Az=-991.13,Gx=1050.00,Gy=122.50,Gz=-822.50,T=57,H=37,SAT=0"
,2025-09-21T03:00:05Z,COM6,,UTC=11:0:2,N/A,N/A,N/A,,,,,,,,57,37,SAT=0,25.74,-71.00,-997.72,-2800.00,-752.50,280.00,,"Package=57,UTC=11:0:2,Lat=N/A,Lng=N/A,Alt=N/A,Ax=25.74,Ay=-71.00,Az=-997.72,Gx=-2800.00,Gy=-752.50,Gz=280.00,T=57,H=37,SAT=0"
,2025-09-21T03:00:06Z,COM6,,UTC=11:0:3,N/A,N/A,N/A,,,,,,,,57,37,SAT=0,25.38,-60.39,-990.88,-472.50,-770.00,35.00,,"Package=58,UTC=11:0:3,Lat=N/A,Lng=N/A,Alt=N/A,Ax=25.38,Ay=-60.39,Az=-990.88,Gx=-472.50,Gy=-770.00,Gz=35.00,T=57,H=37,SAT=0"
,2025-09-21T03:00:07Z,COM6,,UTC=11:0:4,N/A,N/A,N/A,,,,,,,,57,37,SAT=0,27.21,-58.80,-991.01,-35.00,-577.50,70.00,,"Package=59,UTC=11:0:4,Lat=N/A,Lng=N/A,Alt=N/A,Ax=27.21,Ay=-58.80,Az=-991.01,Gx=-35.00,Gy=-577.50,Gz=70.00,T=57,H=37,SAT=0"
,2025-09-21T03:00:08Z,COM6,,UTC=11:0:5,N/A,N/A,N/A,,,,,,,,57,37,SAT=0,24.40,-58.93,-991.37,87.50,-612.50,-157.50,,"Package=60,UTC=11:0:5,Lat=N/A,Lng=N/A,Alt=N/A,Ax=24.40,Ay=-58.93,Az=-991.37,Gx=87.50,Gy=-612.50,Gz=-157.50,T=57,H=37,SAT=0"
,2025-09-21T03:00:09Z,COM6,,UTC=11:0:6,N/A,N/A,N/A,,,,,,,,57,37,SAT=0,28.06,-58.93,-992.35,-805.00,-1295.00,0.00,,"Package=61,UTC=11:0:6,Lat=N/A,Lng=N/A,Alt=N/A,Ax=28.06,Ay=-58.93,Az=-992.35,Gx=-805.00,Gy=-1295.00,Gz=0.00,T=57,H=37,SAT=0"
,2025-09-21T03:00:10Z,COM6,,UTC=11:0:7,N/A,N/A,N/A,,,,,,,,57,37,SAT=0,26.84,-57.58,-991.86,-70.00,-595.00,-87.50,,"Package=62,UTC=11:0:7,Lat=N/A,Lng=N/A,Alt=N/A,Ax=26.84,Ay=-57.58,Az=-991.86,Gx=-70.00,Gy=-595.00,Gz=-87.50,T=57,H=37,SAT=0"
,2025-09-21T03:00:11Z,COM6,,UTC=11:0:8,N/A,N/A,N/A,,,,,,,,57,37,SAT=0,24.77,-56.61,-991.98,1435.00,262.50,-367.50,,"Package=63,UTC=11:0:8,Lat=N/A,Lng=N/A,Alt=N/A,Ax=24.77,Ay=-56.61,Az=-991.98,Gx=1435.00,Gy=262.50,Gz=-367.50,T=57,H=37,SAT=0"
,2025-09-21T03:00:12Z,COM6,,UTC=11:0:9,N/A,N/A,N/A,,,,,,,,57,37,SAT=0,25.86,-58.32,-991.25,105.00,-682.50,-52.50,,"Package=64,UTC=11:0:9,Lat=N/A,Lng=N/A,Alt=N/A,Ax=25.86,Ay=-58.32,Az=-991.25,Gx=105.00,Gy=-682.50,Gz=-52.50,T=57,H=37,SAT=0"
,2025-09-21T03:00:13Z,COM6,,UTC=11:0:10,N/A,N/A,N/A,,,,,,,,57,37,SAT=0,25.62,-57.95,-991.01,245.00,-682.50,0.00,,"Package=65,UTC=11:0:10,Lat=N/A,Lng=N/A,Alt=N/A,Ax=25.62,Ay=-57.95,Az=-991.01,Gx=245.00,Gy=-682.50,Gz=0.00,T=57,H=37,SAT=0"
,2025-09-21T03:00:14Z,COM6,,UTC=11:0:11,N/A,N/A,N/A,,,,,,,,57,37,SAT=0,26.60,-58.93,-991.62,542.50,-682.50,17.50,,"Package=66,UTC=11:0:11,Lat=N/A,Lng=N/A,Alt=N/A,Ax=26.60,Ay=-58.93,Az=-991.62,Gx=542.50,Gy=-682.50,Gz=17.50,T=57,H=37,SAT=0"
,2025-09-21T03:00:15Z,COM6,,UTC=11:0:12,N/A,N/A,N/A,,,,,,,,57,37,SAT=0,26.72,-63.56,-991.37,857.50,-280.00,0.00,,"Package=67,UTC=11:0:12,Lat=N/A,Lng=N/A,Alt=N/A,Ax=26.72,Ay=-63.56,Az=-991.37,Gx=857.50,Gy=-280.00,Gz=0.00,T=57,H=37,SAT=0"
,2025-09-21T03:00:16Z,COM6,,UTC=11:0:13,N/A,N/A,N/A,,,,,,,,57,37,SAT=0,32.45,-59.78,-992.59,5092.50,4620.00,-210.00,,"Package=68,UTC=11:0:13,Lat=N/A,Lng=N/A,Alt=N/A,Ax=32.45,Ay=-59.78,Az=-992.59,Gx=5092.50,Gy=4620.00,Gz=-210.00,T=57,H=37,SAT=0"
,2025-09-21T03:00:17Z,COM6,,UTC=11:0:14,N/A,N/A,N/A,,,,,,,,,37,SAT=0,40.99,-65.64,-991.49,-262.50,-700.00,-5670.00T=57,,"Package=69,UTC=11:0:14,Lat=N/A,Lng=N/A,Alt=N/A,Ax=40.99,Ay=-65.64,Az=-991.49,Gx=-262.50,Gy=-700.00,Gz=-5670.00T=57,H=37,SAT=0"
,2025-09-21T03:00:18Z,COM6,,UTC=11:0:15,N/A,N/A,N/A,,,,,,,,57,38,SAT=0,42.58,-68.20,-990.52,-332.50,-822.50,52.50,,"Package=70,UTC=11:0:15,Lat=N/A,Lng=N/A,Alt=N/A,Ax=42.58,Ay=-68.20,Az=-990.52,Gx=-332.50,Gy=-822.50,Gz=52.50,T=57,H=38,SAT=0"
,2025-09-21T03:00:19Z,COM6,,UTC=11:0:16,N/A,N/A,N/A,,,,,,,,57,38,SAT=0,43.68,-65.51,-990.64,-140.00,-682.50,17.50,,"Package=71,UTC=11:0:16,Lat=N/A,Lng=N/A,Alt=N/A,Ax=43.68,Ay=-65.51,Az=-990.64,Gx=-140.00,Gy=-682.50,Gz=17.50,T=57,H=38,SAT=0"
,2025-09-21T03:00:20Z,COM6,,UTC=11:0:17,N/A,N/A,N/A,,,,,,,,57,38,SAT=0,44.41,-66.73,-989.91,35.00,-770.00,297.50,,"Package=72,UTC=11:0:17,Lat=N/A,Lng=N/A,Alt=N/A,Ax=44.41,Ay=-66.73,Az=-989.91,Gx=35.00,Gy=-770.00,Gz=297.50,T=57,H=38,SAT=0"
,2025-09-21T03:00:21Z,COM6,,UTC=11:0:18,N/A,N/A,N/A,,,,,,,,57,37,SAT=0,36.60,-60.02,-989.91,297.50,-682.50,-5180.00,,"Package=73,UTC=11:0:18,Lat=N/A,Lng=N/A,Alt=N/A,Ax=36.60,Ay=-60.02,Az=-989.91,Gx=297.50,Gy=-682.50,Gz=-5180.00,T=57,H=37,SAT=0"
,2025-09-21T03:00:22Z,COM6,,UTC=11:0:19,N/A,N/A,N/A,,,,,,,,57,38,SAT=0,32.45,-56.73,-991.01,17.50,-682.50,-927.50,,"Package=74,UTC=11:0:19,Lat=N/A,Lng=N/A,Alt=N/A,Ax=32.45,Ay=-56.73,Az=-991.01,Gx=17.50,Gy=-682.50,Gz=-927.50,T=57,H=38,SAT=0"
,2025-09-21T03:00:23Z,COM6,,UTC=11:0:20,N/A,N/A,N/A,,,,,,,,57,37,SAT=0,44.29,-66.25,-990.64,87.50,-577.50,-105.00,,"Package=75,UTC=11:0:20,Lat=N/A,Lng=N/A,Alt=N/A,Ax=44.29,Ay=-66.25,Az=-990.64,Gx=87.50,Gy=-577.50,Gz=-105.00,T=57,H=37,SAT=0"
,2025-09-21T03:00:24Z,COM6,,UTC=11:0:21,N/A,N/A,N/A,,,,,,,,58,37,SAT=0,45.87,-66.12,-989.91,52.50,-700.00,175.00,,"Package=76,UTC=11:0:21,Lat=N/A,Lng=N/A,Alt=N/A,Ax=45.87,Ay=-66.12,Az=-989.91,Gx=52.50,Gy=-700.00,Gz=175.00,T=58,H=37,SAT=0"
,2025-09-21T03:00:25Z,COM6,,UTC=11:0:22,N/A,N/A,N/A,,,,,,,,58,37,SAT=0,44.90,-66.37,-990.40,87.50,-735.00,-35.00,,"Package=77,UTC=11:0:22,Lat=N/A,Lng=N/A,Alt=N/A,Ax=44.90,Ay=-66.37,Az=-990.40,Gx=87.50,Gy=-735.00,Gz=-35.00,T=58,H=37,SAT=0"
,2025-09-21T03:00:26Z,COM6,,UTC=11:0:23,N/A,N/A,N/A,,,,,,,,,37,SAT=0,44.29,-70.03,-996.13,2100.00,-420.00,-3517.50T=58,,"Package=78,UTC=11:0:23,Lat=N/A,Lng=N/A,Alt=N/A,Ax=44.29,Ay=-70.03,Az=-996.13,Gx=2100.00,Gy=-420.00,Gz=-3517.50T=58,H=37,SAT=0"
,2025-09-21T03:00:27Z,COM6,,UTC=11:0:24,N/A,N/A,N/A,,,,,,,,58,37,SAT=0,46.24,-67.71,-986.25,2747.50,-542.50,1312.50,,"Package=79,UTC=11:0:24,Lat=N/A,Lng=N/A,Alt=N/A,Ax=46.24,Ay=-67.71,Az=-986.25,Gx=2747.50,Gy=-542.50,Gz=1312.50,T=58,H=37,SAT=0"
,2025-09-21T03:00:28Z,COM6,,UTC=11:0:25,N/A,N/A,N/A,,,,,,,,57,37,SAT=0,46.48,-63.81,-990.52,140.00,-1067.50,-385.00,,"Package=80,UTC=11:0:25,Lat=N/A,Lng=N/A,Alt=N/A,Ax=46.48,Ay=-63.81,Az=-990.52,Gx=140.00,Gy=-1067.50,Gz=-385.00,T=57,H=37,SAT=0"
,2025-09-21T03:00:29Z,COM6,,UTC=11:0:26,N/A,N/A,N/A,,,,,,,,58,37,SAT=0,49.65,-63.56,-990.88,-332.50,-1102.50,280.00,,"Package=81,UTC=11:0:26,Lat=N/A,Lng=N/A,Alt=N/A,Ax=49.65,Ay=-63.56,Az=-990.88,Gx=-332.50,Gy=-1102.50,Gz=280.00,T=58,H=37,SAT=0"
,2025-09-21T03:00:30Z,COM6,,UTC=11:0:27,N/A,N/A,N/A,,,,,,,,58,37,SAT=0,52.09,-64.17,-990.27,490.00,-280.00,-122.50,,"Package=82,UTC=11:0:27,Lat=N/A,Lng=N/A,Alt=N/A,Ax=52.09,Ay=-64.17,Az=-990.27,Gx=490.00,Gy=-280.00,Gz=-122.50,T=58,H=37,SAT=0"
,2025-09-21T03:00:31Z,COM6,,UTC=11:0:28,N/A,N/A,N/A,,,,,,,,58,37,SAT=0,46.24,-66.37,-989.42,87.50,-595.00,-227.50,,"Package=83,UTC=11:0:28,Lat=N/A,Lng=N/A,Alt=N/A,Ax=46.24,Ay=-66.37,Az=-989.42,Gx=87.50,Gy=-595.00,Gz=-227.50,T=58,H=37,SAT=0"
,2025-09-21T03:00:32Z,COM6,,UTC=11:0:29,N/A,N/A,N/A,,,,,,,,58,37,SAT=0,48.31,-63.68,-989.91,-17.50,-770.00,17.50,,"Package=84,UTC=11:0:29,Lat=N/A,Lng=N/A,Alt=N/A,Ax=48.31,Ay=-63.68,Az=-989.91,Gx=-17.50,Gy=-770.00,Gz=17.50,T=58,H=37,SAT=0"
,2025-09-21T03:00:33Z,COM6,,UTC=11:0:30,N/A,N/A,N/A,,,,,,,,58,37,SAT=0,50.51,-62.71,-989.66,-17.50,-787.50,297.50,,"Package=85,UTC=11:0:30,Lat=N/A,Lng=N/A,Alt=N/A,Ax=50.51,Ay=-62.71,Az=-989.66,Gx=-17.50,Gy=-787.50,Gz=297.50,T=58,H=37,SAT=0"
,2025-09-21T03:00:34Z,COM6,,UTC=11:0:31,N/A,N/A,N/A,,,,,,,,58,37,SAT=0,47.95,-63.81,-990.40,52.50,-577.50,-122.50,,"Package=86,UTC=11:0:31,Lat=N/A,Lng=N/A,Alt=N/A,Ax=47.95,Ay=-63.81,Az=-990.40,Gx=52.50,Gy=-577.50,Gz=-122.50,T=58,H=37,SAT=0"
,2025-09-21T03:00:35Z,COM6,,UTC=11:0:32,N/A,N/A,N/A,,,,,,,,58,37,SAT=0,48.92,-62.71,-990.03,52.50,-717.50,-17.50,,"Package=87,UTC=11:0:32,Lat=N/A,Lng=N/A,Alt=N/A,Ax=48.92,Ay=-62.71,Az=-990.03,Gx=52.50,Gy=-717.50,Gz=-17.50,T=58,H=37,SAT=0"
,2025-09-21T03:00:36Z,COM6,,UTC=11:0:33,N/A,N/A,N/A,,,,,,,,58,37,SAT=0,47.95,-63.93,-989.42,-140.00,-857.50,-122.50,,"Package=88,UTC=11:0:33,Lat=N/A,Lng=N/A,Alt=N/A,Ax=47.95,Ay=-63.93,Az=-989.42,Gx=-140.00,Gy=-857.50,Gz=-122.50,T=58,H=37,SAT=0"
,2025-09-21T03:00:37Z,COM6,,UTC=11:0:34,N/A,N/A,N/A,,,,,,,,58,36,SAT=0,51.85,-63.68,-990.52,-87.50,-560.00,-87.50,,"Package=89,UTC=11:0:34,Lat=N/A,Lng=N/A,Alt=N/A,Ax=51.85,Ay=-63.68,Az=-990.52,Gx=-87.50,Gy=-560.00,Gz=-87.50,T=58,H=36,SAT=0"
,2025-09-21T03:00:38Z,COM6,,UTC=11:0:35,N/A,N/A,N/A,,,,,,,,58,36,SAT=0,47.82,-63.07,-988.93,-3972.50,-4515.00,0.00,,"Package=90,UTC=11:0:35,Lat=N/A,Lng=N/A,Alt=N/A,Ax=47.82,Ay=-63.07,Az=-988.93,Gx=-3972.50,Gy=-4515.00,Gz=0.00,T=58,H=36,SAT=0"
,2025-09-21T03:00:39Z,COM6,,UTC=11:0:36,N/A,N/A,N/A,,,,,,,,58,37,SAT=0,45.14,-62.83,-990.15,17.50,-910.00,-17.50,,"Package=91,UTC=11:0:36,Lat=N/A,Lng=N/A,Alt=N/A,Ax=45.14,Ay=-62.83,Az=-990.15,Gx=17.50,Gy=-910.00,Gz=-17.50,T=58,H=37,SAT=0"
,2025-09-21T03:00:40Z,COM6,,UTC=11:0:37,N/A,N/A,N/A,,,,,,,,,36,SAT=0,39.16,-58.56,-990.88,-1715.00,-2275.00,-105.0T=58,,"Package=92,UTC=11:0:37,Lat=N/A,Lng=N/A,Alt=N/A,Ax=39.16,Ay=-58.56,Az=-990.88,Gx=-1715.00,Gy=-2275.00,Gz=-105.0T=58,H=36,SAT=0"
,2025-09-21T03:00:41Z,COM6,,UTC=11:0:38,N/A,N/A,N/A,,,,,,,,58,36,SAT=0,43.43,-62.83,-990.15,-367.50,-1102.50,-35.00,,"Package=93,UTC=11:0:38,Lat=N/A,Lng=N/A,Alt=N/A,Ax=43.43,Ay=-62.83,Az=-990.15,Gx=-367.50,Gy=-1102.50,Gz=-35.00,T=58,H=36,SAT=0"
,2025-09-21T03:00:42Z,COM6,,UTC=11:0:39,N/A,N/A,N/A,,,,,,,,58,36,SAT=0,43.55,-63.20,-989.66,-157.50,-1085.00,122.50,,"Package=94,UTC=11:0:39,Lat=N/A,Lng=N/A,Alt=N/A,Ax=43.55,Ay=-63.20,Az=-989.66,Gx=-157.50,Gy=-1085.00,Gz=122.50,T=58,H=36,SAT=0"
,2025-09-21T03:00:43Z,COM6,,UTC=11:0:40,N/A,N/A,N/A,,,,,,,,58,36,SAT=0,32.45,-58.80,-990.52,945.00,-122.50,14805.00,,"Package=95,UTC=11:0:40,Lat=N/A,Lng=N/A,Alt=N/A,Ax=32.45,Ay=-58.80,Az=-990.52,Gx=945.00,Gy=-122.50,Gz=14805.00,T=58,H=36,SAT=0"
,2025-09-21T03:00:44Z,COM6,,UTC=11:0:41,N/A,N/A,N/A,,,,,,,,58,36,SAT=0,22.45,-60.27,-992.84,490.00,385.00,-5530.00,,"Package=96,UTC=11:0:41,Lat=N/A,Lng=N/A,Alt=N/A,Ax=22.45,Ay=-60.27,Az=-992.84,Gx=490.00,Gy=385.00,Gz=-5530.00,T=58,H=36,SAT=0"
,2025-09-21T03:00:45Z,COM6,,UTC=11:0:42,N/A,N/A,N/A,,,,,,,,,36,SAT=0,30.26,-53.80,-990.15,945.00,-630.00,-13667.50T=58,,"Package=97,UTC=11:0:42,Lat=N/A,Lng=N/A,Alt=N/A,Ax=30.26,Ay=-53.80,Az=-990.15,Gx=945.00,Gy=-630.00,Gz=-13667.50T=58,H=36,SAT=0"
,2025-09-21T03:00:46Z,COM6,,UTC=11:0:43,N/A,N/A,N/A,,,,,,,,58,36,SAT=0,31.23,-69.30,-990.15,0.00,-717.50,-437.50,,"Package=98,UTC=11:0:43,Lat=N/A,Lng=N/A,Alt=N/A,Ax=31.23,Ay=-69.30,Az=-990.15,Gx=0.00,Gy=-717.50,Gz=-437.50,T=58,H=36,SAT=0"
,2025-09-21T03:00:47Z,COM6,,UTC=11:0:44,N/A,N/A,N/A,,,,,,,,58,36,SAT=0,28.79,-71.98,-990.27,52.50,-647.50,227.50,,"Package=99,UTC=11:0:44,Lat=N/A,Lng=N/A,Alt=N/A,Ax=28.79,Ay=-71.98,Az=-990.27,Gx=52.50,Gy=-647.50,Gz=227.50,T=58,H=36,SAT=0"
,2025-09-21T03:00:48Z,COM6,,UTC=11:0:45,N/A,N/A,N/A,,,,,,,,,36,SAT=0,16.47,-52.46,-991.49,-297.50,-1155.00,23712.5T=58,,"Package=100,UTC=11:0:45,Lat=N/A,Lng=N/A,Alt=N/A,Ax=16.47,Ay=-52.46,Az=-991.49,Gx=-297.50,Gy=-1155.00,Gz=23712.5T=58,H=36,SAT=0"
,2025-09-21T03:00:49Z,COM6,,UTC=11:0:46,N/A,N/A,N/A,,,,,,,,,36,SAT=0,21.47,-50.26,-991.98,735.00,-6737.50,-2590.00T=58,,"Package=101,UTC=11:0:46,Lat=N/A,Lng=N/A,Alt=N/A,Ax=21.47,Ay=-50.26,Az=-991.98,Gx=735.00,Gy=-6737.50,Gz=-2590.00T=58,H=36,SAT=0"
,2025-09-21T03:00:50Z,COM6,,UTC=11:0:47,N/A,N/A,N/A,,,,,,,,,36,SAT=0,10.74,-72.22,-991.86,2152.50,1470.00,-1032.50T=58,,"Package=102,UTC=11:0:47,Lat=N/A,Lng=N/A,Alt=N/A,Ax=10.74,Ay=-72.22,Az=-991.86,Gx=2152.50,Gy=1470.00,Gz=-1032.50T=58,H=36,SAT=0"
,2025-09-21T03:00:51Z,COM6,,UTC=11:0:48,N/A,N/A,N/A,,,,,,,,,36,SAT=0,59.66,-72.96,-998.45,-16012.50,27790.00,-8487T=58,,"Package=103,UTC=11:0:48,Lat=N/A,Lng=N/A,Alt=N/A,Ax=59.66,Ay=-72.96,Az=-998.45,Gx=-16012.50,Gy=27790.00,Gz=-8487T=58,H=36,SAT=0"
,2025-09-21T03:00:52Z,COM6,,UTC=11:0:49,N/A,N/A,N/A,,,,,,,,58,36,SAT=0,46.12,-73.69,-990.15,402.50,-805.00,-35.00,,"Package=104,UTC=11:0:49,Lat=N/A,Lng=N/A,Alt=N/A,Ax=46.12,Ay=-73.69,Az=-990.15,Gx=402.50,Gy=-805.00,Gz=-35.00,T=58,H=36,SAT=0"
,2025-09-21T03:00:53Z,COM6,,UTC=11:0:50,N/A,N/A,N/A,,,,,,,,58,36,SAT=0,41.36,-67.83,-988.57,507.50,-1102.50,367.50,,"Package=105,UTC=11:0:50,Lat=N/A,Lng=N/A,Alt=N/A,Ax=41.36,Ay=-67.83,Az=-988.57,Gx=507.50,Gy=-1102.50,Gz=367.50,T=58,H=36,SAT=0"
,2025-09-21T03:00:54Z,COM6,,UTC=11:0:51,N/A,N/A,N/A,,,,,,,,58,36,SAT=0,41.24,-71.49,-989.66,-157.50,-822.50,-87.50,,"Package=106,UTC=11:0:51,Lat=N/A,Lng=N/A,Alt=N/A,Ax=41.24,Ay=-71.49,Az=-989.66,Gx=-157.50,Gy=-822.50,Gz=-87.50,T=58,H=36,SAT=0"
,2025-09-21T03:00:55Z,COM6,,UTC=11:0:52,N/A,N/A,N/A,,,,,,,,,36,SAT=0,37.45,-67.83,-988.69,-5827.50,-6317.50,-8995.T=58,,"Package=107,UTC=11:0:52,Lat=N/A,Lng=N/A,Alt=N/A,Ax=37.45,Ay=-67.83,Az=-988.69,Gx=-5827.50,Gy=-6317.50,Gz=-8995.T=58,H=36,SAT=0"
