Pkt-Cnt,rx_time,port,millis,UTC,Alt,Lng,Lat,VBAT,VSOLAR,V3V3,V5V,V3V3EF,EPS,TS,T,H,PAY,Ax,Ay,Az,Gx,Gy,Gz,Sat,raw
,2025-09-21T03:29:12Z,COM6,,UTC=8:0:10,N/A,N/A,N/A,,,,,,,,39,56,SAT=0,34.65,-49.65,-988.81,105.00,-647.50,-402.50,,"Package=30,UTC=8:0:10,Lat=N/A,Lng=N/A,Alt=N/A,Ax=34.65,Ay=-49.65,Az=-988.81,Gx=105.00,Gy=-647.50,Gz=-402.50,T=39,H=56,SAT=0"
,2025-09-21T03:29:13Z,COM6,,UTC=8:0:11,N/A,N/A,N/A,,,,,,,,38,56,SAT=0,33.55,-51.85,-990.15,-105.00,-560.00,-105.00,,"Package=31,UTC=8:0:11,Lat=N/A,Lng=N/A,Alt=N/A,Ax=33.55,Ay=-51.85,Az=-990.15,Gx=-105.00,Gy=-560.00,Gz=-105.00,T=38,H=56,SAT=0"
,2025-09-21T03:29:14Z,COM6,,UTC=8:0:12,N/A,N/A,N/A,,,,,,,,38,56,SAT=0,33.92,-51.48,-990.15,-87.50,542.50,35.00,,"Package=32,UTC=8:0:12,Lat=N/A,Lng=N/A,Alt=N/A,Ax=33.92,Ay=-51.48,Az=-990.15,Gx=-87.50,Gy=542.50,Gz=35.00,T=38,H=56,SAT=0"
,2025-09-21T03:29:15Z,COM6,,UTC=8:0:13,N/A,N/A,N/A,,,,,,,,38,56,SAT=0,33.92,-52.34,-989.42,-17.50,-717.50,-70.00,,"Package=33,UTC=8:0:13,Lat=N/A,Lng=N/A,Alt=N/A,Ax=33.92,Ay=-52.34,Az=-989.42,Gx=-17.50,Gy=-717.50,Gz=-70.00,T=38,H=56,SAT=0"
,2025-09-21T03:29:16Z,COM6,,UTC=8:0:14,N/A,N/A,N/A,,,,,,,,38,56,SAT=0,33.31,-51.97,-989.66,-105.00,-595.00,-87.50,,"Package=34,UTC=8:0:14,Lat=N/A,Lng=N/A,Alt=N/A,Ax=33.31,Ay=-51.97,Az=-989.66,Gx=-105.00,Gy=-595.00,Gz=-87.50,T=38,H=56,SAT=0"
,2025-09-21T03:29:17Z,COM6,,UTC=8:0:15,N/A,N/A,N/A,,,,,,,,38,56,SAT=0,34.16,-52.22,-987.96,-875.00,-1802.50,-70.00,,"Package=35,UTC=8:0:15,Lat=N/A,Lng=N/A,Alt=N/A,Ax=34.16,Ay=-52.22,Az=-987.96,Gx=-875.00,Gy=-1802.50,Gz=-70.00,T=38,H=56,SAT=0"
,2025-09-21T03:29:18Z,COM6,,UTC=8:0:16,N/A,N/A,N/A,,,,,,,,38,56,SAT=0,34.04,-53.07,-989.42,-70.00,-875.00,-17.50,,"Package=36,UTC=8:0:16,Lat=N/A,Lng=N/A,Alt=N/A,Ax=34.04,Ay=-53.07,Az=-989.42,Gx=-70.00,Gy=-875.00,Gz=-17.50,T=38,H=56,SAT=0"
,2025-09-21T03:29:19Z,COM6,,UTC=8:0:17,N/A,N/A,N/A,,,,,,,,38,56,SAT=0,32.82,-52.34,-988.44,-612.50,-927.50,17.50,,"Package=37,UTC=8:0:17,Lat=N/A,Lng=N/A,Alt=N/A,Ax=32.82,Ay=-52.34,Az=-988.44,Gx=-612.50,Gy=-927.50,Gz=17.50,T=38,H=56,SAT=0"
,2025-09-21T03:29:20Z,COM6,,UTC=8:0:18,N/A,N/A,N/A,,,,,,,,,56,SAT=0,34.53,-51.24,-990.52,-332.50,-1382.50,-1697.5T=38,,"Package=38,UTC=8:0:18,Lat=N/A,Lng=N/A,Alt=N/A,Ax=34.53,Ay=-51.24,Az=-990.52,Gx=-332.50,Gy=-1382.50,Gz=-1697.5T=38,H=56,SAT=0"
,2025-09-21T03:29:21Z,COM6,,UTC=8:0:19,N/A,N/A,N/A,,,,,,,,38,56,SAT=0,34.65,-51.61,-991.13,-595.00,-525.00,-175.00,,"Package=39,UTC=8:0:19,Lat=N/A,Lng=N/A,Alt=N/A,Ax=34.65,Ay=-51.61,Az=-991.13,Gx=-595.00,Gy=-525.00,Gz=-175.00,T=38,H=56,SAT=0"
,2025-09-21T03:29:22Z,COM6,,UTC=8:0:20,N/A,N/A,N/A,,,,,,,,38,56,SAT=0,33.18,-49.65,-987.96,280.00,-682.50,-227.50,,"Package=40,UTC=8:0:20,Lat=N/A,Lng=N/A,Alt=N/A,Ax=33.18,Ay=-49.65,Az=-987.96,Gx=280.00,Gy=-682.50,Gz=-227.50,T=38,H=56,SAT=0"
,2025-09-21T03:29:23Z,COM6,,UTC=8:0:21,N/A,N/A,N/A,,,,,,,,,56,SAT=0,29.52,-47.70,-993.32,-1435.00,-122.50,-12425.T=38,,"Package=41,UTC=8:0:21,Lat=N/A,Lng=N/A,Alt=N/A,Ax=29.52,Ay=-47.70,Az=-993.32,Gx=-1435.00,Gy=-122.50,Gz=-12425.T=38,H=56,SAT=0"
,2025-09-21T03:29:24Z,COM6,,UTC=8:0:22,N/A,N/A,N/A,,,,,,,,38,56,SAT=0,34.04,-50.26,-986.49,-140.00,315.00,-35.00,,"Package=42,UTC=8:0:22,Lat=N/A,Lng=N/A,Alt=N/A,Ax=34.04,Ay=-50.26,Az=-986.49,Gx=-140.00,Gy=315.00,Gz=-35.00,T=38,H=56,SAT=0"
,2025-09-21T03:29:25Z,COM6,,UTC=8:0:23,N/A,N/A,N/A,,,,,,,,38,56,SAT=0,34.53,-49.65,-988.69,420.00,-910.00,-105.00,,"Package=43,UTC=8:0:23,Lat=N/A,Lng=N/A,Alt=N/A,Ax=34.53,Ay=-49.65,Az=-988.69,Gx=420.00,Gy=-910.00,Gz=-105.00,T=38,H=56,SAT=0"
,2025-09-21T03:29:26Z,COM6,,UTC=8:0:24,N/A,N/A,N/A,,,,,,,,39,56,SAT=0,33.06,-49.29,-988.44,-210.00,-175.00,-385.00,,"Package=44,UTC=8:0:24,Lat=N/A,Lng=N/A,Alt=N/A,Ax=33.06,Ay=-49.29,Az=-988.44,Gx=-210.00,Gy=-175.00,Gz=-385.00,T=39,H=56,SAT=0"
,2025-09-21T03:29:27Z,COM6,,UTC=8:0:25,N/A,N/A,N/A,,,,,,,,,56,SAT=0,40.63,-50.02,-987.22,-210.00,-2152.50,-5530.0T=39,,"Package=45,UTC=8:0:25,Lat=N/A,Lng=N/A,Alt=N/A,Ax=40.63,Ay=-50.02,Az=-987.22,Gx=-210.00,Gy=-2152.50,Gz=-5530.0T=39,H=56,SAT=0"
,2025-09-21T03:29:28Z,COM6,,UTC=8:0:26,N/A,N/A,N/A,,,,,,,,,56,SAT=0,46.36,-30.74,-988.93,-192.50,-892.50,15557.50T=39,,"Package=46,UTC=8:0:26,Lat=N/A,Lng=N/A,Alt=N/A,Ax=46.36,Ay=-30.74,Az=-988.93,Gx=-192.50,Gy=-892.50,Gz=15557.50T=39,H=56,SAT=0"
,2025-09-21T03:29:29Z,COM6,,UTC=8:0:27,N/A,N/A,N/A,,,,,,,,39,56,SAT=0,36.48,-45.26,-990.76,-262.50,-525.00,35.00,,"Package=47,UTC=8:0:27,Lat=N/A,Lng=N/A,Alt=N/A,Ax=36.48,Ay=-45.26,Az=-990.76,Gx=-262.50,Gy=-525.00,Gz=35.00,T=39,H=56,SAT=0"
,2025-09-21T03:29:30Z,COM6,,UTC=8:0:28,N/A,N/A,N/A,,,,,,,,39,56,SAT=0,34.65,-47.09,-990.27,52.50,-472.50,-175.00,,"Package=48,UTC=8:0:28,Lat=N/A,Lng=N/A,Alt=N/A,Ax=34.65,Ay=-47.09,Az=-990.27,Gx=52.50,Gy=-472.50,Gz=-175.00,T=39,H=56,SAT=0"
,2025-09-21T03:29:31Z,COM6,,UTC=8:0:29,N/A,N/A,N/A,,,,,,,,39,56,SAT=0,36.97,-47.09,-989.30,-35.00,-647.50,52.50,,"Package=49,UTC=8:0:29,Lat=N/A,Lng=N/A,Alt=N/A,Ax=36.97,Ay=-47.09,Az=-989.30,Gx=-35.00,Gy=-647.50,Gz=52.50,T=39,H=56,SAT=0"
,2025-09-21T03:29:32Z,COM6,,UTC=8:0:30,N/A,N/A,N/A,,,,,,,,39,56,SAT=0,34.89,-45.38,-990.15,35.00,-542.50,-350.00,,"Package=50,UTC=8:0:30,Lat=N/A,Lng=N/A,Alt=N/A,Ax=34.89,Ay=-45.38,Az=-990.15,Gx=35.00,Gy=-542.50,Gz=-350.00,T=39,H=56,SAT=0"
,2025-09-21T03:29:33Z,COM6,,UTC=8:0:31,N/A,N/A,N/A,,,,,,,,39,56,SAT=0,34.16,-45.63,-990.15,-245.00,-280.00,-700.00,,"Package=51,UTC=8:0:31,Lat=N/A,Lng=N/A,Alt=N/A,Ax=34.16,Ay=-45.63,Az=-990.15,Gx=-245.00,Gy=-280.00,Gz=-700.00,T=39,H=56,SAT=0"
,2025-09-21T03:29:34Z,COM6,,UTC=8:0:32,N/A,N/A,N/A,,,,,,,,39,56,SAT=0,36.23,-47.82,-990.64,-227.50,-262.50,262.50,,"Package=52,UTC=8:0:32,Lat=N/A,Lng=N/A,Alt=N/A,Ax=36.23,Ay=-47.82,Az=-990.64,Gx=-227.50,Gy=-262.50,Gz=262.50,T=39,H=56,SAT=0"
,2025-09-21T03:29:35Z,COM6,,UTC=8:0:33,N/A,N/A,N/A,,,,,,,,39,56,SAT=0,37.58,-47.21,-990.40,210.00,-560.00,0.00,,"Package=53,UTC=8:0:33,Lat=N/A,Lng=N/A,Alt=N/A,Ax=37.58,Ay=-47.21,Az=-990.40,Gx=210.00,Gy=-560.00,Gz=0.00,T=39,H=56,SAT=0"
,2025-09-21T03:29:36Z,COM6,,UTC=8:0:34,N/A,N/A,N/A,,,,,,,,39,56,SAT=0,36.11,-51.97,-989.18,-437.50,-647.50,4462.50,,"Package=54,UTC=8:0:34,Lat=N/A,Lng=N/A,Alt=N/A,Ax=36.11,Ay=-51.97,Az=-989.18,Gx=-437.50,Gy=-647.50,Gz=4462.50,T=39,H=56,SAT=0"
,2025-09-21T03:29:37Z,COM6,,UTC=8:0:35,N/A,N/A,N/A,,,,,,,,39,56,SAT=0,37.58,-50.63,-989.54,157.50,-507.50,-35.00,,"Package=55,UTC=8:0:35,Lat=N/A,Lng=N/A,Alt=N/A,Ax=37.58,Ay=-50.63,Az=-989.54,Gx=157.50,Gy=-507.50,Gz=-35.00,T=39,H=56,SAT=0"
,2025-09-21T03:29:38Z,COM6,,UTC=8:0:36,N/A,N/A,N/A,,,,,,,,39,56,SAT=0,36.36,-50.51,-987.59,612.50,-507.50,-70.00,,"Package=56,UTC=8:0:36,Lat=N/A,Lng=N/A,Alt=N/A,Ax=36.36,Ay=-50.51,Az=-987.59,Gx=612.50,Gy=-507.50,Gz=-70.00,T=39,H=56,SAT=0"
,2025-09-21T03:29:39Z,COM6,,UTC=8:0:37,N/A,N/A,N/A,,,,,,,,39,56,SAT=0,36.60,-49.78,-989.30,140.00,-507.50,87.50,,"Package=57,UTC=8:0:37,Lat=N/A,Lng=N/A,Alt=N/A,Ax=36.60,Ay=-49.78,Az=-989.30,Gx=140.00,Gy=-507.50,Gz=87.50,T=39,H=56,SAT=0"
,2025-09-21T03:29:40Z,COM6,,UTC=8:0:38,N/A,N/A,N/A,,,,,,,,,56,SAT=0,36.48,-50.02,-988.20,-1277.50,-2607.50,-805.0T=39,,"Package=58,UTC=8:0:38,Lat=N/A,Lng=N/A,Alt=N/A,Ax=36.48,Ay=-50.02,Az=-988.20,Gx=-1277.50,Gy=-2607.50,Gz=-805.0T=39,H=56,SAT=0"
,2025-09-21T03:29:41Z,COM6,,UTC=8:0:39,N/A,N/A,N/A,,,,,,,,39,56,SAT=0,32.45,-39.28,-985.15,1820.00,350.00,192.50,,"Package=59,UTC=8:0:39,Lat=N/A,Lng=N/A,Alt=N/A,Ax=32.45,Ay=-39.28,Az=-985.15,Gx=1820.00,Gy=350.00,Gz=192.50,T=39,H=56,SAT=0"
,2025-09-21T03:29:42Z,COM6,,UTC=8:0:40,N/A,N/A,N/A,,,,,,,,39,56,SAT=0,40.50,-49.78,-987.22,2590.00,1032.50,1960.00,,"Package=60,UTC=8:0:40,Lat=N/A,Lng=N/A,Alt=N/A,Ax=40.50,Ay=-49.78,Az=-987.22,Gx=2590.00,Gy=1032.50,Gz=1960.00,T=39,H=56,SAT=0"
,2025-09-21T03:29:43Z,COM6,,UTC=8:0:41,N/A,N/A,N/A,,,,,,,,39,56,SAT=0,40.14,-51.73,-988.93,-87.50,-1085.00,70.00,,"Package=61,UTC=8:0:41,Lat=N/A,Lng=N/A,Alt=N/A,Ax=40.14,Ay=-51.73,Az=-988.93,Gx=-87.50,Gy=-1085.00,Gz=70.00,T=39,H=56,SAT=0"
,2025-09-21T03:29:44Z,COM6,,UTC=8:0:42,N/A,N/A,N/A,,,,,,,,39,56,SAT=0,38.19,-51.00,-989.79,105.00,-840.00,1645.00,,"Package=62,UTC=8:0:42,Lat=N/A,Lng=N/A,Alt=N/A,Ax=38.19,Ay=-51.00,Az=-989.79,Gx=105.00,Gy=-840.00,Gz=1645.00,T=39,H=56,SAT=0"
,2025-09-21T03:29:45Z,COM6,,UTC=8:0:42,N/A,N/A,N/A,,,,,,,,39,56,SAT=0,37.21,-50.51,-988.81,-140.00,-577.50,1050.00,,"Package=63,UTC=8:0:42,Lat=N/A,Lng=N/A,Alt=N/A,Ax=37.21,Ay=-50.51,Az=-988.81,Gx=-140.00,Gy=-577.50,Gz=1050.00,T=39,H=56,SAT=0"
,2025-09-21T03:29:46Z,COM6,,UTC=8:0:43,N/A,N/A,N/A,,,,,,,,39,56,SAT=0,37.09,-55.14,-990.15,-245.00,-245.00,-140.00,,"Package=64,UTC=8:0:43,Lat=N/A,Lng=N/A,Alt=N/A,Ax=37.09,Ay=-55.14,Az=-990.15,Gx=-245.00,Gy=-245.00,Gz=-140.00,T=39,H=56,SAT=0"
,2025-09-21T03:29:47Z,COM6,,UTC=11:29:44,N/A,N/A,N/A,,,,,,,,39,56,SAT=0,31.96,-60.02,-992.10,-525.00,-665.00,-717.50,,"Package=65,UTC=11:29:44,Lat=N/A,Lng=N/A,Alt=N/A,Ax=31.96,Ay=-60.02,Az=-992.10,Gx=-525.00,Gy=-665.00,Gz=-717.50,T=39,H=56,SAT=0"
,2025-09-21T03:29:48Z,COM6,,UTC=11:29:45,N/A,N/A,N/A,,,,,,,,,56,SAT=0,33.92,-52.95,-990.40,-927.50,-2240.00,-122.50T=39,,"Package=66,UTC=11:29:45,Lat=N/A,Lng=N/A,Alt=N/A,Ax=33.92,Ay=-52.95,Az=-990.40,Gx=-927.50,Gy=-2240.00,Gz=-122.50T=39,H=56,SAT=0"
,2025-09-21T03:29:49Z,COM6,,UTC=11:29:46,N/A,N/A,N/A,,,,,,,,39,56,SAT=0,34.89,-52.09,-988.69,525.00,-1032.50,122.50,,"Package=67,UTC=11:29:46,Lat=N/A,Lng=N/A,Alt=N/A,Ax=34.89,Ay=-52.09,Az=-988.69,Gx=525.00,Gy=-1032.50,Gz=122.50,T=39,H=56,SAT=0"
,2025-09-21T03:29:50Z,COM6,,UTC=11:29:47,N/A,N/A,N/A,,,,,,,,,56,SAT=0,35.87,-51.48,-991.49,-1032.50,-822.50,-1645.0T=39,,"Package=68,UTC=11:29:47,Lat=N/A,Lng=N/A,Alt=N/A,Ax=35.87,Ay=-51.48,Az=-991.49,Gx=-1032.50,Gy=-822.50,Gz=-1645.0T=39,H=56,SAT=0"
,2025-09-21T03:29:51Z,COM6,,UTC=11:29:48,N/A,N/A,N/A,,,,,,,,,56,SAT=0,33.79,-45.99,-982.22,1872.50,-1365.00,-122.50T=39,,"Package=69,UTC=11:29:48,Lat=N/A,Lng=N/A,Alt=N/A,Ax=33.79,Ay=-45.99,Az=-982.22,Gx=1872.50,Gy=-1365.00,Gz=-122.50T=39,H=56,SAT=0"
,2025-09-21T03:29:52Z,COM6,,UTC=11:29:49,N/A,N/A,N/A,,,,,,,,,56,SAT=0,32.33,-58.19,-995.64,-5442.50,-945.00,-1557.5T=39,,"Package=70,UTC=11:29:49,Lat=N/A,Lng=N/A,Alt=N/A,Ax=32.33,Ay=-58.19,Az=-995.64,Gx=-5442.50,Gy=-945.00,Gz=-1557.5T=39,H=56,SAT=0"
,2025-09-21T03:29:53Z,COM6,,UTC=11:29:50,N/A,N/A,N/A,,,,,,,,39,56,SAT=0,34.16,-46.85,-990.03,-665.00,-647.50,7175.00,,"Package=71,UTC=11:29:50,Lat=N/A,Lng=N/A,Alt=N/A,Ax=34.16,Ay=-46.85,Az=-990.03,Gx=-665.00,Gy=-647.50,Gz=7175.00,T=39,H=56,SAT=0"
,2025-09-21T03:29:54Z,COM6,,UTC=11:29:51,N/A,N/A,N/A,,,,,,,,,56,SAT=0,33.79,-49.78,-990.27,-630.00,-1032.50,-630.00T=39,,"Package=72,UTC=11:29:51,Lat=N/A,Lng=N/A,Alt=N/A,Ax=33.79,Ay=-49.78,Az=-990.27,Gx=-630.00,Gy=-1032.50,Gz=-630.00T=39,H=56,SAT=0"
,2025-09-21T03:29:55Z,COM6,,UTC=11:29:52,N/A,N/A,N/A,,,,,,,,39,56,SAT=0,33.55,-47.82,-990.27,332.50,-595.00,122.50,,"Package=73,UTC=11:29:52,Lat=N/A,Lng=N/A,Alt=N/A,Ax=33.55,Ay=-47.82,Az=-990.27,Gx=332.50,Gy=-595.00,Gz=122.50,T=39,H=56,SAT=0"
,2025-09-21T03:29:56Z,COM6,,UTC=11:29:53,N/A,N/A,N/A,,,,,,,,39,56,SAT=0,36.36,-50.51,-989.91,105.00,-385.00,-35.00,,"Package=74,UTC=11:29:53,Lat=N/A,Lng=N/A,Alt=N/A,Ax=36.36,Ay=-50.51,Az=-989.91,Gx=105.00,Gy=-385.00,Gz=-35.00,T=39,H=56,SAT=0"
,2025-09-21T03:29:57Z,COM6,,UTC=11:29:54,N/A,N/A,N/A,,,,,,,,39,56,SAT=0,37.82,-49.04,-989.42,-315.00,-665.00,-122.50,,"Package=75,UTC=11:29:54,Lat=N/A,Lng=N/A,Alt=N/A,Ax=37.82,Ay=-49.04,Az=-989.42,Gx=-315.00,Gy=-665.00,Gz=-122.50,T=39,H=56,SAT=0"
,2025-09-21T03:29:58Z,COM6,,UTC=11:29:55,N/A,N/A,N/A,,,,,,,,,56,SAT=0,58.32,-75.52,-1011.99,6335.00,2975.00,-10710.T=39,,"Package=76,UTC=11:29:55,Lat=N/A,Lng=N/A,Alt=N/A,Ax=58.32,Ay=-75.52,Az=-1011.99,Gx=6335.00,Gy=2975.00,Gz=-10710.T=39,H=56,SAT=0"
,2025-09-21T03:29:59Z,COM6,,UTC=11:29:56,N/A,N/A,N/A,,,,,,,,,56,SAT=0,35.01,-50.02,-1001.62,1242.50,-262.50,-8330.0T=39,,"Package=77,UTC=11:29:56,Lat=N/A,Lng=N/A,Alt=N/A,Ax=35.01,Ay=-50.02,Az=-1001.62,Gx=1242.50,Gy=-262.50,Gz=-8330.0T=39,H=56,SAT=0"
,2025-09-21T03:30:00Z,COM6,,UTC=11:29:57,N/A,N/A,N/A,,,,,,,,,56,SAT=0,-126.51,-318.42,-966.73,59517.50,-52570.00,62T=39,,"Package=78,UTC=11:29:57,Lat=N/A,Lng=N/A,Alt=N/A,Ax=-126.51,Ay=-318.42,Az=-966.73,Gx=59517.50,Gy=-52570.00,Gz=62T=39,H=56,SAT=0"
,2025-09-21T03:30:01Z,COM6,,UTC=11:29:58,N/A,N/A,N/A,,,,,,,,,56,SAT=0,-487.02,-512.64,-736.64,-3500.00,-8942.50,299T=39,,"Package=79,UTC=11:29:58,Lat=N/A,Lng=N/A,Alt=N/A,Ax=-487.02,Ay=-512.64,Az=-736.64,Gx=-3500.00,Gy=-8942.50,Gz=299T=39,H=56,SAT=0"
,2025-09-21T03:30:02Z,COM6,,UTC=11:29:59,N/A,N/A,N/A,,,,,,,,,56,SAT=0,-841.56,-434.93,-265.72,-61810.00,-91770.00,5T=39,,"Package=80,UTC=11:29:59,Lat=N/A,Lng=N/A,Alt=N/A,Ax=-841.56,Ay=-434.93,Az=-265.72,Gx=-61810.00,Gy=-91770.00,Gz=5T=39,H=56,SAT=0"
,2025-09-21T03:30:03Z,COM6,,UTC=11:30:0,N/A,N/A,N/A,,,,,,,,,56,SAT=0,-935.01,-386.01,-106.26,8242.50,-11795.00,-61T=39,,"Package=81,UTC=11:30:0,Lat=N/A,Lng=N/A,Alt=N/A,Ax=-935.01,Ay=-386.01,Az=-106.26,Gx=8242.50,Gy=-11795.00,Gz=-61T=39,H=56,SAT=0"
,2025-09-21T03:30:04Z,COM6,,UTC=11:30:1,N/A,N/A,N/A,,,,,,,,,56,SAT=0,-913.54,-345.50,-182.88,13335.00,10132.50,-27T=39,,"Package=82,UTC=11:30:1,Lat=N/A,Lng=N/A,Alt=N/A,Ax=-913.54,Ay=-345.50,Az=-182.88,Gx=13335.00,Gy=10132.50,Gz=-27T=39,H=56,SAT=0"
,2025-09-21T03:30:05Z,COM6,,UTC=11:30:2,N/A,N/A,N/A,,,,,,,,,56,SAT=0,-892.55,-319.15,-230.82,7857.50,-18445.00,180T=39,,"Package=83,UTC=11:30:2,Lat=N/A,Lng=N/A,Alt=N/A,Ax=-892.55,Ay=-319.15,Az=-230.82,Gx=7857.50,Gy=-18445.00,Gz=180T=39,H=56,SAT=0"
,2025-09-21T03:30:06Z,COM6,,UTC=11:30:3,N/A,N/A,N/A,,,,,,,,,56,SAT=0,-978.32,-125.66,-182.63,18235.00,-5617.50,232T=39,,"Package=84,UTC=11:30:3,Lat=N/A,Lng=N/A,Alt=N/A,Ax=-978.32,Ay=-125.66,Az=-182.63,Gx=18235.00,Gy=-5617.50,Gz=232T=39,H=56,SAT=0"
,2025-09-21T03:30:07Z,COM6,,UTC=11:30:4,N/A,N/A,N/A,,,,,,,,,56,SAT=0,-985.76,10.61,-194.10,-12337.50,-21647.50,628T=39,,"Package=85,UTC=11:30:4,Lat=N/A,Lng=N/A,Alt=N/A,Ax=-985.76,Ay=10.61,Az=-194.10,Gx=-12337.50,Gy=-21647.50,Gz=628T=39,H=56,SAT=0"
,2025-09-21T03:30:08Z,COM6,,UTC=11:30:5,N/A,N/A,N/A,,,,,,,,,56,SAT=0,-1014.06,150.55,53.07,-66500.00,-46130.00,873T=39,,"Package=86,UTC=11:30:5,Lat=N/A,Lng=N/A,Alt=N/A,Ax=-1014.06,Ay=150.55,Az=53.07,Gx=-66500.00,Gy=-46130.00,Gz=873T=39,H=56,SAT=0"
,2025-09-21T03:30:09Z,COM6,,UTC=11:30:6,N/A,N/A,N/A,,,,,,,,,56,SAT=0,-856.07,110.53,560.83,-10045.00,-16887.50,-23T=39,,"Package=87,UTC=11:30:6,Lat=N/A,Lng=N/A,Alt=N/A,Ax=-856.07,Ay=110.53,Az=560.83,Gx=-10045.00,Gy=-16887.50,Gz=-23T=39,H=56,SAT=0"
,2025-09-21T03:30:10Z,COM6,,UTC=11:30:7,N/A,N/A,N/A,,,,,,,,,56,SAT=0,-694.91,-559.74,450.79,-62195.00,-31080.00,53T=39,,"Package=88,UTC=11:30:7,Lat=N/A,Lng=N/A,Alt=N/A,Ax=-694.91,Ay=-559.74,Az=450.79,Gx=-62195.00,Gy=-31080.00,Gz=53T=39,H=56,SAT=0"
,2025-09-21T03:30:11Z,COM6,,UTC=11:30:8,N/A,N/A,N/A,,,,,,,,,56,SAT=0,-768.84,-324.40,409.07,30432.50,38867.50,7050T=39,,"Package=89,UTC=11:30:8,Lat=N/A,Lng=N/A,Alt=N/A,Ax=-768.84,Ay=-324.40,Az=409.07,Gx=30432.50,Gy=38867.50,Gz=7050T=39,H=56,SAT=0"
,2025-09-21T03:30:12Z,COM6,,UTC=11:30:9,N/A,N/A,N/A,,,,,,,,,56,SAT=0,-705.89,-419.80,553.64,-13352.50,-21350.00,-2T=39,,"Package=90,UTC=11:30:9,Lat=N/A,Lng=N/A,Alt=N/A,Ax=-705.89,Ay=-419.80,Az=553.64,Gx=-13352.50,Gy=-21350.00,Gz=-2T=39,H=56,SAT=0"
,2025-09-21T03:30:13Z,COM6,,UTC=11:30:10,N/A,N/A,N/A,,,,,,,,,56,SAT=0,-415.29,-567.30,726.02,-26320.00,-49577.50,36T=39,,"Package=91,UTC=11:30:10,Lat=N/A,Lng=N/A,Alt=N/A,Ax=-415.29,Ay=-567.30,Az=726.02,Gx=-26320.00,Gy=-49577.50,Gz=36T=39,H=56,SAT=0"
,2025-09-21T03:30:14Z,COM6,,UTC=11:30:11,N/A,N/A,N/A,,,,,,,,,56,SAT=0,-198.13,-936.96,416.75,35070.00,17132.50,2611T=39,,"Package=92,UTC=11:30:11,Lat=N/A,Lng=N/A,Alt=N/A,Ax=-198.13,Ay=-936.96,Az=416.75,Gx=35070.00,Gy=17132.50,Gz=2611T=39,H=56,SAT=0"
,2025-09-21T03:30:15Z,COM6,,UTC=11:30:12,N/A,N/A,N/A,,,,,,,,,56,SAT=0,-570.59,-595.60,560.47,50050.00,22785.00,1389T=39,,"Package=93,UTC=11:30:12,Lat=N/A,Lng=N/A,Alt=N/A,Ax=-570.59,Ay=-595.60,Az=560.47,Gx=50050.00,Gy=22785.00,Gz=1389T=39,H=56,SAT=0"
,2025-09-21T03:30:16Z,COM6,,UTC=11:30:13,N/A,N/A,N/A,,,,,,,,,56,SAT=0,33.06,-726.88,671.00,-6982.50,5180.00,-5985.0T=39,,"Package=94,UTC=11:30:13,Lat=N/A,Lng=N/A,Alt=N/A,Ax=33.06,Ay=-726.88,Az=671.00,Gx=-6982.50,Gy=5180.00,Gz=-5985.0T=39,H=56,SAT=0"
,2025-09-21T03:30:17Z,COM6,,UTC=11:30:14,N/A,N/A,N/A,,,,,,,,,56,SAT=0,77.23,-901.46,553.76,-33652.50,-17465.00,1373T=39,,"Package=95,UTC=11:30:14,Lat=N/A,Lng=N/A,Alt=N/A,Ax=77.23,Ay=-901.46,Az=553.76,Gx=-33652.50,Gy=-17465.00,Gz=1373T=39,H=56,SAT=0"
,2025-09-21T03:30:18Z,COM6,,UTC=11:30:15,N/A,N/A,N/A,,,,,,,,,56,SAT=0,357.46,-912.07,262.54,65380.00,50575.00,14297T=39,,"Package=96,UTC=11:30:15,Lat=N/A,Lng=N/A,Alt=N/A,Ax=357.46,Ay=-912.07,Az=262.54,Gx=65380.00,Gy=50575.00,Gz=14297T=39,H=56,SAT=0"
,2025-09-21T03:30:19Z,COM6,,UTC=11:30:16,N/A,N/A,N/A,,,,,,,,,56,SAT=0,-401.26,-491.29,777.63,-6037.50,6965.00,25270T=39,,"Package=97,UTC=11:30:16,Lat=N/A,Lng=N/A,Alt=N/A,Ax=-401.26,Ay=-491.29,Az=777.63,Gx=-6037.50,Gy=6965.00,Gz=25270T=39,H=56,SAT=0"
,2025-09-21T03:30:20Z,COM6,,UTC=11:30:17,N/A,N/A,N/A,,,,,,,,,56,SAT=0,-787.75,-343.80,501.91,17430.00,25830.00,-119T=39,,"Package=98,UTC=11:30:17,Lat=N/A,Lng=N/A,Alt=N/A,Ax=-787.75,Ay=-343.80,Az=501.91,Gx=17430.00,Gy=25830.00,Gz=-119T=39,H=56,SAT=0"
,2025-09-21T03:30:21Z,COM6,,UTC=11:30:18,N/A,N/A,N/A,,,,,,,,,56,SAT=0,-856.68,-296.22,560.22,36697.50,-69195.00,-16T=39,,"Package=99,UTC=11:30:18,Lat=N/A,Lng=N/A,Alt=N/A,Ax=-856.68,Ay=-296.22,Az=560.22,Gx=36697.50,Gy=-69195.00,Gz=-16T=39,H=56,SAT=0"
,2025-09-21T03:30:22Z,COM6,,UTC=11:30:19,N/A,N/A,N/A,,,,,,,,,56,SAT=0,-128.47,109.92,892.92,50032.50,111562.50,6457T=39,,"Package=100,UTC=11:30:19,Lat=N/A,Lng=N/A,Alt=N/A,Ax=-128.47,Ay=109.92,Az=892.92,Gx=50032.50,Gy=111562.50,Gz=6457T=39,H=56,SAT=0"
,2025-09-21T03:30:25Z,COM6,,UTC=NO_TIME,N/A,N/A,N/A,,,,,,,,,63,SAT=0,-651.97,13.54,758.11,19827.50,-7017.50,-19512T=40,,"Package=1,UTC=NO_TIME,Lat=N/A,Lng=N/A,Alt=N/A,Ax=-651.97,Ay=13.54,Az=758.11,Gx=19827.50,Gy=-7017.50,Gz=-19512T=40,H=63,SAT=0"
,2025-09-21T03:30:26Z,COM6,,UTC=NO_TIME,N/A,N/A,N/A,,,,,,,,,55,SAT=0,-201.06,38.92,944.28,2082.50,-30187.50,7192.5T=39,,"Package=2,UTC=NO_TIME,Lat=N/A,Lng=N/A,Alt=N/A,Ax=-201.06,Ay=38.92,Az=944.28,Gx=2082.50,Gy=-30187.50,Gz=7192.5T=39,H=55,SAT=0"
,2025-09-21T03:30:27Z,COM6,,UTC=31:59:43,N/A,N/A,N/A,,,,,,,,,56,SAT=0,-40.87,-66.25,1015.53,-1277.50,-5355.00,29610T=39,,"Package=3,UTC=31:59:43,Lat=N/A,Lng=N/A,Alt=N/A,Ax=-40.87,Ay=-66.25,Az=1015.53,Gx=-1277.50,Gy=-5355.00,Gz=29610T=39,H=56,SAT=0"
,2025-09-21T03:30:28Z,COM6,,UTC=31:59:44,N/A,N/A,N/A,,,,,,,,,56,SAT=0,-97.11,-218.14,994.67,15032.50,1960.00,-63175T=39,,"Package=4,UTC=31:59:44,Lat=N/A,Lng=N/A,Alt=N/A,Ax=-97.11,Ay=-218.14,Az=994.67,Gx=15032.50,Gy=1960.00,Gz=-63175T=39,H=56,SAT=0"
,2025-09-21T03:30:29Z,COM6,,UTC=31:59:45,N/A,N/A,N/A,,,,,,,,,56,SAT=0,-146.52,-309.15,947.57,17797.50,48195.00,-228T=39,,"Package=5,UTC=31:59:45,Lat=N/A,Lng=N/A,Alt=N/A,Ax=-146.52,Ay=-309.15,Az=947.57,Gx=17797.50,Gy=48195.00,Gz=-228T=39,H=56,SAT=0"
,2025-09-21T03:30:30Z,COM6,,UTC=31:59:46,N/A,N/A,N/A,,,,,,,,,56,SAT=0,-324.89,-247.17,1025.29,16870.00,-21717.50,87T=39,,"Package=6,UTC=31:59:46,Lat=N/A,Lng=N/A,Alt=N/A,Ax=-324.89,Ay=-247.17,Az=1025.29,Gx=16870.00,Gy=-21717.50,Gz=87T=39,H=56,SAT=0"
,2025-09-21T03:30:31Z,COM6,,UTC=31:59:47,N/A,N/A,N/A,,,,,,,,,56,SAT=0,-87.84,-300.97,955.63,-2415.00,4725.00,-30100T=39,,"Package=7,UTC=31:59:47,Lat=N/A,Lng=N/A,Alt=N/A,Ax=-87.84,Ay=-300.97,Az=955.63,Gx=-2415.00,Gy=4725.00,Gz=-30100T=39,H=56,SAT=0"
,2025-09-21T03:30:32Z,COM6,,UTC=31:59:48,N/A,N/A,N/A,,,,,,,,,56,SAT=0,-26.47,-294.51,801.42,16485.00,22522.50,-6629T=39,,"Package=8,UTC=31:59:48,Lat=N/A,Lng=N/A,Alt=N/A,Ax=-26.47,Ay=-294.51,Az=801.42,Gx=16485.00,Gy=22522.50,Gz=-6629T=39,H=56,SAT=0"
,2025-09-21T03:30:33Z,COM6,,UTC=31:59:49,N/A,N/A,N/A,,,,,,,,,56,SAT=0,-5.73,-133.71,841.07,-87202.50,-94272.50,-579T=39,,"Package=9,UTC=31:59:49,Lat=N/A,Lng=N/A,Alt=N/A,Ax=-5.73,Ay=-133.71,Az=841.07,Gx=-87202.50,Gy=-94272.50,Gz=-579T=39,H=56,SAT=0"
,2025-09-21T03:30:34Z,COM6,,UTC=31:59:50,N/A,N/A,N/A,,,,,,,,,56,SAT=0,-339.77,235.22,910.12,13247.50,20160.00,22382T=40,,"Package=10,UTC=31:59:50,Lat=N/A,Lng=N/A,Alt=N/A,Ax=-339.77,Ay=235.22,Az=910.12,Gx=13247.50,Gy=20160.00,Gz=22382T=40,H=56,SAT=0"
,2025-09-21T03:30:35Z,COM6,,UTC=31:59:51,N/A,N/A,N/A,,,,,,,,,55,SAT=0,-507.40,335.01,765.43,19285.00,19530.00,38780T=40,,"Package=11,UTC=31:59:51,Lat=N/A,Lng=N/A,Alt=N/A,Ax=-507.40,Ay=335.01,Az=765.43,Gx=19285.00,Gy=19530.00,Gz=38780T=40,H=55,SAT=0"
,2025-09-21T03:30:36Z,COM6,,UTC=31:59:52,N/A,N/A,N/A,,,,,,,,,55,SAT=0,-459.57,118.34,897.55,-21770.00,7875.00,30730T=40,,"Package=12,UTC=31:59:52,Lat=N/A,Lng=N/A,Alt=N/A,Ax=-459.57,Ay=118.34,Az=897.55,Gx=-21770.00,Gy=7875.00,Gz=30730T=40,H=55,SAT=0"
,2025-09-21T03:30:37Z,COM6,,UTC=31:59:53,N/A,N/A,N/A,,,,,,,,,55,SAT=0,-171.90,154.94,980.76,-6422.50,-24710.00,4924T=40,,"Package=13,UTC=31:59:53,Lat=N/A,Lng=N/A,Alt=N/A,Ax=-171.90,Ay=154.94,Az=980.76,Gx=-6422.50,Gy=-24710.00,Gz=4924T=40,H=55,SAT=0"
,2025-09-21T03:30:38Z,COM6,,UTC=31:59:54,N/A,N/A,N/A,,,,,,,,,55,SAT=0,68.69,235.46,963.07,-12985.00,-6317.50,45850.T=40,,"Package=14,UTC=31:59:54,Lat=N/A,Lng=N/A,Alt=N/A,Ax=68.69,Ay=235.46,Az=963.07,Gx=-12985.00,Gy=-6317.50,Gz=45850.T=40,H=55,SAT=0"
,2025-09-21T03:30:39Z,COM6,,UTC=31:59:55,N/A,N/A,N/A,,,,,,,,,55,SAT=0,273.77,306.71,837.04,-46497.50,43067.50,10645T=40,,"Package=15,UTC=31:59:55,Lat=N/A,Lng=N/A,Alt=N/A,Ax=273.77,Ay=306.71,Az=837.04,Gx=-46497.50,Gy=43067.50,Gz=10645T=40,H=55,SAT=0"
,2025-09-21T03:30:40Z,COM6,,UTC=31:59:56,N/A,N/A,N/A,,,,,,,,,55,SAT=0,113.34,-535.21,851.80,-18707.50,-32602.50,-38T=40,,"Package=16,UTC=31:59:56,Lat=N/A,Lng=N/A,Alt=N/A,Ax=113.34,Ay=-535.21,Az=851.80,Gx=-18707.50,Gy=-32602.50,Gz=-38T=40,H=55,SAT=0"
,2025-09-21T03:30:41Z,COM6,,UTC=31:59:57,N/A,N/A,N/A,,,,,,,,,55,SAT=0,120.05,-605.12,772.14,-35717.50,-39217.50,180T=40,,"Package=17,UTC=31:59:57,Lat=N/A,Lng=N/A,Alt=N/A,Ax=120.05,Ay=-605.12,Az=772.14,Gx=-35717.50,Gy=-39217.50,Gz=180T=40,H=55,SAT=0"
,2025-09-21T03:30:42Z,COM6,,UTC=31:59:58,N/A,N/A,N/A,,,,,,,,,55,SAT=0,204.59,-790.44,779.34,-28297.50,-25602.50,151T=40,,"Package=18,UTC=31:59:58,Lat=N/A,Lng=N/A,Alt=N/A,Ax=204.59,Ay=-790.44,Az=779.34,Gx=-28297.50,Gy=-25602.50,Gz=151T=40,H=55,SAT=0"
,2025-09-21T03:30:43Z,COM6,,UTC=31:59:59,N/A,N/A,N/A,,,,,,,,,55,SAT=0,88.45,-888.28,435.78,72030.00,-9450.00,7542.5T=40,,"Package=19,UTC=31:59:59,Lat=N/A,Lng=N/A,Alt=N/A,Ax=88.45,Ay=-888.28,Az=435.78,Gx=72030.00,Gy=-9450.00,Gz=7542.5T=40,H=55,SAT=0"
,2025-09-21T03:30:44Z,COM6,,UTC=8:0:0,N/A,N/A,N/A,,,,,,,,,55,SAT=0,-84.42,-571.57,908.78,-6930.00,-21280.00,7315T=40,,"Package=20,UTC=8:0:0,Lat=N/A,Lng=N/A,Alt=N/A,Ax=-84.42,Ay=-571.57,Az=908.78,Gx=-6930.00,Gy=-21280.00,Gz=7315T=40,H=55,SAT=0"
,2025-09-21T03:30:45Z,COM6,,UTC=8:0:1,N/A,N/A,N/A,,,,,,,,,55,SAT=0,-8.05,-619.52,859.61,-35560.00,32392.50,-3928T=40,,"Package=21,UTC=8:0:1,Lat=N/A,Lng=N/A,Alt=N/A,Ax=-8.05,Ay=-619.52,Az=859.61,Gx=-35560.00,Gy=32392.50,Gz=-3928T=40,H=55,SAT=0"
,2025-09-21T03:30:46Z,COM6,,UTC=8:0:2,N/A,N/A,N/A,,,,,,,,,55,SAT=0,23.30,-618.17,735.54,3447.50,-12197.50,11742.T=40,,"Package=22,UTC=8:0:2,Lat=N/A,Lng=N/A,Alt=N/A,Ax=23.30,Ay=-618.17,Az=735.54,Gx=3447.50,Gy=-12197.50,Gz=11742.T=40,H=55,SAT=0"
,2025-09-21T03:30:47Z,COM6,,UTC=8:0:3,N/A,N/A,N/A,,,,,,,,,55,SAT=0,-52.95,-581.33,841.19,3780.00,6072.50,-8960.0T=40,,"Package=23,UTC=8:0:3,Lat=N/A,Lng=N/A,Alt=N/A,Ax=-52.95,Ay=-581.33,Az=841.19,Gx=3780.00,Gy=6072.50,Gz=-8960.0T=40,H=55,SAT=0"
,2025-09-21T03:30:48Z,COM6,,UTC=8:0:4,N/A,N/A,N/A,,,,,,,,40,55,SAT=0,-5.61,-481.17,917.20,1820.00,3972.50,1382.50,,"Package=24,UTC=8:0:4,Lat=N/A,Lng=N/A,Alt=N/A,Ax=-5.61,Ay=-481.17,Az=917.20,Gx=1820.00,Gy=3972.50,Gz=1382.50,T=40,H=55,SAT=0"
,2025-09-21T03:30:49Z,COM6,,UTC=8:0:5,N/A,N/A,N/A,,,,,,,,,55,SAT=0,-8.17,-307.44,1064.45,15085.00,-18795.00,-327T=40,,"Package=25,UTC=8:0:5,Lat=N/A,Lng=N/A,Alt=N/A,Ax=-8.17,Ay=-307.44,Az=1064.45,Gx=15085.00,Gy=-18795.00,Gz=-327T=40,H=55,SAT=0"
,2025-09-21T03:30:50Z,COM6,,UTC=8:0:6,N/A,N/A,N/A,,,,,,,,,55,SAT=0,88.57,-196.18,953.06,-2677.50,5110.00,15820.0T=40,,"Package=26,UTC=8:0:6,Lat=N/A,Lng=N/A,Alt=N/A,Ax=88.57,Ay=-196.18,Az=953.06,Gx=-2677.50,Gy=5110.00,Gz=15820.0T=40,H=55,SAT=0"
,2025-09-21T03:30:51Z,COM6,,UTC=8:0:7,N/A,N/A,N/A,,,,,,,,,55,SAT=0,164.33,-264.25,946.72,3010.00,16030.00,7297.5T=40,,"Package=27,UTC=8:0:7,Lat=N/A,Lng=N/A,Alt=N/A,Ax=164.33,Ay=-264.25,Az=946.72,Gx=3010.00,Gy=16030.00,Gz=7297.5T=40,H=55,SAT=0"
,2025-09-21T03:30:52Z,COM6,,UTC=8:0:8,N/A,N/A,N/A,,,,,,,,,55,SAT=0,-13.42,-144.57,1000.89,34002.50,8295.00,11707T=40,,"Package=28,UTC=8:0:8,Lat=N/A,Lng=N/A,Alt=N/A,Ax=-13.42,Ay=-144.57,Az=1000.89,Gx=34002.50,Gy=8295.00,Gz=11707T=40,H=55,SAT=0"
,2025-09-21T03:30:53Z,COM6,,UTC=11:30:50,N/A,N/A,N/A,,,,,,,,,55,SAT=0,-172.02,29.89,982.71,3990.00,18550.00,-14315.T=39,,"Package=29,UTC=11:30:50,Lat=N/A,Lng=N/A,Alt=N/A,Ax=-172.02,Ay=29.89,Az=982.71,Gx=3990.00,Gy=18550.00,Gz=-14315.T=39,H=55,SAT=0"
,2025-09-21T03:30:54Z,COM6,,UTC=11:30:51,N/A,N/A,N/A,,,,,,,,,56,SAT=0,-183.49,-58.56,993.20,-17307.50,-12460.00,203T=39,,"Package=30,UTC=11:30:51,Lat=N/A,Lng=N/A,Alt=N/A,Ax=-183.49,Ay=-58.56,Az=993.20,Gx=-17307.50,Gy=-12460.00,Gz=203T=39,H=56,SAT=0"
,2025-09-21T03:30:55Z,COM6,,UTC=11:30:52,N/A,N/A,N/A,,,,,,,,,56,SAT=0,-228.99,106.26,984.78,-24220.00,-2065.00,-518T=39,,"Package=31,UTC=11:30:52,Lat=N/A,Lng=N/A,Alt=N/A,Ax=-228.99,Ay=106.26,Az=984.78,Gx=-24220.00,Gy=-2065.00,Gz=-518T=39,H=56,SAT=0"
,2025-09-21T03:30:56Z,COM6,,UTC=11:30:53,N/A,N/A,N/A,,,,,,,,,56,SAT=0,-409.68,-166.41,896.21,27667.50,37345.00,-149T=40,,"Package=32,UTC=11:30:53,Lat=N/A,Lng=N/A,Alt=N/A,Ax=-409.68,Ay=-166.41,Az=896.21,Gx=27667.50,Gy=37345.00,Gz=-149T=40,H=56,SAT=0"
,2025-09-21T03:30:57Z,COM6,,UTC=11:30:54,N/A,N/A,N/A,,,,,,,,,55,SAT=0,-545.71,-480.68,721.26,-5320.00,4025.00,-3445T=39,,"Package=33,UTC=11:30:54,Lat=N/A,Lng=N/A,Alt=N/A,Ax=-545.71,Ay=-480.68,Az=721.26,Gx=-5320.00,Gy=4025.00,Gz=-3445T=39,H=55,SAT=0"
,2025-09-21T03:30:58Z,COM6,,UTC=11:30:55,N/A,N/A,N/A,,,,,,,,,56,SAT=0,-406.99,-692.35,676.00,32970.00,-3745.00,1253T=39,,"Package=34,UTC=11:30:55,Lat=N/A,Lng=N/A,Alt=N/A,Ax=-406.99,Ay=-692.35,Az=676.00,Gx=32970.00,Gy=-3745.00,Gz=1253T=39,H=56,SAT=0"
,2025-09-21T03:30:59Z,COM6,,UTC=11:30:56,N/A,N/A,N/A,,,,,,,,,57,SAT=0,-191.66,-712.60,698.33,-3867.50,26075.00,-501T=39,,"Package=35,UTC=11:30:56,Lat=N/A,Lng=N/A,Alt=N/A,Ax=-191.66,Ay=-712.60,Az=698.33,Gx=-3867.50,Gy=26075.00,Gz=-501T=39,H=57,SAT=0"
,2025-09-21T03:31:00Z,COM6,,UTC=11:30:57,N/A,N/A,N/A,,,,,,,,,57,SAT=0,-113.70,-795.20,620.00,-15855.00,-5792.50,-11T=39,,"Package=36,UTC=11:30:57,Lat=N/A,Lng=N/A,Alt=N/A,Ax=-113.70,Ay=-795.20,Az=620.00,Gx=-15855.00,Gy=-5792.50,Gz=-11T=39,H=57,SAT=0"
,2025-09-21T03:31:01Z,COM6,,UTC=11:30:58,N/A,N/A,N/A,,,,,,,,,57,SAT=0,94.92,-989.91,372.22,21000.00,3902.50,-1645.0T=39,,"Package=37,UTC=11:30:58,Lat=N/A,Lng=N/A,Alt=N/A,Ax=94.92,Ay=-989.91,Az=372.22,Gx=21000.00,Gy=3902.50,Gz=-1645.0T=39,H=57,SAT=0"
,2025-09-21T03:31:02Z,COM6,,UTC=11:31:0,N/A,N/A,N/A,,,,,,,,,57,SAT=0,208.86,-980.51,474.95,315.00,13842.50,-2117.5T=39,,"Package=38,UTC=11:31:0,Lat=N/A,Lng=N/A,Alt=N/A,Ax=208.86,Ay=-980.51,Az=474.95,Gx=315.00,Gy=13842.50,Gz=-2117.5T=39,H=57,SAT=0"
,2025-09-21T03:31:03Z,COM6,,UTC=11:31:1,N/A,N/A,N/A,,,,,,,,,57,SAT=0,146.77,-862.54,498.86,-4690.00,15960.00,-5635T=39,,"Package=39,UTC=11:31:1,Lat=N/A,Lng=N/A,Alt=N/A,Ax=146.77,Ay=-862.54,Az=498.86,Gx=-4690.00,Gy=15960.00,Gz=-5635T=39,H=57,SAT=0"
,2025-09-21T03:31:04Z,COM6,,UTC=11:31:2,N/A,N/A,N/A,,,,,,,,,57,SAT=0,64.17,-896.33,465.67,26092.50,-3832.50,-10517T=39,,"Package=40,UTC=11:31:2,Lat=N/A,Lng=N/A,Alt=N/A,Ax=64.17,Ay=-896.33,Az=465.67,Gx=26092.50,Gy=-3832.50,Gz=-10517T=39,H=57,SAT=0"
,2025-09-21T03:31:05Z,COM6,,UTC=11:31:3,N/A,N/A,N/A,,,,,,,,,57,SAT=0,272.55,-720.41,611.71,8277.50,-4532.50,-12495T=39,,"Package=41,UTC=11:31:3,Lat=N/A,Lng=N/A,Alt=N/A,Ax=272.55,Ay=-720.41,Az=611.71,Gx=8277.50,Gy=-4532.50,Gz=-12495T=39,H=57,SAT=0"
,2025-09-21T03:31:06Z,COM6,,UTC=11:31:4,N/A,N/A,N/A,,,,,,,,,57,SAT=0,396.62,-673.93,693.08,-5197.50,-8522.50,35560T=39,,"Package=42,UTC=11:31:4,Lat=N/A,Lng=N/A,Alt=N/A,Ax=396.62,Ay=-673.93,Az=693.08,Gx=-5197.50,Gy=-8522.50,Gz=35560T=39,H=57,SAT=0"
,2025-09-21T03:31:07Z,COM6,,UTC=11:31:5,N/A,N/A,N/A,,,,,,,,,57,SAT=0,129.93,-821.79,542.90,-30782.50,-5810.00,3347T=39,,"Package=43,UTC=11:31:5,Lat=N/A,Lng=N/A,Alt=N/A,Ax=129.93,Ay=-821.79,Az=542.90,Gx=-30782.50,Gy=-5810.00,Gz=3347T=39,H=57,SAT=0"
,2025-09-21T03:31:08Z,COM6,,UTC=11:31:6,N/A,N/A,N/A,,,,,,,,,57,SAT=0,64.78,-961.97,390.89,26565.00,-5670.00,-15662T=39,,"Package=44,UTC=11:31:6,Lat=N/A,Lng=N/A,Alt=N/A,Ax=64.78,Ay=-961.97,Az=390.89,Gx=26565.00,Gy=-5670.00,Gz=-15662T=39,H=57,SAT=0"
,2025-09-21T03:31:09Z,COM6,,UTC=11:31:7,N/A,N/A,N/A,,,,,,,,,57,SAT=0,-21.35,-921.59,439.69,-30520.00,-10552.50,-10T=39,,"Package=45,UTC=11:31:7,Lat=N/A,Lng=N/A,Alt=N/A,Ax=-21.35,Ay=-921.59,Az=439.69,Gx=-30520.00,Gy=-10552.50,Gz=-10T=39,H=57,SAT=0"
,2025-09-21T03:31:10Z,COM6,,UTC=11:31:8,N/A,N/A,N/A,,,,,,,,,57,SAT=0,354.78,-975.76,284.38,-8085.00,-9362.50,-1555T=39,,"Package=46,UTC=11:31:8,Lat=N/A,Lng=N/A,Alt=N/A,Ax=354.78,Ay=-975.76,Az=284.38,Gx=-8085.00,Gy=-9362.50,Gz=-1555T=39,H=57,SAT=0"
,2025-09-21T03:31:11Z,COM6,,UTC=11:31:9,N/A,N/A,N/A,,,,,,,,,57,SAT=0,173.97,-875.35,403.21,1662.50,42577.50,6860.0T=39,,"Package=47,UTC=11:31:9,Lat=N/A,Lng=N/A,Alt=N/A,Ax=173.97,Ay=-875.35,Az=403.21,Gx=1662.50,Gy=42577.50,Gz=6860.0T=39,H=57,SAT=0"
,2025-09-21T03:31:12Z,COM6,,UTC=11:31:10,N/A,N/A,N/A,,,,,,,,,57,SAT=0,-113.09,-925.98,470.19,57085.00,56525.00,-454T=39,,"Package=48,UTC=11:31:10,Lat=N/A,Lng=N/A,Alt=N/A,Ax=-113.09,Ay=-925.98,Az=470.19,Gx=57085.00,Gy=56525.00,Gz=-454T=39,H=57,SAT=0"
,2025-09-21T03:31:13Z,COM6,,UTC=11:31:11,N/A,N/A,N/A,,,,,,,,,57,SAT=0,47.34,-700.65,693.57,-2957.50,-11340.00,-2677T=39,,"Package=49,UTC=11:31:11,Lat=N/A,Lng=N/A,Alt=N/A,Ax=47.34,Ay=-700.65,Az=693.57,Gx=-2957.50,Gy=-11340.00,Gz=-2677T=39,H=57,SAT=0"
,2025-09-21T03:31:14Z,COM6,,UTC=11:31:12,N/A,N/A,N/A,,,,,,,,40,57,SAT=0,5.61,-820.69,631.84,4217.50,-5355.00,7717.50,,"Package=50,UTC=11:31:12,Lat=N/A,Lng=N/A,Alt=N/A,Ax=5.61,Ay=-820.69,Az=631.84,Gx=4217.50,Gy=-5355.00,Gz=7717.50,T=40,H=57,SAT=0"
,2025-09-21T03:31:15Z,COM6,,UTC=11:31:13,N/A,N/A,N/A,,,,,,,,,56,SAT=0,-109.31,-879.74,570.11,3710.00,-7910.00,13615T=40,,"Package=51,UTC=11:31:13,Lat=N/A,Lng=N/A,Alt=N/A,Ax=-109.31,Ay=-879.74,Az=570.11,Gx=3710.00,Gy=-7910.00,Gz=13615T=40,H=56,SAT=0"
,2025-09-21T03:31:16Z,COM6,,UTC=11:31:14,N/A,N/A,N/A,,,,,,,,,56,SAT=0,-264.74,-774.82,596.21,19145.00,3587.50,-1573T=40,,"Package=52,UTC=11:31:14,Lat=N/A,Lng=N/A,Alt=N/A,Ax=-264.74,Ay=-774.82,Az=596.21,Gx=19145.00,Gy=3587.50,Gz=-1573T=40,H=56,SAT=0"
,2025-09-21T03:31:17Z,COM6,,UTC=11:31:15,N/A,N/A,N/A,,,,,,,,,56,SAT=0,-30.99,-682.59,750.42,34107.50,-19757.50,2621T=40,,"Package=53,UTC=11:31:15,Lat=N/A,Lng=N/A,Alt=N/A,Ax=-30.99,Ay=-682.59,Az=750.42,Gx=34107.50,Gy=-19757.50,Gz=2621T=40,H=56,SAT=0"
,2025-09-21T03:31:18Z,COM6,,UTC=11:31:16,N/A,N/A,N/A,,,,,,,,,56,SAT=0,-186.05,-591.21,849.00,-27667.50,1942.50,3797T=40,,"Package=54,UTC=11:31:16,Lat=N/A,Lng=N/A,Alt=N/A,Ax=-186.05,Ay=-591.21,Az=849.00,Gx=-27667.50,Gy=1942.50,Gz=3797T=40,H=56,SAT=0"
,2025-09-21T03:31:19Z,COM6,,UTC=11:31:17,N/A,N/A,N/A,,,,,,,,,56,SAT=0,-355.87,-679.54,714.19,-1172.50,11900.00,1225T=40,,"Package=55,UTC=11:31:17,Lat=N/A,Lng=N/A,Alt=N/A,Ax=-355.87,Ay=-679.54,Az=714.19,Gx=-1172.50,Gy=11900.00,Gz=1225T=40,H=56,SAT=0"
,2025-09-21T03:31:20Z,COM6,,UTC=11:31:18,N/A,N/A,N/A,,,,,,,,,56,SAT=0,-48.56,-859.12,603.17,5180.00,-6142.50,29960.T=40,,"Package=56,UTC=11:31:18,Lat=N/A,Lng=N/A,Alt=N/A,Ax=-48.56,Ay=-859.12,Az=603.17,Gx=5180.00,Gy=-6142.50,Gz=29960.T=40,H=56,SAT=0"
,2025-09-21T03:31:21Z,COM6,,UTC=11:31:19,N/A,N/A,N/A,,,,,,,,,56,SAT=0,-49.29,-784.70,661.61,3115.00,-2380.00,3115.0T=40,,"Package=57,UTC=11:31:19,Lat=N/A,Lng=N/A,Alt=N/A,Ax=-49.29,Ay=-784.70,Az=661.61,Gx=3115.00,Gy=-2380.00,Gz=3115.0T=40,H=56,SAT=0"
,2025-09-21T03:31:22Z,COM6,,UTC=11:31:20,N/A,N/A,N/A,,,,,,,,,56,SAT=0,-99.80,-714.92,737.37,5057.50,-1015.00,12110.T=40,,"Package=58,UTC=11:31:20,Lat=N/A,Lng=N/A,Alt=N/A,Ax=-99.80,Ay=-714.92,Az=737.37,Gx=5057.50,Gy=-1015.00,Gz=12110.T=40,H=56,SAT=0"
,2025-09-21T03:31:23Z,COM6,,UTC=11:31:21,N/A,N/A,N/A,,,,,,,,,56,SAT=0,-208.99,-741.88,622.93,-80640.00,26932.50,150T=40,,"Package=59,UTC=11:31:21,Lat=N/A,Lng=N/A,Alt=N/A,Ax=-208.99,Ay=-741.88,Az=622.93,Gx=-80640.00,Gy=26932.50,Gz=150T=40,H=56,SAT=0"
,2025-09-21T03:31:24Z,COM6,,UTC=11:31:22,N/A,N/A,N/A,,,,,,,,,56,SAT=0,-188.61,-946.84,489.46,-20807.50,-28892.50,39T=40,,"Package=60,UTC=11:31:22,Lat=N/A,Lng=N/A,Alt=N/A,Ax=-188.61,Ay=-946.84,Az=489.46,Gx=-20807.50,Gy=-28892.50,Gz=39T=40,H=56,SAT=0"
,2025-09-21T03:31:25Z,COM6,,UTC=11:31:23,N/A,N/A,N/A,,,,,,,,,56,SAT=0,-423.34,-818.25,409.43,-9100.00,5547.50,10325T=40,,"Package=61,UTC=11:31:23,Lat=N/A,Lng=N/A,Alt=N/A,Ax=-423.34,Ay=-818.25,Az=409.43,Gx=-9100.00,Gy=5547.50,Gz=10325T=40,H=56,SAT=0"
,2025-09-21T03:31:26Z,COM6,,UTC=11:31:23,N/A,N/A,N/A,,,,,,,,,56,SAT=0,-381.74,-857.05,432.98,-7787.50,3062.50,-3710T=40,,"Package=62,UTC=11:31:23,Lat=N/A,Lng=N/A,Alt=N/A,Ax=-381.74,Ay=-857.05,Az=432.98,Gx=-7787.50,Gy=3062.50,Gz=-3710T=40,H=56,SAT=0"
,2025-09-21T03:31:27Z,COM6,,UTC=11:31:24,N/A,N/A,N/A,,,,,,,,,56,SAT=0,-446.15,-922.93,321.47,-6387.50,-16362.50,-20T=40,,"Package=63,UTC=11:31:24,Lat=N/A,Lng=N/A,Alt=N/A,Ax=-446.15,Ay=-922.93,Az=321.47,Gx=-6387.50,Gy=-16362.50,Gz=-20T=40,H=56,SAT=0"
,2025-09-21T03:31:28Z,COM6,,UTC=11:31:25,N/A,N/A,N/A,,,,,,,,,56,SAT=0,-166.29,-983.20,329.03,-980.00,-21630.00,1317T=40,,"Package=64,UTC=11:31:25,Lat=N/A,Lng=N/A,Alt=N/A,Ax=-166.29,Ay=-983.20,Az=329.03,Gx=-980.00,Gy=-21630.00,Gz=1317T=40,H=56,SAT=0"
,2025-09-21T03:31:29Z,COM6,,UTC=11:31:26,N/A,N/A,N/A,,,,,,,,,56,SAT=0,-251.56,-842.04,457.13,-44065.00,-19670.00,23T=40,,"Package=65,UTC=11:31:26,Lat=N/A,Lng=N/A,Alt=N/A,Ax=-251.56,Ay=-842.04,Az=457.13,Gx=-44065.00,Gy=-19670.00,Gz=23T=40,H=56,SAT=0"
,2025-09-21T03:31:30Z,COM6,,UTC=11:31:27,N/A,N/A,N/A,,,,,,,,,56,SAT=0,-330.99,-872.79,392.35,-5215.00,4550.00,315.0T=40,,"Package=66,UTC=11:31:27,Lat=N/A,Lng=N/A,Alt=N/A,Ax=-330.99,Ay=-872.79,Az=392.35,Gx=-5215.00,Gy=4550.00,Gz=315.0T=40,H=56,SAT=0"
,2025-09-21T03:31:31Z,COM6,,UTC=11:31:28,N/A,N/A,N/A,,,,,,,,,56,SAT=0,-409.92,-875.47,377.96,-3412.50,1505.00,-822.T=40,,"Package=67,UTC=11:31:28,Lat=N/A,Lng=N/A,Alt=N/A,Ax=-409.92,Ay=-875.47,Az=377.96,Gx=-3412.50,Gy=1505.00,Gz=-822.T=40,H=56,SAT=0"
,2025-09-21T03:31:32Z,COM6,,UTC=11:31:29,N/A,N/A,N/A,,,,,,,,,56,SAT=0,-440.18,-897.19,292.43,7245.00,39602.50,2502.T=40,,"Package=68,UTC=11:31:29,Lat=N/A,Lng=N/A,Alt=N/A,Ax=-440.18,Ay=-897.19,Az=292.43,Gx=7245.00,Gy=39602.50,Gz=2502.T=40,H=56,SAT=0"
,2025-09-21T03:31:33Z,COM6,,UTC=11:31:30,N/A,N/A,N/A,,,,,,,,,56,SAT=0,-387.35,-902.31,256.81,11987.50,14455.00,1750T=40,,"Package=69,UTC=11:31:30,Lat=N/A,Lng=N/A,Alt=N/A,Ax=-387.35,Ay=-902.31,Az=256.81,Gx=11987.50,Gy=14455.00,Gz=1750T=40,H=56,SAT=0"
,2025-09-21T03:31:34Z,COM6,,UTC=11:31:31,N/A,N/A,N/A,,,,,,,,,56,SAT=0,-434.32,-882.43,254.86,12722.50,8662.50,-9712T=40,,"Package=70,UTC=11:31:31,Lat=N/A,Lng=N/A,Alt=N/A,Ax=-434.32,Ay=-882.43,Az=254.86,Gx=12722.50,Gy=8662.50,Gz=-9712T=40,H=56,SAT=0"
,2025-09-21T03:31:35Z,COM6,,UTC=11:31:32,N/A,N/A,N/A,,,,,,,,,56,SAT=0,-469.46,-935.86,62.83,12215.00,-6440.00,22260T=40,,"Package=71,UTC=11:31:32,Lat=N/A,Lng=N/A,Alt=N/A,Ax=-469.46,Ay=-935.86,Az=62.83,Gx=12215.00,Gy=-6440.00,Gz=22260T=40,H=56,SAT=0"
,2025-09-21T03:31:36Z,COM6,,UTC=11:31:33,N/A,N/A,N/A,,,,,,,,,56,SAT=0,-401.62,-960.87,167.14,20195.00,9502.50,8400.T=40,,"Package=72,UTC=11:31:33,Lat=N/A,Lng=N/A,Alt=N/A,Ax=-401.62,Ay=-960.87,Az=167.14,Gx=20195.00,Gy=9502.50,Gz=8400.T=40,H=56,SAT=0"
,2025-09-21T03:31:37Z,COM6,,UTC=11:31:34,N/A,N/A,N/A,,,,,,,,,56,SAT=0,-403.21,-911.95,166.53,24955.00,175.00,-12162T=40,,"Package=73,UTC=11:31:34,Lat=N/A,Lng=N/A,Alt=N/A,Ax=-403.21,Ay=-911.95,Az=166.53,Gx=24955.00,Gy=175.00,Gz=-12162T=40,H=56,SAT=0"
,2025-09-21T03:31:38Z,COM6,,UTC=11:31:35,N/A,N/A,N/A,,,,,,,,,56,SAT=0,-411.26,-937.57,241.80,-11515.00,4165.00,1744T=40,,"Package=74,UTC=11:31:35,Lat=N/A,Lng=N/A,Alt=N/A,Ax=-411.26,Ay=-937.57,Az=241.80,Gx=-11515.00,Gy=4165.00,Gz=1744T=40,H=56,SAT=0"
,2025-09-21T03:31:39Z,COM6,,UTC=11:31:36,N/A,N/A,N/A,,,,,,,,,56,SAT=0,-240.58,-935.25,412.12,6475.00,17272.50,-1797T=40,,"Package=75,UTC=11:31:36,Lat=N/A,Lng=N/A,Alt=N/A,Ax=-240.58,Ay=-935.25,Az=412.12,Gx=6475.00,Gy=17272.50,Gz=-1797T=40,H=56,SAT=0"
,2025-09-21T03:31:40Z,COM6,,UTC=11:31:37,N/A,N/A,N/A,,,,,,,,,56,SAT=0,-125.29,-911.71,410.41,-2065.00,4095.00,3325.T=40,,"Package=76,UTC=11:31:37,Lat=N/A,Lng=N/A,Alt=N/A,Ax=-125.29,Ay=-911.71,Az=410.41,Gx=-2065.00,Gy=4095.00,Gz=3325.T=40,H=56,SAT=0"
,2025-09-21T03:31:41Z,COM6,,UTC=11:31:38,N/A,N/A,N/A,,,,,,,,,56,SAT=0,-257.18,-920.25,388.57,35350.00,8540.00,-1716T=40,,"Package=77,UTC=11:31:38,Lat=N/A,Lng=N/A,Alt=N/A,Ax=-257.18,Ay=-920.25,Az=388.57,Gx=35350.00,Gy=8540.00,Gz=-1716T=40,H=56,SAT=0"
,2025-09-21T03:31:42Z,COM6,,UTC=11:31:39,N/A,N/A,N/A,,,,,,,,,56,SAT=0,-338.43,-867.42,348.19,4970.00,36802.50,-1303T=40,,"Package=78,UTC=11:31:39,Lat=N/A,Lng=N/A,Alt=N/A,Ax=-338.43,Ay=-867.42,Az=348.19,Gx=4970.00,Gy=36802.50,Gz=-1303T=40,H=56,SAT=0"
,2025-09-21T03:31:43Z,COM6,,UTC=11:31:40,N/A,N/A,N/A,,,,,,,,,56,SAT=0,-268.64,-942.57,361.36,-4042.50,-7700.00,7280T=40,,"Package=79,UTC=11:31:40,Lat=N/A,Lng=N/A,Alt=N/A,Ax=-268.64,Ay=-942.57,Az=361.36,Gx=-4042.50,Gy=-7700.00,Gz=7280T=40,H=56,SAT=0"
,2025-09-21T03:31:44Z,COM6,,UTC=11:31:41,N/A,N/A,N/A,,,,,,,,,56,SAT=0,-213.99,-949.89,353.43,5687.50,-23450.00,-316T=40,,"Package=80,UTC=11:31:41,Lat=N/A,Lng=N/A,Alt=N/A,Ax=-213.99,Ay=-949.89,Az=353.43,Gx=5687.50,Gy=-23450.00,Gz=-316T=40,H=56,SAT=0"
,2025-09-21T03:31:45Z,COM6,,UTC=11:31:42,N/A,N/A,N/A,,,,,,,,,56,SAT=0,-124.20,-870.71,534.12,-25882.50,-35892.50,31T=40,,"Package=81,UTC=11:31:42,Lat=N/A,Lng=N/A,Alt=N/A,Ax=-124.20,Ay=-870.71,Az=534.12,Gx=-25882.50,Gy=-35892.50,Gz=31T=40,H=56,SAT=0"
,2025-09-21T03:31:46Z,COM6,,UTC=11:31:43,N/A,N/A,N/A,,,,,,,,,56,SAT=0,-34.40,-974.29,441.27,3255.00,48492.50,-47705T=40,,"Package=82,UTC=11:31:43,Lat=N/A,Lng=N/A,Alt=N/A,Ax=-34.40,Ay=-974.29,Az=441.27,Gx=3255.00,Gy=48492.50,Gz=-47705T=40,H=56,SAT=0"
,2025-09-21T03:31:47Z,COM6,,UTC=11:31:44,N/A,N/A,N/A,,,,,,,,,56,SAT=0,47.95,-797.51,468.97,36645.00,26897.50,12775.T=40,,"Package=83,UTC=11:31:44,Lat=N/A,Lng=N/A,Alt=N/A,Ax=47.95,Ay=-797.51,Az=468.97,Gx=36645.00,Gy=26897.50,Gz=12775.T=40,H=56,SAT=0"
,2025-09-21T03:31:48Z,COM6,,UTC=11:31:45,N/A,N/A,N/A,,,,,,,,,56,SAT=0,-7.81,-746.88,781.04,68057.50,3867.50,-29347.T=40,,"Package=84,UTC=11:31:45,Lat=N/A,Lng=N/A,Alt=N/A,Ax=-7.81,Ay=-746.88,Az=781.04,Gx=68057.50,Gy=3867.50,Gz=-29347.T=40,H=56,SAT=0"
,2025-09-21T03:31:49Z,COM6,,UTC=11:31:46,N/A,N/A,N/A,,,,,,,,,56,SAT=0,147.86,-157.26,1043.34,-20930.00,24185.00,-43T=40,,"Package=85,UTC=11:31:46,Lat=N/A,Lng=N/A,Alt=N/A,Ax=147.86,Ay=-157.26,Az=1043.34,Gx=-20930.00,Gy=24185.00,Gz=-43T=40,H=56,SAT=0"
,2025-09-21T03:31:50Z,COM6,,UTC=11:31:47,N/A,N/A,N/A,,,,,,,,,56,SAT=0,-56.36,-22.45,1007.23,8680.00,7717.50,-4550.0T=40,,"Package=86,UTC=11:31:47,Lat=N/A,Lng=N/A,Alt=N/A,Ax=-56.36,Ay=-22.45,Az=1007.23,Gx=8680.00,Gy=7717.50,Gz=-4550.0T=40,H=56,SAT=0"
,2025-09-21T03:31:51Z,COM6,,UTC=11:31:48,N/A,N/A,N/A,,,,,,,,,56,SAT=0,49.53,-17.93,1008.21,3657.50,-1417.50,2415.00T=40,,"Package=87,UTC=11:31:48,Lat=N/A,Lng=N/A,Alt=N/A,Ax=49.53,Ay=-17.93,Az=1008.21,Gx=3657.50,Gy=-1417.50,Gz=2415.00T=40,H=56,SAT=0"
,2025-09-21T03:31:52Z,COM6,,UTC=11:31:49,N/A,N/A,N/A,,,,,,,,40,56,SAT=0,57.10,-17.32,1009.67,175.00,-525.00,-17.50,,"Package=88,UTC=11:31:49,Lat=N/A,Lng=N/A,Alt=N/A,Ax=57.10,Ay=-17.32,Az=1009.67,Gx=175.00,Gy=-525.00,Gz=-17.50,T=40,H=56,SAT=0"
,2025-09-21T03:31:53Z,COM6,,UTC=11:31:50,N/A,N/A,N/A,,,,,,,,40,56,SAT=0,56.97,-17.32,1010.40,105.00,-542.50,-70.00,,"Package=89,UTC=11:31:50,Lat=N/A,Lng=N/A,Alt=N/A,Ax=56.97,Ay=-17.32,Az=1010.40,Gx=105.00,Gy=-542.50,Gz=-70.00,T=40,H=56,SAT=0"
,2025-09-21T03:31:54Z,COM6,,UTC=11:31:51,N/A,N/A,N/A,,,,,,,,40,56,SAT=0,57.10,-17.32,1010.40,-70.00,-630.00,-87.50,,"Package=90,UTC=11:31:51,Lat=N/A,Lng=N/A,Alt=N/A,Ax=57.10,Ay=-17.32,Az=1010.40,Gx=-70.00,Gy=-630.00,Gz=-87.50,T=40,H=56,SAT=0"
,2025-09-21T03:31:55Z,COM6,,UTC=11:31:52,N/A,N/A,N/A,,,,,,,,41,56,SAT=0,57.10,-17.32,1010.53,-35.00,-595.00,-52.50,,"Package=91,UTC=11:31:52,Lat=N/A,Lng=N/A,Alt=N/A,Ax=57.10,Ay=-17.32,Az=1010.53,Gx=-35.00,Gy=-595.00,Gz=-52.50,T=41,H=56,SAT=0"
,2025-09-21T03:31:56Z,COM6,,UTC=11:31:53,N/A,N/A,N/A,,,,,,,,41,56,SAT=0,56.97,-17.08,1010.16,17.50,-612.50,-122.50,,"Package=92,UTC=11:31:53,Lat=N/A,Lng=N/A,Alt=N/A,Ax=56.97,Ay=-17.08,Az=1010.16,Gx=17.50,Gy=-612.50,Gz=-122.50,T=41,H=56,SAT=0"
,2025-09-21T03:31:57Z,COM6,,UTC=11:31:54,N/A,N/A,N/A,,,,,,,,41,56,SAT=0,56.85,-17.45,1010.40,105.00,-595.00,-105.00,,"Package=93,UTC=11:31:54,Lat=N/A,Lng=N/A,Alt=N/A,Ax=56.85,Ay=-17.45,Az=1010.40,Gx=105.00,Gy=-595.00,Gz=-105.00,T=41,H=56,SAT=0"
,2025-09-21T03:31:58Z,COM6,,UTC=11:31:55,N/A,N/A,N/A,,,,,,,,41,56,SAT=0,56.85,-17.32,1010.28,35.00,-577.50,-70.00,,"Package=94,UTC=11:31:55,Lat=N/A,Lng=N/A,Alt=N/A,Ax=56.85,Ay=-17.32,Az=1010.28,Gx=35.00,Gy=-577.50,Gz=-70.00,T=41,H=56,SAT=0"
,2025-09-21T03:31:59Z,COM6,,UTC=11:31:56,N/A,N/A,N/A,,,,,,,,41,56,SAT=0,56.85,-17.32,1010.28,35.00,-542.50,-70.00,,"Package=95,UTC=11:31:56,Lat=N/A,Lng=N/A,Alt=N/A,Ax=56.85,Ay=-17.32,Az=1010.28,Gx=35.00,Gy=-542.50,Gz=-70.00,T=41,H=56,SAT=0"
,2025-09-21T03:32:00Z,COM6,,UTC=11:31:57,N/A,N/A,N/A,,,,,,,,41,56,SAT=0,56.73,-17.20,1010.28,-35.00,-647.50,-52.50,,"Package=96,UTC=11:31:57,Lat=N/A,Lng=N/A,Alt=N/A,Ax=56.73,Ay=-17.20,Az=1010.28,Gx=-35.00,Gy=-647.50,Gz=-52.50,T=41,H=56,SAT=0"
,2025-09-21T03:32:01Z,COM6,,UTC=11:31:58,N/A,N/A,N/A,,,,,,,,41,56,SAT=0,56.61,-17.20,1010.40,0.00,-577.50,-35.00,,"Package=97,UTC=11:31:58,Lat=N/A,Lng=N/A,Alt=N/A,Ax=56.61,Ay=-17.20,Az=1010.40,Gx=0.00,Gy=-577.50,Gz=-35.00,T=41,H=56,SAT=0"
,2025-09-21T03:32:02Z,COM6,,UTC=11:31:59,N/A,N/A,N/A,,,,,,,,41,56,SAT=0,56.61,-17.32,1010.40,-35.00,-595.00,-35.00,,"Package=98,UTC=11:31:59,Lat=N/A,Lng=N/A,Alt=N/A,Ax=56.61,Ay=-17.32,Az=1010.40,Gx=-35.00,Gy=-595.00,Gz=-35.00,T=41,H=56,SAT=0"
,2025-09-21T03:32:03Z,COM6,,UTC=11:32:0,N/A,N/A,N/A,,,,,,,,41,56,SAT=0,56.49,-17.08,1010.16,35.00,-577.50,-122.50,,"Package=99,UTC=11:32:0,Lat=N/A,Lng=N/A,Alt=N/A,Ax=56.49,Ay=-17.08,Az=1010.16,Gx=35.00,Gy=-577.50,Gz=-122.50,T=41,H=56,SAT=0"
,2025-09-21T03:32:04Z,COM6,,UTC=11:32:1,N/A,N/A,N/A,,,,,,,,41,56,SAT=0,56.49,-17.20,1010.40,35.00,-612.50,-35.00,,"Package=100,UTC=11:32:1,Lat=N/A,Lng=N/A,Alt=N/A,Ax=56.49,Ay=-17.20,Az=1010.40,Gx=35.00,Gy=-612.50,Gz=-35.00,T=41,H=56,SAT=0"
,2025-09-21T03:32:05Z,COM6,,UTC=11:32:2,N/A,N/A,N/A,,,,,,,,41,56,SAT=0,56.49,-17.45,1010.40,-35.00,-647.50,-87.50,,"Package=101,UTC=11:32:2,Lat=N/A,Lng=N/A,Alt=N/A,Ax=56.49,Ay=-17.45,Az=1010.40,Gx=-35.00,Gy=-647.50,Gz=-87.50,T=41,H=56,SAT=0"
,2025-09-21T03:32:06Z,COM6,,UTC=11:32:3,N/A,N/A,N/A,,,,,,,,41,56,SAT=0,56.49,-17.32,1010.40,70.00,-612.50,-52.50,,"Package=102,UTC=11:32:3,Lat=N/A,Lng=N/A,Alt=N/A,Ax=56.49,Ay=-17.32,Az=1010.40,Gx=70.00,Gy=-612.50,Gz=-52.50,T=41,H=56,SAT=0"
,2025-09-21T03:32:07Z,COM6,,UTC=11:32:4,N/A,N/A,N/A,,,,,,,,41,56,SAT=0,56.49,-17.20,1010.40,-17.50,-595.00,-17.50,,"Package=103,UTC=11:32:4,Lat=N/A,Lng=N/A,Alt=N/A,Ax=56.49,Ay=-17.20,Az=1010.40,Gx=-17.50,Gy=-595.00,Gz=-17.50,T=41,H=56,SAT=0"
,2025-09-21T03:32:08Z,COM6,,UTC=11:32:5,N/A,N/A,N/A,,,,,,,,41,56,SAT=0,56.61,-17.20,1010.40,35.00,-630.00,-70.00,,"Package=104,UTC=11:32:5,Lat=N/A,Lng=N/A,Alt=N/A,Ax=56.61,Ay=-17.20,Az=1010.40,Gx=35.00,Gy=-630.00,Gz=-70.00,T=41,H=56,SAT=0"
,2025-09-21T03:32:09Z,COM6,,UTC=11:32:6,N/A,N/A,N/A,,,,,,,,41,56,SAT=0,56.61,-17.08,1010.28,35.00,-665.00,-35.00,,"Package=105,UTC=11:32:6,Lat=N/A,Lng=N/A,Alt=N/A,Ax=56.61,Ay=-17.08,Az=1010.28,Gx=35.00,Gy=-665.00,Gz=-35.00,T=41,H=56,SAT=0"
,2025-09-21T03:32:10Z,COM6,,UTC=11:32:7,N/A,N/A,N/A,,,,,,,,41,56,SAT=0,56.49,-17.08,1010.40,70.00,-612.50,-17.50,,"Package=106,UTC=11:32:7,Lat=N/A,Lng=N/A,Alt=N/A,Ax=56.49,Ay=-17.08,Az=1010.40,Gx=70.00,Gy=-612.50,Gz=-17.50,T=41,H=56,SAT=0"
,2025-09-21T03:32:11Z,COM6,,UTC=11:32:8,N/A,N/A,N/A,,,,,,,,41,56,SAT=0,56.49,-17.32,1010.16,52.50,-630.00,-140.00,,"Package=107,UTC=11:32:8,Lat=N/A,Lng=N/A,Alt=N/A,Ax=56.49,Ay=-17.32,Az=1010.16,Gx=52.50,Gy=-630.00,Gz=-140.00,T=41,H=56,SAT=0"
,2025-09-21T03:32:12Z,COM6,,UTC=11:32:9,N/A,N/A,N/A,,,,,,,,41,56,SAT=0,56.49,-17.32,1010.53,35.00,-577.50,-70.00,,"Package=108,UTC=11:32:9,Lat=N/A,Lng=N/A,Alt=N/A,Ax=56.49,Ay=-17.32,Az=1010.53,Gx=35.00,Gy=-577.50,Gz=-70.00,T=41,H=56,SAT=0"
,2025-09-21T03:32:13Z,COM6,,UTC=11:32:10,N/A,N/A,N/A,,,,,,,,41,56,SAT=0,56.36,-17.45,1010.40,17.50,-612.50,-87.50,,"Package=109,UTC=11:32:10,Lat=N/A,Lng=N/A,Alt=N/A,Ax=56.36,Ay=-17.45,Az=1010.40,Gx=17.50,Gy=-612.50,Gz=-87.50,T=41,H=56,SAT=0"
,2025-09-21T03:32:14Z,COM6,,UTC=11:32:10,N/A,N/A,N/A,,,,,,,,41,56,SAT=0,56.49,-17.08,1010.53,122.50,-560.00,-70.00,,"Package=110,UTC=11:32:10,Lat=N/A,Lng=N/A,Alt=N/A,Ax=56.49,Ay=-17.08,Az=1010.53,Gx=122.50,Gy=-560.00,Gz=-70.00,T=41,H=56,SAT=0"
,2025-09-21T03:32:15Z,COM6,,UTC=11:32:13,47.70,120.292600,23.106575,,,,,,,,41,56,SAT=6,56.24,-17.32,1010.28,17.50,-665.00,-52.50,,"Package=111,UTC=11:32:13,Lat=23.106575,Lng=120.292600,Alt=47.70,Ax=56.24,Ay=-17.32,Az=1010.28,Gx=17.50,Gy=-665.00,Gz=-52.50,T=41,H=56,SAT=6"
,2025-09-21T03:32:16Z,COM6,,UTC=11:32:14,,,,,,,,,,,,,,,,,,,,,"Package=112,UTC=11:32:14,L"
,2025-09-21T03:32:17Z,COM6,,UTC=11:32:15,41.40,120.292618,23.106583,,,,,,,,41,56,SAT=6,56.12,-17.57,1010.53,35.00,-647.50,-52.50,,"Package=113,UTC=11:32:15,Lat=23.106583,Lng=120.292618,Alt=41.40,Ax=56.12,Ay=-17.57,Az=1010.53,Gx=35.00,Gy=-647.50,Gz=-52.50,T=41,H=56,SAT=6"
,2025-09-21T03:32:18Z,COM6,,UTC=11:32:16,39.30,120.292618,23.106582,,,,,,,,41,56,SAT=6,56.36,-17.45,1010.65,52.50,-595.00,-35.00,,"Package=114,UTC=11:32:16,Lat=23.106582,Lng=120.292618,Alt=39.30,Ax=56.36,Ay=-17.45,Az=1010.65,Gx=52.50,Gy=-595.00,Gz=-35.00,T=41,H=56,SAT=6"
,2025-09-21T03:32:19Z,COM6,,UTC=11:32:17,38.90,120.292620,23.106583,,,,,,,,41,56,SAT=6,56.12,-17.45,1010.53,52.50,-665.00,-70.00,,"Package=115,UTC=11:32:17,Lat=23.106583,Lng=120.292620,Alt=38.90,Ax=56.12,Ay=-17.45,Az=1010.53,Gx=52.50,Gy=-665.00,Gz=-70.00,T=41,H=56,SAT=6"
,2025-09-21T03:32:20Z,COM6,,UTC=11:32:18,39.60,120.292622,23.106583,,,,,,,,41,56,SAT=6,56.36,-17.32,1010.40,35.00,-647.50,-105.00,,"Package=116,UTC=11:32:18,Lat=23.106583,Lng=120.292622,Alt=39.60,Ax=56.36,Ay=-17.32,Az=1010.40,Gx=35.00,Gy=-647.50,Gz=-105.00,T=41,H=56,SAT=6"
,2025-09-21T03:32:21Z,COM6,,UTC=11:32:19,,120.292620,23.106585,,,,,,,,,,,,,,,,,,"Package=117,UTC=11:32:19,Lat=23.106585,Lng=120.292620,Alt="
,2025-09-21T03:32:22Z,COM6,,UTC=11:32:20,40.40,120.292617,23.106583,,,,,,,,41,56,SAT=6,56.12,-17.20,1010.65,35.00,-612.50,-35.00,,"Package=118,UTC=11:32:20,Lat=23.106583,Lng=120.292617,Alt=40.40,Ax=56.12,Ay=-17.20,Az=1010.65,Gx=35.00,Gy=-612.50,Gz=-35.00,T=41,H=56,SAT=6"
,2025-09-21T03:32:23Z,COM6,,UTC=11:32:21,,,23.1065,,,,,,,,,,,,,,,,,,"Package=119,UTC=11:32:21,Lat=23.1065"
,2025-09-21T03:32:24Z,COM6,,UTC=11:32:22,42.00,120.292607,23.106570,,,,,,,,41,56,SAT=6,56.24,-17.20,1010.65,-17.50,-612.50,-105.00,,"Package=120,UTC=11:32:22,Lat=23.106570,Lng=120.292607,Alt=42.00,Ax=56.24,Ay=-17.20,Az=1010.65,Gx=-17.50,Gy=-612.50,Gz=-105.00,T=41,H=56,SAT=6"
,2025-09-21T03:32:25Z,COM6,,UTC=11:32:23,42.40,120.292600,23.106563,,,,,,,,41,56,SAT=6,56.24,-17.32,1010.40,35.00,-647.50,-70.00,,"Package=121,UTC=11:32:23,Lat=23.106563,Lng=120.292600,Alt=42.40,Ax=56.24,Ay=-17.32,Az=1010.40,Gx=35.00,Gy=-647.50,Gz=-70.00,T=41,H=56,SAT=6"
,2025-09-21T03:32:26Z,COM6,,UTC=11:32:24,43.30,120.292592,23.106560,,,,,,,,41,56,SAT=6,56.12,-17.32,1010.53,17.50,-612.50,-122.50,,"Package=122,UTC=11:32:24,Lat=23.106560,Lng=120.292592,Alt=43.30,Ax=56.12,Ay=-17.32,Az=1010.53,Gx=17.50,Gy=-612.50,Gz=-122.50,T=41,H=56,SAT=6"
,2025-09-21T03:32:27Z,COM6,,UTC=11:32:25,43.90,120.292587,23.106555,,,,,,,,41,56,SAT=6,56.12,-17.57,1010.77,70.00,-735.00,-70.00,,"Package=123,UTC=11:32:25,Lat=23.106555,Lng=120.292587,Alt=43.90,Ax=56.12,Ay=-17.57,Az=1010.77,Gx=70.00,Gy=-735.00,Gz=-70.00,T=41,H=56,SAT=6"
,2025-09-21T03:32:28Z,COM6,,UTC=11:32:26,43.40,120.292585,23.106552,,,,,,,,41,56,SAT=6,56.12,-17.45,1010.65,35.00,-595.00,-87.50,,"Package=124,UTC=11:32:26,Lat=23.106552,Lng=120.292585,Alt=43.40,Ax=56.12,Ay=-17.45,Az=1010.65,Gx=35.00,Gy=-595.00,Gz=-87.50,T=41,H=56,SAT=6"
,2025-09-21T03:32:29Z,COM6,,UTC=11:32:27,41.80,120.292587,23.106550,,,,,,,,41,56,SAT=6,55.88,-17.32,1010.65,52.50,-577.50,-105.00,,"Package=125,UTC=11:32:27,Lat=23.106550,Lng=120.292587,Alt=41.80,Ax=55.88,Ay=-17.32,Az=1010.65,Gx=52.50,Gy=-577.50,Gz=-105.00,T=41,H=56,SAT=6"
,2025-09-21T03:32:30Z,COM6,,UTC=11:32:28,,,,,,,,,,,,,,,,,,,,,"Package=126,UTC=11:32:28,La"
,2025-09-21T03:32:31Z,COM6,,UTC=11:32:29,37.30,120.292592,23.106552,,,,,,,,41,56,SAT=6,56.36,-17.32,1010.65,0.00,-682.50,-105.00,,"Package=127,UTC=11:32:29,Lat=23.106552,Lng=120.292592,Alt=37.30,Ax=56.36,Ay=-17.32,Az=1010.65,Gx=0.00,Gy=-682.50,Gz=-105.00,T=41,H=56,SAT=6"
,2025-09-21T03:32:32Z,COM6,,UTC=11:32:30,34.50,120.292598,23.106553,,,,,,,,41,56,SAT=6,56.12,-17.32,1010.65,17.50,-612.50,-105.00,,"Package=128,UTC=11:32:30,Lat=23.106553,Lng=120.292598,Alt=34.50,Ax=56.12,Ay=-17.32,Az=1010.65,Gx=17.50,Gy=-612.50,Gz=-105.00,T=41,H=56,SAT=6"
,2025-09-21T03:32:33Z,COM6,,UTC=11:32:31,33.20,120.292598,23.106552,,,,,,,,41,56,SAT=6,56.24,-17.32,1010.65,0.00,-647.50,-87.50,,"Package=129,UTC=11:32:31,Lat=23.106552,Lng=120.292598,Alt=33.20,Ax=56.24,Ay=-17.32,Az=1010.65,Gx=0.00,Gy=-647.50,Gz=-87.50,T=41,H=56,SAT=6"
,2025-09-21T03:32:34Z,COM6,,UTC=11:32:32,31.50,120.292600,23.106552,,,,,,,,41,56,SAT=6,56.36,-17.32,1010.53,-17.50,-560.00,-87.50,,"Package=130,UTC=11:32:32,Lat=23.106552,Lng=120.292600,Alt=31.50,Ax=56.36,Ay=-17.32,Az=1010.53,Gx=-17.50,Gy=-560.00,Gz=-87.50,T=41,H=56,SAT=6"
,2025-09-21T03:32:35Z,COM6,,UTC=11:32:33,,,23.106553,,,,,,,,,,,,,,,,,,"Package=131,UTC=11:32:33,Lat=23.106553,"
,2025-09-21T03:32:36Z,COM6,,UTC=11:32:34,29.80,120.292605,23.106553,,,,,,,,41,56,SAT=6,56.12,-17.57,1010.40,17.50,-595.00,-87.50,,"Package=132,UTC=11:32:34,Lat=23.106553,Lng=120.292605,Alt=29.80,Ax=56.12,Ay=-17.57,Az=1010.40,Gx=17.50,Gy=-595.00,Gz=-87.50,T=41,H=56,SAT=6"
,2025-09-21T03:32:37Z,COM6,,UTC=11:32:35,28.80,120.292605,23.106555,,,,,,,,41,56,SAT=6,56.24,-17.20,1010.53,35.00,-595.00,0.00,,"Package=133,UTC=11:32:35,Lat=23.106555,Lng=120.292605,Alt=28.80,Ax=56.24,Ay=-17.20,Az=1010.53,Gx=35.00,Gy=-595.00,Gz=0.00,T=41,H=56,SAT=6"
,2025-09-21T03:32:38Z,COM6,,UTC=11:32:36,27.70,120.292607,23.106553,,,,,,,,41,56,SAT=6,56.12,-17.20,1010.53,52.50,-612.50,-52.50,,"Package=134,UTC=11:32:36,Lat=23.106553,Lng=120.292607,Alt=27.70,Ax=56.12,Ay=-17.20,Az=1010.53,Gx=52.50,Gy=-612.50,Gz=-52.50,T=41,H=56,SAT=6"
,2025-09-21T03:32:39Z,COM6,,UTC=11:32:37,26.80,120.292608,23.106552,,,,,,,,41,56,SAT=6,56.12,-17.45,1010.40,105.00,-665.00,-17.50,,"Package=135,UTC=11:32:37,Lat=23.106552,Lng=120.292608,Alt=26.80,Ax=56.12,Ay=-17.45,Az=1010.40,Gx=105.00,Gy=-665.00,Gz=-17.50,T=41,H=56,SAT=6"
,2025-09-21T03:32:40Z,COM6,,UTC=11:32:38,25.40,120.292612,23.106552,,,,,,,,41,56,SAT=6,56.12,-17.57,1010.53,87.50,-577.50,-105.00,,"Package=136,UTC=11:32:38,Lat=23.106552,Lng=120.292612,Alt=25.40,Ax=56.12,Ay=-17.57,Az=1010.53,Gx=87.50,Gy=-577.50,Gz=-105.00,T=41,H=56,SAT=6"
,2025-09-21T03:32:41Z,COM6,,UTC=11:32:39,24.30,120.292610,23.106552,,,,,,,,41,56,SAT=6,56.12,-17.20,1010.40,52.50,-630.00,-175.00,,"Package=137,UTC=11:32:39,Lat=23.106552,Lng=120.292610,Alt=24.30,Ax=56.12,Ay=-17.20,Az=1010.40,Gx=52.50,Gy=-630.00,Gz=-175.00,T=41,H=56,SAT=6"
,2025-09-21T03:32:42Z,COM6,,UTC=11:32:40,,120.29,23.106555,,,,,,,,,,,,,,,,,,"Package=138,UTC=11:32:40,Lat=23.106555,Lng=120.29"
,2025-09-21T03:32:43Z,COM6,,UTC=11:32:41,22.80,120.292613,23.106557,,,,,,,,41,56,SAT=6,56.00,-17.32,1010.40,17.50,-647.50,-105.00,,"Package=139,UTC=11:32:41,Lat=23.106557,Lng=120.292613,Alt=22.80,Ax=56.00,Ay=-17.32,Az=1010.40,Gx=17.50,Gy=-647.50,Gz=-105.00,T=41,H=56,SAT=6"
,2025-09-21T03:32:44Z,COM6,,UTC=11:32:42,,,,,,,,,,,,,,,,,,,,,"Package=140,UTC=11:32:42,La"
,2025-09-21T03:32:45Z,COM6,,UTC=11:32:43,22.30,120.292620,23.106560,,,,,,,,41,56,SAT=6,56.12,-17.57,1010.65,70.00,-612.50,-105.00,,"Package=141,UTC=11:32:43,Lat=23.106560,Lng=120.292620,Alt=22.30,Ax=56.12,Ay=-17.57,Az=1010.65,Gx=70.00,Gy=-612.50,Gz=-105.00,T=41,H=56,SAT=6"
,2025-09-21T03:32:46Z,COM6,,UTC=11:32:44,22.40,120.292623,23.106562,,,,,,,,41,56,SAT=6,55.88,-17.57,1010.77,35.00,-577.50,-87.50,,"Package=142,UTC=11:32:44,Lat=23.106562,Lng=120.292623,Alt=22.40,Ax=55.88,Ay=-17.57,Az=1010.77,Gx=35.00,Gy=-577.50,Gz=-87.50,T=41,H=56,SAT=6"
,2025-09-21T03:32:47Z,COM6,,UTC=11:32:45,22.20,120.292627,23.106562,,,,,,,,41,56,SAT=6,55.88,-17.57,1010.65,-52.50,-630.00,-35.00,,"Package=143,UTC=11:32:45,Lat=23.106562,Lng=120.292627,Alt=22.20,Ax=55.88,Ay=-17.57,Az=1010.65,Gx=-52.50,Gy=-630.00,Gz=-35.00,T=41,H=56,SAT=6"
,2025-09-21T03:32:48Z,COM6,,UTC=11:32:46,22.30,120.292627,23.106558,,,,,,,,41,56,SAT=6,55.88,-17.45,1010.40,0.00,-647.50,-52.50,,"Package=144,UTC=11:32:46,Lat=23.106558,Lng=120.292627,Alt=22.30,Ax=55.88,Ay=-17.45,Az=1010.40,Gx=0.00,Gy=-647.50,Gz=-52.50,T=41,H=56,SAT=6"
,2025-09-21T03:32:49Z,COM6,,UTC=11:32:47,2,120.292627,23.106555,,,,,,,,,,,,,,,,,,"Package=145,UTC=11:32:47,Lat=23.106555,Lng=120.292627,Alt=2"
,2025-09-21T03:32:50Z,COM6,,UTC=11:32:48,22.10,120.292628,23.106552,,,,,,,,42,56,SAT=6,55.88,-17.57,1010.65,-17.50,-595.00,-140.00,,"Package=146,UTC=11:32:48,Lat=23.106552,Lng=120.292628,Alt=22.10,Ax=55.88,Ay=-17.57,Az=1010.65,Gx=-17.50,Gy=-595.00,Gz=-140.00,T=42,H=56,SAT=6"
,2025-09-21T03:32:51Z,COM6,,UTC=11:32:49,21.40,120.292630,23.106550,,,,,,,,42,56,SAT=6,55.75,-17.32,1010.65,-17.50,-595.00,-35.00,,"Package=147,UTC=11:32:49,Lat=23.106550,Lng=120.292630,Alt=21.40,Ax=55.75,Ay=-17.32,Az=1010.65,Gx=-17.50,Gy=-595.00,Gz=-35.00,T=42,H=56,SAT=6"
,2025-09-21T03:32:52Z,COM6,,UTC=11:32:50,20.90,120.292630,23.106547,,,,,,,,42,56,SAT=6,55.88,-17.45,1010.65,87.50,-647.50,-70.00,,"Package=148,UTC=11:32:50,Lat=23.106547,Lng=120.292630,Alt=20.90,Ax=55.88,Ay=-17.45,Az=1010.65,Gx=87.50,Gy=-647.50,Gz=-70.00,T=42,H=56,SAT=6"
,2025-09-21T03:32:53Z,COM6,,UTC=11:32:51,21.30,120.292630,23.106545,,,,,,,,42,56,SAT=6,55.88,-17.32,1010.65,-35.00,-542.50,-70.00,,"Package=149,UTC=11:32:51,Lat=23.106545,Lng=120.292630,Alt=21.30,Ax=55.88,Ay=-17.32,Az=1010.65,Gx=-35.00,Gy=-542.50,Gz=-70.00,T=42,H=56,SAT=6"
,2025-09-21T03:32:54Z,COM6,,UTC=11:32:52,21.30,120.292630,23.106543,,,,,,,,42,56,SAT=6,55.75,-17.32,1010.77,0.00,-647.50,-105.00,,"Package=150,UTC=11:32:52,Lat=23.106543,Lng=120.292630,Alt=21.30,Ax=55.75,Ay=-17.32,Az=1010.77,Gx=0.00,Gy=-647.50,Gz=-105.00,T=42,H=56,SAT=6"
,2025-09-21T03:32:55Z,COM6,,UTC=11:32:53,20.80,120.292628,23.106543,,,,,,,,42,56,SAT=6,55.63,-17.32,1011.01,0.00,-577.50,-140.00,,"Package=151,UTC=11:32:53,Lat=23.106543,Lng=120.292628,Alt=20.80,Ax=55.63,Ay=-17.32,Az=1011.01,Gx=0.00,Gy=-577.50,Gz=-140.00,T=42,H=56,SAT=6"
,2025-09-21T03:32:56Z,COM6,,UTC=11:32:54,,120.292,23.106540,,,,,,,,,,,,,,,,,,"Package=152,UTC=11:32:54,Lat=23.106540,Lng=120.292"
,2025-09-21T03:32:57Z,COM6,,UTC=11:32:55,21.40,120.292615,23.106537,,,,,,,,42,56,SAT=6,55.39,-17.08,1010.65,-17.50,-612.50,-87.50,,"Package=153,UTC=11:32:55,Lat=23.106537,Lng=120.292615,Alt=21.40,Ax=55.39,Ay=-17.08,Az=1010.65,Gx=-17.50,Gy=-612.50,Gz=-87.50,T=42,H=56,SAT=6"
,2025-09-21T03:32:58Z,COM6,,UTC=11:32:56,21.70,120.292610,23.106535,,,,,,,,42,56,SAT=6,55.51,-17.45,1010.65,70.00,-665.00,-122.50,,"Package=154,UTC=11:32:56,Lat=23.106535,Lng=120.292610,Alt=21.70,Ax=55.51,Ay=-17.45,Az=1010.65,Gx=70.00,Gy=-665.00,Gz=-122.50,T=42,H=56,SAT=6"
,2025-09-21T03:32:59Z,COM6,,UTC=11:32:57,19.80,120.292607,23.106540,,,,,,,,42,56,SAT=6,55.51,-17.32,1010.53,105.00,-630.00,-52.50,,"Package=155,UTC=11:32:57,Lat=23.106540,Lng=120.292607,Alt=19.80,Ax=55.51,Ay=-17.32,Az=1010.53,Gx=105.00,Gy=-630.00,Gz=-52.50,T=42,H=56,SAT=6"
,2025-09-21T03:33:00Z,COM6,,UTC=11:32:58,18.20,120.292607,23.106545,,,,,,,,42,56,SAT=6,55.51,-17.32,1010.65,-17.50,-612.50,-17.50,,"Package=156,UTC=11:32:58,Lat=23.106545,Lng=120.292607,Alt=18.20,Ax=55.51,Ay=-17.32,Az=1010.65,Gx=-17.50,Gy=-612.50,Gz=-17.50,T=42,H=56,SAT=6"
,2025-09-21T03:33:01Z,COM6,,UTC=11:32:59,17.10,120.292607,23.106547,,,,,,,,42,56,SAT=6,55.63,-17.20,1010.65,87.50,-612.50,-52.50,,"Package=157,UTC=11:32:59,Lat=23.106547,Lng=120.292607,Alt=17.10,Ax=55.63,Ay=-17.20,Az=1010.65,Gx=87.50,Gy=-612.50,Gz=-52.50,T=42,H=56,SAT=6"
,2025-09-21T03:33:02Z,COM6,,UTC=11:33:0,16.10,120.292607,23.106550,,,,,,,,42,56,SAT=6,55.51,-17.08,1010.53,35.00,-560.00,-17.50,,"Package=158,UTC=11:33:0,Lat=23.106550,Lng=120.292607,Alt=16.10,Ax=55.51,Ay=-17.08,Az=1010.53,Gx=35.00,Gy=-560.00,Gz=-17.50,T=42,H=56,SAT=6"
,2025-09-21T03:33:03Z,COM6,,UTC=11:33,,,,,,,,,,,,,,,,,,,,,"Package=159,UTC=11:33"
,2025-09-21T03:33:04Z,COM6,,UTC=11:33:2,17.30,120.292605,23.106552,,,,,,,,41,56,SAT=7,55.39,-17.08,1010.65,-17.50,-612.50,-52.50,,"Package=160,UTC=11:33:2,Lat=23.106552,Lng=120.292605,Alt=17.30,Ax=55.39,Ay=-17.08,Az=1010.65,Gx=-17.50,Gy=-612.50,Gz=-52.50,T=41,H=56,SAT=7"
,2025-09-21T03:33:05Z,COM6,,UTC=11:33:3,17.50,120.292603,23.106552,,,,,,,,,56,SAT=7,63.68,-5.49,1010.04,1260.00,-5915.00,-5075.00T=42,,"Package=161,UTC=11:33:3,Lat=23.106552,Lng=120.292603,Alt=17.50,Ax=63.68,Ay=-5.49,Az=1010.04,Gx=1260.00,Gy=-5915.00,Gz=-5075.00T=42,H=56,SAT=7"
,2025-09-21T03:33:06Z,COM6,,UTC=11:33:4,17.90,120.292602,23.106550,,,,,,,,,56,SAT=7,56.97,-140.54,1176.08,-9887.50,-595.00,28175.T=42,,"Package=162,UTC=11:33:4,Lat=23.106550,Lng=120.292602,Alt=17.90,Ax=56.97,Ay=-140.54,Az=1176.08,Gx=-9887.50,Gy=-595.00,Gz=28175.T=42,H=56,SAT=7"
,2025-09-21T03:33:07Z,COM6,,UTC=11:33:5,18.00,120.292605,23.106558,,,,,,,,,56,SAT=7,-85.03,-209.11,975.27,-16572.50,-26320.00,752T=42,,"Package=163,UTC=11:33:5,Lat=23.106558,Lng=120.292605,Alt=18.00,Ax=-85.03,Ay=-209.11,Az=975.27,Gx=-16572.50,Gy=-26320.00,Gz=752T=42,H=56,SAT=7"
,2025-09-21T03:33:08Z,COM6,,UTC=11:33:6,17.50,120.292600,23.106562,,,,,,,,,56,SAT=7,203.98,67.59,947.45,38797.50,-24955.00,12757.T=41,,"Package=164,UTC=11:33:6,Lat=23.106562,Lng=120.292600,Alt=17.50,Ax=203.98,Ay=67.59,Az=947.45,Gx=38797.50,Gy=-24955.00,Gz=12757.T=41,H=56,SAT=7"
,2025-09-21T03:33:09Z,COM6,,UTC=11:33:7,17.20,120.292602,23.106570,,,,,,,,,56,SAT=7,253.03,175.80,971.61,-11690.00,-262.50,42630.T=41,,"Package=165,UTC=11:33:7,Lat=23.106570,Lng=120.292602,Alt=17.20,Ax=253.03,Ay=175.80,Az=971.61,Gx=-11690.00,Gy=-262.50,Gz=42630.T=41,H=56,SAT=7"
,2025-09-21T03:33:10Z,COM6,,UTC=11:33:8,,120.29260,23.106578,,,,,,,,,,,,,,,,,,"Package=166,UTC=11:33:8,Lat=23.106578,Lng=120.29260"
,2025-09-21T03:33:11Z,COM6,,UTC=11:33:9,16.90,120.292610,23.106580,,,,,,,,,56,SAT=7,141.28,12.69,991.62,-25970.00,18270.00,-41492T=41,,"Package=167,UTC=11:33:9,Lat=23.106580,Lng=120.292610,Alt=16.90,Ax=141.28,Ay=12.69,Az=991.62,Gx=-25970.00,Gy=18270.00,Gz=-41492T=41,H=56,SAT=7"
,2025-09-21T03:33:12Z,COM6,,UTC=11:33:10,,120.2,23.106577,,,,,,,,,,,,,,,,,,"Package=168,UTC=11:33:10,Lat=23.106577,Lng=120.2"
,2025-09-21T03:33:13Z,COM6,,UTC=11:33:11,18.70,120.292627,23.106585,,,,,,,,,56,SAT=7,262.54,-60.27,956.60,6142.50,16082.50,2205.00T=42,,"Package=169,UTC=11:33:11,Lat=23.106585,Lng=120.292627,Alt=18.70,Ax=262.54,Ay=-60.27,Az=956.60,Gx=6142.50,Gy=16082.50,Gz=2205.00T=42,H=56,SAT=7"
,2025-09-21T03:33:14Z,COM6,,UTC=11:33:11,,120,23.106585,,,,,,,,,,,,,,,,,,"Package=170,UTC=11:33:11,Lat=23.106585,Lng=120"
,2025-09-21T03:33:15Z,COM6,,UTC=11:33:11,18.70,120.292627,23.106585,,,,,,,,,56,SAT=7,222.28,-106.26,989.42,8137.50,-9432.50,4217.5T=42,,"Package=171,UTC=11:33:11,Lat=23.106585,Lng=120.292627,Alt=18.70,Ax=222.28,Ay=-106.26,Az=989.42,Gx=8137.50,Gy=-9432.50,Gz=4217.5T=42,H=56,SAT=7"
,2025-09-21T03:33:16Z,COM6,,UTC=11:33:11,,,,,,,,,,,,,,,,,,,,,"Package=172,UTC=11:33:11"
,2025-09-21T03:33:17Z,COM6,,UTC=11:33:11,18.70,120.292627,23.106585,,,,,,,,,56,SAT=7,289.75,-120.05,976.00,19740.00,-1050.00,28227T=42,,"Package=173,UTC=11:33:11,Lat=23.106585,Lng=120.292627,Alt=18.70,Ax=289.75,Ay=-120.05,Az=976.00,Gx=19740.00,Gy=-1050.00,Gz=28227T=42,H=56,SAT=7"
,2025-09-21T03:33:19Z,COM6,,UTC=11:33:11,18.70,120.292627,23.106585,,,,,,,,,56,SAT=7,280.23,-52.34,945.74,-1242.50,8452.50,1365.00T=42,,"Package=175,UTC=11:33:11,Lat=23.106585,Lng=120.292627,Alt=18.70,Ax=280.23,Ay=-52.34,Az=945.74,Gx=-1242.50,Gy=8452.50,Gz=1365.00T=42,H=56,SAT=7"
,2025-09-21T03:33:20Z,COM6,,UTC=11:33:11,18.70,120.292627,23.106585,,,,,,,,,56,SAT=7,298.90,9.76,1036.15,14140.00,-6965.00,-8225.0T=42,,"Package=176,UTC=11:33:11,Lat=23.106585,Lng=120.292627,Alt=18.70,Ax=298.90,Ay=9.76,Az=1036.15,Gx=14140.00,Gy=-6965.00,Gz=-8225.0T=42,H=56,SAT=7"
,2025-09-21T03:33:21Z,COM6,,UTC=11:33:11,18.70,120.292627,23.106585,,,,,,,,,56,SAT=7,58.68,9.52,1180.96,-15960.00,-36715.00,-21735T=42,,"Package=177,UTC=11:33:11,Lat=23.106585,Lng=120.292627,Alt=18.70,Ax=58.68,Ay=9.52,Az=1180.96,Gx=-15960.00,Gy=-36715.00,Gz=-21735T=42,H=56,SAT=7"
,2025-09-21T03:33:22Z,COM6,,UTC=11:33:11,18.70,120.292627,23.106585,,,,,,,,,56,SAT=7,260.96,73.32,1039.56,-10762.50,1242.50,-20160T=42,,"Package=178,UTC=11:33:11,Lat=23.106585,Lng=120.292627,Alt=18.70,Ax=260.96,Ay=73.32,Az=1039.56,Gx=-10762.50,Gy=1242.50,Gz=-20160T=42,H=56,SAT=7"
,2025-09-21T03:33:23Z,COM6,,UTC=11:33:11,18.70,120.292627,23.106585,,,,,,,,,56,SAT=7,242.05,31.96,1038.83,-24710.00,-17045.00,-596T=42,,"Package=179,UTC=11:33:11,Lat=23.106585,Lng=120.292627,Alt=18.70,Ax=242.05,Ay=31.96,Az=1038.83,Gx=-24710.00,Gy=-17045.00,Gz=-596T=42,H=56,SAT=7"
,2025-09-21T03:33:24Z,COM6,,UTC=11:33:11,18.70,120.292627,23.106585,,,,,,,,,56,SAT=7,287.55,-4.51,1021.26,-16555.00,-29890.00,-260T=42,,"Package=180,UTC=11:33:11,Lat=23.106585,Lng=120.292627,Alt=18.70,Ax=287.55,Ay=-4.51,Az=1021.26,Gx=-16555.00,Gy=-29890.00,Gz=-260T=42,H=56,SAT=7"
,2025-09-21T03:33:25Z,COM6,,UTC=11:33:11,18.70,120.292627,23.106585,,,,,,,,,56,SAT=7,306.46,-5.61,939.16,-28490.00,7752.50,-51625.T=42,,"Package=181,UTC=11:33:11,Lat=23.106585,Lng=120.292627,Alt=18.70,Ax=306.46,Ay=-5.61,Az=939.16,Gx=-28490.00,Gy=7752.50,Gz=-51625.T=42,H=56,SAT=7"
,2025-09-21T03:33:26Z,COM6,,UTC=11:33:11,18.70,120.292627,23.106585,,,,,,,,,56,SAT=7,269.38,-45.75,1039.68,-14945.00,-33022.50,-38T=42,,"Package=182,UTC=11:33:11,Lat=23.106585,Lng=120.292627,Alt=18.70,Ax=269.38,Ay=-45.75,Az=1039.68,Gx=-14945.00,Gy=-33022.50,Gz=-38T=42,H=56,SAT=7"
,2025-09-21T03:33:27Z,COM6,,UTC=11:33:11,18.70,120.292627,23.106585,,,,,,,,,56,SAT=7,296.95,-73.08,1075.19,23117.50,-32567.50,-952T=42,,"Package=183,UTC=11:33:11,Lat=23.106585,Lng=120.292627,Alt=18.70,Ax=296.95,Ay=-73.08,Az=1075.19,Gx=23117.50,Gy=-32567.50,Gz=-952T=42,H=56,SAT=7"
,2025-09-21T03:33:28Z,COM6,,UTC=11:33:11,18.70,120.292627,23.106585,,,,,,,,,56,SAT=7,253.27,-45.63,1097.15,1540.00,-17412.50,2957.T=42,,"Package=184,UTC=11:33:11,Lat=23.106585,Lng=120.292627,Alt=18.70,Ax=253.27,Ay=-45.63,Az=1097.15,Gx=1540.00,Gy=-17412.50,Gz=2957.T=42,H=56,SAT=7"
,2025-09-21T03:33:29Z,COM6,,UTC=11:33:11,18.70,120.292627,23.106585,,,,,,,,,,,,,,,,,,"Package=185,UTC=11:33:11,Lat=23.106585,Lng=120.292627,Alt=18.70,Ax="
,2025-09-21T03:33:30Z,COM6,,UTC=11:33:11,18.70,120.292627,23.106585,,,,,,,,,56,SAT=7,187.88,-30.38,957.21,-4060.00,-6737.50,1347.5T=42,,"Package=186,UTC=11:33:11,Lat=23.106585,Lng=120.292627,Alt=18.70,Ax=187.88,Ay=-30.38,Az=957.21,Gx=-4060.00,Gy=-6737.50,Gz=1347.5T=42,H=56,SAT=7"
,2025-09-21T03:33:31Z,COM6,,UTC=11:33:11,,12,23.106585,,,,,,,,,,,,,,,,,,"Package=187,UTC=11:33:11,Lat=23.106585,Lng=12"
,2025-09-21T03:33:32Z,COM6,,UTC=11:33:11,18.70,120.292627,23.106585,,,,,,,,,56,SAT=7,255.96,17.08,1023.46,-3220.00,4725.00,-19635.T=42,,"Package=188,UTC=11:33:11,Lat=23.106585,Lng=120.292627,Alt=18.70,Ax=255.96,Ay=17.08,Az=1023.46,Gx=-3220.00,Gy=4725.00,Gz=-19635.T=42,H=56,SAT=7"
,2025-09-21T03:33:33Z,COM6,,UTC=11:33:11,,,,,,,,,,,,,,,,,,,,,"Package=189,UTC=11:33:11"
,2025-09-21T03:33:34Z,COM6,,UTC=11:33:11,18.70,120.292627,23.106585,,,,,,,,,56,SAT=7,235.95,-14.88,986.49,2152.50,2345.00,-10342.5T=43,,"Package=190,UTC=11:33:11,Lat=23.106585,Lng=120.292627,Alt=18.70,Ax=235.95,Ay=-14.88,Az=986.49,Gx=2152.50,Gy=2345.00,Gz=-10342.5T=43,H=56,SAT=7"
,2025-09-21T03:33:36Z,COM6,,UTC=11:33:11,18.70,120.292627,23.106585,,,,,,,,,56,SAT=7,222.04,-11.22,986.00,1697.50,-1680.00,-1312.5T=43,,"Package=192,UTC=11:33:11,Lat=23.106585,Lng=120.292627,Alt=18.70,Ax=222.04,Ay=-11.22,Az=986.00,Gx=1697.50,Gy=-1680.00,Gz=-1312.5T=43,H=56,SAT=7"
,2025-09-21T03:33:37Z,COM6,,UTC=11:33:11,18.70,120.292627,23.106585,,,,,,,,43,56,SAT=7,234.24,24.28,985.27,-175.00,-2117.50,1032.50,,"Package=193,UTC=11:33:11,Lat=23.106585,Lng=120.292627,Alt=18.70,Ax=234.24,Ay=24.28,Az=985.27,Gx=-175.00,Gy=-2117.50,Gz=1032.50,T=43,H=56,SAT=7"
,2025-09-21T03:33:38Z,COM6,,UTC=11:33:11,18.70,120.292627,23.106585,,,,,,,,43,56,SAT=7,248.64,4.76,981.98,-1837.50,-1785.00,-122.50,,"Package=194,UTC=11:33:11,Lat=23.106585,Lng=120.292627,Alt=18.70,Ax=248.64,Ay=4.76,Az=981.98,Gx=-1837.50,Gy=-1785.00,Gz=-122.50,T=43,H=56,SAT=7"
,2025-09-21T03:33:39Z,COM6,,UTC=11:33:11,18.70,120.292627,23.106585,,,,,,,,43,56,SAT=7,254.25,2.56,981.61,560.00,262.50,-770.00,,"Package=195,UTC=11:33:11,Lat=23.106585,Lng=120.292627,Alt=18.70,Ax=254.25,Ay=2.56,Az=981.61,Gx=560.00,Gy=262.50,Gz=-770.00,T=43,H=56,SAT=7"
,2025-09-21T03:33:40Z,COM6,,UTC=11:33:11,18.70,120.292627,23.106585,,,,,,,,43,56,SAT=7,234.97,13.91,982.34,-945.00,-542.50,-1155.00,,"Package=196,UTC=11:33:11,Lat=23.106585,Lng=120.292627,Alt=18.70,Ax=234.97,Ay=13.91,Az=982.34,Gx=-945.00,Gy=-542.50,Gz=-1155.00,T=43,H=56,SAT=7"
,2025-09-21T03:33:41Z,COM6,,UTC=11:33:11,18.70,120.292627,23.106585,,,,,,,,43,56,SAT=7,230.95,-8.17,986.00,2590.00,315.00,-1645.00,,"Package=197,UTC=11:33:11,Lat=23.106585,Lng=120.292627,Alt=18.70,Ax=230.95,Ay=-8.17,Az=986.00,Gx=2590.00,Gy=315.00,Gz=-1645.00,T=43,H=56,SAT=7"
,2025-09-21T03:33:42Z,COM6,,UTC=11:33:11,18.70,120.292627,23.106585,,,,,,,,,56,SAT=7,197.15,-44.65,997.84,-24395.00,-7805.00,-8680T=43,,"Package=198,UTC=11:33:11,Lat=23.106585,Lng=120.292627,Alt=18.70,Ax=197.15,Ay=-44.65,Az=997.84,Gx=-24395.00,Gy=-7805.00,Gz=-8680T=43,H=56,SAT=7"
,2025-09-21T03:33:43Z,COM6,,UTC=11:33:11,18.70,120.292627,23.106585,,,,,,,,,56,SAT=7,223.87,-190.32,970.88,-787.50,-2397.50,-1155.T=43,,"Package=199,UTC=11:33:11,Lat=23.106585,Lng=120.292627,Alt=18.70,Ax=223.87,Ay=-190.32,Az=970.88,Gx=-787.50,Gy=-2397.50,Gz=-1155.T=43,H=56,SAT=7"
,2025-09-21T03:33:44Z,COM6,,UTC=11:33:11,18.70,120.292627,23.106585,,,,,,,,,,,22,,,,,,,"Package=200,UTC=11:33:11,Lat=23.106585,Lng=120.292627,Alt=18.70,Ax=22"
,2025-09-21T03:33:45Z,COM6,,UTC=11:33:11,18.70,120.292627,23.106585,,,,,,,,,56,SAT=7,263.64,-200.81,960.63,2695.00,-3325.00,4935.0T=43,,"Package=201,UTC=11:33:11,Lat=23.106585,Lng=120.292627,Alt=18.70,Ax=263.64,Ay=-200.81,Az=960.63,Gx=2695.00,Gy=-3325.00,Gz=4935.0T=43,H=56,SAT=7"
,2025-09-21T03:33:46Z,COM6,,UTC=11:33:11,18.70,120.292627,23.106585,,,,,,,,,,,,,,,,,,"Package=202,UTC=11:33:11,Lat=23.106585,Lng=120.292627,Alt=18.70,Ax"
,2025-09-21T03:33:47Z,COM6,,UTC=11:33:11,18.70,120.292627,23.106585,,,,,,,,,56,SAT=7,342.33,-49.29,988.08,-13667.50,-5022.50,-2380T=43,,"Package=203,UTC=11:33:11,Lat=23.106585,Lng=120.292627,Alt=18.70,Ax=342.33,Ay=-49.29,Az=988.08,Gx=-13667.50,Gy=-5022.50,Gz=-2380T=43,H=56,SAT=7"
,2025-09-21T03:33:48Z,COM6,,UTC=11:33:11,18.70,120.292627,23.106585,,,,,,,,,,,,,,,,,,"Package=204,UTC=11:33:11,Lat=23.106585,Lng=120.292627,Alt=18.70,"
,2025-09-21T03:33:49Z,COM6,,UTC=11:33:11,18.70,120.292627,23.106585,,,,,,,,43,56,SAT=7,216.55,-51.00,986.25,-332.50,-3062.50,-17.50,,"Package=205,UTC=11:33:11,Lat=23.106585,Lng=120.292627,Alt=18.70,Ax=216.55,Ay=-51.00,Az=986.25,Gx=-332.50,Gy=-3062.50,Gz=-17.50,T=43,H=56,SAT=7"
,2025-09-21T03:33:50Z,COM6,,UTC=11:33:11,,,23.106585,,,,,,,,,,,,,,,,,,"Package=206,UTC=11:33:11,Lat=23.106585,Lng"
,2025-09-21T03:33:51Z,COM6,,UTC=11:33:11,18.70,120.292627,23.106585,,,,,,,,,56,SAT=7,242.17,-29.77,985.64,-2537.50,-1540.00,-1172.T=43,,"Package=207,UTC=11:33:11,Lat=23.106585,Lng=120.292627,Alt=18.70,Ax=242.17,Ay=-29.77,Az=985.64,Gx=-2537.50,Gy=-1540.00,Gz=-1172.T=43,H=56,SAT=7"
,2025-09-21T03:33:52Z,COM6,,UTC=11:33:11,,,23.106585,,,,,,,,,,,,,,,,,,"Package=208,UTC=11:33:11,Lat=23.106585,L"
,2025-09-21T03:33:53Z,COM6,,UTC=11:33:11,18.70,120.292627,23.106585,,,,,,,,43,56,SAT=7,233.51,-6.10,990.88,3097.50,10150.00,-840.00,,"Package=209,UTC=11:33:11,Lat=23.106585,Lng=120.292627,Alt=18.70,Ax=233.51,Ay=-6.10,Az=990.88,Gx=3097.50,Gy=10150.00,Gz=-840.00,T=43,H=56,SAT=7"
,2025-09-21T03:33:54Z,COM6,,UTC=11:33:11,18.70,120.292627,23.106585,,,,,,,,43,56,SAT=7,203.50,25.25,998.57,2012.50,507.50,-19950.00,,"Package=210,UTC=11:33:11,Lat=23.106585,Lng=120.292627,Alt=18.70,Ax=203.50,Ay=25.25,Az=998.57,Gx=2012.50,Gy=507.50,Gz=-19950.00,T=43,H=56,SAT=7"
,2025-09-21T03:33:55Z,COM6,,UTC=11:33:11,18.70,120.292627,23.106585,,,,,,,,,56,SAT=7,199.59,-5.61,1020.77,-13807.50,-13020.00,3850T=44,,"Package=211,UTC=11:33:11,Lat=23.106585,Lng=120.292627,Alt=18.70,Ax=199.59,Ay=-5.61,Az=1020.77,Gx=-13807.50,Gy=-13020.00,Gz=3850T=44,H=56,SAT=7"
,2025-09-21T03:33:56Z,COM6,,UTC=11:33:11,18.70,120.292627,23.106585,,,,,,,,,56,SAT=7,142.50,-34.65,989.18,-647.50,-5530.00,2922.50T=44,,"Package=212,UTC=11:33:11,Lat=23.106585,Lng=120.292627,Alt=18.70,Ax=142.50,Ay=-34.65,Az=989.18,Gx=-647.50,Gy=-5530.00,Gz=2922.50T=44,H=56,SAT=7"
,2025-09-21T03:33:57Z,COM6,,UTC=11:33:11,18.70,120.292627,23.106585,,,,,,,,44,56,SAT=7,257.54,34.53,983.56,5845.00,1977.50,1067.50,,"Package=213,UTC=11:33:11,Lat=23.106585,Lng=120.292627,Alt=18.70,Ax=257.54,Ay=34.53,Az=983.56,Gx=5845.00,Gy=1977.50,Gz=1067.50,T=44,H=56,SAT=7"
,2025-09-21T03:33:58Z,COM6,,UTC=11:33:11,18.70,120.292627,23.106585,,,,,,,,,56,SAT=7,184.83,47.09,984.54,-525.00,7157.50,-49507.50T=44,,"Package=214,UTC=11:33:11,Lat=23.106585,Lng=120.292627,Alt=18.70,Ax=184.83,Ay=47.09,Az=984.54,Gx=-525.00,Gy=7157.50,Gz=-49507.50T=44,H=56,SAT=7"
,2025-09-21T03:33:59Z,COM6,,UTC=11:33:11,18.70,120.292627,23.106585,,,,,,,,,56,SAT=7,320.98,-165.19,1005.52,16205.00,13457.50,1423T=44,,"Package=215,UTC=11:33:11,Lat=23.106585,Lng=120.292627,Alt=18.70,Ax=320.98,Ay=-165.19,Az=1005.52,Gx=16205.00,Gy=13457.50,Gz=1423T=44,H=56,SAT=7"
,2025-09-21T03:34:00Z,COM6,,UTC=11:33:11,18.70,120.292627,23.106585,,,,,,,,,56,SAT=7,150.55,7.32,998.94,-8942.50,-5582.50,-16747.5T=43,,"Package=216,UTC=11:33:11,Lat=23.106585,Lng=120.292627,Alt=18.70,Ax=150.55,Ay=7.32,Az=998.94,Gx=-8942.50,Gy=-5582.50,Gz=-16747.5T=43,H=56,SAT=7"
,2025-09-21T03:34:01Z,COM6,,UTC=11:33:11,18.70,120.292627,23.106585,,,,,,,,,,,1,,,,,,,"Package=217,UTC=11:33:11,Lat=23.106585,Lng=120.292627,Alt=18.70,Ax=1"
,2025-09-21T03:34:02Z,COM6,,UTC=11:33:11,18.70,120.292627,23.106585,,,,,,,,,56,SAT=7,116.88,-48.80,990.03,-3692.50,8295.00,-4847.5T=43,,"Package=218,UTC=11:33:11,Lat=23.106585,Lng=120.292627,Alt=18.70,Ax=116.88,Ay=-48.80,Az=990.03,Gx=-3692.50,Gy=8295.00,Gz=-4847.5T=43,H=56,SAT=7"
,2025-09-21T03:34:03Z,COM6,,UTC=11:33:11,,120,23.106585,,,,,,,,,,,,,,,,,,"Package=219,UTC=11:33:11,Lat=23.106585,Lng=120"
,2025-09-21T03:34:04Z,COM6,,UTC=11:33:11,18.70,120.292627,23.106585,,,,,,,,,56,SAT=7,99.80,65.76,1002.60,-5530.00,11515.00,-682.50T=43,,"Package=220,UTC=11:33:11,Lat=23.106585,Lng=120.292627,Alt=18.70,Ax=99.80,Ay=65.76,Az=1002.60,Gx=-5530.00,Gy=11515.00,Gz=-682.50T=43,H=56,SAT=7"
,2025-09-21T03:34:05Z,COM6,,UTC=11:33:11,,,,,,,,,,,,,,,,,,,,,"Package=221,UTC=11:33:11"
,2025-09-21T03:34:06Z,COM6,,UTC=11:33:11,18.70,120.292627,23.106585,,,,,,,,,56,SAT=7,41.48,-90.89,1019.92,-10692.50,8172.50,647.50T=43,,"Package=222,UTC=11:33:11,Lat=23.106585,Lng=120.292627,Alt=18.70,Ax=41.48,Ay=-90.89,Az=1019.92,Gx=-10692.50,Gy=8172.50,Gz=647.50T=43,H=56,SAT=7"
,2025-09-21T03:34:08Z,COM6,,UTC=11:33:11,18.70,120.292627,23.106585,,,,,,,,,56,SAT=7,-68.81,16.71,1003.94,9432.50,15260.00,30975.0T=43,,"Package=224,UTC=11:33:11,Lat=23.106585,Lng=120.292627,Alt=18.70,Ax=-68.81,Ay=16.71,Az=1003.94,Gx=9432.50,Gy=15260.00,Gz=30975.0T=43,H=56,SAT=7"
,2025-09-21T03:34:09Z,COM6,,UTC=11:33:11,18.70,120.292627,23.106585,,,,,,,,,56,SAT=7,-124.68,137.13,991.37,-2765.00,4970.00,31325.T=43,,"Package=225,UTC=11:33:11,Lat=23.106585,Lng=120.292627,Alt=18.70,Ax=-124.68,Ay=137.13,Az=991.37,Gx=-2765.00,Gy=4970.00,Gz=31325.T=43,H=56,SAT=7"
,2025-09-21T03:34:10Z,COM6,,UTC=11:33:11,18.70,120.292627,23.106585,,,,,,,,,56,SAT=7,-54.66,83.20,999.30,-11462.50,10517.50,26162.T=43,,"Package=226,UTC=11:33:11,Lat=23.106585,Lng=120.292627,Alt=18.70,Ax=-54.66,Ay=83.20,Az=999.30,Gx=-11462.50,Gy=10517.50,Gz=26162.T=43,H=56,SAT=7"
,2025-09-21T03:34:11Z,COM6,,UTC=11:33:11,18.70,120.292627,23.106585,,,,,,,,,56,SAT=7,-231.68,251.44,957.21,-13160.00,5985.00,-2653T=43,,"Package=227,UTC=11:33:11,Lat=23.106585,Lng=120.292627,Alt=18.70,Ax=-231.68,Ay=251.44,Az=957.21,Gx=-13160.00,Gy=5985.00,Gz=-2653T=43,H=56,SAT=7"
,2025-09-21T03:34:12Z,COM6,,UTC=11:33:11,18.70,120.292627,23.106585,,,,,,,,,55,SAT=7,-139.57,8.17,959.53,12687.50,38710.00,-19810.T=43,,"Package=228,UTC=11:33:11,Lat=23.106585,Lng=120.292627,Alt=18.70,Ax=-139.57,Ay=8.17,Az=959.53,Gx=12687.50,Gy=38710.00,Gz=-19810.T=43,H=55,SAT=7"
,2025-09-21T03:34:13Z,COM6,,UTC=11:33:11,18.70,120.292627,23.106585,,,,,,,,,55,SAT=7,-300.85,-27.33,960.26,3885.00,-2450.00,-472.5T=43,,"Package=229,UTC=11:33:11,Lat=23.106585,Lng=120.292627,Alt=18.70,Ax=-300.85,Ay=-27.33,Az=960.26,Gx=3885.00,Gy=-2450.00,Gz=-472.5T=43,H=55,SAT=7"
,2025-09-21T03:34:14Z,COM6,,UTC=11:33:11,18.70,120.292627,23.106585,,,,,,,,,55,SAT=7,-445.30,-185.56,892.06,17097.50,-11200.00,534T=44,,"Package=230,UTC=11:33:11,Lat=23.106585,Lng=120.292627,Alt=18.70,Ax=-445.30,Ay=-185.56,Az=892.06,Gx=17097.50,Gy=-11200.00,Gz=534T=44,H=55,SAT=7"
,2025-09-21T03:34:15Z,COM6,,UTC=11:33:11,18.70,120.292627,23.106585,,,,,,,,,55,SAT=7,-108.95,104.55,1004.79,-9327.50,-32042.50,-13T=44,,"Package=231,UTC=11:33:11,Lat=23.106585,Lng=120.292627,Alt=18.70,Ax=-108.95,Ay=104.55,Az=1004.79,Gx=-9327.50,Gy=-32042.50,Gz=-13T=44,H=55,SAT=7"
,2025-09-21T03:34:16Z,COM6,,UTC=11:33:11,18.70,120.292627,23.106585,,,,,,,,,55,SAT=7,126.76,59.41,989.18,-9152.50,19022.50,5862.50T=44,,"Package=232,UTC=11:33:11,Lat=23.106585,Lng=120.292627,Alt=18.70,Ax=126.76,Ay=59.41,Az=989.18,Gx=-9152.50,Gy=19022.50,Gz=5862.50T=44,H=55,SAT=7"
,2025-09-21T03:34:17Z,COM6,,UTC=11:33:11,18.70,120.292627,23.106585,,,,,,,,,55,SAT=7,108.95,108.09,996.25,3885.00,-5337.50,-9380.0T=44,,"Package=233,UTC=11:33:11,Lat=23.106585,Lng=120.292627,Alt=18.70,Ax=108.95,Ay=108.09,Az=996.25,Gx=3885.00,Gy=-5337.50,Gz=-9380.0T=44,H=55,SAT=7"
,2025-09-21T03:34:18Z,COM6,,UTC=11:33:11,18.70,120.292627,23.106585,,,,,,,,,,,,,,,,,,"Package=234,UTC=11:33:11,Lat=23.106585,Lng=120.292627,Alt=18.70,Ax="
,2025-09-21T03:34:19Z,COM6,,UTC=11:33:11,18.70,120.292627,23.106585,,,,,,,,,55,SAT=7,45.63,62.71,1014.19,-4025.00,6037.50,-6300.00T=44,,"Package=235,UTC=11:33:11,Lat=23.106585,Lng=120.292627,Alt=18.70,Ax=45.63,Ay=62.71,Az=1014.19,Gx=-4025.00,Gy=6037.50,Gz=-6300.00T=44,H=55,SAT=7"
,2025-09-21T03:34:20Z,COM6,,UTC=11:33:11,,12,23.106585,,,,,,,,,,,,,,,,,,"Package=236,UTC=11:33:11,Lat=23.106585,Lng=12"
,2025-09-21T03:34:21Z,COM6,,UTC=11:33:11,18.70,120.292627,23.106585,,,,,,,,,55,SAT=7,-36.11,47.82,1007.72,3605.00,2940.00,-1347.50T=44,,"Package=237,UTC=11:33:11,Lat=23.106585,Lng=120.292627,Alt=18.70,Ax=-36.11,Ay=47.82,Az=1007.72,Gx=3605.00,Gy=2940.00,Gz=-1347.50T=44,H=55,SAT=7"
,2025-09-21T03:34:22Z,COM6,,UTC=11:33:1,,,,,,,,,,,,,,,,,,,,,"Package=238,UTC=11:33:1"
,2025-09-21T03:34:23Z,COM6,,UTC=11:33:11,18.70,120.292627,23.106585,,,,,,,,,55,SAT=7,-106.14,70.27,993.32,-7367.50,8435.00,-16205.T=44,,"Package=239,UTC=11:33:11,Lat=23.106585,Lng=120.292627,Alt=18.70,Ax=-106.14,Ay=70.27,Az=993.32,Gx=-7367.50,Gy=8435.00,Gz=-16205.T=44,H=55,SAT=7"
,2025-09-21T03:34:25Z,COM6,,UTC=11:33:11,18.70,120.292627,23.106585,,,,,,,,,55,SAT=7,-97.84,-67.47,983.81,15680.00,59150.00,-19670T=44,,"Package=241,UTC=11:33:11,Lat=23.106585,Lng=120.292627,Alt=18.70,Ax=-97.84,Ay=-67.47,Az=983.81,Gx=15680.00,Gy=59150.00,Gz=-19670T=44,H=55,SAT=7"
,2025-09-21T03:34:26Z,COM6,,UTC=11:33:11,18.70,120.292627,23.106585,,,,,,,,,55,SAT=7,-191.42,-204.47,950.26,33740.00,14997.50,-186T=44,,"Package=242,UTC=11:33:11,Lat=23.106585,Lng=120.292627,Alt=18.70,Ax=-191.42,Ay=-204.47,Az=950.26,Gx=33740.00,Gy=14997.50,Gz=-186T=44,H=55,SAT=7"
,2025-09-21T03:34:27Z,COM6,,UTC=11:33:11,18.70,120.292627,23.106585,,,,,,,,,55,SAT=7,-228.26,117.61,984.30,1732.50,-5302.50,10115.T=43,,"Package=243,UTC=11:33:11,Lat=23.106585,Lng=120.292627,Alt=18.70,Ax=-228.26,Ay=117.61,Az=984.30,Gx=1732.50,Gy=-5302.50,Gz=10115.T=43,H=55,SAT=7"
,2025-09-21T03:34:28Z,COM6,,UTC=11:33:11,18.70,120.292627,23.106585,,,,,,,,,55,SAT=7,-230.82,199.35,937.94,3272.50,20492.50,18095.T=43,,"Package=244,UTC=11:33:11,Lat=23.106585,Lng=120.292627,Alt=18.70,Ax=-230.82,Ay=199.35,Az=937.94,Gx=3272.50,Gy=20492.50,Gz=18095.T=43,H=55,SAT=7"
,2025-09-21T03:34:29Z,COM6,,UTC=11:33:11,18.70,120.292627,23.106585,,,,,,,,,55,SAT=7,-219.84,160.55,977.10,-28297.50,-7350.00,-171T=43,,"Package=245,UTC=11:33:11,Lat=23.106585,Lng=120.292627,Alt=18.70,Ax=-219.84,Ay=160.55,Az=977.10,Gx=-28297.50,Gy=-7350.00,Gz=-171T=43,H=55,SAT=7"
,2025-09-21T03:34:30Z,COM6,,UTC=11:33:11,18.70,120.292627,23.106585,,,,,,,,,55,SAT=7,-153.72,177.75,980.39,1137.50,1277.50,9432.50T=43,,"Package=246,UTC=11:33:11,Lat=23.106585,Lng=120.292627,Alt=18.70,Ax=-153.72,Ay=177.75,Az=980.39,Gx=1137.50,Gy=1277.50,Gz=9432.50T=43,H=55,SAT=7"
,2025-09-21T03:34:31Z,COM6,,UTC=11:33:11,18.70,120.292627,23.106585,,,,,,,,,55,SAT=7,-129.93,194.59,966.36,-5057.50,1732.50,-3745.T=43,,"Package=247,UTC=11:33:11,Lat=23.106585,Lng=120.292627,Alt=18.70,Ax=-129.93,Ay=194.59,Az=966.36,Gx=-5057.50,Gy=1732.50,Gz=-3745.T=43,H=55,SAT=7"
,2025-09-21T03:34:32Z,COM6,,UTC=11:33:11,18.70,120.292627,23.106585,,,,,,,,44,55,SAT=7,-151.16,202.40,970.27,927.50,-280.00,210.00,,"Package=248,UTC=11:33:11,Lat=23.106585,Lng=120.292627,Alt=18.70,Ax=-151.16,Ay=202.40,Az=970.27,Gx=927.50,Gy=-280.00,Gz=210.00,T=44,H=55,SAT=7"
,2025-09-21T03:34:33Z,COM6,,UTC=11:33:11,18.70,120.292627,23.106585,,,,,,,,,,,-,,,,,,,"Package=249,UTC=11:33:11,Lat=23.106585,Lng=120.292627,Alt=18.70,Ax=-"
,2025-09-21T03:34:34Z,COM6,,UTC=11:33:11,18.70,120.292627,23.106585,,,,,,,,,55,SAT=7,-122.73,161.16,986.00,10027.50,7805.00,10482.T=44,,"Package=250,UTC=11:33:11,Lat=23.106585,Lng=120.292627,Alt=18.70,Ax=-122.73,Ay=161.16,Az=986.00,Gx=10027.50,Gy=7805.00,Gz=10482.T=44,H=55,SAT=7"
,2025-09-21T03:34:35Z,COM6,,UTC=11:33:11,,120,23.106585,,,,,,,,,,,,,,,,,,"Package=251,UTC=11:33:11,Lat=23.106585,Lng=120"
,2025-09-21T03:34:36Z,COM6,,UTC=11:33:11,18.70,120.292627,23.106585,,,,,,,,,55,SAT=7,-102.97,226.55,960.14,-2905.00,3832.50,-3692.T=44,,"Package=252,UTC=11:33:11,Lat=23.106585,Lng=120.292627,Alt=18.70,Ax=-102.97,Ay=226.55,Az=960.14,Gx=-2905.00,Gy=3832.50,Gz=-3692.T=44,H=55,SAT=7"
,2025-09-21T03:34:37Z,COM6,,UTC=11:33:11,,,,,,,,,,,,,,,,,,,,,"Package=253,UTC=11:33:11,"
,2025-09-21T03:34:38Z,COM6,,UTC=11:33:11,18.70,120.292627,23.106585,,,,,,,,,55,SAT=7,-165.68,255.83,958.68,2012.50,-3412.50,647.50T=44,,"Package=254,UTC=11:33:11,Lat=23.106585,Lng=120.292627,Alt=18.70,Ax=-165.68,Ay=255.83,Az=958.68,Gx=2012.50,Gy=-3412.50,Gz=647.50T=44,H=55,SAT=7"
,2025-09-21T03:34:40Z,COM6,,UTC=11:33:11,18.70,120.292627,23.106585,,,,,,,,44,55,SAT=7,-150.79,250.22,959.90,1330.00,-1785.00,17.50,,"Package=256,UTC=11:33:11,Lat=23.106585,Lng=120.292627,Alt=18.70,Ax=-150.79,Ay=250.22,Az=959.90,Gx=1330.00,Gy=-1785.00,Gz=17.50,T=44,H=55,SAT=7"
,2025-09-21T03:34:42Z,COM6,,UTC=11:33:11,18.70,120.292627,23.106585,,,,,,,,44,55,SAT=7,-151.52,249.37,964.53,385.00,1225.00,297.50,,"Package=258,UTC=11:33:11,Lat=23.106585,Lng=120.292627,Alt=18.70,Ax=-151.52,Ay=249.37,Az=964.53,Gx=385.00,Gy=1225.00,Gz=297.50,T=44,H=55,SAT=7"
,2025-09-21T03:34:43Z,COM6,,UTC=11:33:11,18.70,120.292627,23.106585,,,,,,,,,55,SAT=7,-163.72,240.71,963.68,507.50,-1260.00,-525.00T=44,,"Package=259,UTC=11:33:11,Lat=23.106585,Lng=120.292627,Alt=18.70,Ax=-163.72,Ay=240.71,Az=963.68,Gx=507.50,Gy=-1260.00,Gz=-525.00T=44,H=55,SAT=7"
,2025-09-21T03:34:44Z,COM6,,UTC=11:33:11,18.70,120.292627,23.106585,,,,,,,,44,55,SAT=7,-171.04,247.05,957.94,-1085.00,700.00,647.50,,"Package=260,UTC=11:33:11,Lat=23.106585,Lng=120.292627,Alt=18.70,Ax=-171.04,Ay=247.05,Az=957.94,Gx=-1085.00,Gy=700.00,Gz=647.50,T=44,H=55,SAT=7"
,2025-09-21T03:34:45Z,COM6,,UTC=11:33:11,18.70,120.292627,23.106585,,,,,,,,,55,SAT=7,-186.78,245.34,958.55,1102.50,-910.00,1855.00T=44,,"Package=261,UTC=11:33:11,Lat=23.106585,Lng=120.292627,Alt=18.70,Ax=-186.78,Ay=245.34,Az=958.55,Gx=1102.50,Gy=-910.00,Gz=1855.00T=44,H=55,SAT=7"
,2025-09-21T03:34:46Z,COM6,,UTC=11:33:11,18.70,120.292627,23.106585,,,,,,,,44,55,SAT=7,-175.80,248.76,951.23,3027.50,2292.50,0.00,,"Package=262,UTC=11:33:11,Lat=23.106585,Lng=120.292627,Alt=18.70,Ax=-175.80,Ay=248.76,Az=951.23,Gx=3027.50,Gy=2292.50,Gz=0.00,T=44,H=55,SAT=7"
,2025-09-21T03:34:47Z,COM6,,UTC=11:33:11,18.70,120.292627,23.106585,,,,,,,,,55,SAT=7,-182.63,278.16,944.04,1417.50,-2187.50,945.00T=44,,"Package=263,UTC=11:33:11,Lat=23.106585,Lng=120.292627,Alt=18.70,Ax=-182.63,Ay=278.16,Az=944.04,Gx=1417.50,Gy=-2187.50,Gz=945.00T=44,H=55,SAT=7"
,2025-09-21T03:34:48Z,COM6,,UTC=11:33:11,18.70,120.292627,23.106585,,,,,,,,,,,-15,,,,,,,"Package=264,UTC=11:33:11,Lat=23.106585,Lng=120.292627,Alt=18.70,Ax=-15"
,2025-09-21T03:34:49Z,COM6,,UTC=11:33:11,18.70,120.292627,23.106585,,,,,,,,,54,SAT=7,-84.42,228.02,979.29,5442.50,-1347.50,-2765.0T=44,,"Package=265,UTC=11:33:11,Lat=23.106585,Lng=120.292627,Alt=18.70,Ax=-84.42,Ay=228.02,Az=979.29,Gx=5442.50,Gy=-1347.50,Gz=-2765.0T=44,H=54,SAT=7"
,2025-09-21T03:34:50Z,COM6,,UTC=11:33:11,18.70,120.292627,23.106585,,,,,,,,,54,SAT=7,-324.40,211.55,932.32,-3395.00,14052.50,-8645T=44,,"Package=266,UTC=11:33:11,Lat=23.106585,Lng=120.292627,Alt=18.70,Ax=-324.40,Ay=211.55,Az=932.32,Gx=-3395.00,Gy=14052.50,Gz=-8645T=44,H=54,SAT=7"
,2025-09-21T03:34:51Z,COM6,,UTC=11:33:11,18.70,120.292627,23.106585,,,,,,,,,54,SAT=7,-467.75,132.49,876.20,2730.00,3727.50,-4270.0T=44,,"Package=267,UTC=11:33:11,Lat=23.106585,Lng=120.292627,Alt=18.70,Ax=-467.75,Ay=132.49,Az=876.20,Gx=2730.00,Gy=3727.50,Gz=-4270.0T=44,H=54,SAT=7"
,2025-09-21T03:34:52Z,COM6,,UTC=11:33:11,,120,23.106585,,,,,,,,,,,,,,,,,,"Package=268,UTC=11:33:11,Lat=23.106585,Lng=120"
,2025-09-21T03:34:53Z,COM6,,UTC=11:33:11,18.70,120.292627,23.106585,,,,,,,,,54,SAT=7,-419.56,66.12,968.92,-22365.00,3412.50,-25672T=44,,"Package=269,UTC=11:33:11,Lat=23.106585,Lng=120.292627,Alt=18.70,Ax=-419.56,Ay=66.12,Az=968.92,Gx=-22365.00,Gy=3412.50,Gz=-25672T=44,H=54,SAT=7"
,2025-09-21T03:34:54Z,COM6,,UTC=11:33:11,,,,,,,,,,,,,,,,,,,,,"Package=270,UTC=11:33:11"
,2025-09-21T03:34:55Z,COM6,,UTC=11:33:11,18.70,120.292627,23.106585,,,,,,,,,54,SAT=7,-97.36,-119.80,966.97,10780.00,-40932.50,-206T=45,,"Package=271,UTC=11:33:11,Lat=23.106585,Lng=120.292627,Alt=18.70,Ax=-97.36,Ay=-119.80,Az=966.97,Gx=10780.00,Gy=-40932.50,Gz=-206T=45,H=54,SAT=7"
,2025-09-21T03:34:57Z,COM6,,UTC=11:33:11,18.70,120.292627,23.106585,,,,,,,,,53,SAT=7,-58.19,-131.15,1007.60,2327.50,7875.00,-8015.T=45,,"Package=273,UTC=11:33:11,Lat=23.106585,Lng=120.292627,Alt=18.70,Ax=-58.19,Ay=-131.15,Az=1007.60,Gx=2327.50,Gy=7875.00,Gz=-8015.T=45,H=53,SAT=7"
,2025-09-21T03:34:58Z,COM6,,UTC=11:33:11,18.70,120.292627,23.106585,,,,,,,,,53,SAT=7,-25.38,-172.02,1001.62,8190.00,6982.50,3692.5T=45,,"Package=274,UTC=11:33:11,Lat=23.106585,Lng=120.292627,Alt=18.70,Ax=-25.38,Ay=-172.02,Az=1001.62,Gx=8190.00,Gy=6982.50,Gz=3692.5T=45,H=53,SAT=7"
,2025-09-21T03:34:59Z,COM6,,UTC=11:33:11,18.70,120.292627,23.106585,,,,,,,,,53,SAT=7,-459.94,-91.13,886.45,4305.00,8067.50,7525.00T=45,,"Package=275,UTC=11:33:11,Lat=23.106585,Lng=120.292627,Alt=18.70,Ax=-459.94,Ay=-91.13,Az=886.45,Gx=4305.00,Gy=8067.50,Gz=7525.00T=45,H=53,SAT=7"
,2025-09-21T03:35:00Z,COM6,,UTC=11:33:11,18.70,120.292627,23.106585,,,,,,,,,53,SAT=7,247.17,-122.73,1000.77,23152.50,-2082.50,9695T=45,,"Package=276,UTC=11:33:11,Lat=23.106585,Lng=120.292627,Alt=18.70,Ax=247.17,Ay=-122.73,Az=1000.77,Gx=23152.50,Gy=-2082.50,Gz=9695T=45,H=53,SAT=7"
,2025-09-21T03:35:01Z,COM6,,UTC=11:33:11,18.70,120.292627,23.106585,,,,,,,,,53,SAT=7,362.10,53.07,954.28,31762.50,-31587.50,-59465T=45,,"Package=277,UTC=11:33:11,Lat=23.106585,Lng=120.292627,Alt=18.70,Ax=362.10,Ay=53.07,Az=954.28,Gx=31762.50,Gy=-31587.50,Gz=-59465T=45,H=53,SAT=7"
,2025-09-21T03:35:02Z,COM6,,UTC=11:33:11,18.70,120.292627,23.106585,,,,,,,,,53,SAT=7,345.63,472.87,793.98,-3115.00,3867.50,23187.5T=45,,"Package=278,UTC=11:33:11,Lat=23.106585,Lng=120.292627,Alt=18.70,Ax=345.63,Ay=472.87,Az=793.98,Gx=-3115.00,Gy=3867.50,Gz=23187.5T=45,H=53,SAT=7"
,2025-09-21T03:35:03Z,COM6,,UTC=11:33:11,18.70,120.292627,23.106585,,,,,,,,,53,SAT=7,463.72,173.36,862.30,-37782.50,-3885.00,-4529T=45,,"Package=279,UTC=11:33:11,Lat=23.106585,Lng=120.292627,Alt=18.70,Ax=463.72,Ay=173.36,Az=862.30,Gx=-37782.50,Gy=-3885.00,Gz=-4529T=45,H=53,SAT=7"
,2025-09-21T03:35:04Z,COM6,,UTC=11:33:11,18.70,120.292627,23.106585,,,,,,,,45,53,SAT=7,382.35,-6.34,916.46,9012.50,-2327.50,5932.50,,"Package=280,UTC=11:33:11,Lat=23.106585,Lng=120.292627,Alt=18.70,Ax=382.35,Ay=-6.34,Az=916.46,Gx=9012.50,Gy=-2327.50,Gz=5932.50,T=45,H=53,SAT=7"
,2025-09-21T03:35:05Z,COM6,,UTC=11:33:11,18.70,120.292627,23.106585,,,,,,,,,53,SAT=7,358.92,-46.24,932.69,48440.00,-22050.00,86467T=45,,"Package=281,UTC=11:33:11,Lat=23.106585,Lng=120.292627,Alt=18.70,Ax=358.92,Ay=-46.24,Az=932.69,Gx=48440.00,Gy=-22050.00,Gz=86467T=45,H=53,SAT=7"
,2025-09-21T03:35:06Z,COM6,,UTC=11:33:11,18.70,120.292627,23.106585,,,,,,,,,53,SAT=7,435.30,-44.04,880.23,30415.00,-12425.00,58397T=45,,"Package=282,UTC=11:33:11,Lat=23.106585,Lng=120.292627,Alt=18.70,Ax=435.30,Ay=-44.04,Az=880.23,Gx=30415.00,Gy=-12425.00,Gz=58397T=45,H=53,SAT=7"
,2025-09-21T03:35:07Z,COM6,,UTC=11:33:11,18.70,120.292627,23.106585,,,,,,,,,53,SAT=7,369.17,2.32,957.94,24080.00,-36837.50,39637.5T=45,,"Package=283,UTC=11:33:11,Lat=23.106585,Lng=120.292627,Alt=18.70,Ax=369.17,Ay=2.32,Az=957.94,Gx=24080.00,Gy=-36837.50,Gz=39637.5T=45,H=53,SAT=7"
,2025-09-21T03:35:08Z,COM6,,UTC=11:33:11,18.70,120.292627,23.106585,,,,,,,,,53,SAT=7,359.17,-83.69,931.35,4112.50,-7455.00,1995.00T=45,,"Package=284,UTC=11:33:11,Lat=23.106585,Lng=120.292627,Alt=18.70,Ax=359.17,Ay=-83.69,Az=931.35,Gx=4112.50,Gy=-7455.00,Gz=1995.00T=45,H=53,SAT=7"
,2025-09-21T03:35:09Z,COM6,,UTC=11:33:11,,12,23.106585,,,,,,,,,,,,,,,,,,"Package=285,UTC=11:33:11,Lat=23.106585,Lng=12"
,2025-09-21T03:35:10Z,COM6,,UTC=11:33:11,18.70,120.292627,23.106585,,,,,,,,,53,SAT=7,836.43,248.15,460.92,36277.50,2607.50,24045.0T=45,,"Package=286,UTC=11:33:11,Lat=23.106585,Lng=120.292627,Alt=18.70,Ax=836.43,Ay=248.15,Az=460.92,Gx=36277.50,Gy=2607.50,Gz=24045.0T=45,H=53,SAT=7"
,2025-09-21T03:35:12Z,COM6,,UTC=11:33:11,18.70,120.292627,23.106585,,,,,,,,,53,SAT=7,806.91,261.08,557.78,-6895.00,-3640.00,-4392.T=45,,"Package=288,UTC=11:33:11,Lat=23.106585,Lng=120.292627,Alt=18.70,Ax=806.91,Ay=261.08,Az=557.78,Gx=-6895.00,Gy=-3640.00,Gz=-4392.T=45,H=53,SAT=7"
,2025-09-21T03:35:14Z,COM6,,UTC=11:33:11,18.70,120.292627,23.106585,,,,,,,,,53,SAT=7,758.47,369.78,523.75,-3920.00,9520.00,-6965.0T=45,,"Package=290,UTC=11:33:11,Lat=23.106585,Lng=120.292627,Alt=18.70,Ax=758.47,Ay=369.78,Az=523.75,Gx=-3920.00,Gy=9520.00,Gz=-6965.0T=45,H=53,SAT=7"
,2025-09-21T03:35:15Z,COM6,,UTC=11:33:11,18.70,120.292627,23.106585,,,,,,,,,53,SAT=7,741.03,341.11,611.95,-20457.50,-18620.00,-122T=45,,"Package=291,UTC=11:33:11,Lat=23.106585,Lng=120.292627,Alt=18.70,Ax=741.03,Ay=341.11,Az=611.95,Gx=-20457.50,Gy=-18620.00,Gz=-122T=45,H=53,SAT=7"
,2025-09-21T03:35:16Z,COM6,,UTC=11:33:11,18.70,120.292627,23.106585,,,,,,,,45,53,SAT=7,733.34,252.91,601.22,7227.50,6965.00,7892.50,,"Package=292,UTC=11:33:11,Lat=23.106585,Lng=120.292627,Alt=18.70,Ax=733.34,Ay=252.91,Az=601.22,Gx=7227.50,Gy=6965.00,Gz=7892.50,T=45,H=53,SAT=7"
,2025-09-21T03:35:17Z,COM6,,UTC=11:33:11,18.70,120.292627,23.106585,,,,,,,,,53,SAT=7,746.64,253.52,623.91,-3482.50,-577.50,-3500.0T=45,,"Package=293,UTC=11:33:11,Lat=23.106585,Lng=120.292627,Alt=18.70,Ax=746.64,Ay=253.52,Az=623.91,Gx=-3482.50,Gy=-577.50,Gz=-3500.0T=45,H=53,SAT=7"
,2025-09-21T03:35:18Z,COM6,,UTC=11:33:11,18.70,120.292627,23.106585,,,,,,,,,53,SAT=7,749.32,294.87,617.44,15977.50,-315.00,7227.50T=45,,"Package=294,UTC=11:33:11,Lat=23.106585,Lng=120.292627,Alt=18.70,Ax=749.32,Ay=294.87,Az=617.44,Gx=15977.50,Gy=-315.00,Gz=7227.50T=45,H=53,SAT=7"
,2025-09-21T03:35:19Z,COM6,,UTC=11:33:11,18.70,120.292627,23.106585,,,,,,,,45,53,SAT=7,776.29,272.43,578.77,5600.00,2012.50,4480.00,,"Package=295,UTC=11:33:11,Lat=23.106585,Lng=120.292627,Alt=18.70,Ax=776.29,Ay=272.43,Az=578.77,Gx=5600.00,Gy=2012.50,Gz=4480.00,T=45,H=53,SAT=7"
,2025-09-21T03:35:20Z,COM6,,UTC=11:33:11,18.70,120.292627,23.106585,,,,,,,,46,53,SAT=7,774.70,267.18,580.23,-437.50,-822.50,-52.50,,"Package=296,UTC=11:33:11,Lat=23.106585,Lng=120.292627,Alt=18.70,Ax=774.70,Ay=267.18,Az=580.23,Gx=-437.50,Gy=-822.50,Gz=-52.50,T=46,H=53,SAT=7"
,2025-09-21T03:35:21Z,COM6,,UTC=11:33:11,18.70,120.292627,23.106585,,,,,,,,,53,SAT=7,747.74,321.84,609.39,507.50,5110.00,-15452.50T=46,,"Package=297,UTC=11:33:11,Lat=23.106585,Lng=120.292627,Alt=18.70,Ax=747.74,Ay=321.84,Az=609.39,Gx=507.50,Gy=5110.00,Gz=-15452.50T=46,H=53,SAT=7"
,2025-09-21T03:35:22Z,COM6,,UTC=11:33:11,18.70,120.292627,23.106585,,,,,,,,,,,7,,,,,,,"Package=298,UTC=11:33:11,Lat=23.106585,Lng=120.292627,Alt=18.70,Ax=7"
,2025-09-21T03:35:23Z,COM6,,UTC=11:33:11,18.70,120.292627,23.106585,,,,,,,,,53,SAT=7,687.10,353.43,644.40,-8662.50,6405.00,-1680.0T=46,,"Package=299,UTC=11:33:11,Lat=23.106585,Lng=120.292627,Alt=18.70,Ax=687.10,Ay=353.43,Az=644.40,Gx=-8662.50,Gy=6405.00,Gz=-1680.0T=46,H=53,SAT=7"
,2025-09-21T03:35:24Z,COM6,,UTC=11:33:11,,120,23.106585,,,,,,,,,,,,,,,,,,"Package=300,UTC=11:33:11,Lat=23.106585,Lng=120"
,2025-09-21T03:35:25Z,COM6,,UTC=11:33:11,18.70,120.292627,23.106585,,,,,,,,,53,SAT=7,525.21,422.24,750.79,-18952.50,-15925.00,-922T=46,,"Package=301,UTC=11:33:11,Lat=23.106585,Lng=120.292627,Alt=18.70,Ax=525.21,Ay=422.24,Az=750.79,Gx=-18952.50,Gy=-15925.00,Gz=-922T=46,H=53,SAT=7"
,2025-09-21T03:35:26Z,COM6,,UTC=11:33:11,,,,,,,,,,,,,,,,,,,,,"Package=302,UTC=11:33:11"
,2025-09-21T03:35:27Z,COM6,,UTC=11:33:11,18.70,120.292627,23.106585,,,,,,,,,53,SAT=7,416.63,324.28,838.75,-5057.50,22575.00,-2870.T=46,,"Package=303,UTC=11:33:11,Lat=23.106585,Lng=120.292627,Alt=18.70,Ax=416.63,Ay=324.28,Az=838.75,Gx=-5057.50,Gy=22575.00,Gz=-2870.T=46,H=53,SAT=7"
,2025-09-21T03:35:29Z,COM6,,UTC=11:33:11,18.70,120.292627,23.106585,,,,,,,,,53,SAT=7,207.52,-17.57,986.00,2905.00,-385.00,32235.00T=46,,"Package=305,UTC=11:33:11,Lat=23.106585,Lng=120.292627,Alt=18.70,Ax=207.52,Ay=-17.57,Az=986.00,Gx=2905.00,Gy=-385.00,Gz=32235.00T=46,H=53,SAT=7"
,2025-09-21T03:35:30Z,COM6,,UTC=11:33:11,18.70,120.292627,23.106585,,,,,,,,,53,SAT=7,340.38,81.50,929.40,-12827.50,-13300.00,-1537T=46,,"Package=306,UTC=11:33:11,Lat=23.106585,Lng=120.292627,Alt=18.70,Ax=340.38,Ay=81.50,Az=929.40,Gx=-12827.50,Gy=-13300.00,Gz=-1537T=46,H=53,SAT=7"
,2025-09-21T03:35:31Z,COM6,,UTC=11:33:11,18.70,120.292627,23.106585,,,,,,,,,53,SAT=7,305.49,53.07,976.00,-21945.00,-12197.50,-5850T=46,,"Package=307,UTC=11:33:11,Lat=23.106585,Lng=120.292627,Alt=18.70,Ax=305.49,Ay=53.07,Az=976.00,Gx=-21945.00,Gy=-12197.50,Gz=-5850T=46,H=53,SAT=7"
,2025-09-21T03:35:32Z,COM6,,UTC=11:33:11,18.70,120.292627,23.106585,,,,,,,,,53,SAT=7,306.46,6.95,939.77,-19967.50,-2520.00,-58625.T=46,,"Package=308,UTC=11:33:11,Lat=23.106585,Lng=120.292627,Alt=18.70,Ax=306.46,Ay=6.95,Az=939.77,Gx=-19967.50,Gy=-2520.00,Gz=-58625.T=46,H=53,SAT=7"
,2025-09-21T03:35:33Z,COM6,,UTC=11:33:11,18.70,120.292627,23.106585,,,,,,,,,53,SAT=7,192.03,32.94,1011.38,13037.50,2730.00,9642.50T=46,,"Package=309,UTC=11:33:11,Lat=23.106585,Lng=120.292627,Alt=18.70,Ax=192.03,Ay=32.94,Az=1011.38,Gx=13037.50,Gy=2730.00,Gz=9642.50T=46,H=53,SAT=7"
,2025-09-21T03:35:34Z,COM6,,UTC=11:33:11,18.70,120.292627,23.106585,,,,,,,,,53,SAT=7,265.96,24.40,978.44,-1172.50,9012.50,-8067.50T=45,,"Package=310,UTC=11:33:11,Lat=23.106585,Lng=120.292627,Alt=18.70,Ax=265.96,Ay=24.40,Az=978.44,Gx=-1172.50,Gy=9012.50,Gz=-8067.50T=45,H=53,SAT=7"
,2025-09-21T03:35:35Z,COM6,,UTC=11:33:11,18.70,120.292627,23.106585,,,,,,,,,53,SAT=7,168.12,-132.25,896.70,34072.50,-8557.50,12524T=45,,"Package=311,UTC=11:33:11,Lat=23.106585,Lng=120.292627,Alt=18.70,Ax=168.12,Ay=-132.25,Az=896.70,Gx=34072.50,Gy=-8557.50,Gz=12524T=45,H=53,SAT=7"
,2025-09-21T03:35:36Z,COM6,,UTC=11:33:11,18.70,120.292627,23.106585,,,,,,,,,53,SAT=7,376.61,509.72,753.11,-12320.00,-4042.50,-3246T=45,,"Package=312,UTC=11:33:11,Lat=23.106585,Lng=120.292627,Alt=18.70,Ax=376.61,Ay=509.72,Az=753.11,Gx=-12320.00,Gy=-4042.50,Gz=-3246T=45,H=53,SAT=7"
,2025-09-21T03:35:37Z,COM6,,UTC=11:33:11,18.70,120.292627,23.106585,,,,,,,,,53,SAT=7,262.79,387.35,851.19,6300.00,-892.50,-38885.0T=45,,"Package=313,UTC=11:33:11,Lat=23.106585,Lng=120.292627,Alt=18.70,Ax=262.79,Ay=387.35,Az=851.19,Gx=6300.00,Gy=-892.50,Gz=-38885.0T=45,H=53,SAT=7"
,2025-09-21T03:35:38Z,COM6,,UTC=11:33:11,18.70,120.292627,23.106585,,,,,,,,,53,SAT=7,365.88,481.78,797.76,8067.50,-12162.50,3185.0T=45,,"Package=314,UTC=11:33:11,Lat=23.106585,Lng=120.292627,Alt=18.70,Ax=365.88,Ay=481.78,Az=797.76,Gx=8067.50,Gy=-12162.50,Gz=3185.0T=45,H=53,SAT=7"
,2025-09-21T03:35:39Z,COM6,,UTC=11:33:11,18.70,120.292627,23.106585,,,,,,,,,,,,,,,,,,"Package=315,UTC=11:33:11,Lat=23.106585,Lng=120.292627,Alt=18.70,Ax="
,2025-09-21T03:35:40Z,COM6,,UTC=11:33:11,18.70,120.292627,23.106585,,,,,,,,,53,SAT=7,223.50,502.88,861.56,-21315.00,-20685.00,-178T=45,,"Package=316,UTC=11:33:11,Lat=23.106585,Lng=120.292627,Alt=18.70,Ax=223.50,Ay=502.88,Az=861.56,Gx=-21315.00,Gy=-20685.00,Gz=-178T=45,H=53,SAT=7"
,2025-09-21T03:35:41Z,COM6,,UTC=11:33:11,,12,23.106585,,,,,,,,,,,,,,,,,,"Package=317,UTC=11:33:11,Lat=23.106585,Lng=12"
,2025-09-21T03:35:42Z,COM6,,UTC=11:33:11,18.70,120.292627,23.106585,,,,,,,,45,53,SAT=7,276.33,120.78,971.24,6545.00,6247.50,6282.50,,"Package=318,UTC=11:33:11,Lat=23.106585,Lng=120.292627,Alt=18.70,Ax=276.33,Ay=120.78,Az=971.24,Gx=6545.00,Gy=6247.50,Gz=6282.50,T=45,H=53,SAT=7"
,2025-09-21T03:35:43Z,COM6,,UTC=11:33:1,,,,,,,,,,,,,,,,,,,,,"Package=319,UTC=11:33:1"
,2025-09-21T03:35:44Z,COM6,,UTC=11:33:11,18.70,120.292627,23.106585,,,,,,,,,53,SAT=7,-349.29,-57.71,953.43,-73745.00,128292.50,-96T=46,,"Package=320,UTC=11:33:11,Lat=23.106585,Lng=120.292627,Alt=18.70,Ax=-349.29,Ay=-57.71,Az=953.43,Gx=-73745.00,Gy=128292.50,Gz=-96T=46,H=53,SAT=7"
,2025-09-21T03:35:46Z,COM6,,UTC=11:33:11,18.70,120.292627,23.106585,,,,,,,,,53,SAT=7,-514.35,-235.22,800.08,-9397.50,-13072.50,-32T=46,,"Package=322,UTC=11:33:11,Lat=23.106585,Lng=120.292627,Alt=18.70,Ax=-514.35,Ay=-235.22,Az=800.08,Gx=-9397.50,Gy=-13072.50,Gz=-32T=46,H=53,SAT=7"
,2025-09-21T03:35:47Z,COM6,,UTC=11:33:11,18.70,120.292627,23.106585,,,,,,,,,53,SAT=7,-119.80,-458.60,883.40,-2642.50,2222.50,717.5T=47,,"Package=323,UTC=11:33:11,Lat=23.106585,Lng=120.292627,Alt=18.70,Ax=-119.80,Ay=-458.60,Az=883.40,Gx=-2642.50,Gy=2222.50,Gz=717.5T=47,H=53,SAT=7"
,2025-09-21T03:35:48Z,COM6,,UTC=11:33:11,18.70,120.292627,23.106585,,,,,,,,,53,SAT=7,-33.92,-454.69,917.93,910.00,1400.00,-6160.00T=47,,"Package=324,UTC=11:33:11,Lat=23.106585,Lng=120.292627,Alt=18.70,Ax=-33.92,Ay=-454.69,Az=917.93,Gx=910.00,Gy=1400.00,Gz=-6160.00T=47,H=53,SAT=7"
,2025-09-21T03:35:49Z,COM6,,UTC=11:33:11,18.70,120.292627,23.106585,,,,,,,,47,53,SAT=7,-25.50,-437.74,925.00,2870.00,315.00,2975.00,,"Package=325,UTC=11:33:11,Lat=23.106585,Lng=120.292627,Alt=18.70,Ax=-25.50,Ay=-437.74,Az=925.00,Gx=2870.00,Gy=315.00,Gz=2975.00,T=47,H=53,SAT=7"
,2025-09-21T03:35:50Z,COM6,,UTC=11:33:11,18.70,120.292627,23.106585,,,,,,,,,53,SAT=7,-31.35,-419.68,924.27,-1855.00,1312.50,210.00T=47,,"Package=326,UTC=11:33:11,Lat=23.106585,Lng=120.292627,Alt=18.70,Ax=-31.35,Ay=-419.68,Az=924.27,Gx=-1855.00,Gy=1312.50,Gz=210.00T=47,H=53,SAT=7"
,2025-09-21T03:35:51Z,COM6,,UTC=11:33:11,18.70,120.292627,23.106585,,,,,,,,,53,SAT=7,-9.27,-370.76,948.67,3220.00,-3325.00,2257.50T=47,,"Package=327,UTC=11:33:11,Lat=23.106585,Lng=120.292627,Alt=18.70,Ax=-9.27,Ay=-370.76,Az=948.67,Gx=3220.00,Gy=-3325.00,Gz=2257.50T=47,H=53,SAT=7"
,2025-09-21T03:35:52Z,COM6,,UTC=11:33:11,18.70,120.292627,23.106585,,,,,,,,47,53,SAT=7,3.90,-356.48,962.82,3412.50,-385.00,1697.50,,"Package=328,UTC=11:33:11,Lat=23.106585,Lng=120.292627,Alt=18.70,Ax=3.90,Ay=-356.48,Az=962.82,Gx=3412.50,Gy=-385.00,Gz=1697.50,T=47,H=53,SAT=7"
,2025-09-21T03:35:53Z,COM6,,UTC=11:33:11,18.70,120.292627,23.106585,,,,,,,,,53,SAT=7,109.56,-290.36,987.59,12932.50,3062.50,-23835T=47,,"Package=329,UTC=11:33:11,Lat=23.106585,Lng=120.292627,Alt=18.70,Ax=109.56,Ay=-290.36,Az=987.59,Gx=12932.50,Gy=3062.50,Gz=-23835T=47,H=53,SAT=7"
,2025-09-21T03:35:54Z,COM6,,UTC=11:33:11,18.70,120.292627,23.106585,,,,,,,,,53,SAT=7,39.53,-136.52,995.15,9047.50,-9432.50,-20650.T=47,,"Package=330,UTC=11:33:11,Lat=23.106585,Lng=120.292627,Alt=18.70,Ax=39.53,Ay=-136.52,Az=995.15,Gx=9047.50,Gy=-9432.50,Gz=-20650.T=47,H=53,SAT=7"
,2025-09-21T03:35:55Z,COM6,,UTC=11:33:11,18.70,120.292627,23.106585,,,,,,,,,53,SAT=7,78.32,-134.08,1018.94,-19792.50,-51660.00,261T=47,,"Package=331,UTC=11:33:11,Lat=23.106585,Lng=120.292627,Alt=18.70,Ax=78.32,Ay=-134.08,Az=1018.94,Gx=-19792.50,Gy=-51660.00,Gz=261T=47,H=53,SAT=7"
,2025-09-21T03:35:56Z,COM6,,UTC=11:33:11,,120.,23.106585,,,,,,,,,,,,,,,,,,"Package=332,UTC=11:33:11,Lat=23.106585,Lng=120."
,2025-09-21T03:35:57Z,COM6,,UTC=11:33:11,18.70,120.292627,23.106585,,,,,,,,,53,SAT=7,28.79,-656.73,789.71,-7577.50,-11112.50,-1249T=47,,"Package=333,UTC=11:33:11,Lat=23.106585,Lng=120.292627,Alt=18.70,Ax=28.79,Ay=-656.73,Az=789.71,Gx=-7577.50,Gy=-11112.50,Gz=-1249T=47,H=53,SAT=7"
,2025-09-21T03:35:58Z,COM6,,UTC=11:33:11,,1,23.106585,,,,,,,,,,,,,,,,,,"Package=334,UTC=11:33:11,Lat=23.106585,Lng=1"
,2025-09-21T03:35:59Z,COM6,,UTC=11:33:11,18.70,120.292627,23.106585,,,,,,,,47,53,SAT=7,115.66,-649.77,794.95,2065.00,822.50,-70.00,,"Package=335,UTC=11:33:11,Lat=23.106585,Lng=120.292627,Alt=18.70,Ax=115.66,Ay=-649.77,Az=794.95,Gx=2065.00,Gy=822.50,Gz=-70.00,T=47,H=53,SAT=7"
,2025-09-21T03:36:01Z,COM6,,UTC=11:33:11,18.70,120.292627,23.106585,,,,,,,,,53,SAT=7,109.43,-635.25,798.12,1662.50,-2642.50,805.00T=46,,"Package=337,UTC=11:33:11,Lat=23.106585,Lng=120.292627,Alt=18.70,Ax=109.43,Ay=-635.25,Az=798.12,Gx=1662.50,Gy=-2642.50,Gz=805.00T=46,H=53,SAT=7"
,2025-09-21T03:36:02Z,COM6,,UTC=11:33:11,18.70,120.292627,23.106585,,,,,,,,,53,SAT=7,119.56,-613.54,814.47,3395.00,-945.00,-577.50T=46,,"Package=338,UTC=11:33:11,Lat=23.106585,Lng=120.292627,Alt=18.70,Ax=119.56,Ay=-613.54,Az=814.47,Gx=3395.00,Gy=-945.00,Gz=-577.50T=46,H=53,SAT=7"
,2025-09-21T03:36:03Z,COM6,,UTC=11:33:11,18.70,120.292627,23.106585,,,,,,,,46,53,SAT=7,111.87,-606.10,820.21,735.00,-665.00,1067.50,,"Package=339,UTC=11:33:11,Lat=23.106585,Lng=120.292627,Alt=18.70,Ax=111.87,Ay=-606.10,Az=820.21,Gx=735.00,Gy=-665.00,Gz=1067.50,T=46,H=53,SAT=7"
,2025-09-21T03:36:04Z,COM6,,UTC=11:33:11,18.70,120.292627,23.106585,,,,,,,,,53,SAT=7,117.97,-611.71,815.20,52.50,-1627.50,-1557.50T=46,,"Package=340,UTC=11:33:11,Lat=23.106585,Lng=120.292627,Alt=18.70,Ax=117.97,Ay=-611.71,Az=815.20,Gx=52.50,Gy=-1627.50,Gz=-1557.50T=46,H=53,SAT=7"
,2025-09-21T03:36:05Z,COM6,,UTC=11:33:11,18.70,120.292627,23.106585,,,,,,,,,53,SAT=7,118.22,-615.12,812.76,-245.00,-2817.50,3342.5T=46,,"Package=341,UTC=11:33:11,Lat=23.106585,Lng=120.292627,Alt=18.70,Ax=118.22,Ay=-615.12,Az=812.76,Gx=-245.00,Gy=-2817.50,Gz=3342.5T=46,H=53,SAT=7"
,2025-09-21T03:36:06Z,COM6,,UTC=11:33:11,18.70,120.292627,23.106585,,,,,,,,46,53,SAT=7,131.88,-581.70,836.92,-735.00,1872.50,-35.00,,"Package=342,UTC=11:33:11,Lat=23.106585,Lng=120.292627,Alt=18.70,Ax=131.88,Ay=-581.70,Az=836.92,Gx=-735.00,Gy=1872.50,Gz=-35.00,T=46,H=53,SAT=7"
,2025-09-21T03:36:07Z,COM6,,UTC=11:33:11,18.70,120.292627,23.106585,,,,,,,,,53,SAT=7,147.25,-582.67,829.48,-1995.00,-5967.50,-1347T=46,,"Package=343,UTC=11:33:11,Lat=23.106585,Lng=120.292627,Alt=18.70,Ax=147.25,Ay=-582.67,Az=829.48,Gx=-1995.00,Gy=-5967.50,Gz=-1347T=46,H=53,SAT=7"
,2025-09-21T03:36:08Z,COM6,,UTC=11:33:11,18.70,120.292627,23.106585,,,,,,,,,53,SAT=7,191.17,-557.78,834.85,-682.50,-962.50,-4742.5T=46,,"Package=344,UTC=11:33:11,Lat=23.106585,Lng=120.292627,Alt=18.70,Ax=191.17,Ay=-557.78,Az=834.85,Gx=-682.50,Gy=-962.50,Gz=-4742.5T=46,H=53,SAT=7"
,2025-09-21T03:36:09Z,COM6,,UTC=11:33:11,18.70,120.292627,23.106585,,,,,,,,,53,SAT=7,197.03,-526.31,853.88,-3885.00,612.50,1575.00T=46,,"Package=345,UTC=11:33:11,Lat=23.106585,Lng=120.292627,Alt=18.70,Ax=197.03,Ay=-526.31,Az=853.88,Gx=-3885.00,Gy=612.50,Gz=1575.00T=46,H=53,SAT=7"
,2025-09-21T03:36:10Z,COM6,,UTC=11:33:11,18.70,120.292627,23.106585,,,,,,,,46,53,SAT=7,194.71,-523.38,854.37,-70.00,-910.00,262.50,,"Package=346,UTC=11:33:11,Lat=23.106585,Lng=120.292627,Alt=18.70,Ax=194.71,Ay=-523.38,Az=854.37,Gx=-70.00,Gy=-910.00,Gz=262.50,T=46,H=53,SAT=7"
,2025-09-21T03:36:11Z,COM6,,UTC=11:33:11,18.70,120.292627,23.106585,,,,,,,,,53,SAT=7,199.47,-519.96,886.21,16327.50,-5407.50,1190.T=46,,"Package=347,UTC=11:33:11,Lat=23.106585,Lng=120.292627,Alt=18.70,Ax=199.47,Ay=-519.96,Az=886.21,Gx=16327.50,Gy=-5407.50,Gz=1190.T=46,H=53,SAT=7"
,2025-09-21T03:36:12Z,COM6,,UTC=11:33:11,18.70,120.292627,23.106585,,,,,,,,,53,SAT=7,243.88,-415.29,895.11,280.00,-11357.50,7017.5T=46,,"Package=348,UTC=11:33:11,Lat=23.106585,Lng=120.292627,Alt=18.70,Ax=243.88,Ay=-415.29,Az=895.11,Gx=280.00,Gy=-11357.50,Gz=7017.5T=46,H=53,SAT=7"
,2025-09-21T03:36:13Z,COM6,,UTC=11:33:11,18.70,120.292627,23.106585,,,,,,,,46,53,SAT=7,413.82,-340.87,873.03,3272.50,192.50,4445.00,,"Package=349,UTC=11:33:11,Lat=23.106585,Lng=120.292627,Alt=18.70,Ax=413.82,Ay=-340.87,Az=873.03,Gx=3272.50,Gy=192.50,Gz=4445.00,T=46,H=53,SAT=7"
,2025-09-21T03:36:14Z,COM6,,UTC=11:33:11,18.70,120.292627,23.106585,,,,,,,,,53,SAT=7,290.60,-418.95,903.29,-5250.00,-3657.50,-2905T=46,,"Package=350,UTC=11:33:11,Lat=23.106585,Lng=120.292627,Alt=18.70,Ax=290.60,Ay=-418.95,Az=903.29,Gx=-5250.00,Gy=-3657.50,Gz=-2905T=46,H=53,SAT=7"
,2025-09-21T03:36:15Z,COM6,,UTC=11:33:11,18.70,120.292627,23.106585,,,,,,,,,,,,,,,,,,"Package=351,UTC=11:33:11,Lat=23.106585,Lng=120.292627,Alt=18.70"
,2025-09-21T03:36:16Z,COM6,,UTC=11:33:11,18.70,120.292627,23.106585,,,,,,,,,53,SAT=7,110.41,-335.74,905.85,-4567.50,9082.50,787.50T=47,,"Package=352,UTC=11:33:11,Lat=23.106585,Lng=120.292627,Alt=18.70,Ax=110.41,Ay=-335.74,Az=905.85,Gx=-4567.50,Gy=9082.50,Gz=787.50T=47,H=53,SAT=7"
,2025-09-21T03:36:17Z,COM6,,UTC=11:33:11,,,23.106585,,,,,,,,,,,,,,,,,,"Package=353,UTC=11:33:11,Lat=23.106585,Ln"
,2025-09-21T03:36:18Z,COM6,,UTC=11:33:11,18.70,120.292627,23.106585,,,,,,,,,52,SAT=7,494.95,26.11,824.72,-577.50,12582.50,-26337.5T=47,,"Package=354,UTC=11:33:11,Lat=23.106585,Lng=120.292627,Alt=18.70,Ax=494.95,Ay=26.11,Az=824.72,Gx=-577.50,Gy=12582.50,Gz=-26337.5T=47,H=52,SAT=7"
,2025-09-21T03:36:19Z,COM6,,UTC=11:33:11,18.70,120.292627,23.106585,,,,,,,,,52,SAT=7,252.05,-299.14,933.91,-22207.50,30380.00,2192T=47,,"Package=355,UTC=11:33:11,Lat=23.106585,Lng=120.292627,Alt=18.70,Ax=252.05,Ay=-299.14,Az=933.91,Gx=-22207.50,Gy=30380.00,Gz=2192T=47,H=52,SAT=7"
,2025-09-21T03:36:20Z,COM6,,UTC=11:33:11,18.70,120.292627,23.106585,,,,,,,,,52,SAT=7,180.32,-397.96,917.20,-2660.00,2327.50,-5845.T=47,,"Package=356,UTC=11:33:11,Lat=23.106585,Lng=120.292627,Alt=18.70,Ax=180.32,Ay=-397.96,Az=917.20,Gx=-2660.00,Gy=2327.50,Gz=-5845.T=47,H=52,SAT=7"
,2025-09-21T03:36:21Z,COM6,,UTC=11:33:11,18.70,120.292627,23.106585,,,,,,,,,52,SAT=7,178.49,-427.98,915.98,-350.00,1487.50,-5075.0T=47,,"Package=357,UTC=11:33:11,Lat=23.106585,Lng=120.292627,Alt=18.70,Ax=178.49,Ay=-427.98,Az=915.98,Gx=-350.00,Gy=1487.50,Gz=-5075.0T=47,H=52,SAT=7"
,2025-09-21T03:36:22Z,COM6,,UTC=11:33:11,18.70,120.292627,23.106585,,,,,,,,,52,SAT=7,188.25,-422.00,911.22,157.50,-1015.00,-2187.5T=47,,"Package=358,UTC=11:33:11,Lat=23.106585,Lng=120.292627,Alt=18.70,Ax=188.25,Ay=-422.00,Az=911.22,Gx=157.50,Gy=-1015.00,Gz=-2187.5T=47,H=52,SAT=7"
,2025-09-21T03:36:23Z,COM6,,UTC=11:33:11,18.70,120.292627,23.106585,,,,,,,,47,52,SAT=7,191.42,-429.44,913.78,577.50,-1242.50,367.50,,"Package=359,UTC=11:33:11,Lat=23.106585,Lng=120.292627,Alt=18.70,Ax=191.42,Ay=-429.44,Az=913.78,Gx=577.50,Gy=-1242.50,Gz=367.50,T=47,H=52,SAT=7"
,2025-09-21T03:36:24Z,COM6,,UTC=11:33:11,18.70,120.292627,23.106585,,,,,,,,,52,SAT=7,193.86,-431.51,910.49,455.00,-1435.00,-280.00T=47,,"Package=360,UTC=11:33:11,Lat=23.106585,Lng=120.292627,Alt=18.70,Ax=193.86,Ay=-431.51,Az=910.49,Gx=455.00,Gy=-1435.00,Gz=-280.00T=47,H=52,SAT=7"
,2025-09-21T03:36:25Z,COM6,,UTC=11:33:11,18.70,120.292627,23.106585,,,,,,,,,52,SAT=7,184.71,-430.42,908.17,2362.50,-2730.00,2940.0T=47,,"Package=361,UTC=11:33:11,Lat=23.106585,Lng=120.292627,Alt=18.70,Ax=184.71,Ay=-430.42,Az=908.17,Gx=2362.50,Gy=-2730.00,Gz=2940.0T=47,H=52,SAT=7"
,2025-09-21T03:36:26Z,COM6,,UTC=11:33:11,18.70,120.292627,23.106585,,,,,,,,,52,SAT=7,170.31,-424.44,909.75,-385.00,280.00,-1732.50T=47,,"Package=362,UTC=11:33:11,Lat=23.106585,Lng=120.292627,Alt=18.70,Ax=170.31,Ay=-424.44,Az=909.75,Gx=-385.00,Gy=280.00,Gz=-1732.50T=47,H=52,SAT=7"
,2025-09-21T03:36:27Z,COM6,,UTC=11:33:11,18.70,120.292627,23.106585,,,,,,,,,52,SAT=7,183.12,-424.32,911.10,-472.50,-1802.50,-1767.T=47,,"Package=363,UTC=11:33:11,Lat=23.106585,Lng=120.292627,Alt=18.70,Ax=183.12,Ay=-424.32,Az=911.10,Gx=-472.50,Gy=-1802.50,Gz=-1767.T=47,H=52,SAT=7"
,2025-09-21T03:36:28Z,COM6,,UTC=11:33:11,18.70,120.292627,23.106585,,,,,,,,,52,SAT=7,192.76,-415.90,909.27,-5652.50,1435.00,3062.5T=47,,"Package=364,UTC=11:33:11,Lat=23.106585,Lng=120.292627,Alt=18.70,Ax=192.76,Ay=-415.90,Az=909.27,Gx=-5652.50,Gy=1435.00,Gz=3062.5T=47,H=52,SAT=7"
,2025-09-21T03:36:29Z,COM6,,UTC=11:33:11,18.70,120.292627,23.106585,,,,,,,,,52,SAT=7,199.71,-415.53,911.95,-2275.00,-1890.00,-2432T=47,,"Package=365,UTC=11:33:11,Lat=23.106585,Lng=120.292627,Alt=18.70,Ax=199.71,Ay=-415.53,Az=911.95,Gx=-2275.00,Gy=-1890.00,Gz=-2432T=47,H=52,SAT=7"
,2025-09-21T03:36:30Z,COM6,,UTC=11:33:11,,12,23.106585,,,,,,,,,,,,,,,,,,"Package=366,UTC=11:33:11,Lat=23.106585,Lng=12"
,2025-09-21T03:36:31Z,COM6,,UTC=11:33:11,18.70,120.292627,23.106585,,,,,,,,,52,SAT=7,199.35,-427.61,907.68,-297.50,-2572.50,-227.5T=47,,"Package=367,UTC=11:33:11,Lat=23.106585,Lng=120.292627,Alt=18.70,Ax=199.35,Ay=-427.61,Az=907.68,Gx=-297.50,Gy=-2572.50,Gz=-227.5T=47,H=52,SAT=7"
,2025-09-21T03:36:33Z,COM6,,UTC=11:33:11,18.70,120.292627,23.106585,,,,,,,,47,52,SAT=7,211.18,-414.31,908.90,122.50,0.00,52.50,,"Package=369,UTC=11:33:11,Lat=23.106585,Lng=120.292627,Alt=18.70,Ax=211.18,Ay=-414.31,Az=908.90,Gx=122.50,Gy=0.00,Gz=52.50,T=47,H=52,SAT=7"
,2025-09-21T03:36:35Z,COM6,,UTC=11:33:11,18.70,120.292627,23.106585,,,,,,,,,52,SAT=7,213.99,-401.87,909.63,-1225.00,-175.00,-140.0T=47,,"Package=371,UTC=11:33:11,Lat=23.106585,Lng=120.292627,Alt=18.70,Ax=213.99,Ay=-401.87,Az=909.63,Gx=-1225.00,Gy=-175.00,Gz=-140.0T=47,H=52,SAT=7"
,2025-09-21T03:36:36Z,COM6,,UTC=11:33:11,18.70,120.292627,23.106585,,,,,,,,,52,SAT=7,223.50,-404.31,906.83,-1855.00,-1890.00,-1207T=47,,"Package=372,UTC=11:33:11,Lat=23.106585,Lng=120.292627,Alt=18.70,Ax=223.50,Ay=-404.31,Az=906.83,Gx=-1855.00,Gy=-1890.00,Gz=-1207T=47,H=52,SAT=7"
,2025-09-21T03:36:37Z,COM6,,UTC=11:33:11,18.70,120.292627,23.106585,,,,,,,,47,52,SAT=7,218.14,-419.31,906.70,-700.00,-280.00,875.00,,"Package=373,UTC=11:33:11,Lat=23.106585,Lng=120.292627,Alt=18.70,Ax=218.14,Ay=-419.31,Az=906.70,Gx=-700.00,Gy=-280.00,Gz=875.00,T=47,H=52,SAT=7"
,2025-09-21T03:36:38Z,COM6,,UTC=11:33:11,18.70,120.292627,23.106585,,,,,,,,,52,SAT=7,210.94,-422.00,901.21,105.00,-1190.00,1015.00T=47,,"Package=374,UTC=11:33:11,Lat=23.106585,Lng=120.292627,Alt=18.70,Ax=210.94,Ay=-422.00,Az=901.21,Gx=105.00,Gy=-1190.00,Gz=1015.00T=47,H=52,SAT=7"
,2025-09-21T03:36:39Z,COM6,,UTC=11:33:11,18.70,120.292627,23.106585,,,,,,,,,52,SAT=7,223.63,-418.70,907.44,-1575.00,-525.00,-4445.T=47,,"Package=375,UTC=11:33:11,Lat=23.106585,Lng=120.292627,Alt=18.70,Ax=223.63,Ay=-418.70,Az=907.44,Gx=-1575.00,Gy=-525.00,Gz=-4445.T=47,H=52,SAT=7"
,2025-09-21T03:36:40Z,COM6,,UTC=11:33:11,18.70,120.292627,23.106585,,,,,,,,47,52,SAT=7,220.09,-410.16,914.51,3675.00,1172.50,700.00,,"Package=376,UTC=11:33:11,Lat=23.106585,Lng=120.292627,Alt=18.70,Ax=220.09,Ay=-410.16,Az=914.51,Gx=3675.00,Gy=1172.50,Gz=700.00,T=47,H=52,SAT=7"
,2025-09-21T03:36:41Z,COM6,,UTC=11:33:11,,120.292,23.106585,,,,,,,,,,,,,,,,,,"Package=377,UTC=11:33:11,Lat=23.106585,Lng=120.292"
,2025-09-21T03:36:42Z,COM6,,UTC=11:33:11,18.70,120.292627,23.106585,,,,,,,,,52,SAT=7,211.18,-408.33,911.34,-1277.50,-892.50,1225.0T=47,,"Package=378,UTC=11:33:11,Lat=23.106585,Lng=120.292627,Alt=18.70,Ax=211.18,Ay=-408.33,Az=911.34,Gx=-1277.50,Gy=-892.50,Gz=1225.0T=47,H=52,SAT=7"
,2025-09-21T03:36:43Z,COM6,,UTC=11:33:11,,,,,,,,,,,,,,,,,,,,,"Package=379,UTC=11:33:11,Lat="
,2025-09-21T03:36:44Z,COM6,,UTC=11:33:11,18.70,120.292627,23.106585,,,,,,,,,52,SAT=7,209.11,-413.34,911.34,3167.50,-1715.00,1365.0T=47,,"Package=380,UTC=11:33:11,Lat=23.106585,Lng=120.292627,Alt=18.70,Ax=209.11,Ay=-413.34,Az=911.34,Gx=3167.50,Gy=-1715.00,Gz=1365.0T=47,H=52,SAT=7"
,2025-09-21T03:36:45Z,COM6,,UTC=11:33:11,,,,,,,,,,,,,,,,,,,,,"Package=381,UTC=11:33:11,L"
,2025-09-21T03:36:46Z,COM6,,UTC=11:33:11,18.70,120.292627,23.106585,,,,,,,,47,52,SAT=7,221.06,-409.92,912.32,612.50,-385.00,-70.00,,"Package=382,UTC=11:33:11,Lat=23.106585,Lng=120.292627,Alt=18.70,Ax=221.06,Ay=-409.92,Az=912.32,Gx=612.50,Gy=-385.00,Gz=-70.00,T=47,H=52,SAT=7"
,2025-09-21T03:36:47Z,COM6,,UTC=11:33:11,18.70,120.292627,23.106585,,,,,,,,,52,SAT=7,225.82,-386.62,918.05,4462.50,-2380.00,1417.5T=47,,"Package=383,UTC=11:33:11,Lat=23.106585,Lng=120.292627,Alt=18.70,Ax=225.82,Ay=-386.62,Az=918.05,Gx=4462.50,Gy=-2380.00,Gz=1417.5T=47,H=52,SAT=7"
,2025-09-21T03:36:48Z,COM6,,UTC=11:33:11,18.70,120.292627,23.106585,,,,,,,,,52,SAT=7,262.06,-362.71,925.74,-962.50,2992.50,2030.00T=47,,"Package=384,UTC=11:33:11,Lat=23.106585,Lng=120.292627,Alt=18.70,Ax=262.06,Ay=-362.71,Az=925.74,Gx=-962.50,Gy=2992.50,Gz=2030.00T=47,H=52,SAT=7"
,2025-09-21T03:36:49Z,COM6,,UTC=11:33:11,18.70,120.292627,23.106585,,,,,,,,47,52,SAT=7,237.41,-379.91,913.78,315.00,87.50,1540.00,,"Package=385,UTC=11:33:11,Lat=23.106585,Lng=120.292627,Alt=18.70,Ax=237.41,Ay=-379.91,Az=913.78,Gx=315.00,Gy=87.50,Gz=1540.00,T=47,H=52,SAT=7"
,2025-09-21T03:36:50Z,COM6,,UTC=11:33:11,18.70,120.292627,23.106585,,,,,,,,,52,SAT=7,235.46,-391.01,917.56,1907.50,-822.50,1330.00T=47,,"Package=386,UTC=11:33:11,Lat=23.106585,Lng=120.292627,Alt=18.70,Ax=235.46,Ay=-391.01,Az=917.56,Gx=1907.50,Gy=-822.50,Gz=1330.00T=47,H=52,SAT=7"
,2025-09-21T03:36:51Z,COM6,,UTC=11:33:11,18.70,120.292627,23.106585,,,,,,,,47,52,SAT=7,222.28,-401.26,914.39,297.50,140.00,6545.00,,"Package=387,UTC=11:33:11,Lat=23.106585,Lng=120.292627,Alt=18.70,Ax=222.28,Ay=-401.26,Az=914.39,Gx=297.50,Gy=140.00,Gz=6545.00,T=47,H=52,SAT=7"
,2025-09-21T03:36:52Z,COM6,,UTC=11:33:11,18.70,120.292627,23.106585,,,,,,,,,52,SAT=7,223.75,-412.12,904.51,3552.50,-1960.00,1172.5T=48,,"Package=388,UTC=11:33:11,Lat=23.106585,Lng=120.292627,Alt=18.70,Ax=223.75,Ay=-412.12,Az=904.51,Gx=3552.50,Gy=-1960.00,Gz=1172.5T=48,H=52,SAT=7"
,2025-09-21T03:36:53Z,COM6,,UTC=11:33:11,18.70,120.292627,23.106585,,,,,,,,,52,SAT=7,244.12,-384.18,913.66,2047.50,-402.50,-1820.0T=47,,"Package=389,UTC=11:33:11,Lat=23.106585,Lng=120.292627,Alt=18.70,Ax=244.12,Ay=-384.18,Az=913.66,Gx=2047.50,Gy=-402.50,Gz=-1820.0T=47,H=52,SAT=7"
,2025-09-21T03:36:54Z,COM6,,UTC=11:33:11,,120.292627,23.106585,,,,,,,,,,,,,,,,,,"Package=390,UTC=11:33:11,Lat=23.106585,Lng=120.292627,"
,2025-09-21T03:36:55Z,COM6,,UTC=11:33:11,18.70,120.292627,23.106585,,,,,,,,,52,SAT=7,141.40,-445.79,893.77,-2852.50,-3115.00,14420T=48,,"Package=391,UTC=11:33:11,Lat=23.106585,Lng=120.292627,Alt=18.70,Ax=141.40,Ay=-445.79,Az=893.77,Gx=-2852.50,Gy=-3115.00,Gz=14420T=48,H=52,SAT=7"
,2025-09-21T03:36:56Z,COM6,,UTC=11:33:11,,,23.,,,,,,,,,,,,,,,,,,"Package=392,UTC=11:33:11,Lat=23."
,2025-09-21T03:36:57Z,COM6,,UTC=11:33:11,18.70,120.292627,23.106585,,,,,,,,,52,SAT=7,135.54,-460.79,897.07,-1942.50,-1820.00,-1076T=48,,"Package=393,UTC=11:33:11,Lat=23.106585,Lng=120.292627,Alt=18.70,Ax=135.54,Ay=-460.79,Az=897.07,Gx=-1942.50,Gy=-1820.00,Gz=-1076T=48,H=52,SAT=7"
,2025-09-21T03:36:58Z,COM6,,UTC=11:33:11,18.70,120.292627,23.106585,,,,,,,,,52,SAT=7,323.54,-415.78,879.99,5810.00,-32357.50,-2775T=48,,"Package=394,UTC=11:33:11,Lat=23.106585,Lng=120.292627,Alt=18.70,Ax=323.54,Ay=-415.78,Az=879.99,Gx=5810.00,Gy=-32357.50,Gz=-2775T=48,H=52,SAT=7"
,2025-09-21T03:36:59Z,COM6,,UTC=11:33:11,18.70,120.292627,23.106585,,,,,,,,,52,SAT=7,369.29,-359.29,878.89,1855.00,-4620.00,-5337.T=48,,"Package=395,UTC=11:33:11,Lat=23.106585,Lng=120.292627,Alt=18.70,Ax=369.29,Ay=-359.29,Az=878.89,Gx=1855.00,Gy=-4620.00,Gz=-5337.T=48,H=52,SAT=7"
,2025-09-21T03:37:00Z,COM6,,UTC=11:33:11,18.70,120.292627,23.106585,,,,,,,,,52,SAT=7,390.40,-357.09,872.30,752.50,-3482.50,-6597.5T=48,,"Package=396,UTC=11:33:11,Lat=23.106585,Lng=120.292627,Alt=18.70,Ax=390.40,Ay=-357.09,Az=872.30,Gx=752.50,Gy=-3482.50,Gz=-6597.5T=48,H=52,SAT=7"
,2025-09-21T03:37:01Z,COM6,,UTC=11:33:11,18.70,120.292627,23.106585,,,,,,,,,52,SAT=7,379.66,-359.29,871.69,-3535.00,1610.00,-5040.T=48,,"Package=397,UTC=11:33:11,Lat=23.106585,Lng=120.292627,Alt=18.70,Ax=379.66,Ay=-359.29,Az=871.69,Gx=-3535.00,Gy=1610.00,Gz=-5040.T=48,H=52,SAT=7"
,2025-09-21T03:37:02Z,COM6,,UTC=11:33:11,18.70,120.292627,23.106585,,,,,,,,,52,SAT=7,377.71,-373.08,877.79,-6860.00,-297.50,-10465T=48,,"Package=398,UTC=11:33:11,Lat=23.106585,Lng=120.292627,Alt=18.70,Ax=377.71,Ay=-373.08,Az=877.79,Gx=-6860.00,Gy=-297.50,Gz=-10465T=48,H=52,SAT=7"
,2025-09-21T03:37:03Z,COM6,,UTC=11:33:11,18.70,120.292627,23.106585,,,,,,,,,52,SAT=7,335.87,-393.82,889.26,-577.50,2082.50,5355.00T=48,,"Package=399,UTC=11:33:11,Lat=23.106585,Lng=120.292627,Alt=18.70,Ax=335.87,Ay=-393.82,Az=889.26,Gx=-577.50,Gy=2082.50,Gz=5355.00T=48,H=52,SAT=7"
,2025-09-21T03:37:04Z,COM6,,UTC=11:33:11,18.70,120.292627,23.106585,,,,,,,,,52,SAT=7,315.13,-410.29,878.89,-3185.00,1470.00,-3325.T=48,,"Package=400,UTC=11:33:11,Lat=23.106585,Lng=120.292627,Alt=18.70,Ax=315.13,Ay=-410.29,Az=878.89,Gx=-3185.00,Gy=1470.00,Gz=-3325.T=48,H=52,SAT=7"
,2025-09-21T03:37:05Z,COM6,,UTC=11:33:11,18,120.292627,23.106585,,,,,,,,,,,,,,,,,,"Package=401,UTC=11:33:11,Lat=23.106585,Lng=120.292627,Alt=18"
,2025-09-21T03:37:06Z,COM6,,UTC=11:33:11,18.70,120.292627,23.106585,,,,,,,,,51,SAT=7,244.98,-463.36,874.98,-3622.50,-4532.50,3482.T=48,,"Package=402,UTC=11:33:11,Lat=23.106585,Lng=120.292627,Alt=18.70,Ax=244.98,Ay=-463.36,Az=874.98,Gx=-3622.50,Gy=-4532.50,Gz=3482.T=48,H=51,SAT=7"
,2025-09-21T03:37:07Z,COM6,,UTC=11:33:11,,120.292627,23.106585,,,,,,,,,,,,,,,,,,"Package=403,UTC=11:33:11,Lat=23.106585,Lng=120.292627,Alt="
,2025-09-21T03:37:08Z,COM6,,UTC=11:33:11,18.70,120.292627,23.106585,,,,,,,,,51,SAT=7,507.52,-439.93,789.83,-5810.00,-16415.00,-436T=48,,"Package=404,UTC=11:33:11,Lat=23.106585,Lng=120.292627,Alt=18.70,Ax=507.52,Ay=-439.93,Az=789.83,Gx=-5810.00,Gy=-16415.00,Gz=-436T=48,H=51,SAT=7"
,2025-09-21T03:37:09Z,COM6,,UTC=11:33:11,,,23.1065,,,,,,,,,,,,,,,,,,"Package=405,UTC=11:33:11,Lat=23.1065"
,2025-09-21T03:37:10Z,COM6,,UTC=11:33:11,18.70,120.292627,23.106585,,,,,,,,,51,SAT=7,866.32,-266.20,454.82,19425.00,-19705.00,-217T=48,,"Package=406,UTC=11:33:11,Lat=23.106585,Lng=120.292627,Alt=18.70,Ax=866.32,Ay=-266.20,Az=454.82,Gx=19425.00,Gy=-19705.00,Gz=-217T=48,H=51,SAT=7"
,2025-09-21T03:37:11Z,COM6,,UTC=11:33:11,18.70,120.292627,23.106585,,,,,,,,,51,SAT=7,719.68,-12.69,665.14,-4480.00,-5267.50,-6965.T=48,,"Package=407,UTC=11:33:11,Lat=23.106585,Lng=120.292627,Alt=18.70,Ax=719.68,Ay=-12.69,Az=665.14,Gx=-4480.00,Gy=-5267.50,Gz=-6965.T=48,H=51,SAT=7"
,2025-09-21T03:37:12Z,COM6,,UTC=11:33:11,18.70,120.292627,23.106585,,,,,,,,,51,SAT=7,832.77,-162.02,573.40,16240.00,25252.50,12705T=48,,"Package=408,UTC=11:33:11,Lat=23.106585,Lng=120.292627,Alt=18.70,Ax=832.77,Ay=-162.02,Az=573.40,Gx=16240.00,Gy=25252.50,Gz=12705T=48,H=51,SAT=7"
,2025-09-21T03:37:13Z,COM6,,UTC=11:33:11,18.70,120.292627,23.106585,,,,,,,,,51,SAT=7,483.61,243.27,909.88,39480.00,24395.00,47530.T=48,,"Package=409,UTC=11:33:11,Lat=23.106585,Lng=120.292627,Alt=18.70,Ax=483.61,Ay=243.27,Az=909.88,Gx=39480.00,Gy=24395.00,Gz=47530.T=48,H=51,SAT=7"
,2025-09-21T03:37:14Z,COM6,,UTC=11:33:11,18.70,120.292627,23.106585,,,,,,,,,,,197.40,48.07,9,,,,,"Package=410,UTC=11:33:11,Lat=23.106585,Lng=120.292627,Alt=18.70,Ax=197.40,Ay=48.07,Az=9"
,2025-09-21T03:37:15Z,COM6,,UTC=11:33:11,18.70,120.292627,23.106585,,,,,,,,,51,SAT=7,149.33,-155.43,998.94,-14035.00,5862.50,11637T=48,,"Package=411,UTC=11:33:11,Lat=23.106585,Lng=120.292627,Alt=18.70,Ax=149.33,Ay=-155.43,Az=998.94,Gx=-14035.00,Gy=5862.50,Gz=11637T=48,H=51,SAT=7"
,2025-09-21T03:37:16Z,COM6,,UTC=11:33:11,,,,,,,,,,,,,,,,,,,,,"Package=412,UTC=11:33:11,Lat="
,2025-09-21T03:37:17Z,COM6,,UTC=11:33:11,18.70,120.292627,23.106585,,,,,,,,,51,SAT=7,303.78,-2.93,937.57,-14770.00,9362.50,46690.0T=47,,"Package=413,UTC=11:33:11,Lat=23.106585,Lng=120.292627,Alt=18.70,Ax=303.78,Ay=-2.93,Az=937.57,Gx=-14770.00,Gy=9362.50,Gz=46690.0T=47,H=51,SAT=7"
,2025-09-21T03:37:18Z,COM6,,UTC=11:33:11,,,,,,,,,,,,,,,,,,,,,"Package=414,UTC=11:33:11,La"
,2025-09-21T03:37:19Z,COM6,,UTC=11:33:11,18.70,120.292627,23.106585,,,,,,,,,51,SAT=7,220.58,244.73,911.22,2292.50,-1470.00,-19460.T=47,,"Package=415,UTC=11:33:11,Lat=23.106585,Lng=120.292627,Alt=18.70,Ax=220.58,Ay=244.73,Az=911.22,Gx=2292.50,Gy=-1470.00,Gz=-19460.T=47,H=51,SAT=7"
,2025-09-21T03:37:20Z,COM6,,UTC=11:33:11,18.70,120.292627,23.106585,,,,,,,,,51,SAT=7,204.11,292.68,946.23,-35472.50,-12617.50,1478T=47,,"Package=416,UTC=11:33:11,Lat=23.106585,Lng=120.292627,Alt=18.70,Ax=204.11,Ay=292.68,Az=946.23,Gx=-35472.50,Gy=-12617.50,Gz=1478T=47,H=51,SAT=7"
,2025-09-21T03:37:21Z,COM6,,UTC=11:33:11,18.70,120.292627,23.106585,,,,,,,,,51,SAT=7,185.20,232.90,948.31,717.50,-5232.50,-1977.50T=47,,"Package=417,UTC=11:33:11,Lat=23.106585,Lng=120.292627,Alt=18.70,Ax=185.20,Ay=232.90,Az=948.31,Gx=717.50,Gy=-5232.50,Gz=-1977.50T=47,H=51,SAT=7"
,2025-09-21T03:37:22Z,COM6,,UTC=11:33:11,18.70,120.292627,23.106585,,,,,,,,,51,SAT=7,215.94,241.56,980.39,-3185.00,-9992.50,-46637T=47,,"Package=418,UTC=11:33:11,Lat=23.106585,Lng=120.292627,Alt=18.70,Ax=215.94,Ay=241.56,Az=980.39,Gx=-3185.00,Gy=-9992.50,Gz=-46637T=47,H=51,SAT=7"
,2025-09-21T03:37:23Z,COM6,,UTC=11:33:11,18.70,120.292627,23.106585,,,,,,,,,51,SAT=7,169.82,150.43,959.41,-3780.00,12110.00,5827.5T=47,,"Package=419,UTC=11:33:11,Lat=23.106585,Lng=120.292627,Alt=18.70,Ax=169.82,Ay=150.43,Az=959.41,Gx=-3780.00,Gy=12110.00,Gz=5827.5T=47,H=51,SAT=7"
,2025-09-21T03:37:24Z,COM6,,UTC=11:33:11,18.70,120.292627,23.106585,,,,,,,,,51,SAT=7,90.52,204.72,982.10,-7822.50,1522.50,24832.50T=47,,"Package=420,UTC=11:33:11,Lat=23.106585,Lng=120.292627,Alt=18.70,Ax=90.52,Ay=204.72,Az=982.10,Gx=-7822.50,Gy=1522.50,Gz=24832.50T=47,H=51,SAT=7"
,2025-09-21T03:37:25Z,COM6,,UTC=11:33:11,18.70,120.292627,23.106585,,,,,,,,,51,SAT=7,113.22,175.44,1010.04,4725.00,-4182.50,-8645.T=47,,"Package=421,UTC=11:33:11,Lat=23.106585,Lng=120.292627,Alt=18.70,Ax=113.22,Ay=175.44,Az=1010.04,Gx=4725.00,Gy=-4182.50,Gz=-8645.T=47,H=51,SAT=7"
,2025-09-21T03:37:26Z,COM6,,UTC=11:33:11,18.70,120.292627,23.106585,,,,,,,,,51,SAT=7,176.41,220.70,992.10,-14980.00,-6877.50,-8960T=47,,"Package=422,UTC=11:33:11,Lat=23.106585,Lng=120.292627,Alt=18.70,Ax=176.41,Ay=220.70,Az=992.10,Gx=-14980.00,Gy=-6877.50,Gz=-8960T=47,H=51,SAT=7"
,2025-09-21T03:37:27Z,COM6,,UTC=11:33:11,,120.292627,23.106585,,,,,,,,,,,,,,,,,,"Package=423,UTC=11:33:11,Lat=23.106585,Lng=120.292627,"
,2025-09-21T03:37:28Z,COM6,,UTC=11:33:11,18.70,120.292627,23.106585,,,,,,,,,51,SAT=7,169.34,86.86,985.64,11322.50,12425.00,14595.0T=47,,"Package=424,UTC=11:33:11,Lat=23.106585,Lng=120.292627,Alt=18.70,Ax=169.34,Ay=86.86,Az=985.64,Gx=11322.50,Gy=12425.00,Gz=14595.0T=47,H=51,SAT=7"
,2025-09-21T03:37:29Z,COM6,,UTC=11:33:11,,,23.,,,,,,,,,,,,,,,,,,"Package=425,UTC=11:33:11,Lat=23."
,2025-09-21T03:37:30Z,COM6,,UTC=11:33:11,18.70,120.292627,23.106585,,,,,,,,,51,SAT=7,154.82,167.63,986.98,-2275.00,3710.00,8050.00T=47,,"Package=426,UTC=11:33:11,Lat=23.106585,Lng=120.292627,Alt=18.70,Ax=154.82,Ay=167.63,Az=986.98,Gx=-2275.00,Gy=3710.00,Gz=8050.00T=47,H=51,SAT=7"
,2025-09-21T03:37:31Z,COM6,,UTC=11:33:11,18.70,120.292627,23.106585,,,,,,,,,51,SAT=7,110.29,162.87,990.40,-3325.00,2310.00,-10937.T=48,,"Package=427,UTC=11:33:11,Lat=23.106585,Lng=120.292627,Alt=18.70,Ax=110.29,Ay=162.87,Az=990.40,Gx=-3325.00,Gy=2310.00,Gz=-10937.T=48,H=51,SAT=7"
,2025-09-21T03:37:32Z,COM6,,UTC=11:33:11,18.70,120.292627,23.106585,,,,,,,,,51,SAT=7,40.75,159.82,1016.50,-2800.00,7192.50,-27265.T=47,,"Package=428,UTC=11:33:11,Lat=23.106585,Lng=120.292627,Alt=18.70,Ax=40.75,Ay=159.82,Az=1016.50,Gx=-2800.00,Gy=7192.50,Gz=-27265.T=47,H=51,SAT=7"
,2025-09-21T03:37:33Z,COM6,,UTC=11:33:11,18.70,120.292627,23.106585,,,,,,,,,51,SAT=7,27.21,213.01,1027.48,-2940.00,21402.50,22085.T=49,,"Package=429,UTC=11:33:11,Lat=23.106585,Lng=120.292627,Alt=18.70,Ax=27.21,Ay=213.01,Az=1027.48,Gx=-2940.00,Gy=21402.50,Gz=22085.T=49,H=51,SAT=7"
,2025-09-21T03:37:34Z,COM6,,UTC=11:33:11,18.70,120.292627,23.106585,,,,,,,,,51,SAT=7,17.32,183.61,960.99,-4165.00,8417.50,-9572.50T=49,,"Package=430,UTC=11:33:11,Lat=23.106585,Lng=120.292627,Alt=18.70,Ax=17.32,Ay=183.61,Az=960.99,Gx=-4165.00,Gy=8417.50,Gz=-9572.50T=49,H=51,SAT=7"
,2025-09-21T03:37:35Z,COM6,,UTC=11:33:11,18.70,120.292627,23.106585,,,,,,,,49,51,SAT=7,77.23,-6.47,991.37,24430.00,-4287.50,5337.50,,"Package=431,UTC=11:33:11,Lat=23.106585,Lng=120.292627,Alt=18.70,Ax=77.23,Ay=-6.47,Az=991.37,Gx=24430.00,Gy=-4287.50,Gz=5337.50,T=49,H=51,SAT=7"
,2025-09-21T03:37:36Z,COM6,,UTC=11:33:11,18.70,120.292627,23.106585,,,,,,,,,51,SAT=7,49.65,154.70,974.05,-2502.50,-11252.50,-33600T=49,,"Package=432,UTC=11:33:11,Lat=23.106585,Lng=120.292627,Alt=18.70,Ax=49.65,Ay=154.70,Az=974.05,Gx=-2502.50,Gy=-11252.50,Gz=-33600T=49,H=51,SAT=7"
,2025-09-21T03:37:37Z,COM6,,UTC=11:33:11,18.70,120.292627,23.106585,,,,,,,,,51,SAT=7,-41.97,116.02,995.89,15172.50,-10990.00,5582.T=49,,"Package=433,UTC=11:33:11,Lat=23.106585,Lng=120.292627,Alt=18.70,Ax=-41.97,Ay=116.02,Az=995.89,Gx=15172.50,Gy=-10990.00,Gz=5582.T=49,H=51,SAT=7"
,2025-09-21T03:37:38Z,COM6,,UTC=11:33:11,18,120.292627,23.106585,,,,,,,,,,,,,,,,,,"Package=434,UTC=11:33:11,Lat=23.106585,Lng=120.292627,Alt=18"
,2025-09-21T03:37:39Z,COM6,,UTC=11:33:11,18.70,120.292627,23.106585,,,,,,,,,51,SAT=7,-55.27,155.06,991.62,9030.00,-16957.50,-35857T=49,,"Package=435,UTC=11:33:11,Lat=23.106585,Lng=120.292627,Alt=18.70,Ax=-55.27,Ay=155.06,Az=991.62,Gx=9030.00,Gy=-16957.50,Gz=-35857T=49,H=51,SAT=7"
,2025-09-21T03:37:40Z,COM6,,UTC=11:33:11,,120.292627,23.106585,,,,,,,,,,,,,,,,,,"Package=436,UTC=11:33:11,Lat=23.106585,Lng=120.292627,Alt="
,2025-09-21T03:37:41Z,COM6,,UTC=11:33:11,18.70,120.292627,23.106585,,,,,,,,,51,SAT=7,-42.21,263.03,965.39,-3080.00,1855.00,8872.50T=49,,"Package=437,UTC=11:33:11,Lat=23.106585,Lng=120.292627,Alt=18.70,Ax=-42.21,Ay=263.03,Az=965.39,Gx=-3080.00,Gy=1855.00,Gz=8872.50T=49,H=51,SAT=7"
,2025-09-21T03:37:42Z,COM6,,UTC=11:33:11,,,23.1065,,,,,,,,,,,,,,,,,,"Package=438,UTC=11:33:11,Lat=23.1065"
,2025-09-21T03:37:43Z,COM6,,UTC=11:33:11,18.70,120.292627,23.106585,,,,,,,,49,51,SAT=7,-4.64,185.93,977.46,7437.50,560.00,25287.50,,"Package=439,UTC=11:33:11,Lat=23.106585,Lng=120.292627,Alt=18.70,Ax=-4.64,Ay=185.93,Az=977.46,Gx=7437.50,Gy=560.00,Gz=25287.50,T=49,H=51,SAT=7"
,2025-09-21T03:37:44Z,COM6,,UTC=11:33:11,18.70,120.292627,23.106585,,,,,,,,49,51,SAT=7,0.85,185.20,986.00,-5652.50,980.00,20125.00,,"Package=440,UTC=11:33:11,Lat=23.106585,Lng=120.292627,Alt=18.70,Ax=0.85,Ay=185.20,Az=986.00,Gx=-5652.50,Gy=980.00,Gz=20125.00,T=49,H=51,SAT=7"
,2025-09-21T03:37:45Z,COM6,,UTC=11:33:11,18.70,120.292627,23.106585,,,,,,,,,51,SAT=7,-1.34,222.53,990.64,8032.50,-10675.00,-45412.T=49,,"Package=441,UTC=11:33:11,Lat=23.106585,Lng=120.292627,Alt=18.70,Ax=-1.34,Ay=222.53,Az=990.64,Gx=8032.50,Gy=-10675.00,Gz=-45412.T=49,H=51,SAT=7"
,2025-09-21T03:37:46Z,COM6,,UTC=11:33:11,18.70,120.292627,23.106585,,,,,,,,49,51,SAT=7,2.56,296.58,956.60,-927.50,367.50,8750.00,,"Package=442,UTC=11:33:11,Lat=23.106585,Lng=120.292627,Alt=18.70,Ax=2.56,Ay=296.58,Az=956.60,Gx=-927.50,Gy=367.50,Gz=8750.00,T=49,H=51,SAT=7"
,2025-09-21T03:37:47Z,COM6,,UTC=11:33:11,18.70,120.292627,23.106585,,,,,,,,49,51,SAT=7,5.12,298.66,958.31,6230.00,-1312.50,-3745.00,,"Package=443,UTC=11:33:11,Lat=23.106585,Lng=120.292627,Alt=18.70,Ax=5.12,Ay=298.66,Az=958.31,Gx=6230.00,Gy=-1312.50,Gz=-3745.00,T=49,H=51,SAT=7"
,2025-09-21T03:37:48Z,COM6,,UTC=11:33:11,18.70,120.292627,23.106585,,,,,,,,49,51,SAT=7,-12.81,340.38,947.70,70.00,-2800.00,-490.00,,"Package=444,UTC=11:33:11,Lat=23.106585,Lng=120.292627,Alt=18.70,Ax=-12.81,Ay=340.38,Az=947.70,Gx=70.00,Gy=-2800.00,Gz=-490.00,T=49,H=51,SAT=7"
,2025-09-21T03:37:49Z,COM6,,UTC=11:33:11,18.70,120.292627,23.106585,,,,,,,,49,50,SAT=7,-9.76,320.37,942.33,1645.00,-2940.00,1645.00,,"Package=445,UTC=11:33:11,Lat=23.106585,Lng=120.292627,Alt=18.70,Ax=-9.76,Ay=320.37,Az=942.33,Gx=1645.00,Gy=-2940.00,Gz=1645.00,T=49,H=50,SAT=7"
,2025-09-21T03:37:50Z,COM6,,UTC=11:33:11,18.70,120.292627,23.106585,,,,,,,,49,50,SAT=7,14.52,345.38,940.01,2030.00,-70.00,1680.00,,"Package=446,UTC=11:33:11,Lat=23.106585,Lng=120.292627,Alt=18.70,Ax=14.52,Ay=345.38,Az=940.01,Gx=2030.00,Gy=-70.00,Gz=1680.00,T=49,H=50,SAT=7"
,2025-09-21T03:37:51Z,COM6,,UTC=11:33:11,18.70,120.292627,23.106585,,,,,,,,,50,SAT=7,14.88,334.89,943.79,-4847.50,-10500.00,-15190T=49,,"Package=447,UTC=11:33:11,Lat=23.106585,Lng=120.292627,Alt=18.70,Ax=14.88,Ay=334.89,Az=943.79,Gx=-4847.50,Gy=-10500.00,Gz=-15190T=49,H=50,SAT=7"
,2025-09-21T03:37:52Z,COM6,,UTC=11:33:11,18.70,120.292627,23.106585,,,,,,,,,50,SAT=7,15.25,205.94,989.05,20107.50,-3885.00,-12565.T=49,,"Package=448,UTC=11:33:11,Lat=23.106585,Lng=120.292627,Alt=18.70,Ax=15.25,Ay=205.94,Az=989.05,Gx=20107.50,Gy=-3885.00,Gz=-12565.T=49,H=50,SAT=7"
,2025-09-21T03:37:53Z,COM6,,UTC=11:33:11,18.70,120.292627,23.106585,,,,,,,,,50,SAT=7,150.67,248.76,975.76,-10220.00,5530.00,25480.T=49,,"Package=449,UTC=11:33:11,Lat=23.106585,Lng=120.292627,Alt=18.70,Ax=150.67,Ay=248.76,Az=975.76,Gx=-10220.00,Gy=5530.00,Gz=25480.T=49,H=50,SAT=7"
,2025-09-21T03:37:54Z,COM6,,UTC=11:33:11,18.70,120.292627,23.106585,,,,,,,,,50,SAT=7,194.47,216.06,961.24,2240.00,-2222.50,-297.50T=49,,"Package=450,UTC=11:33:11,Lat=23.106585,Lng=120.292627,Alt=18.70,Ax=194.47,Ay=216.06,Az=961.24,Gx=2240.00,Gy=-2222.50,Gz=-297.50T=49,H=50,SAT=7"
,2025-09-21T03:37:55Z,COM6,,UTC=11:33:11,1,120.292627,23.106585,,,,,,,,,,,,,,,,,,"Package=451,UTC=11:33:11,Lat=23.106585,Lng=120.292627,Alt=1"
,2025-09-21T03:37:56Z,COM6,,UTC=11:33:11,18.70,120.292627,23.106585,,,,,,,,,50,SAT=7,186.90,324.52,930.86,-1365.00,-4515.00,-2537.T=49,,"Package=452,UTC=11:33:11,Lat=23.106585,Lng=120.292627,Alt=18.70,Ax=186.90,Ay=324.52,Az=930.86,Gx=-1365.00,Gy=-4515.00,Gz=-2537.T=49,H=50,SAT=7"
,2025-09-21T03:37:57Z,COM6,,UTC=11:33:11,,,23.10658,,,,,,,,,,,,,,,,,,"Package=453,UTC=11:33:11,Lat=23.10658"
,2025-09-21T03:37:58Z,COM6,,UTC=11:33:11,18.70,120.292627,23.106585,,,,,,,,48,50,SAT=7,202.28,220.09,953.19,3955.00,2625.00,5565.00,,"Package=454,UTC=11:33:11,Lat=23.106585,Lng=120.292627,Alt=18.70,Ax=202.28,Ay=220.09,Az=953.19,Gx=3955.00,Gy=2625.00,Gz=5565.00,T=48,H=50,SAT=7"
,2025-09-21T03:37:59Z,COM6,,UTC=11:33:11,18.70,120.292627,23.106585,,,,,,,,,50,SAT=7,188.12,194.71,962.82,5372.50,-1032.50,3097.50T=49,,"Package=455,UTC=11:33:11,Lat=23.106585,Lng=120.292627,Alt=18.70,Ax=188.12,Ay=194.71,Az=962.82,Gx=5372.50,Gy=-1032.50,Gz=3097.50T=49,H=50,SAT=7"
,2025-09-21T03:38:00Z,COM6,,UTC=11:33:11,18.70,120.292627,23.106585,,,,,,,,48,50,SAT=7,167.63,243.51,960.38,542.50,245.00,2222.50,,"Package=456,UTC=11:33:11,Lat=23.106585,Lng=120.292627,Alt=18.70,Ax=167.63,Ay=243.51,Az=960.38,Gx=542.50,Gy=245.00,Gz=2222.50,T=48,H=50,SAT=7"
,2025-09-21T03:38:01Z,COM6,,UTC=11:33:11,18.70,120.292627,23.106585,,,,,,,,48,50,SAT=7,179.34,268.16,951.23,1942.50,52.50,717.50,,"Package=457,UTC=11:33:11,Lat=23.106585,Lng=120.292627,Alt=18.70,Ax=179.34,Ay=268.16,Az=951.23,Gx=1942.50,Gy=52.50,Gz=717.50,T=48,H=50,SAT=7"
,2025-09-21T03:38:02Z,COM6,,UTC=11:33:11,18.70,120.292627,23.106585,,,,,,,,,50,SAT=7,142.86,263.28,956.97,-10535.00,-3202.50,-2100T=48,,"Package=458,UTC=11:33:11,Lat=23.106585,Lng=120.292627,Alt=18.70,Ax=142.86,Ay=263.28,Az=956.97,Gx=-10535.00,Gy=-3202.50,Gz=-2100T=48,H=50,SAT=7"
,2025-09-21T03:38:03Z,COM6,,UTC=11:33:11,18.70,120.292627,23.106585,,,,,,,,,50,SAT=7,119.80,195.44,976.37,1417.50,-8750.00,-42490.T=48,,"Package=459,UTC=11:33:11,Lat=23.106585,Lng=120.292627,Alt=18.70,Ax=119.80,Ay=195.44,Az=976.37,Gx=1417.50,Gy=-8750.00,Gz=-42490.T=48,H=50,SAT=7"
,2025-09-21T03:38:04Z,COM6,,UTC=11:33:11,18.70,120.292627,23.106585,,,,,,,,,50,SAT=7,65.27,217.65,973.68,-157.50,-1505.00,-2450.00T=48,,"Package=460,UTC=11:33:11,Lat=23.106585,Lng=120.292627,Alt=18.70,Ax=65.27,Ay=217.65,Az=973.68,Gx=-157.50,Gy=-1505.00,Gz=-2450.00T=48,H=50,SAT=7"
,2025-09-21T03:38:05Z,COM6,,UTC=11:33:11,18.70,120.292627,23.106585,,,,,,,,,50,SAT=7,88.94,145.42,990.64,-6930.00,-1575.00,4025.00T=48,,"Package=461,UTC=11:33:11,Lat=23.106585,Lng=120.292627,Alt=18.70,Ax=88.94,Ay=145.42,Az=990.64,Gx=-6930.00,Gy=-1575.00,Gz=4025.00T=48,H=50,SAT=7"
,2025-09-21T03:38:06Z,COM6,,UTC=11:33:11,18.70,120.292627,23.106585,,,,,,,,,50,SAT=7,110.53,116.39,1002.84,-5092.50,892.50,25252.5T=48,,"Package=462,UTC=11:33:11,Lat=23.106585,Lng=120.292627,Alt=18.70,Ax=110.53,Ay=116.39,Az=1002.84,Gx=-5092.50,Gy=892.50,Gz=25252.5T=48,H=50,SAT=7"
,2025-09-21T03:38:07Z,COM6,,UTC=11:33:11,18.70,120.292627,23.106585,,,,,,,,,50,SAT=7,211.79,-28.43,974.05,-3990.00,-6475.00,8207.5T=48,,"Package=463,UTC=11:33:11,Lat=23.106585,Lng=120.292627,Alt=18.70,Ax=211.79,Ay=-28.43,Az=974.05,Gx=-3990.00,Gy=-6475.00,Gz=8207.5T=48,H=50,SAT=7"
,2025-09-21T03:38:08Z,COM6,,UTC=11:33:11,18.70,120.292627,23.106585,,,,,,,,,,,,,,,,,,"Package=464,UTC=11:33:11,Lat=23.106585,Lng=120.292627,Alt=18.70"
,2025-09-21T03:38:09Z,COM6,,UTC=11:33:11,18.70,120.292627,23.106585,,,,,,,,,50,SAT=7,125.05,182.76,994.06,-6020.00,752.50,-3605.00T=49,,"Package=465,UTC=11:33:11,Lat=23.106585,Lng=120.292627,Alt=18.70,Ax=125.05,Ay=182.76,Az=994.06,Gx=-6020.00,Gy=752.50,Gz=-3605.00T=49,H=50,SAT=7"
,2025-09-21T03:38:10Z,COM6,,UTC=11:33:11,,,23.106585,,,,,,,,,,,,,,,,,,"Package=466,UTC=11:33:11,Lat=23.106585,Ln"
,2025-09-21T03:38:11Z,COM6,,UTC=11:33:11,18.70,120.292627,23.106585,,,,,,,,,49,SAT=7,67.59,12.20,1007.48,-6615.00,-1190.00,-5547.5T=50,,"Package=467,UTC=11:33:11,Lat=23.106585,Lng=120.292627,Alt=18.70,Ax=67.59,Ay=12.20,Az=1007.48,Gx=-6615.00,Gy=-1190.00,Gz=-5547.5T=50,H=49,SAT=7"
,2025-09-21T03:38:12Z,COM6,,UTC=11:33:11,18.70,120.292627,23.106585,,,,,,,,,49,SAT=7,92.23,87.11,992.84,12810.00,10237.50,-22575.0T=50,,"Package=468,UTC=11:33:11,Lat=23.106585,Lng=120.292627,Alt=18.70,Ax=92.23,Ay=87.11,Az=992.84,Gx=12810.00,Gy=10237.50,Gz=-22575.0T=50,H=49,SAT=7"
,2025-09-21T03:38:13Z,COM6,,UTC=11:33:11,18.70,120.292627,23.106585,,,,,,,,,49,SAT=7,-59.05,208.50,976.61,5285.00,5810.00,-8557.50T=50,,"Package=469,UTC=11:33:11,Lat=23.106585,Lng=120.292627,Alt=18.70,Ax=-59.05,Ay=208.50,Az=976.61,Gx=5285.00,Gy=5810.00,Gz=-8557.50T=50,H=49,SAT=7"
,2025-09-21T03:38:14Z,COM6,,UTC=11:33:11,18.70,120.292627,23.106585,,,,,,,,,49,SAT=7,-53.19,246.20,966.48,-10745.00,-16380.00,-276T=50,,"Package=470,UTC=11:33:11,Lat=23.106585,Lng=120.292627,Alt=18.70,Ax=-53.19,Ay=246.20,Az=966.48,Gx=-10745.00,Gy=-16380.00,Gz=-276T=50,H=49,SAT=7"
,2025-09-21T03:38:15Z,COM6,,UTC=11:33:11,18.70,120.292627,23.106585,,,,,,,,,49,SAT=7,72.47,58.32,996.98,2660.00,-6982.50,-19057.50T=50,,"Package=471,UTC=11:33:11,Lat=23.106585,Lng=120.292627,Alt=18.70,Ax=72.47,Ay=58.32,Az=996.98,Gx=2660.00,Gy=-6982.50,Gz=-19057.50T=50,H=49,SAT=7"
,2025-09-21T03:38:16Z,COM6,,UTC=11:33:11,18.70,120.292627,23.106585,,,,,,,,,49,SAT=7,69.78,85.64,1008.21,5372.50,18305.00,12547.50T=50,,"Package=472,UTC=11:33:11,Lat=23.106585,Lng=120.292627,Alt=18.70,Ax=69.78,Ay=85.64,Az=1008.21,Gx=5372.50,Gy=18305.00,Gz=12547.50T=50,H=49,SAT=7"
,2025-09-21T03:38:17Z,COM6,,UTC=11:33:11,18.70,120.292627,23.106585,,,,,,,,50,49,SAT=7,80.28,53.56,1031.63,385.00,-262.50,20387.50,,"Package=473,UTC=11:33:11,Lat=23.106585,Lng=120.292627,Alt=18.70,Ax=80.28,Ay=53.56,Az=1031.63,Gx=385.00,Gy=-262.50,Gz=20387.50,T=50,H=49,SAT=7"
,2025-09-21T03:38:18Z,COM6,,UTC=11:33:11,18.70,120.292627,23.106585,,,,,,,,50,49,SAT=7,-0.98,94.18,1010.53,-822.50,3220.00,-4375.00,,"Package=474,UTC=11:33:11,Lat=23.106585,Lng=120.292627,Alt=18.70,Ax=-0.98,Ay=94.18,Az=1010.53,Gx=-822.50,Gy=3220.00,Gz=-4375.00,T=50,H=49,SAT=7"
,2025-09-21T03:38:19Z,COM6,,UTC=11:33:11,18.70,120.292627,23.106585,,,,,,,,50,49,SAT=7,-18.06,39.41,992.10,8522.50,-3710.00,2065.00,,"Package=475,UTC=11:33:11,Lat=23.106585,Lng=120.292627,Alt=18.70,Ax=-18.06,Ay=39.41,Az=992.10,Gx=8522.50,Gy=-3710.00,Gz=2065.00,T=50,H=49,SAT=7"
,2025-09-21T03:38:20Z,COM6,,UTC=11:33:11,18.70,120.292627,23.106585,,,,,,,,,49,SAT=7,0.24,58.68,1032.73,11672.50,-2415.00,-38832.5T=50,,"Package=476,UTC=11:33:11,Lat=23.106585,Lng=120.292627,Alt=18.70,Ax=0.24,Ay=58.68,Az=1032.73,Gx=11672.50,Gy=-2415.00,Gz=-38832.5T=50,H=49,SAT=7"
,2025-09-21T03:38:21Z,COM6,,UTC=11:33:11,18.70,120.292627,23.106585,,,,,,,,,,,,,,,,,,"Package=477,UTC=11:33:11,Lat=23.106585,Lng=120.292627,Alt=18.70,Ax"
,2025-09-21T03:38:22Z,COM6,,UTC=11:33:11,18.70,120.292627,23.106585,,,,,,,,50,49,SAT=7,-11.47,32.94,1013.58,10867.50,945.00,7682.50,,"Package=478,UTC=11:33:11,Lat=23.106585,Lng=120.292627,Alt=18.70,Ax=-11.47,Ay=32.94,Az=1013.58,Gx=10867.50,Gy=945.00,Gz=7682.50,T=50,H=49,SAT=7"
,2025-09-21T03:38:23Z,COM6,,UTC=11:33:11,18.70,120.292627,23.106585,,,,,,,,,,,,,,,,,,"Package=479,UTC=11:33:11,Lat=23.106585,Lng=120.292627,Alt=18.70,"
,2025-09-21T03:38:24Z,COM6,,UTC=11:33:11,18.70,120.292627,23.106585,,,,,,,,50,49,SAT=7,44.53,92.84,997.96,-8802.50,805.00,-5967.50,,"Package=480,UTC=11:33:11,Lat=23.106585,Lng=120.292627,Alt=18.70,Ax=44.53,Ay=92.84,Az=997.96,Gx=-8802.50,Gy=805.00,Gz=-5967.50,T=50,H=49,SAT=7"
,2025-09-21T03:38:25Z,COM6,,UTC=11:33:11,,,23.106585,,,,,,,,,,,,,,,,,,"Package=481,UTC=11:33:11,Lat=23.106585,Lng"
,2025-09-21T03:38:26Z,COM6,,UTC=11:33:11,18.70,120.292627,23.106585,,,,,,,,,49,SAT=7,54.78,96.62,988.57,-3132.50,-3622.50,-5652.50T=50,,"Package=482,UTC=11:33:11,Lat=23.106585,Lng=120.292627,Alt=18.70,Ax=54.78,Ay=96.62,Az=988.57,Gx=-3132.50,Gy=-3622.50,Gz=-5652.50T=50,H=49,SAT=7"
,2025-09-21T03:38:27Z,COM6,,UTC=11:33:11,,,23.106585,,,,,,,,,,,,,,,,,,"Package=483,UTC=11:33:11,Lat=23.106585,L"
,2025-09-21T03:38:28Z,COM6,,UTC=11:33:11,18.70,120.292627,23.106585,,,,,,,,50,48,SAT=7,56.36,75.15,1006.50,-857.50,3010.00,9170.00,,"Package=484,UTC=11:33:11,Lat=23.106585,Lng=120.292627,Alt=18.70,Ax=56.36,Ay=75.15,Az=1006.50,Gx=-857.50,Gy=3010.00,Gz=9170.00,T=50,H=48,SAT=7"
,2025-09-21T03:38:29Z,COM6,,UTC=11:33:11,18.70,120.292627,23.106585,,,,,,,,,48,SAT=7,68.32,20.74,1009.18,-7945.00,-2870.00,16852.5T=50,,"Package=485,UTC=11:33:11,Lat=23.106585,Lng=120.292627,Alt=18.70,Ax=68.32,Ay=20.74,Az=1009.18,Gx=-7945.00,Gy=-2870.00,Gz=16852.5T=50,H=48,SAT=7"
,2025-09-21T03:38:30Z,COM6,,UTC=11:33:11,18.70,120.292627,23.106585,,,,,,,,49,49,SAT=7,64.17,0.49,1011.14,2065.00,175.00,-1750.00,,"Package=486,UTC=11:33:11,Lat=23.106585,Lng=120.292627,Alt=18.70,Ax=64.17,Ay=0.49,Az=1011.14,Gx=2065.00,Gy=175.00,Gz=-1750.00,T=49,H=49,SAT=7"
,2025-09-21T03:38:31Z,COM6,,UTC=11:33:11,18.70,120.292627,23.106585,,,,,,,,50,49,SAT=7,45.99,6.95,1010.28,2835.00,-595.00,-6002.50,,"Package=487,UTC=11:33:11,Lat=23.106585,Lng=120.292627,Alt=18.70,Ax=45.99,Ay=6.95,Az=1010.28,Gx=2835.00,Gy=-595.00,Gz=-6002.50,T=50,H=49,SAT=7"
,2025-09-21T03:38:32Z,COM6,,UTC=11:33:11,18.70,120.292627,23.106585,,,,,,,,,48,SAT=7,86.86,70.27,994.18,14805.00,-7455.00,-45465.0T=50,,"Package=488,UTC=11:33:11,Lat=23.106585,Lng=120.292627,Alt=18.70,Ax=86.86,Ay=70.27,Az=994.18,Gx=14805.00,Gy=-7455.00,Gz=-45465.0T=50,H=48,SAT=7"
,2025-09-21T03:38:33Z,COM6,,UTC=11:33:11,18.70,120.292627,23.106585,,,,,,,,,48,SAT=7,54.29,76.49,974.54,23695.00,-13807.50,29085.0T=49,,"Package=489,UTC=11:33:11,Lat=23.106585,Lng=120.292627,Alt=18.70,Ax=54.29,Ay=76.49,Az=974.54,Gx=23695.00,Gy=-13807.50,Gz=29085.0T=49,H=48,SAT=7"
,2025-09-21T03:38:34Z,COM6,,UTC=11:33:11,18.70,120.292627,23.106585,,,,,,,,,49,SAT=7,42.33,101.50,993.57,-7857.50,-8697.50,16642.5T=49,,"Package=490,UTC=11:33:11,Lat=23.106585,Lng=120.292627,Alt=18.70,Ax=42.33,Ay=101.50,Az=993.57,Gx=-7857.50,Gy=-8697.50,Gz=16642.5T=49,H=49,SAT=7"
,2025-09-21T03:38:35Z,COM6,,UTC=11:33:11,18.70,120.292627,23.106585,,,,,,,,49,49,SAT=7,51.00,59.29,980.27,-1802.50,175.00,-17202.50,,"Package=491,UTC=11:33:11,Lat=23.106585,Lng=120.292627,Alt=18.70,Ax=51.00,Ay=59.29,Az=980.27,Gx=-1802.50,Gy=175.00,Gz=-17202.50,T=49,H=49,SAT=7"
,2025-09-21T03:38:36Z,COM6,,UTC=11:33:11,18.70,120.292627,23.106585,,,,,,,,,49,SAT=7,-3.90,54.41,1010.89,4690.00,14892.50,23817.50T=49,,"Package=492,UTC=11:33:11,Lat=23.106585,Lng=120.292627,Alt=18.70,Ax=-3.90,Ay=54.41,Az=1010.89,Gx=4690.00,Gy=14892.50,Gz=23817.50T=49,H=49,SAT=7"
,2025-09-21T03:38:37Z,COM6,,UTC=11:33:11,18.70,120.292627,23.106585,,,,,,,,,49,SAT=7,-65.64,125.54,1004.06,-9135.00,-11620.00,-116T=49,,"Package=493,UTC=11:33:11,Lat=23.106585,Lng=120.292627,Alt=18.70,Ax=-65.64,Ay=125.54,Az=1004.06,Gx=-9135.00,Gy=-11620.00,Gz=-116T=49,H=49,SAT=7"
,2025-09-21T03:38:38Z,COM6,,UTC=11:33:11,,120,23.106585,,,,,,,,,,,,,,,,,,"Package=494,UTC=11:33:11,Lat=23.106585,Lng=120"
,2025-09-21T03:38:39Z,COM6,,UTC=11:33:11,18.70,120.292627,23.106585,,,,,,,,,49,SAT=7,148.60,-7.93,1053.10,-7437.50,-490.00,15347.5T=49,,"Package=495,UTC=11:33:11,Lat=23.106585,Lng=120.292627,Alt=18.70,Ax=148.60,Ay=-7.93,Az=1053.10,Gx=-7437.50,Gy=-490.00,Gz=15347.5T=49,H=49,SAT=7"
,2025-09-21T03:38:40Z,COM6,,UTC=11:33:11,,,,,,,,,,,,,,,,,,,,,"Package=496,UTC=11:33:11"
,2025-09-21T03:38:41Z,COM6,,UTC=11:33:11,18.70,120.292627,23.106585,,,,,,,,,49,SAT=7,-120.78,-22.08,986.86,17395.00,6737.50,-9555.T=50,,"Package=497,UTC=11:33:11,Lat=23.106585,Lng=120.292627,Alt=18.70,Ax=-120.78,Ay=-22.08,Az=986.86,Gx=17395.00,Gy=6737.50,Gz=-9555.T=50,H=49,SAT=7"
,2025-09-21T03:38:43Z,COM6,,UTC=11:33:11,18.70,120.292627,23.106585,,,,,,,,,48,SAT=7,-77.84,77.96,1014.55,-21402.50,19442.50,5740.T=50,,"Package=499,UTC=11:33:11,Lat=23.106585,Lng=120.292627,Alt=18.70,Ax=-77.84,Ay=77.96,Az=1014.55,Gx=-21402.50,Gy=19442.50,Gz=5740.T=50,H=48,SAT=7"
,2025-09-21T03:38:44Z,COM6,,UTC=11:33:11,18.70,120.292627,23.106585,,,,,,,,,48,SAT=7,-69.05,-76.86,961.12,5285.00,-19040.00,-5337.T=50,,"Package=500,UTC=11:33:11,Lat=23.106585,Lng=120.292627,Alt=18.70,Ax=-69.05,Ay=-76.86,Az=961.12,Gx=5285.00,Gy=-19040.00,Gz=-5337.T=50,H=48,SAT=7"
,2025-09-21T03:38:45Z,COM6,,UTC=11:33:11,18.70,120.292627,23.106585,,,,,,,,,48,SAT=7,-61.61,111.63,1042.00,5950.00,11865.00,-73080T=50,,"Package=501,UTC=11:33:11,Lat=23.106585,Lng=120.292627,Alt=18.70,Ax=-61.61,Ay=111.63,Az=1042.00,Gx=5950.00,Gy=11865.00,Gz=-73080T=50,H=48,SAT=7"
,2025-09-21T03:38:46Z,COM6,,UTC=11:33:11,18.70,120.292627,23.106585,,,,,,,,,48,SAT=7,102.97,-117.12,971.12,-9782.50,50417.50,-1445T=50,,"Package=502,UTC=11:33:11,Lat=23.106585,Lng=120.292627,Alt=18.70,Ax=102.97,Ay=-117.12,Az=971.12,Gx=-9782.50,Gy=50417.50,Gz=-1445T=50,H=48,SAT=7"
,2025-09-21T03:38:47Z,COM6,,UTC=11:33:11,18.70,120.292627,23.106585,,,,,,,,,48,SAT=7,65.15,77.96,986.74,-5110.00,14437.50,14367.50T=50,,"Package=503,UTC=11:33:11,Lat=23.106585,Lng=120.292627,Alt=18.70,Ax=65.15,Ay=77.96,Az=986.74,Gx=-5110.00,Gy=14437.50,Gz=14367.50T=50,H=48,SAT=7"
,2025-09-21T03:38:48Z,COM6,,UTC=11:33:11,18.70,120.292627,23.106585,,,,,,,,50,48,SAT=7,3.78,91.01,1006.87,1890.00,-682.50,-2432.50,,"Package=504,UTC=11:33:11,Lat=23.106585,Lng=120.292627,Alt=18.70,Ax=3.78,Ay=91.01,Az=1006.87,Gx=1890.00,Gy=-682.50,Gz=-2432.50,T=50,H=48,SAT=7"
,2025-09-21T03:38:49Z,COM6,,UTC=11:33:11,18.70,120.292627,23.106585,,,,,,,,50,48,SAT=7,19.76,90.77,1004.30,-945.00,3080.00,-5390.00,,"Package=505,UTC=11:33:11,Lat=23.106585,Lng=120.292627,Alt=18.70,Ax=19.76,Ay=90.77,Az=1004.30,Gx=-945.00,Gy=3080.00,Gz=-5390.00,T=50,H=48,SAT=7"
,2025-09-21T03:38:50Z,COM6,,UTC=11:33:11,18.70,120.292627,23.106585,,,,,,,,,48,SAT=7,-25.01,61.24,994.54,2992.50,-5057.50,-3587.50T=50,,"Package=506,UTC=11:33:11,Lat=23.106585,Lng=120.292627,Alt=18.70,Ax=-25.01,Ay=61.24,Az=994.54,Gx=2992.50,Gy=-5057.50,Gz=-3587.50T=50,H=48,SAT=7"
,2025-09-21T03:38:51Z,COM6,,UTC=11:33:11,18.70,120.292627,23.106585,,,,,,,,,48,SAT=7,18.06,69.78,1022.24,-7367.50,6160.00,-5722.50T=50,,"Package=507,UTC=11:33:11,Lat=23.106585,Lng=120.292627,Alt=18.70,Ax=18.06,Ay=69.78,Az=1022.24,Gx=-7367.50,Gy=6160.00,Gz=-5722.50T=50,H=48,SAT=7"
,2025-09-21T03:38:52Z,COM6,,UTC=11:33:11,18.70,120.292627,23.106585,,,,,,,,50,48,SAT=7,8.54,68.56,1019.68,-5652.50,7472.50,-6002.50,,"Package=508,UTC=11:33:11,Lat=23.106585,Lng=120.292627,Alt=18.70,Ax=8.54,Ay=68.56,Az=1019.68,Gx=-5652.50,Gy=7472.50,Gz=-6002.50,T=50,H=48,SAT=7"
,2025-09-21T03:38:53Z,COM6,,UTC=11:33:11,18.70,120.292627,23.106585,,,,,,,,,,,,,,,,,,"Package=509,UTC=11:33:11,Lat=23.106585,Lng=120.292627,Alt=18.70,Ax"
,2025-09-21T03:38:54Z,COM6,,UTC=11:33:11,18.70,120.292627,23.106585,,,,,,,,,48,SAT=7,21.35,153.11,1019.43,-11427.50,3745.00,4812.5T=50,,"Package=510,UTC=11:33:11,Lat=23.106585,Lng=120.292627,Alt=18.70,Ax=21.35,Ay=153.11,Az=1019.43,Gx=-11427.50,Gy=3745.00,Gz=4812.5T=50,H=48,SAT=7"
,2025-09-21T03:38:55Z,COM6,,UTC=11:33:11,18.70,120.292627,23.106585,,,,,,,,,,,,,,,,,,"Package=511,UTC=11:33:11,Lat=23.106585,Lng=120.292627,Alt=18.70,"
,2025-09-21T03:38:56Z,COM6,,UTC=11:33:11,18.70,120.292627,23.106585,,,,,,,,,48,SAT=7,42.09,167.63,998.94,-6527.50,-8820.00,5127.50T=50,,"Package=512,UTC=11:33:11,Lat=23.106585,Lng=120.292627,Alt=18.70,Ax=42.09,Ay=167.63,Az=998.94,Gx=-6527.50,Gy=-8820.00,Gz=5127.50T=50,H=48,SAT=7"
,2025-09-21T03:38:57Z,COM6,,UTC=11:33:11,,,23.106585,,,,,,,,,,,,,,,,,,"Package=513,UTC=11:33:11,Lat=23.106585,Lng"
,2025-09-21T03:38:58Z,COM6,,UTC=11:33:11,18.70,120.292627,23.106585,,,,,,,,,48,SAT=7,35.87,75.88,998.57,28227.50,25025.00,-11777.5T=50,,"Package=514,UTC=11:33:11,Lat=23.106585,Lng=120.292627,Alt=18.70,Ax=35.87,Ay=75.88,Az=998.57,Gx=28227.50,Gy=25025.00,Gz=-11777.5T=50,H=48,SAT=7"
,2025-09-21T03:38:59Z,COM6,,UTC=11:33:11,,,23.106585,,,,,,,,,,,,,,,,,,"Package=515,UTC=11:33:11,Lat=23.106585,L"
,2025-09-21T03:39:00Z,COM6,,UTC=11:33:11,18.70,120.292627,23.106585,,,,,,,,50,48,SAT=7,7.44,67.22,1002.11,2100.00,7035.00,-6562.50,,"Package=516,UTC=11:33:11,Lat=23.106585,Lng=120.292627,Alt=18.70,Ax=7.44,Ay=67.22,Az=1002.11,Gx=2100.00,Gy=7035.00,Gz=-6562.50,T=50,H=48,SAT=7"
,2025-09-21T03:39:01Z,COM6,,UTC=11:33:11,18.70,120.292627,23.106585,,,,,,,,,48,SAT=7,-70.52,120.17,1019.19,-210.00,-6475.00,-6650.T=50,,"Package=517,UTC=11:33:11,Lat=23.106585,Lng=120.292627,Alt=18.70,Ax=-70.52,Ay=120.17,Az=1019.19,Gx=-210.00,Gy=-6475.00,Gz=-6650.T=50,H=48,SAT=7"
,2025-09-21T03:39:02Z,COM6,,UTC=11:33:11,18.70,120.292627,23.106585,,,,,,,,,48,SAT=7,2.68,134.20,1006.62,-1820.00,7717.50,-8207.50T=50,,"Package=518,UTC=11:33:11,Lat=23.106585,Lng=120.292627,Alt=18.70,Ax=2.68,Ay=134.20,Az=1006.62,Gx=-1820.00,Gy=7717.50,Gz=-8207.50T=50,H=48,SAT=7"
,2025-09-21T03:39:03Z,COM6,,UTC=11:33:11,18.70,120.292627,23.106585,,,,,,,,50,48,SAT=7,5.12,100.28,1002.23,-2327.50,-6387.50,472.50,,"Package=519,UTC=11:33:11,Lat=23.106585,Lng=120.292627,Alt=18.70,Ax=5.12,Ay=100.28,Az=1002.23,Gx=-2327.50,Gy=-6387.50,Gz=472.50,T=50,H=48,SAT=7"
,2025-09-21T03:39:04Z,COM6,,UTC=11:33:11,18.70,120.292627,23.106585,,,,,,,,50,48,SAT=7,-2.44,57.71,995.76,-385.00,-2170.00,-3185.00,,"Package=520,UTC=11:33:11,Lat=23.106585,Lng=120.292627,Alt=18.70,Ax=-2.44,Ay=57.71,Az=995.76,Gx=-385.00,Gy=-2170.00,Gz=-3185.00,T=50,H=48,SAT=7"
,2025-09-21T03:39:05Z,COM6,,UTC=11:33:11,18.70,120.292627,23.106585,,,,,,,,,48,SAT=7,-8.54,130.66,1010.40,-7577.50,-11672.50,6247.T=50,,"Package=521,UTC=11:33:11,Lat=23.106585,Lng=120.292627,Alt=18.70,Ax=-8.54,Ay=130.66,Az=1010.40,Gx=-7577.50,Gy=-11672.50,Gz=6247.T=50,H=48,SAT=7"
,2025-09-21T03:39:06Z,COM6,,UTC=11:33:11,18.70,120.292627,23.106585,,,,,,,,,48,SAT=7,-52.22,81.62,993.81,-4602.50,-1802.50,1855.00T=50,,"Package=522,UTC=11:33:11,Lat=23.106585,Lng=120.292627,Alt=18.70,Ax=-52.22,Ay=81.62,Az=993.81,Gx=-4602.50,Gy=-1802.50,Gz=1855.00T=50,H=48,SAT=7"
,2025-09-21T03:39:07Z,COM6,,UTC=11:33:11,18.70,120.292627,23.106585,,,,,,,,,48,SAT=7,-81.98,137.37,1004.79,11567.50,13667.50,-5600T=50,,"Package=523,UTC=11:33:11,Lat=23.106585,Lng=120.292627,Alt=18.70,Ax=-81.98,Ay=137.37,Az=1004.79,Gx=11567.50,Gy=13667.50,Gz=-5600T=50,H=48,SAT=7"
,2025-09-21T03:39:08Z,COM6,,UTC=11:33:11,18.70,120.292627,23.106585,,,,,,,,,48,SAT=7,-153.84,131.03,992.71,-8855.00,11830.00,8977.T=50,,"Package=524,UTC=11:33:11,Lat=23.106585,Lng=120.292627,Alt=18.70,Ax=-153.84,Ay=131.03,Az=992.71,Gx=-8855.00,Gy=11830.00,Gz=8977.T=50,H=48,SAT=7"
,2025-09-21T03:39:09Z,COM6,,UTC=11:33:11,18.70,120.292627,23.106585,,,,,,,,,48,SAT=7,-142.25,140.06,974.05,-13930.00,-9940.00,-140T=50,,"Package=525,UTC=11:33:11,Lat=23.106585,Lng=120.292627,Alt=18.70,Ax=-142.25,Ay=140.06,Az=974.05,Gx=-13930.00,Gy=-9940.00,Gz=-140T=50,H=48,SAT=7"
,2025-09-21T03:39:10Z,COM6,,UTC=11:33:11,18.70,120.292627,23.106585,,,,,,,,,48,SAT=7,-71.49,99.19,1013.45,12372.50,2765.00,-1347.5T=50,,"Package=526,UTC=11:33:11,Lat=23.106585,Lng=120.292627,Alt=18.70,Ax=-71.49,Ay=99.19,Az=1013.45,Gx=12372.50,Gy=2765.00,Gz=-1347.5T=50,H=48,SAT=7"
,2025-09-21T03:39:11Z,COM6,,UTC=11:33:11,18.70,120.292627,23.106585,,,,,,,,50,48,SAT=7,-102.97,112.97,976.98,6755.00,927.50,4252.50,,"Package=527,UTC=11:33:11,Lat=23.106585,Lng=120.292627,Alt=18.70,Ax=-102.97,Ay=112.97,Az=976.98,Gx=6755.00,Gy=927.50,Gz=4252.50,T=50,H=48,SAT=7"
,2025-09-21T03:39:12Z,COM6,,UTC=11:33:11,18.70,120.292627,23.106585,,,,,,,,,,,,,,,,,,"Package=528,UTC=11:33:11,Lat=23.106585,Lng=120.292627,Alt=18.70"
,2025-09-21T03:39:13Z,COM6,,UTC=11:33:11,18.70,120.292627,23.106585,,,,,,,,,48,SAT=7,-52.58,57.34,1007.23,-3360.00,-7455.00,8977.5T=50,,"Package=529,UTC=11:33:11,Lat=23.106585,Lng=120.292627,Alt=18.70,Ax=-52.58,Ay=57.34,Az=1007.23,Gx=-3360.00,Gy=-7455.00,Gz=8977.5T=50,H=48,SAT=7"
,2025-09-21T03:39:14Z,COM6,,UTC=11:33:11,,,23.106585,,,,,,,,,,,,,,,,,,"Package=530,UTC=11:33:11,Lat=23.106585,Ln"
,2025-09-21T03:39:15Z,COM6,,UTC=11:33:11,18.70,120.292627,23.106585,,,,,,,,,48,SAT=7,-60.27,52.09,998.08,7017.50,-14332.50,10150.0T=50,,"Package=531,UTC=11:33:11,Lat=23.106585,Lng=120.292627,Alt=18.70,Ax=-60.27,Ay=52.09,Az=998.08,Gx=7017.50,Gy=-14332.50,Gz=10150.0T=50,H=48,SAT=7"
,2025-09-21T03:39:16Z,COM6,,UTC=11:33:11,18.70,120.292627,23.106585,,,,,,,,,48,SAT=7,25.25,70.76,1014.80,-9887.50,-4305.00,19932.5T=51,,"Package=532,UTC=11:33:11,Lat=23.106585,Lng=120.292627,Alt=18.70,Ax=25.25,Ay=70.76,Az=1014.80,Gx=-9887.50,Gy=-4305.00,Gz=19932.5T=51,H=48,SAT=7"
,2025-09-21T03:39:17Z,COM6,,UTC=11:33:11,18.70,120.292627,23.106585,,,,,,,,,48,SAT=7,17.20,-19.03,1003.45,2380.00,5915.00,-18987.5T=51,,"Package=533,UTC=11:33:11,Lat=23.106585,Lng=120.292627,Alt=18.70,Ax=17.20,Ay=-19.03,Az=1003.45,Gx=2380.00,Gy=5915.00,Gz=-18987.5T=51,H=48,SAT=7"
,2025-09-21T03:39:18Z,COM6,,UTC=11:33:11,18.70,120.292627,23.106585,,,,,,,,,48,SAT=7,-46.36,-48.92,1000.28,-7280.00,-13387.50,2549T=51,,"Package=534,UTC=11:33:11,Lat=23.106585,Lng=120.292627,Alt=18.70,Ax=-46.36,Ay=-48.92,Az=1000.28,Gx=-7280.00,Gy=-13387.50,Gz=2549T=51,H=48,SAT=7"
,2025-09-21T03:39:19Z,COM6,,UTC=11:33:11,18.70,120.292627,23.106585,,,,,,,,,48,SAT=7,13.30,-68.08,1011.50,-4357.50,-13667.50,-4305T=51,,"Package=535,UTC=11:33:11,Lat=23.106585,Lng=120.292627,Alt=18.70,Ax=13.30,Ay=-68.08,Az=1011.50,Gx=-4357.50,Gy=-13667.50,Gz=-4305T=51,H=48,SAT=7"
,2025-09-21T03:39:20Z,COM6,,UTC=11:33:11,18.70,120.292627,23.106585,,,,,,,,,48,SAT=7,-1.46,25.86,1017.11,-787.50,-2047.50,22872.50T=51,,"Package=536,UTC=11:33:11,Lat=23.106585,Lng=120.292627,Alt=18.70,Ax=-1.46,Ay=25.86,Az=1017.11,Gx=-787.50,Gy=-2047.50,Gz=22872.50T=51,H=48,SAT=7"
,2025-09-21T03:39:21Z,COM6,,UTC=11:33:11,18.70,120.292627,23.106585,,,,,,,,,48,SAT=7,-55.02,-0.12,1008.94,-1575.00,-612.50,1960.00T=51,,"Package=537,UTC=11:33:11,Lat=23.106585,Lng=120.292627,Alt=18.70,Ax=-55.02,Ay=-0.12,Az=1008.94,Gx=-1575.00,Gy=-612.50,Gz=1960.00T=51,H=48,SAT=7"
,2025-09-21T03:39:22Z,COM6,,UTC=11:33:11,18.70,120.292627,23.106585,,,,,,,,51,48,SAT=7,-66.37,-17.57,1000.89,3815.00,-35.00,1172.50,,"Package=538,UTC=11:33:11,Lat=23.106585,Lng=120.292627,Alt=18.70,Ax=-66.37,Ay=-17.57,Az=1000.89,Gx=3815.00,Gy=-35.00,Gz=1172.50,T=51,H=48,SAT=7"
,2025-09-21T03:39:23Z,COM6,,UTC=11:33:11,18.70,120.292627,23.106585,,,,,,,,51,48,SAT=7,-64.17,-5.86,1006.74,2520.00,2712.50,2555.00,,"Package=539,UTC=11:33:11,Lat=23.106585,Lng=120.292627,Alt=18.70,Ax=-64.17,Ay=-5.86,Az=1006.74,Gx=2520.00,Gy=2712.50,Gz=2555.00,T=51,H=48,SAT=7"
,2025-09-21T03:39:24Z,COM6,,UTC=11:33:11,18.70,120.292627,23.106585,,,,,,,,51,48,SAT=7,-86.01,7.08,999.18,4585.00,-437.50,-1907.50,,"Package=540,UTC=11:33:11,Lat=23.106585,Lng=120.292627,Alt=18.70,Ax=-86.01,Ay=7.08,Az=999.18,Gx=4585.00,Gy=-437.50,Gz=-1907.50,T=51,H=48,SAT=7"
,2025-09-21T03:39:25Z,COM6,,UTC=11:33:11,18.70,120.292627,23.106585,,,,,,,,,48,SAT=7,-88.21,2.20,1006.38,-5250.00,-1610.00,10325.0T=51,,"Package=541,UTC=11:33:11,Lat=23.106585,Lng=120.292627,Alt=18.70,Ax=-88.21,Ay=2.20,Az=1006.38,Gx=-5250.00,Gy=-1610.00,Gz=10325.0T=51,H=48,SAT=7"
,2025-09-21T03:39:26Z,COM6,,UTC=11:33:11,18.70,120.292627,23.106585,,,,,,,,,48,SAT=7,-127.00,-2.44,1011.99,-1907.50,8347.50,7822.5T=51,,"Package=542,UTC=11:33:11,Lat=23.106585,Lng=120.292627,Alt=18.70,Ax=-127.00,Ay=-2.44,Az=1011.99,Gx=-1907.50,Gy=8347.50,Gz=7822.5T=51,H=48,SAT=7"
,2025-09-21T03:39:27Z,COM6,,UTC=11:33:11,,12,23.106585,,,,,,,,,,,,,,,,,,"Package=543,UTC=11:33:11,Lat=23.106585,Lng=12"
,2025-09-21T03:39:28Z,COM6,,UTC=11:33:11,18.70,120.292627,23.106585,,,,,,,,,48,SAT=7,-142.13,-1.59,1011.14,3972.50,-2940.00,-5862.T=51,,"Package=544,UTC=11:33:11,Lat=23.106585,Lng=120.292627,Alt=18.70,Ax=-142.13,Ay=-1.59,Az=1011.14,Gx=3972.50,Gy=-2940.00,Gz=-5862.T=51,H=48,SAT=7"
,2025-09-21T03:39:30Z,COM6,,UTC=11:33:11,18.70,120.292627,23.106585,,,,,,,,,48,SAT=7,-153.72,74.18,1019.19,4585.00,1820.00,4760.00T=51,,"Package=546,UTC=11:33:11,Lat=23.106585,Lng=120.292627,Alt=18.70,Ax=-153.72,Ay=74.18,Az=1019.19,Gx=4585.00,Gy=1820.00,Gz=4760.00T=51,H=48,SAT=7"
,2025-09-21T03:39:32Z,COM6,,UTC=11:33:11,18.70,120.292627,23.106585,,,,,,,,51,48,SAT=7,-66.00,63.81,1009.06,1627.50,105.00,-6930.00,,"Package=548,UTC=11:33:11,Lat=23.106585,Lng=120.292627,Alt=18.70,Ax=-66.00,Ay=63.81,Az=1009.06,Gx=1627.50,Gy=105.00,Gz=-6930.00,T=51,H=48,SAT=7"
,2025-09-21T03:39:33Z,COM6,,UTC=11:33:11,18.70,120.292627,23.106585,,,,,,,,,47,SAT=7,-112.24,53.92,1005.77,4847.50,-385.00,-1102.5T=51,,"Package=549,UTC=11:33:11,Lat=23.106585,Lng=120.292627,Alt=18.70,Ax=-112.24,Ay=53.92,Az=1005.77,Gx=4847.50,Gy=-385.00,Gz=-1102.5T=51,H=47,SAT=7"
,2025-09-21T03:39:34Z,COM6,,UTC=11:33:11,18.70,120.292627,23.106585,,,,,,,,,47,SAT=7,-116.51,47.58,1008.21,7910.00,-11690.00,-2621T=51,,"Package=550,UTC=11:33:11,Lat=23.106585,Lng=120.292627,Alt=18.70,Ax=-116.51,Ay=47.58,Az=1008.21,Gx=7910.00,Gy=-11690.00,Gz=-2621T=51,H=47,SAT=7"
,2025-09-21T03:39:35Z,COM6,,UTC=11:33:11,18.70,120.292627,23.106585,,,,,,,,,47,SAT=7,-12.20,32.94,993.57,-4130.00,-4725.00,5145.00T=51,,"Package=551,UTC=11:33:11,Lat=23.106585,Lng=120.292627,Alt=18.70,Ax=-12.20,Ay=32.94,Az=993.57,Gx=-4130.00,Gy=-4725.00,Gz=5145.00T=51,H=47,SAT=7"
,2025-09-21T03:39:36Z,COM6,,UTC=11:33:11,18.70,120.292627,23.106585,,,,,,,,51,47,SAT=7,-45.75,18.30,1011.99,525.00,7822.50,-4270.00,,"Package=552,UTC=11:33:11,Lat=23.106585,Lng=120.292627,Alt=18.70,Ax=-45.75,Ay=18.30,Az=1011.99,Gx=525.00,Gy=7822.50,Gz=-4270.00,T=51,H=47,SAT=7"
,2025-09-21T03:39:37Z,COM6,,UTC=11:33:11,18.70,120.292627,23.106585,,,,,,,,,47,SAT=7,-26.47,36.72,1023.09,-1242.50,-1715.00,1032.5T=51,,"Package=553,UTC=11:33:11,Lat=23.106585,Lng=120.292627,Alt=18.70,Ax=-26.47,Ay=36.72,Az=1023.09,Gx=-1242.50,Gy=-1715.00,Gz=1032.5T=51,H=47,SAT=7"
,2025-09-21T03:39:38Z,COM6,,UTC=11:33:11,18.70,120.292627,23.106585,,,,,,,,51,47,SAT=7,-58.56,29.04,996.98,3517.50,-2870.00,5547.50,,"Package=554,UTC=11:33:11,Lat=23.106585,Lng=120.292627,Alt=18.70,Ax=-58.56,Ay=29.04,Az=996.98,Gx=3517.50,Gy=-2870.00,Gz=5547.50,T=51,H=47,SAT=7"
,2025-09-21T03:39:39Z,COM6,,UTC=11:33:11,18.70,120.292627,23.106585,,,,,,,,,47,SAT=7,-44.41,45.26,1010.77,-140.00,-2362.50,-2292.5T=51,,"Package=555,UTC=11:33:11,Lat=23.106585,Lng=120.292627,Alt=18.70,Ax=-44.41,Ay=45.26,Az=1010.77,Gx=-140.00,Gy=-2362.50,Gz=-2292.5T=51,H=47,SAT=7"
,2025-09-21T03:39:40Z,COM6,,UTC=11:33:11,18.70,120.292627,23.106585,,,,,,,,,47,SAT=7,-58.44,66.49,987.59,15382.50,-7140.00,2957.50T=51,,"Package=556,UTC=11:33:11,Lat=23.106585,Lng=120.292627,Alt=18.70,Ax=-58.44,Ay=66.49,Az=987.59,Gx=15382.50,Gy=-7140.00,Gz=2957.50T=51,H=47,SAT=7"
,2025-09-21T03:39:41Z,COM6,,UTC=11:33:11,18.70,120.292627,23.106585,,,,,,,,,47,SAT=7,-36.48,109.68,1009.67,-8715.00,5967.50,6842.5T=51,,"Package=557,UTC=11:33:11,Lat=23.106585,Lng=120.292627,Alt=18.70,Ax=-36.48,Ay=109.68,Az=1009.67,Gx=-8715.00,Gy=5967.50,Gz=6842.5T=51,H=47,SAT=7"
,2025-09-21T03:39:42Z,COM6,,UTC=11:33:11,18.70,120.292627,23.106585,,,,,,,,,47,SAT=7,-73.08,45.75,1005.04,-2450.00,-2800.00,6982.5T=51,,"Package=558,UTC=11:33:11,Lat=23.106585,Lng=120.292627,Alt=18.70,Ax=-73.08,Ay=45.75,Az=1005.04,Gx=-2450.00,Gy=-2800.00,Gz=6982.5T=51,H=47,SAT=7"
,2025-09-21T03:39:43Z,COM6,,UTC=11:33:11,18.70,120.292627,23.106585,,,,,,,,,47,SAT=7,-41.36,23.91,1008.21,-3850.00,-5232.50,4795.0T=51,,"Package=559,UTC=11:33:11,Lat=23.106585,Lng=120.292627,Alt=18.70,Ax=-41.36,Ay=23.91,Az=1008.21,Gx=-3850.00,Gy=-5232.50,Gz=4795.0T=51,H=47,SAT=7"
,2025-09-21T03:39:44Z,COM6,,UTC=11:33:11,18.70,120.292627,23.106585,,,,,,,,,,,,,,,,,,"Package=560,UTC=11:33:11,Lat=23.106585,Lng=120.292627,Alt=18.70"
,2025-09-21T03:39:45Z,COM6,,UTC=11:33:11,18.70,120.292627,23.106585,,,,,,,,,47,SAT=7,46.36,12.44,1027.97,-17955.00,3062.50,9660.00T=51,,"Package=561,UTC=11:33:11,Lat=23.106585,Lng=120.292627,Alt=18.70,Ax=46.36,Ay=12.44,Az=1027.97,Gx=-17955.00,Gy=3062.50,Gz=9660.00T=51,H=47,SAT=7"
,2025-09-21T03:39:46Z,COM6,,UTC=11:33:11,,,23.106585,,,,,,,,,,,,,,,,,,"Package=562,UTC=11:33:11,Lat=23.106585,Ln"
,2025-09-21T03:39:47Z,COM6,,UTC=11:33:11,18.70,120.292627,23.106585,,,,,,,,,47,SAT=7,-17.81,-8.78,1014.31,-5967.50,-3832.50,9065.0T=51,,"Package=563,UTC=11:33:11,Lat=23.106585,Lng=120.292627,Alt=18.70,Ax=-17.81,Ay=-8.78,Az=1014.31,Gx=-5967.50,Gy=-3832.50,Gz=9065.0T=51,H=47,SAT=7"
,2025-09-21T03:39:48Z,COM6,,UTC=11:33:11,18.70,120.292627,23.106585,,,,,,,,,47,SAT=7,11.71,-14.76,1022.24,-6580.00,-2012.50,7822.5T=51,,"Package=564,UTC=11:33:11,Lat=23.106585,Lng=120.292627,Alt=18.70,Ax=11.71,Ay=-14.76,Az=1022.24,Gx=-6580.00,Gy=-2012.50,Gz=7822.5T=51,H=47,SAT=7"
,2025-09-21T03:39:49Z,COM6,,UTC=11:33:11,18.70,120.292627,23.106585,,,,,,,,51,47,SAT=7,18.79,0.24,1040.05,-1085.00,-1627.50,2345.00,,"Package=565,UTC=11:33:11,Lat=23.106585,Lng=120.292627,Alt=18.70,Ax=18.79,Ay=0.24,Az=1040.05,Gx=-1085.00,Gy=-1627.50,Gz=2345.00,T=51,H=47,SAT=7"
,2025-09-21T03:39:50Z,COM6,,UTC=11:33:11,18.70,120.292627,23.106585,,,,,,,,51,47,SAT=7,-6.22,7.44,1055.67,18742.50,2940.00,-2380.00,,"Package=566,UTC=11:33:11,Lat=23.106585,Lng=120.292627,Alt=18.70,Ax=-6.22,Ay=7.44,Az=1055.67,Gx=18742.50,Gy=2940.00,Gz=-2380.00,T=51,H=47,SAT=7"
,2025-09-21T03:39:51Z,COM6,,UTC=11:33:11,18.70,120.292627,23.106585,,,,,,,,,47,SAT=7,-23.91,45.38,1010.04,2450.00,-9100.00,1085.00T=51,,"Package=567,UTC=11:33:11,Lat=23.106585,Lng=120.292627,Alt=18.70,Ax=-23.91,Ay=45.38,Az=1010.04,Gx=2450.00,Gy=-9100.00,Gz=1085.00T=51,H=47,SAT=7"
,2025-09-21T03:39:52Z,COM6,,UTC=11:33:11,18.70,120.292627,23.106585,,,,,,,,51,47,SAT=7,-13.66,14.40,1000.28,717.50,1050.00,2222.50,,"Package=568,UTC=11:33:11,Lat=23.106585,Lng=120.292627,Alt=18.70,Ax=-13.66,Ay=14.40,Az=1000.28,Gx=717.50,Gy=1050.00,Gz=2222.50,T=51,H=47,SAT=7"
,2025-09-21T03:39:53Z,COM6,,UTC=11:33:11,18.70,120.292627,23.106585,,,,,,,,51,47,SAT=7,17.20,25.38,1009.43,-3220.00,-1172.50,700.00,,"Package=569,UTC=11:33:11,Lat=23.106585,Lng=120.292627,Alt=18.70,Ax=17.20,Ay=25.38,Az=1009.43,Gx=-3220.00,Gy=-1172.50,Gz=700.00,T=51,H=47,SAT=7"
,2025-09-21T03:39:54Z,COM6,,UTC=11:33:11,18.70,120.292627,23.106585,,,,,,,,,47,SAT=7,11.83,33.55,1019.43,-4270.00,-3377.50,-3377.5T=51,,"Package=570,UTC=11:33:11,Lat=23.106585,Lng=120.292627,Alt=18.70,Ax=11.83,Ay=33.55,Az=1019.43,Gx=-4270.00,Gy=-3377.50,Gz=-3377.5T=51,H=47,SAT=7"
,2025-09-21T03:39:55Z,COM6,,UTC=11:33:11,18.70,120.292627,23.106585,,,,,,,,51,47,SAT=7,35.99,31.60,1020.65,-2555.00,-525.00,2625.00,,"Package=571,UTC=11:33:11,Lat=23.106585,Lng=120.292627,Alt=18.70,Ax=35.99,Ay=31.60,Az=1020.65,Gx=-2555.00,Gy=-525.00,Gz=2625.00,T=51,H=47,SAT=7"
,2025-09-21T03:39:56Z,COM6,,UTC=11:33:11,18.70,120.292627,23.106585,,,,,,,,51,47,SAT=7,17.08,-8.66,1019.92,1785.00,2485.00,11515.00,,"Package=572,UTC=11:33:11,Lat=23.106585,Lng=120.292627,Alt=18.70,Ax=17.08,Ay=-8.66,Az=1019.92,Gx=1785.00,Gy=2485.00,Gz=11515.00,T=51,H=47,SAT=7"
,2025-09-21T03:39:57Z,COM6,,UTC=11:33:11,18.70,120.292627,23.106585,,,,,,,,,47,SAT=7,22.81,33.18,1002.35,12232.50,18375.00,3500.00T=51,,"Package=573,UTC=11:33:11,Lat=23.106585,Lng=120.292627,Alt=18.70,Ax=22.81,Ay=33.18,Az=1002.35,Gx=12232.50,Gy=18375.00,Gz=3500.00T=51,H=47,SAT=7"
,2025-09-21T03:39:58Z,COM6,,UTC=11:33:11,18.70,120.292627,23.106585,,,,,,,,,47,SAT=7,-4.03,36.84,990.76,8050.00,-11095.00,-5442.50T=52,,"Package=574,UTC=11:33:11,Lat=23.106585,Lng=120.292627,Alt=18.70,Ax=-4.03,Ay=36.84,Az=990.76,Gx=8050.00,Gy=-11095.00,Gz=-5442.50T=52,H=47,SAT=7"
,2025-09-21T03:39:59Z,COM6,,UTC=11:33:11,,12,23.106585,,,,,,,,,,,,,,,,,,"Package=575,UTC=11:33:11,Lat=23.106585,Lng=12"
,2025-09-21T03:40:00Z,COM6,,UTC=11:33:11,18.70,120.292627,23.106585,,,,,,,,,47,SAT=7,-13.91,48.31,1006.13,-4602.50,-2642.50,7875.0T=52,,"Package=576,UTC=11:33:11,Lat=23.106585,Lng=120.292627,Alt=18.70,Ax=-13.91,Ay=48.31,Az=1006.13,Gx=-4602.50,Gy=-2642.50,Gz=7875.0T=52,H=47,SAT=7"
,2025-09-21T03:40:02Z,COM6,,UTC=11:33:11,18.70,120.292627,23.106585,,,,,,,,,46,SAT=7,-36.97,33.67,1009.79,2975.00,-2205.00,1697.50T=52,,"Package=578,UTC=11:33:11,Lat=23.106585,Lng=120.292627,Alt=18.70,Ax=-36.97,Ay=33.67,Az=1009.79,Gx=2975.00,Gy=-2205.00,Gz=1697.50T=52,H=46,SAT=7"
,2025-09-21T03:40:04Z,COM6,,UTC=11:33:11,18.70,120.292627,23.106585,,,,,,,,,46,SAT=7,20.86,43.07,1001.62,10675.00,5705.00,-15872.5T=52,,"Package=580,UTC=11:33:11,Lat=23.106585,Lng=120.292627,Alt=18.70,Ax=20.86,Ay=43.07,Az=1001.62,Gx=10675.00,Gy=5705.00,Gz=-15872.5T=52,H=46,SAT=7"
,2025-09-21T03:40:05Z,COM6,,UTC=11:33:11,18.70,120.292627,23.106585,,,,,,,,,46,SAT=7,-67.10,55.27,1034.19,875.00,19547.50,-1925.00T=52,,"Package=581,UTC=11:33:11,Lat=23.106585,Lng=120.292627,Alt=18.70,Ax=-67.10,Ay=55.27,Az=1034.19,Gx=875.00,Gy=19547.50,Gz=-1925.00T=52,H=46,SAT=7"
,2025-09-21T03:40:06Z,COM6,,UTC=11:33:11,18.70,120.292627,23.106585,,,,,,,,,46,SAT=7,-34.28,78.69,1013.58,3080.00,6562.50,-9800.00T=52,,"Package=582,UTC=11:33:11,Lat=23.106585,Lng=120.292627,Alt=18.70,Ax=-34.28,Ay=78.69,Az=1013.58,Gx=3080.00,Gy=6562.50,Gz=-9800.00T=52,H=46,SAT=7"
,2025-09-21T03:40:07Z,COM6,,UTC=11:33:11,18.70,120.292627,23.106585,,,,,,,,52,46,SAT=7,-107.73,72.22,999.42,1330.00,857.50,4620.00,,"Package=583,UTC=11:33:11,Lat=23.106585,Lng=120.292627,Alt=18.70,Ax=-107.73,Ay=72.22,Az=999.42,Gx=1330.00,Gy=857.50,Gz=4620.00,T=52,H=46,SAT=7"
,2025-09-21T03:40:08Z,COM6,,UTC=11:33:11,18.70,120.292627,23.106585,,,,,,,,52,46,SAT=7,-67.59,60.76,1007.48,6737.50,4287.50,7245.00,,"Package=584,UTC=11:33:11,Lat=23.106585,Lng=120.292627,Alt=18.70,Ax=-67.59,Ay=60.76,Az=1007.48,Gx=6737.50,Gy=4287.50,Gz=7245.00,T=52,H=46,SAT=7"
,2025-09-21T03:40:09Z,COM6,,UTC=11:33:11,18.70,120.292627,23.106585,,,,,,,,,46,SAT=7,-54.41,76.25,1023.82,-15505.00,-15190.00,3468T=52,,"Package=585,UTC=11:33:11,Lat=23.106585,Lng=120.292627,Alt=18.70,Ax=-54.41,Ay=76.25,Az=1023.82,Gx=-15505.00,Gy=-15190.00,Gz=3468T=52,H=46,SAT=7"
,2025-09-21T03:40:10Z,COM6,,UTC=11:33:11,18.70,120.292627,23.106585,,,,,,,,,46,SAT=7,-91.62,-10.25,979.66,7682.50,-5022.50,3395.00T=52,,"Package=586,UTC=11:33:11,Lat=23.106585,Lng=120.292627,Alt=18.70,Ax=-91.62,Ay=-10.25,Az=979.66,Gx=7682.50,Gy=-5022.50,Gz=3395.00T=52,H=46,SAT=7"
,2025-09-21T03:40:11Z,COM6,,UTC=11:33:11,18.70,120.292627,23.106585,,,,,,,,,46,SAT=7,-69.05,53.31,1001.38,10675.00,-3237.50,-2135.T=52,,"Package=587,UTC=11:33:11,Lat=23.106585,Lng=120.292627,Alt=18.70,Ax=-69.05,Ay=53.31,Az=1001.38,Gx=10675.00,Gy=-3237.50,Gz=-2135.T=52,H=46,SAT=7"
,2025-09-21T03:40:12Z,COM6,,UTC=11:33:11,18.70,120.292627,23.106585,,,,,,,,52,46,SAT=7,-59.90,75.52,994.54,3080.00,-4602.50,945.00,,"Package=588,UTC=11:33:11,Lat=23.106585,Lng=120.292627,Alt=18.70,Ax=-59.90,Ay=75.52,Az=994.54,Gx=3080.00,Gy=-4602.50,Gz=945.00,T=52,H=46,SAT=7"
,2025-09-21T03:40:13Z,COM6,,UTC=11:33:11,18.70,120.292627,23.106585,,,,,,,,,46,SAT=7,-3.90,119.68,995.52,-5285.00,-2047.50,-4427.5T=52,,"Package=589,UTC=11:33:11,Lat=23.106585,Lng=120.292627,Alt=18.70,Ax=-3.90,Ay=119.68,Az=995.52,Gx=-5285.00,Gy=-2047.50,Gz=-4427.5T=52,H=46,SAT=7"
,2025-09-21T03:40:14Z,COM6,,UTC=11:33:11,,120,23.106585,,,,,,,,,,,,,,,,,,"Package=590,UTC=11:33:11,Lat=23.106585,Lng=120"
,2025-09-21T03:40:15Z,COM6,,UTC=11:33:11,18.70,120.292627,23.106585,,,,,,,,52,46,SAT=7,-17.57,26.96,996.13,3937.50,-2222.50,9275.00,,"Package=591,UTC=11:33:11,Lat=23.106585,Lng=120.292627,Alt=18.70,Ax=-17.57,Ay=26.96,Az=996.13,Gx=3937.50,Gy=-2222.50,Gz=9275.00,T=52,H=46,SAT=7"
,2025-09-21T03:40:16Z,COM6,,UTC=11:33:11,,,,,,,,,,,,,,,,,,,,,"Package=592,UTC=11:33:11"
,2025-09-21T03:40:17Z,COM6,,UTC=11:33:11,18.70,120.292627,23.106585,,,,,,,,,46,SAT=7,11.96,123.46,1008.70,-332.50,6457.50,-3290.00T=52,,"Package=593,UTC=11:33:11,Lat=23.106585,Lng=120.292627,Alt=18.70,Ax=11.96,Ay=123.46,Az=1008.70,Gx=-332.50,Gy=6457.50,Gz=-3290.00T=52,H=46,SAT=7"
,2025-09-21T03:40:19Z,COM6,,UTC=11:33:11,18.70,120.292627,23.106585,,,,,,,,,46,SAT=7,-16.10,60.15,1019.19,-1767.50,-3937.50,-6807.T=52,,"Package=595,UTC=11:33:11,Lat=23.106585,Lng=120.292627,Alt=18.70,Ax=-16.10,Ay=60.15,Az=1019.19,Gx=-1767.50,Gy=-3937.50,Gz=-6807.T=52,H=46,SAT=7"
,2025-09-21T03:40:20Z,COM6,,UTC=11:33:11,18.70,120.292627,23.106585,,,,,,,,52,46,SAT=7,8.66,22.33,1003.82,4200.00,-7945.00,1365.00,,"Package=596,UTC=11:33:11,Lat=23.106585,Lng=120.292627,Alt=18.70,Ax=8.66,Ay=22.33,Az=1003.82,Gx=4200.00,Gy=-7945.00,Gz=1365.00,T=52,H=46,SAT=7"
,2025-09-21T03:40:21Z,COM6,,UTC=11:33:11,18.70,120.292627,23.106585,,,,,,,,52,46,SAT=7,29.77,15.13,1014.43,-2730.00,2922.50,-17.50,,"Package=597,UTC=11:33:11,Lat=23.106585,Lng=120.292627,Alt=18.70,Ax=29.77,Ay=15.13,Az=1014.43,Gx=-2730.00,Gy=2922.50,Gz=-17.50,T=52,H=46,SAT=7"
,2025-09-21T03:40:22Z,COM6,,UTC=11:33:11,18.70,120.292627,23.106585,,,,,,,,52,46,SAT=7,-10.98,1.95,1012.72,-367.50,1085.00,-7875.00,,"Package=598,UTC=11:33:11,Lat=23.106585,Lng=120.292627,Alt=18.70,Ax=-10.98,Ay=1.95,Az=1012.72,Gx=-367.50,Gy=1085.00,Gz=-7875.00,T=52,H=46,SAT=7"
,2025-09-21T03:40:23Z,COM6,,UTC=11:33:11,18.70,120.292627,23.106585,,,,,,,,52,45,SAT=7,45.14,2.20,1023.34,6615.00,-5932.50,-647.50,,"Package=599,UTC=11:33:11,Lat=23.106585,Lng=120.292627,Alt=18.70,Ax=45.14,Ay=2.20,Az=1023.34,Gx=6615.00,Gy=-5932.50,Gz=-647.50,T=52,H=45,SAT=7"
,2025-09-21T03:40:24Z,COM6,,UTC=11:33:11,18.70,120.292627,23.106585,,,,,,,,,45,SAT=7,30.38,-10.98,996.74,3570.00,-2275.00,-1855.00T=52,,"Package=600,UTC=11:33:11,Lat=23.106585,Lng=120.292627,Alt=18.70,Ax=30.38,Ay=-10.98,Az=996.74,Gx=3570.00,Gy=-2275.00,Gz=-1855.00T=52,H=45,SAT=7"
,2025-09-21T03:40:25Z,COM6,,UTC=11:33:11,18.70,120.292627,23.106585,,,,,,,,52,45,SAT=7,27.69,45.02,1008.94,-420.00,4602.50,4445.00,,"Package=601,UTC=11:33:11,Lat=23.106585,Lng=120.292627,Alt=18.70,Ax=27.69,Ay=45.02,Az=1008.94,Gx=-420.00,Gy=4602.50,Gz=4445.00,T=52,H=45,SAT=7"
,2025-09-21T03:40:26Z,COM6,,UTC=11:33:11,18.70,120.292627,23.106585,,,,,,,,,45,SAT=7,46.24,58.07,1019.07,-4830.00,2607.50,18042.50T=52,,"Package=602,UTC=11:33:11,Lat=23.106585,Lng=120.292627,Alt=18.70,Ax=46.24,Ay=58.07,Az=1019.07,Gx=-4830.00,Gy=2607.50,Gz=18042.50T=52,H=45,SAT=7"
,2025-09-21T03:40:27Z,COM6,,UTC=11:33:11,18.70,120.292627,23.106585,,,,,,,,,,,-7,,,,,,,"Package=603,UTC=11:33:11,Lat=23.106585,Lng=120.292627,Alt=18.70,Ax=-7"
,2025-09-21T03:40:28Z,COM6,,UTC=11:33:11,18.70,120.292627,23.106585,,,,,,,,52,45,SAT=7,42.58,55.14,1021.63,577.50,2852.50,-16485.00,,"Package=604,UTC=11:33:11,Lat=23.106585,Lng=120.292627,Alt=18.70,Ax=42.58,Ay=55.14,Az=1021.63,Gx=577.50,Gy=2852.50,Gz=-16485.00,T=52,H=45,SAT=7"
,2025-09-21T03:40:29Z,COM6,,UTC=11:33:11,18.70,120.292627,23.106585,,,,,,,,,45,SAT=7,-16.35,27.45,1009.55,5407.50,-6002.50,3867.50T=52,,"Package=605,UTC=11:33:11,Lat=23.106585,Lng=120.292627,Alt=18.70,Ax=-16.35,Ay=27.45,Az=1009.55,Gx=5407.50,Gy=-6002.50,Gz=3867.50T=52,H=45,SAT=7"
,2025-09-21T03:40:30Z,COM6,,UTC=11:33:11,18.70,120.292627,23.106585,,,,,,,,,45,SAT=7,-2.07,-16.96,1013.33,24325.00,2712.50,-26320.T=52,,"Package=606,UTC=11:33:11,Lat=23.106585,Lng=120.292627,Alt=18.70,Ax=-2.07,Ay=-16.96,Az=1013.33,Gx=24325.00,Gy=2712.50,Gz=-26320.T=52,H=45,SAT=7"
,2025-09-21T03:40:31Z,COM6,,UTC=11:33:11,,12,23.106585,,,,,,,,,,,,,,,,,,"Package=607,UTC=11:33:11,Lat=23.106585,Lng=12"
,2025-09-21T03:40:32Z,COM6,,UTC=11:33:11,18.70,120.292627,23.106585,,,,,,,,,45,SAT=7,25.86,-1.59,1016.99,-9642.50,-2852.50,2327.50T=52,,"Package=608,UTC=11:33:11,Lat=23.106585,Lng=120.292627,Alt=18.70,Ax=25.86,Ay=-1.59,Az=1016.99,Gx=-9642.50,Gy=-2852.50,Gz=2327.50T=52,H=45,SAT=7"
,2025-09-21T03:40:34Z,COM6,,UTC=11:33:11,18.70,120.292627,23.106585,,,,,,,,52,45,SAT=7,29.28,-20.13,1015.77,612.50,-210.00,9397.50,,"Package=610,UTC=11:33:11,Lat=23.106585,Lng=120.292627,Alt=18.70,Ax=29.28,Ay=-20.13,Az=1015.77,Gx=612.50,Gy=-210.00,Gz=9397.50,T=52,H=45,SAT=7"
,2025-09-21T03:40:36Z,COM6,,UTC=11:33:11,18.70,120.292627,23.106585,,,,,,,,52,45,SAT=7,-17.32,21.59,1009.79,-927.50,1120.00,3097.50,,"Package=612,UTC=11:33:11,Lat=23.106585,Lng=120.292627,Alt=18.70,Ax=-17.32,Ay=21.59,Az=1009.79,Gx=-927.50,Gy=1120.00,Gz=3097.50,T=52,H=45,SAT=7"
,2025-09-21T03:40:37Z,COM6,,UTC=11:33:11,18.70,120.292627,23.106585,,,,,,,,52,45,SAT=7,-5.61,-14.15,995.03,3115.00,-402.50,1277.50,,"Package=613,UTC=11:33:11,Lat=23.106585,Lng=120.292627,Alt=18.70,Ax=-5.61,Ay=-14.15,Az=995.03,Gx=3115.00,Gy=-402.50,Gz=1277.50,T=52,H=45,SAT=7"
,2025-09-21T03:40:38Z,COM6,,UTC=11:33:11,18.70,120.292627,23.106585,,,,,,,,52,45,SAT=7,6.34,23.18,1015.04,4130.00,4532.50,-2100.00,,"Package=614,UTC=11:33:11,Lat=23.106585,Lng=120.292627,Alt=18.70,Ax=6.34,Ay=23.18,Az=1015.04,Gx=4130.00,Gy=4532.50,Gz=-2100.00,T=52,H=45,SAT=7"
,2025-09-21T03:40:39Z,COM6,,UTC=11:33:11,18.70,120.292627,23.106585,,,,,,,,52,45,SAT=7,-8.54,56.00,1014.55,-2537.50,4515.00,1767.50,,"Package=615,UTC=11:33:11,Lat=23.106585,Lng=120.292627,Alt=18.70,Ax=-8.54,Ay=56.00,Az=1014.55,Gx=-2537.50,Gy=4515.00,Gz=1767.50,T=52,H=45,SAT=7"
,2025-09-21T03:40:40Z,COM6,,UTC=11:33:11,18.70,120.292627,23.106585,,,,,,,,,45,SAT=7,-0.49,16.23,1000.89,-4130.00,2660.00,-6510.00T=52,,"Package=616,UTC=11:33:11,Lat=23.106585,Lng=120.292627,Alt=18.70,Ax=-0.49,Ay=16.23,Az=1000.89,Gx=-4130.00,Gy=2660.00,Gz=-6510.00T=52,H=45,SAT=7"
,2025-09-21T03:40:41Z,COM6,,UTC=11:33:11,18.70,120.292627,23.106585,,,,,,,,52,45,SAT=7,7.81,56.00,1000.77,-5057.50,1662.50,3517.50,,"Package=617,UTC=11:33:11,Lat=23.106585,Lng=120.292627,Alt=18.70,Ax=7.81,Ay=56.00,Az=1000.77,Gx=-5057.50,Gy=1662.50,Gz=3517.50,T=52,H=45,SAT=7"
,2025-09-21T03:40:42Z,COM6,,UTC=11:33:11,18.70,120.292627,23.106585,,,,,,,,,45,SAT=7,-42.70,7.69,1007.35,-4042.50,3447.50,-3132.50T=52,,"Package=618,UTC=11:33:11,Lat=23.106585,Lng=120.292627,Alt=18.70,Ax=-42.70,Ay=7.69,Az=1007.35,Gx=-4042.50,Gy=3447.50,Gz=-3132.50T=52,H=45,SAT=7"
,2025-09-21T03:40:43Z,COM6,,UTC=11:33:11,18.70,120.292627,23.106585,,,,,,,,,45,SAT=7,-7.08,7.69,1014.67,-1102.50,-1680.00,-1260.00T=52,,"Package=619,UTC=11:33:11,Lat=23.106585,Lng=120.292627,Alt=18.70,Ax=-7.08,Ay=7.69,Az=1014.67,Gx=-1102.50,Gy=-1680.00,Gz=-1260.00T=52,H=45,SAT=7"
,2025-09-21T03:40:44Z,COM6,,UTC=11:33:11,18.70,120.292627,23.106585,,,,,,,,52,45,SAT=7,-4.39,-3.66,1010.65,4305.00,-3412.50,7227.50,,"Package=620,UTC=11:33:11,Lat=23.106585,Lng=120.292627,Alt=18.70,Ax=-4.39,Ay=-3.66,Az=1010.65,Gx=4305.00,Gy=-3412.50,Gz=7227.50,T=52,H=45,SAT=7"
,2025-09-21T03:40:45Z,COM6,,UTC=11:33:11,18.70,120.292627,23.106585,,,,,,,,,45,SAT=7,-12.69,-24.40,1014.67,2852.50,-3640.00,-472.5T=52,,"Package=621,UTC=11:33:11,Lat=23.106585,Lng=120.292627,Alt=18.70,Ax=-12.69,Ay=-24.40,Az=1014.67,Gx=2852.50,Gy=-3640.00,Gz=-472.5T=52,H=45,SAT=7"
,2025-09-21T03:40:46Z,COM6,,UTC=11:33:11,,120,23.106585,,,,,,,,,,,,,,,,,,"Package=622,UTC=11:33:11,Lat=23.106585,Lng=120"
,2025-09-21T03:40:47Z,COM6,,UTC=11:33:11,18.70,120.292627,23.106585,,,,,,,,52,45,SAT=7,20.74,2.44,1006.74,367.50,-1890.00,-1697.50,,"Package=623,UTC=11:33:11,Lat=23.106585,Lng=120.292627,Alt=18.70,Ax=20.74,Ay=2.44,Az=1006.74,Gx=367.50,Gy=-1890.00,Gz=-1697.50,T=52,H=45,SAT=7"
,2025-09-21T03:40:48Z,COM6,,UTC=11:33:11,,,,,,,,,,,,,,,,,,,,,"Package=624,UTC=11:33:11"
,2025-09-21T03:40:49Z,COM6,,UTC=11:33:11,18.70,120.292627,23.106585,,,,,,,,53,45,SAT=7,10.74,-9.03,1011.50,-280.00,787.50,367.50,,"Package=625,UTC=11:33:11,Lat=23.106585,Lng=120.292627,Alt=18.70,Ax=10.74,Ay=-9.03,Az=1011.50,Gx=-280.00,Gy=787.50,Gz=367.50,T=53,H=45,SAT=7"
,2025-09-21T03:40:50Z,COM6,,UTC=11:33:11,18.70,120.292627,23.106585,,,,,,,,53,45,SAT=7,18.67,-22.94,1014.19,-2572.50,490.00,980.00,,"Package=626,UTC=11:33:11,Lat=23.106585,Lng=120.292627,Alt=18.70,Ax=18.67,Ay=-22.94,Az=1014.19,Gx=-2572.50,Gy=490.00,Gz=980.00,T=53,H=45,SAT=7"
,2025-09-21T03:40:51Z,COM6,,UTC=11:33:11,18.70,120.292627,23.106585,,,,,,,,,45,SAT=7,-32.82,-1.34,1007.72,4952.50,-11042.50,2082.5T=53,,"Package=627,UTC=11:33:11,Lat=23.106585,Lng=120.292627,Alt=18.70,Ax=-32.82,Ay=-1.34,Az=1007.72,Gx=4952.50,Gy=-11042.50,Gz=2082.5T=53,H=45,SAT=7"
,2025-09-21T03:40:52Z,COM6,,UTC=11:33:11,18.70,120.292627,23.106585,,,,,,,,,45,SAT=7,-40.02,-8.54,1013.82,-7735.00,770.00,-3885.00T=53,,"Package=628,UTC=11:33:11,Lat=23.106585,Lng=120.292627,Alt=18.70,Ax=-40.02,Ay=-8.54,Az=1013.82,Gx=-7735.00,Gy=770.00,Gz=-3885.00T=53,H=45,SAT=7"
,2025-09-21T03:40:53Z,COM6,,UTC=11:33:11,18.70,120.292627,23.106585,,,,,,,,53,45,SAT=7,-31.48,-61.49,1011.62,5285.00,157.50,4077.50,,"Package=629,UTC=11:33:11,Lat=23.106585,Lng=120.292627,Alt=18.70,Ax=-31.48,Ay=-61.49,Az=1011.62,Gx=5285.00,Gy=157.50,Gz=4077.50,T=53,H=45,SAT=7"
,2025-09-21T03:40:54Z,COM6,,UTC=11:33:11,18.70,120.292627,23.106585,,,,,,,,,45,SAT=7,-3.42,-68.93,1005.89,9520.00,1627.50,-1592.50T=53,,"Package=630,UTC=11:33:11,Lat=23.106585,Lng=120.292627,Alt=18.70,Ax=-3.42,Ay=-68.93,Az=1005.89,Gx=9520.00,Gy=1627.50,Gz=-1592.50T=53,H=45,SAT=7"
,2025-09-21T03:40:55Z,COM6,,UTC=11:33:11,,120.292627,23.106585,,,,,,,,,,,,,,,,,,"Package=631,UTC=11:33:11,Lat=23.106585,Lng=120.292627,"
,2025-09-21T03:40:56Z,COM6,,UTC=11:33:11,18.70,120.292627,23.106585,,,,,,,,53,45,SAT=7,-8.30,61.61,993.81,7385.00,2642.50,31587.50,,"Package=632,UTC=11:33:11,Lat=23.106585,Lng=120.292627,Alt=18.70,Ax=-8.30,Ay=61.61,Az=993.81,Gx=7385.00,Gy=2642.50,Gz=31587.50,T=53,H=45,SAT=7"
,2025-09-21T03:40:57Z,COM6,,UTC=11:33:11,,,23.,,,,,,,,,,,,,,,,,,"Package=633,UTC=11:33:11,Lat=23."
,2025-09-21T03:40:58Z,COM6,,UTC=11:33:11,18.70,120.292627,23.106585,,,,,,,,53,45,SAT=7,5.98,72.47,1008.21,-9607.50,3937.50,3255.00,,"Package=634,UTC=11:33:11,Lat=23.106585,Lng=120.292627,Alt=18.70,Ax=5.98,Ay=72.47,Az=1008.21,Gx=-9607.50,Gy=3937.50,Gz=3255.00,T=53,H=45,SAT=7"
,2025-09-21T03:40:59Z,COM6,,UTC=11:33:11,18.70,120.292627,23.106585,,,,,,,,,45,SAT=7,-59.90,49.90,1007.96,-9240.00,-3692.50,12967.T=53,,"Package=635,UTC=11:33:11,Lat=23.106585,Lng=120.292627,Alt=18.70,Ax=-59.90,Ay=49.90,Az=1007.96,Gx=-9240.00,Gy=-3692.50,Gz=12967.T=53,H=45,SAT=7"
,2025-09-21T03:41:00Z,COM6,,UTC=11:33:11,18.70,120.292627,23.106585,,,,,,,,,45,SAT=7,-50.51,-22.94,1006.01,4322.50,-3150.00,4445.0T=53,,"Package=636,UTC=11:33:11,Lat=23.106585,Lng=120.292627,Alt=18.70,Ax=-50.51,Ay=-22.94,Az=1006.01,Gx=4322.50,Gy=-3150.00,Gz=4445.0T=53,H=45,SAT=7"
,2025-09-21T03:41:01Z,COM6,,UTC=11:33:11,18.70,120.292627,23.106585,,,,,,,,,45,SAT=7,-44.04,-16.35,997.96,4200.00,-12530.00,16747.T=53,,"Package=637,UTC=11:33:11,Lat=23.106585,Lng=120.292627,Alt=18.70,Ax=-44.04,Ay=-16.35,Az=997.96,Gx=4200.00,Gy=-12530.00,Gz=16747.T=53,H=45,SAT=7"
,2025-09-21T03:41:02Z,COM6,,UTC=11:33:11,18.70,120.292627,23.106585,,,,,,,,,45,SAT=7,-67.47,-50.51,979.42,13002.50,-7490.00,-1960.T=53,,"Package=638,UTC=11:33:11,Lat=23.106585,Lng=120.292627,Alt=18.70,Ax=-67.47,Ay=-50.51,Az=979.42,Gx=13002.50,Gy=-7490.00,Gz=-1960.T=53,H=45,SAT=7"
,2025-09-21T03:41:03Z,COM6,,UTC=11:33:11,18.70,120.292627,23.106585,,,,,,,,53,45,SAT=7,13.30,71.61,1007.48,-7385.00,420.00,70630.00,,"Package=639,UTC=11:33:11,Lat=23.106585,Lng=120.292627,Alt=18.70,Ax=13.30,Ay=71.61,Az=1007.48,Gx=-7385.00,Gy=420.00,Gz=70630.00,T=53,H=45,SAT=7"
,2025-09-21T03:41:04Z,COM6,,UTC=11:33:11,18.70,120.292627,23.106585,,,,,,,,,45,SAT=7,63.32,-136.15,1010.04,-3062.50,6230.00,-13457T=53,,"Package=640,UTC=11:33:11,Lat=23.106585,Lng=120.292627,Alt=18.70,Ax=63.32,Ay=-136.15,Az=1010.04,Gx=-3062.50,Gy=6230.00,Gz=-13457T=53,H=45,SAT=7"
,2025-09-21T03:41:05Z,COM6,,UTC=11:33:11,18.70,120.292627,23.106585,,,,,,,,,45,SAT=7,63.56,-141.15,1004.43,-8750.00,-2747.50,12582T=53,,"Package=641,UTC=11:33:11,Lat=23.106585,Lng=120.292627,Alt=18.70,Ax=63.56,Ay=-141.15,Az=1004.43,Gx=-8750.00,Gy=-2747.50,Gz=12582T=53,H=45,SAT=7"
,2025-09-21T03:41:06Z,COM6,,UTC=11:33:11,18,120.292627,23.106585,,,,,,,,,,,,,,,,,,"Package=642,UTC=11:33:11,Lat=23.106585,Lng=120.292627,Alt=18"
,2025-09-21T03:41:07Z,COM6,,UTC=11:33:11,18.70,120.292627,23.106585,,,,,,,,,45,SAT=7,23.18,-82.84,1010.77,-647.50,-2012.50,5302.50T=53,,"Package=643,UTC=11:33:11,Lat=23.106585,Lng=120.292627,Alt=18.70,Ax=23.18,Ay=-82.84,Az=1010.77,Gx=-647.50,Gy=-2012.50,Gz=5302.50T=53,H=45,SAT=7"
,2025-09-21T03:41:08Z,COM6,,UTC=11:33:11,,120.292627,23.106585,,,,,,,,,,,,,,,,,,"Package=644,UTC=11:33:11,Lat=23.106585,Lng=120.292627,Alt"
,2025-09-21T03:41:09Z,COM6,,UTC=11:33:11,18.70,120.292627,23.106585,,,,,,,,,45,SAT=7,24.89,-14.76,1011.01,-2642.50,3937.50,-5985.0T=53,,"Package=645,UTC=11:33:11,Lat=23.106585,Lng=120.292627,Alt=18.70,Ax=24.89,Ay=-14.76,Az=1011.01,Gx=-2642.50,Gy=3937.50,Gz=-5985.0T=53,H=45,SAT=7"
,2025-09-21T03:41:10Z,COM6,,UTC=11:33:11,,120.292627,23.106585,,,,,,,,,,,,,,,,,,"Package=646,UTC=11:33:11,Lat=23.106585,Lng=120.292627,A"
,2025-09-21T03:41:11Z,COM6,,UTC=11:33:11,18.70,120.292627,23.106585,,,,,,,,,45,SAT=7,-8.17,-78.08,964.41,21245.00,-9380.00,21682.5T=53,,"Package=647,UTC=11:33:11,Lat=23.106585,Lng=120.292627,Alt=18.70,Ax=-8.17,Ay=-78.08,Az=964.41,Gx=21245.00,Gy=-9380.00,Gz=21682.5T=53,H=45,SAT=7"
,2025-09-21T03:41:12Z,COM6,,UTC=11:33:11,,,23.1,,,,,,,,,,,,,,,,,,"Package=648,UTC=11:33:11,Lat=23.1"
,2025-09-21T03:41:13Z,COM6,,UTC=11:33:11,18.70,120.292627,23.106585,,,,,,,,,44,SAT=7,-106.38,-83.94,995.76,13877.50,-10517.50,9835T=53,,"Package=649,UTC=11:33:11,Lat=23.106585,Lng=120.292627,Alt=18.70,Ax=-106.38,Ay=-83.94,Az=995.76,Gx=13877.50,Gy=-10517.50,Gz=9835T=53,H=44,SAT=7"
,2025-09-21T03:41:14Z,COM6,,UTC=11:33:11,,,23,,,,,,,,,,,,,,,,,,"Package=650,UTC=11:33:11,Lat=23"
,2025-09-21T03:41:15Z,COM6,,UTC=11:33:11,18.70,120.292627,23.106585,,,,,,,,,44,SAT=7,-5.61,-59.90,1002.11,-2782.50,-5845.00,13755.T=53,,"Package=651,UTC=11:33:11,Lat=23.106585,Lng=120.292627,Alt=18.70,Ax=-5.61,Ay=-59.90,Az=1002.11,Gx=-2782.50,Gy=-5845.00,Gz=13755.T=53,H=44,SAT=7"
,2025-09-21T03:41:16Z,COM6,,UTC=11:33:11,18.70,120.292627,23.106585,,,,,,,,53,45,SAT=7,16.84,-20.98,1018.94,-455.00,7997.50,4637.50,,"Package=652,UTC=11:33:11,Lat=23.106585,Lng=120.292627,Alt=18.70,Ax=16.84,Ay=-20.98,Az=1018.94,Gx=-455.00,Gy=7997.50,Gz=4637.50,T=53,H=45,SAT=7"
,2025-09-21T03:41:17Z,COM6,,UTC=11:33:11,18.70,120.292627,23.106585,,,,,,,,53,45,SAT=7,16.96,7.56,1016.02,5687.50,5162.50,-35402.50,,"Package=653,UTC=11:33:11,Lat=23.106585,Lng=120.292627,Alt=18.70,Ax=16.96,Ay=7.56,Az=1016.02,Gx=5687.50,Gy=5162.50,Gz=-35402.50,T=53,H=45,SAT=7"
,2025-09-21T03:41:18Z,COM6,,UTC=11:33:11,18.70,120.292627,23.106585,,,,,,,,53,44,SAT=7,-65.64,70.27,996.98,4900.00,-3150.00,5705.00,,"Package=654,UTC=11:33:11,Lat=23.106585,Lng=120.292627,Alt=18.70,Ax=-65.64,Ay=70.27,Az=996.98,Gx=4900.00,Gy=-3150.00,Gz=5705.00,T=53,H=44,SAT=7"
,2025-09-21T03:41:19Z,COM6,,UTC=11:33:11,18.70,120.292627,23.106585,,,,,,,,53,44,SAT=7,3.66,58.56,1006.62,4357.50,-5425.00,-4725.00,,"Package=655,UTC=11:33:11,Lat=23.106585,Lng=120.292627,Alt=18.70,Ax=3.66,Ay=58.56,Az=1006.62,Gx=4357.50,Gy=-5425.00,Gz=-4725.00,T=53,H=44,SAT=7"
,2025-09-21T03:41:20Z,COM6,,UTC=11:33:11,18.70,120.292627,23.106585,,,,,,,,,44,SAT=7,-9.52,71.25,1005.52,1172.50,4410.00,-14035.00T=53,,"Package=656,UTC=11:33:11,Lat=23.106585,Lng=120.292627,Alt=18.70,Ax=-9.52,Ay=71.25,Az=1005.52,Gx=1172.50,Gy=4410.00,Gz=-14035.00T=53,H=44,SAT=7"
,2025-09-21T03:41:21Z,COM6,,UTC=11:33:11,18.70,120.292627,23.106585,,,,,,,,53,44,SAT=7,-44.29,20.74,1007.72,7735.00,-822.50,-175.00,,"Package=657,UTC=11:33:11,Lat=23.106585,Lng=120.292627,Alt=18.70,Ax=-44.29,Ay=20.74,Az=1007.72,Gx=7735.00,Gy=-822.50,Gz=-175.00,T=53,H=44,SAT=7"
,2025-09-21T03:41:22Z,COM6,,UTC=11:33:11,18.70,120.292627,23.106585,,,,,,,,53,44,SAT=7,-47.58,7.56,1009.43,-490.00,962.50,-9450.00,,"Package=658,UTC=11:33:11,Lat=23.106585,Lng=120.292627,Alt=18.70,Ax=-47.58,Ay=7.56,Az=1009.43,Gx=-490.00,Gy=962.50,Gz=-9450.00,T=53,H=44,SAT=7"
,2025-09-21T03:41:23Z,COM6,,UTC=11:33:11,,120.292627,23.106585,,,,,,,,,,,,,,,,,,"Package=659,UTC=11:33:11,Lat=23.106585,Lng=120.292627,Alt="
,2025-09-21T03:41:24Z,COM6,,UTC=11:33:11,18.70,120.292627,23.106585,,,,,,,,53,44,SAT=7,-74.79,-0.98,1009.55,-157.50,-507.50,910.00,,"Package=660,UTC=11:33:11,Lat=23.106585,Lng=120.292627,Alt=18.70,Ax=-74.79,Ay=-0.98,Az=1009.55,Gx=-157.50,Gy=-507.50,Gz=910.00,T=53,H=44,SAT=7"
,2025-09-21T03:41:25Z,COM6,,UTC=11:33:11,,,23.10658,,,,,,,,,,,,,,,,,,"Package=661,UTC=11:33:11,Lat=23.10658"
,2025-09-21T03:41:26Z,COM6,,UTC=11:33:11,18.70,120.292627,23.106585,,,,,,,,,44,SAT=7,-92.48,45.38,1001.50,-8295.00,-12985.00,12145T=53,,"Package=662,UTC=11:33:11,Lat=23.106585,Lng=120.292627,Alt=18.70,Ax=-92.48,Ay=45.38,Az=1001.50,Gx=-8295.00,Gy=-12985.00,Gz=12145T=53,H=44,SAT=7"
,2025-09-21T03:41:27Z,COM6,,UTC=11:33:11,18.70,120.292627,23.106585,,,,,,,,,44,SAT=7,-96.26,49.90,1011.38,6335.00,5862.50,-39305.0T=53,,"Package=663,UTC=11:33:11,Lat=23.106585,Lng=120.292627,Alt=18.70,Ax=-96.26,Ay=49.90,Az=1011.38,Gx=6335.00,Gy=5862.50,Gz=-39305.0T=53,H=44,SAT=7"
,2025-09-21T03:41:28Z,COM6,,UTC=11:33:11,18.70,120.292627,23.106585,,,,,,,,,44,SAT=7,-109.68,27.08,1013.33,-10062.50,612.50,10272.T=53,,"Package=664,UTC=11:33:11,Lat=23.106585,Lng=120.292627,Alt=18.70,Ax=-109.68,Ay=27.08,Az=1013.33,Gx=-10062.50,Gy=612.50,Gz=10272.T=53,H=44,SAT=7"
,2025-09-21T03:41:29Z,COM6,,UTC=11:33:11,18.70,120.292627,23.106585,,,,,,,,,44,SAT=7,-132.98,85.16,994.54,5547.50,-577.50,-4322.50T=53,,"Package=665,UTC=11:33:11,Lat=23.106585,Lng=120.292627,Alt=18.70,Ax=-132.98,Ay=85.16,Az=994.54,Gx=5547.50,Gy=-577.50,Gz=-4322.50T=53,H=44,SAT=7"
,2025-09-21T03:41:30Z,COM6,,UTC=11:33:11,18.70,120.292627,23.106585,,,,,,,,,44,SAT=7,-81.98,13.30,1005.40,-9467.50,2082.50,9415.00T=53,,"Package=666,UTC=11:33:11,Lat=23.106585,Lng=120.292627,Alt=18.70,Ax=-81.98,Ay=13.30,Az=1005.40,Gx=-9467.50,Gy=2082.50,Gz=9415.00T=53,H=44,SAT=7"
,2025-09-21T03:41:31Z,COM6,,UTC=11:33:11,18.70,120.292627,23.106585,,,,,,,,,44,SAT=7,-79.54,-17.93,1009.06,6597.50,-4357.50,4357.5T=53,,"Package=667,UTC=11:33:11,Lat=23.106585,Lng=120.292627,Alt=18.70,Ax=-79.54,Ay=-17.93,Az=1009.06,Gx=6597.50,Gy=-4357.50,Gz=4357.5T=53,H=44,SAT=7"
,2025-09-21T03:41:32Z,COM6,,UTC=11:33:11,18.70,120.292627,23.106585,,,,,,,,,44,SAT=7,-81.25,-13.79,1007.60,-245.00,-122.50,-4935.0T=53,,"Package=668,UTC=11:33:11,Lat=23.106585,Lng=120.292627,Alt=18.70,Ax=-81.25,Ay=-13.79,Az=1007.60,Gx=-245.00,Gy=-122.50,Gz=-4935.0T=53,H=44,SAT=7"
,2025-09-21T03:41:33Z,COM6,,UTC=11:33:11,18.70,120.292627,23.106585,,,,,,,,53,44,SAT=7,-73.44,-4.15,999.18,3360.00,980.00,385.00,,"Package=669,UTC=11:33:11,Lat=23.106585,Lng=120.292627,Alt=18.70,Ax=-73.44,Ay=-4.15,Az=999.18,Gx=3360.00,Gy=980.00,Gz=385.00,T=53,H=44,SAT=7"
,2025-09-21T03:41:34Z,COM6,,UTC=11:33:11,18.70,120.292627,23.106585,,,,,,,,,,,,,,,,,,"Package=670,UTC=11:33:11,Lat=23.106585,Lng=120.292627,Alt=18.70,"
,2025-09-21T03:41:35Z,COM6,,UTC=11:33:11,18.70,120.292627,23.106585,,,,,,,,,44,SAT=7,-72.22,-6.47,1006.99,1435.00,-210.00,-1505.00T=53,,"Package=671,UTC=11:33:11,Lat=23.106585,Lng=120.292627,Alt=18.70,Ax=-72.22,Ay=-6.47,Az=1006.99,Gx=1435.00,Gy=-210.00,Gz=-1505.00T=53,H=44,SAT=7"
,2025-09-21T03:41:36Z,COM6,,UTC=11:33:11,,,23.106585,,,,,,,,,,,,,,,,,,"Package=672,UTC=11:33:11,Lat=23.106585,Lng"
,2025-09-21T03:41:37Z,COM6,,UTC=11:33:11,18.70,120.292627,23.106585,,,,,,,,53,44,SAT=7,-70.15,0.73,1004.06,7717.50,-647.50,-1715.00,,"Package=673,UTC=11:33:11,Lat=23.106585,Lng=120.292627,Alt=18.70,Ax=-70.15,Ay=0.73,Az=1004.06,Gx=7717.50,Gy=-647.50,Gz=-1715.00,T=53,H=44,SAT=7"
,2025-09-21T03:41:38Z,COM6,,UTC=11:33:11,,,23.106585,,,,,,,,,,,,,,,,,,"Package=674,UTC=11:33:11,Lat=23.106585,L"
,2025-09-21T03:41:39Z,COM6,,UTC=11:33:11,18.70,120.292627,23.106585,,,,,,,,,44,SAT=7,-96.75,47.58,1019.68,-6790.00,3220.00,-5705.0T=53,,"Package=675,UTC=11:33:11,Lat=23.106585,Lng=120.292627,Alt=18.70,Ax=-96.75,Ay=47.58,Az=1019.68,Gx=-6790.00,Gy=3220.00,Gz=-5705.0T=53,H=44,SAT=7"
,2025-09-21T03:41:40Z,COM6,,UTC=11:33:11,18.70,120.292627,23.106585,,,,,,,,,44,SAT=7,-134.93,64.90,989.91,11672.50,6247.50,3850.00T=53,,"Package=676,UTC=11:33:11,Lat=23.106585,Lng=120.292627,Alt=18.70,Ax=-134.93,Ay=64.90,Az=989.91,Gx=11672.50,Gy=6247.50,Gz=3850.00T=53,H=44,SAT=7"
,2025-09-21T03:41:41Z,COM6,,UTC=11:33:11,18.70,120.292627,23.106585,,,,,,,,,44,SAT=7,-158.72,98.33,986.98,-315.00,8417.50,-4007.50T=53,,"Package=677,UTC=11:33:11,Lat=23.106585,Lng=120.292627,Alt=18.70,Ax=-158.72,Ay=98.33,Az=986.98,Gx=-315.00,Gy=8417.50,Gz=-4007.50T=53,H=44,SAT=7"
,2025-09-21T03:41:42Z,COM6,,UTC=11:33:11,18.70,120.292627,23.106585,,,,,,,,,44,SAT=7,-167.26,82.23,984.17,4112.50,2537.50,10465.00T=53,,"Package=678,UTC=11:33:11,Lat=23.106585,Lng=120.292627,Alt=18.70,Ax=-167.26,Ay=82.23,Az=984.17,Gx=4112.50,Gy=2537.50,Gz=10465.00T=53,H=44,SAT=7"
,2025-09-21T03:41:43Z,COM6,,UTC=11:33:11,18.70,120.292627,23.106585,,,,,,,,,44,SAT=7,-115.78,80.28,983.44,4585.00,-3552.50,6230.00T=53,,"Package=679,UTC=11:33:11,Lat=23.106585,Lng=120.292627,Alt=18.70,Ax=-115.78,Ay=80.28,Az=983.44,Gx=4585.00,Gy=-3552.50,Gz=6230.00T=53,H=44,SAT=7"
,2025-09-21T03:41:44Z,COM6,,UTC=11:33:11,18.70,120.292627,23.106585,,,,,,,,,44,SAT=7,-93.70,39.53,986.00,-5110.00,-6125.00,5110.00T=54,,"Package=680,UTC=11:33:11,Lat=23.106585,Lng=120.292627,Alt=18.70,Ax=-93.70,Ay=39.53,Az=986.00,Gx=-5110.00,Gy=-6125.00,Gz=5110.00T=54,H=44,SAT=7"
,2025-09-21T03:41:45Z,COM6,,UTC=11:33:11,18.70,120.292627,23.106585,,,,,,,,,44,SAT=7,-99.06,61.12,1005.77,-1330.00,-3412.50,5897.5T=54,,"Package=681,UTC=11:33:11,Lat=23.106585,Lng=120.292627,Alt=18.70,Ax=-99.06,Ay=61.12,Az=1005.77,Gx=-1330.00,Gy=-3412.50,Gz=5897.5T=54,H=44,SAT=7"
,2025-09-21T03:41:46Z,COM6,,UTC=11:33:11,18.70,120.292627,23.106585,,,,,,,,,44,SAT=7,-68.08,45.87,1012.84,2135.00,-3640.00,-7945.0T=54,,"Package=682,UTC=11:33:11,Lat=23.106585,Lng=120.292627,Alt=18.70,Ax=-68.08,Ay=45.87,Az=1012.84,Gx=2135.00,Gy=-3640.00,Gz=-7945.0T=54,H=44,SAT=7"
,2025-09-21T03:41:47Z,COM6,,UTC=11:33:11,18.70,120.292627,23.106585,,,,,,,,,44,SAT=7,-77.71,68.56,1006.74,910.00,-3622.50,-6685.00T=54,,"Package=683,UTC=11:33:11,Lat=23.106585,Lng=120.292627,Alt=18.70,Ax=-77.71,Ay=68.56,Az=1006.74,Gx=910.00,Gy=-3622.50,Gz=-6685.00T=54,H=44,SAT=7"
,2025-09-21T03:41:48Z,COM6,,UTC=11:33:11,18.70,120.292627,23.106585,,,,,,,,,44,SAT=7,-55.63,68.56,1006.38,-1452.50,-3395.00,8732.5T=54,,"Package=684,UTC=11:33:11,Lat=23.106585,Lng=120.292627,Alt=18.70,Ax=-55.63,Ay=68.56,Az=1006.38,Gx=-1452.50,Gy=-3395.00,Gz=8732.5T=54,H=44,SAT=7"
,2025-09-21T03:41:49Z,COM6,,UTC=11:33:11,18.70,120.292627,23.106585,,,,,,,,54,44,SAT=7,-35.99,66.61,1009.79,577.50,-280.00,2065.00,,"Package=685,UTC=11:33:11,Lat=23.106585,Lng=120.292627,Alt=18.70,Ax=-35.99,Ay=66.61,Az=1009.79,Gx=577.50,Gy=-280.00,Gz=2065.00,T=54,H=44,SAT=7"
,2025-09-21T03:41:50Z,COM6,,UTC=11:33:11,18.70,120.292627,23.106585,,,,,,,,54,44,SAT=7,-26.84,74.42,1010.65,2467.50,1155.00,612.50,,"Package=686,UTC=11:33:11,Lat=23.106585,Lng=120.292627,Alt=18.70,Ax=-26.84,Ay=74.42,Az=1010.65,Gx=2467.50,Gy=1155.00,Gz=612.50,T=54,H=44,SAT=7"
,2025-09-21T03:41:51Z,COM6,,UTC=11:33:11,18.70,120.292627,23.106585,,,,,,,,,,,,,,,,,,"Package=687,UTC=11:33:11,Lat=23.106585,Lng=120.292627,Alt=18.70"
,2025-09-21T03:41:52Z,COM6,,UTC=11:33:11,18.70,120.292627,23.106585,,,,,,,,,44,SAT=7,-52.70,67.22,1005.28,-7350.00,2065.00,2765.00T=54,,"Package=688,UTC=11:33:11,Lat=23.106585,Lng=120.292627,Alt=18.70,Ax=-52.70,Ay=67.22,Az=1005.28,Gx=-7350.00,Gy=2065.00,Gz=2765.00T=54,H=44,SAT=7"
,2025-09-21T03:41:53Z,COM6,,UTC=11:33:11,,,23.106585,,,,,,,,,,,,,,,,,,"Package=689,UTC=11:33:11,Lat=23.106585,Ln"
,2025-09-21T03:41:54Z,COM6,,UTC=11:33:11,18.70,120.292627,23.106585,,,,,,,,54,44,SAT=7,-156.16,63.07,993.32,-507.50,-875.00,3185.00,,"Package=690,UTC=11:33:11,Lat=23.106585,Lng=120.292627,Alt=18.70,Ax=-156.16,Ay=63.07,Az=993.32,Gx=-507.50,Gy=-875.00,Gz=3185.00,T=54,H=44,SAT=7"
,2025-09-21T03:41:55Z,COM6,,UTC=11:33:11,18.70,120.292627,23.106585,,,,,,,,54,44,SAT=7,-118.22,2.93,997.72,2012.50,-7052.50,8907.50,,"Package=691,UTC=11:33:11,Lat=23.106585,Lng=120.292627,Alt=18.70,Ax=-118.22,Ay=2.93,Az=997.72,Gx=2012.50,Gy=-7052.50,Gz=8907.50,T=54,H=44,SAT=7"
,2025-09-21T03:41:56Z,COM6,,UTC=11:33:11,18.70,120.292627,23.106585,,,,,,,,,44,SAT=7,-83.57,61.24,1006.74,-8417.50,4305.00,8155.00T=54,,"Package=692,UTC=11:33:11,Lat=23.106585,Lng=120.292627,Alt=18.70,Ax=-83.57,Ay=61.24,Az=1006.74,Gx=-8417.50,Gy=4305.00,Gz=8155.00T=54,H=44,SAT=7"
,2025-09-21T03:41:57Z,COM6,,UTC=11:33:11,18.70,120.292627,23.106585,,,,,,,,,44,SAT=7,-30.99,38.06,1003.82,3447.50,6947.50,13720.00T=54,,"Package=693,UTC=11:33:11,Lat=23.106585,Lng=120.292627,Alt=18.70,Ax=-30.99,Ay=38.06,Az=1003.82,Gx=3447.50,Gy=6947.50,Gz=13720.00T=54,H=44,SAT=7"
,2025-09-21T03:41:58Z,COM6,,UTC=11:33:11,18.70,120.292627,23.106585,,,,,,,,,44,SAT=7,-82.11,104.19,993.57,2922.50,-3885.00,-1120.0T=54,,"Package=694,UTC=11:33:11,Lat=23.106585,Lng=120.292627,Alt=18.70,Ax=-82.11,Ay=104.19,Az=993.57,Gx=2922.50,Gy=-3885.00,Gz=-1120.0T=54,H=44,SAT=7"
,2025-09-21T03:41:59Z,COM6,,UTC=11:33:11,18.70,120.292627,23.106585,,,,,,,,54,44,SAT=7,-55.63,136.40,999.55,-87.50,1470.00,-3920.00,,"Package=695,UTC=11:33:11,Lat=23.106585,Lng=120.292627,Alt=18.70,Ax=-55.63,Ay=136.40,Az=999.55,Gx=-87.50,Gy=1470.00,Gz=-3920.00,T=54,H=44,SAT=7"
,2025-09-21T03:42:00Z,COM6,,UTC=11:33:11,18.70,120.292627,23.106585,,,,,,,,,44,SAT=7,-83.94,87.60,1013.09,-1855.00,332.50,-50820.0T=54,,"Package=696,UTC=11:33:11,Lat=23.106585,Lng=120.292627,Alt=18.70,Ax=-83.94,Ay=87.60,Az=1013.09,Gx=-1855.00,Gy=332.50,Gz=-50820.0T=54,H=44,SAT=7"
,2025-09-21T03:42:01Z,COM6,,UTC=11:33:11,18.70,120.292627,23.106585,,,,,,,,,44,SAT=7,-70.15,58.80,1010.28,-1312.50,-2765.00,-3482.T=54,,"Package=697,UTC=11:33:11,Lat=23.106585,Lng=120.292627,Alt=18.70,Ax=-70.15,Ay=58.80,Az=1010.28,Gx=-1312.50,Gy=-2765.00,Gz=-3482.T=54,H=44,SAT=7"
,2025-09-21T03:42:02Z,COM6,,UTC=11:33:11,18.70,120.292627,23.106585,,,,,,,,,44,SAT=7,-59.66,82.11,1010.77,4007.50,-5477.50,-420.00T=54,,"Package=698,UTC=11:33:11,Lat=23.106585,Lng=120.292627,Alt=18.70,Ax=-59.66,Ay=82.11,Az=1010.77,Gx=4007.50,Gy=-5477.50,Gz=-420.00T=54,H=44,SAT=7"
,2025-09-21T03:42:03Z,COM6,,UTC=11:33:11,18.70,120.292627,23.106585,,,,,,,,,44,SAT=7,-60.63,109.43,1006.26,-2100.00,3937.50,1015.0T=54,,"Package=699,UTC=11:33:11,Lat=23.106585,Lng=120.292627,Alt=18.70,Ax=-60.63,Ay=109.43,Az=1006.26,Gx=-2100.00,Gy=3937.50,Gz=1015.0T=54,H=44,SAT=7"
,2025-09-21T03:42:04Z,COM6,,UTC=11:33:11,18.70,120.292627,23.106585,,,,,,,,,,,,,,,,,,"Package=700,UTC=11:33:11,Lat=23.106585,Lng=120.292627,Alt=18.70,Ax"
,2025-09-21T03:42:05Z,COM6,,UTC=11:33:11,18.70,120.292627,23.106585,,,,,,,,,44,SAT=7,-95.04,56.12,1003.69,-1452.50,-630.00,-682.50T=54,,"Package=701,UTC=11:33:11,Lat=23.106585,Lng=120.292627,Alt=18.70,Ax=-95.04,Ay=56.12,Az=1003.69,Gx=-1452.50,Gy=-630.00,Gz=-682.50T=54,H=44,SAT=7"
,2025-09-21T03:42:06Z,COM6,,UTC=11:33:11,18.70,120.292627,23.106585,,,,,,,,,,,,,,,,,,"Package=702,UTC=11:33:11,Lat=23.106585,Lng=120.292627,Alt=18.70,"
,2025-09-21T03:42:07Z,COM6,,UTC=11:33:11,18.70,120.292627,23.106585,,,,,,,,,44,SAT=7,-108.34,61.24,996.37,-12285.00,7437.50,-15260T=54,,"Package=703,UTC=11:33:11,Lat=23.106585,Lng=120.292627,Alt=18.70,Ax=-108.34,Ay=61.24,Az=996.37,Gx=-12285.00,Gy=7437.50,Gz=-15260T=54,H=44,SAT=7"
,2025-09-21T03:42:08Z,COM6,,UTC=11:33:11,,,23.106585,,,,,,,,,,,,,,,,,,"Package=704,UTC=11:33:11,Lat=23.106585,Lng"
,2025-09-21T03:42:09Z,COM6,,UTC=11:33:11,18.70,120.292627,23.106585,,,,,,,,,44,SAT=7,-62.71,86.01,1023.09,-8242.50,-6195.00,-1907.T=54,,"Package=705,UTC=11:33:11,Lat=23.106585,Lng=120.292627,Alt=18.70,Ax=-62.71,Ay=86.01,Az=1023.09,Gx=-8242.50,Gy=-6195.00,Gz=-1907.T=54,H=44,SAT=7"
,2025-09-21T03:42:10Z,COM6,,UTC=11:33:11,,,23.106585,,,,,,,,,,,,,,,,,,"Package=706,UTC=11:33:11,Lat=23.106585,L"
,2025-09-21T03:42:11Z,COM6,,UTC=11:33:11,18.70,120.292627,23.106585,,,,,,,,,44,SAT=7,-98.82,24.16,998.20,-6842.50,-3622.50,6860.00T=54,,"Package=707,UTC=11:33:11,Lat=23.106585,Lng=120.292627,Alt=18.70,Ax=-98.82,Ay=24.16,Az=998.20,Gx=-6842.50,Gy=-3622.50,Gz=6860.00T=54,H=44,SAT=7"
,2025-09-21T03:42:12Z,COM6,,UTC=11:33:11,18.70,120.292627,23.106585,,,,,,,,,44,SAT=7,-105.41,-34.65,996.74,18165.00,-1697.50,6002.T=54,,"Package=708,UTC=11:33:11,Lat=23.106585,Lng=120.292627,Alt=18.70,Ax=-105.41,Ay=-34.65,Az=996.74,Gx=18165.00,Gy=-1697.50,Gz=6002.T=54,H=44,SAT=7"
,2025-09-21T03:42:13Z,COM6,,UTC=11:33:11,18.70,120.292627,23.106585,,,,,,,,54,44,SAT=7,-7.69,-85.89,986.25,27195.00,-52.50,11305.00,,"Package=709,UTC=11:33:11,Lat=23.106585,Lng=120.292627,Alt=18.70,Ax=-7.69,Ay=-85.89,Az=986.25,Gx=27195.00,Gy=-52.50,Gz=11305.00,T=54,H=44,SAT=7"
,2025-09-21T03:42:14Z,COM6,,UTC=11:33:11,18.70,120.292627,23.106585,,,,,,,,,44,SAT=7,5.86,29.77,1032.12,-18917.50,1330.00,-12040.0T=54,,"Package=710,UTC=11:33:11,Lat=23.106585,Lng=120.292627,Alt=18.70,Ax=5.86,Ay=29.77,Az=1032.12,Gx=-18917.50,Gy=1330.00,Gz=-12040.0T=54,H=44,SAT=7"
,2025-09-21T03:42:16Z,COM6,,UTC=11:33:11,18.70,120.292627,23.106585,,,,,,,,,44,SAT=7,-33.43,73.08,994.30,-7997.50,-4865.00,14875.0T=54,,"Package=712,UTC=11:33:11,Lat=23.106585,Lng=120.292627,Alt=18.70,Ax=-33.43,Ay=73.08,Az=994.30,Gx=-7997.50,Gy=-4865.00,Gz=14875.0T=54,H=44,SAT=7"
,2025-09-21T03:42:17Z,COM6,,UTC=11:33:11,,,,,,,,,,,,,,,,,,,,,"Package=713,UTC=11:33:11,Lat="
,2025-09-21T03:42:18Z,COM6,,UTC=11:33:11,18.70,120.292627,23.106585,,,,,,,,54,44,SAT=7,-9.88,12.20,1008.82,1697.50,-3885.00,-70.00,,"Package=714,UTC=11:33:11,Lat=23.106585,Lng=120.292627,Alt=18.70,Ax=-9.88,Ay=12.20,Az=1008.82,Gx=1697.50,Gy=-3885.00,Gz=-70.00,T=54,H=44,SAT=7"
,2025-09-21T03:42:19Z,COM6,,UTC=11:33:11,,,,,,,,,,,,,,,,,,,,,"Package=715,UTC=11:33:11,La"
,2025-09-21T03:42:20Z,COM6,,UTC=11:33:11,18.70,120.292627,23.106585,,,,,,,,,44,SAT=7,-21.23,44.65,1009.31,-2555.00,-227.50,-6352.5T=54,,"Package=716,UTC=11:33:11,Lat=23.106585,Lng=120.292627,Alt=18.70,Ax=-21.23,Ay=44.65,Az=1009.31,Gx=-2555.00,Gy=-227.50,Gz=-6352.5T=54,H=44,SAT=7"
,2025-09-21T03:42:21Z,COM6,,UTC=11:33:11,18.70,120.292627,23.106585,,,,,,,,,44,SAT=7,-13.18,-38.80,1009.67,2117.50,3430.00,-6440.0T=54,,"Package=717,UTC=11:33:11,Lat=23.106585,Lng=120.292627,Alt=18.70,Ax=-13.18,Ay=-38.80,Az=1009.67,Gx=2117.50,Gy=3430.00,Gz=-6440.0T=54,H=44,SAT=7"
,2025-09-21T03:42:22Z,COM6,,UTC=11:33:11,18.70,120.292627,23.106585,,,,,,,,,44,SAT=7,-16.84,-28.06,1006.74,1802.50,2345.00,-4112.5T=54,,"Package=718,UTC=11:33:11,Lat=23.106585,Lng=120.292627,Alt=18.70,Ax=-16.84,Ay=-28.06,Az=1006.74,Gx=1802.50,Gy=2345.00,Gz=-4112.5T=54,H=44,SAT=7"
,2025-09-21T03:42:23Z,COM6,,UTC=11:33:11,18.70,120.292627,23.106585,,,,,,,,54,44,SAT=7,-9.76,-48.43,1016.14,542.50,-3045.00,-280.00,,"Package=719,UTC=11:33:11,Lat=23.106585,Lng=120.292627,Alt=18.70,Ax=-9.76,Ay=-48.43,Az=1016.14,Gx=542.50,Gy=-3045.00,Gz=-280.00,T=54,H=44,SAT=7"
,2025-09-21T03:42:24Z,COM6,,UTC=11:33:11,18.70,120.292627,23.106585,,,,,,,,54,44,SAT=7,-2.44,-68.69,1005.52,752.50,787.50,3185.00,,"Package=720,UTC=11:33:11,Lat=23.106585,Lng=120.292627,Alt=18.70,Ax=-2.44,Ay=-68.69,Az=1005.52,Gx=752.50,Gy=787.50,Gz=3185.00,T=54,H=44,SAT=7"
,2025-09-21T03:42:25Z,COM6,,UTC=11:33:11,18.70,120.292627,23.106585,,,,,,,,54,44,SAT=7,4.15,-25.13,1009.92,3430.00,-525.00,682.50,,"Package=721,UTC=11:33:11,Lat=23.106585,Lng=120.292627,Alt=18.70,Ax=4.15,Ay=-25.13,Az=1009.92,Gx=3430.00,Gy=-525.00,Gz=682.50,T=54,H=44,SAT=7"
,2025-09-21T03:42:26Z,COM6,,UTC=11:33:11,18.70,120.292627,23.106585,,,,,,,,54,44,SAT=7,25.25,-9.03,1011.62,-2677.50,-175.00,1277.50,,"Package=722,UTC=11:33:11,Lat=23.106585,Lng=120.292627,Alt=18.70,Ax=25.25,Ay=-9.03,Az=1011.62,Gx=-2677.50,Gy=-175.00,Gz=1277.50,T=54,H=44,SAT=7"
,2025-09-21T03:42:27Z,COM6,,UTC=11:33:11,18.70,120.292627,23.106585,,,,,,,,,44,SAT=7,-6.34,-41.97,1007.48,-770.00,-1330.00,2835.00T=54,,"Package=723,UTC=11:33:11,Lat=23.106585,Lng=120.292627,Alt=18.70,Ax=-6.34,Ay=-41.97,Az=1007.48,Gx=-770.00,Gy=-1330.00,Gz=2835.00T=54,H=44,SAT=7"
,2025-09-21T03:42:28Z,COM6,,UTC=11:33:11,,120.292627,23.106585,,,,,,,,,,,,,,,,,,"Package=724,UTC=11:33:11,Lat=23.106585,Lng=120.292627,"
,2025-09-21T03:42:29Z,COM6,,UTC=11:33:11,18.70,120.292627,23.106585,,,,,,,,54,44,SAT=7,3.17,-42.21,1014.80,2082.50,-4655.00,6300.00,,"Package=725,UTC=11:33:11,Lat=23.106585,Lng=120.292627,Alt=18.70,Ax=3.17,Ay=-42.21,Az=1014.80,Gx=2082.50,Gy=-4655.00,Gz=6300.00,T=54,H=44,SAT=7"
,2025-09-21T03:42:30Z,COM6,,UTC=11:33:11,,,23.1,,,,,,,,,,,,,,,,,,"Package=726,UTC=11:33:11,Lat=23.1"
,2025-09-21T03:42:31Z,COM6,,UTC=11:33:11,18.70,120.292627,23.106585,,,,,,,,,44,SAT=7,9.64,-28.79,1019.80,-6755.00,-3325.00,-5145.0T=54,,"Package=727,UTC=11:33:11,Lat=23.106585,Lng=120.292627,Alt=18.70,Ax=9.64,Ay=-28.79,Az=1019.80,Gx=-6755.00,Gy=-3325.00,Gz=-5145.0T=54,H=44,SAT=7"
,2025-09-21T03:42:32Z,COM6,,UTC=11:33:11,,,2,,,,,,,,,,,,,,,,,,"Package=728,UTC=11:33:11,Lat=2"
,2025-09-21T03:42:33Z,COM6,,UTC=11:33:11,18.70,120.292627,23.106585,,,,,,,,,44,SAT=7,23.42,-67.34,1009.55,-840.00,-717.50,17325.00T=54,,"Package=729,UTC=11:33:11,Lat=23.106585,Lng=120.292627,Alt=18.70,Ax=23.42,Ay=-67.34,Az=1009.55,Gx=-840.00,Gy=-717.50,Gz=17325.00T=54,H=44,SAT=7"
,2025-09-21T03:42:34Z,COM6,,UTC=11:33:11,,,,,,,,,,,,,,,,,,,,,"Package=730,UTC=11:33:11,Lat"
,2025-09-21T03:42:35Z,COM6,,UTC=11:33:11,18.70,120.292627,23.106585,,,,,,,,,44,SAT=7,-27.45,-44.65,1021.87,-2712.50,-8750.00,4095.T=54,,"Package=731,UTC=11:33:11,Lat=23.106585,Lng=120.292627,Alt=18.70,Ax=-27.45,Ay=-44.65,Az=1021.87,Gx=-2712.50,Gy=-8750.00,Gz=4095.T=54,H=44,SAT=7"
,2025-09-21T03:42:36Z,COM6,,UTC=11:33:11,18.70,120.292627,23.106585,,,,,,,,,44,SAT=7,-58.80,-41.24,1003.82,-3412.50,-10395.00,-118T=54,,"Package=732,UTC=11:33:11,Lat=23.106585,Lng=120.292627,Alt=18.70,Ax=-58.80,Ay=-41.24,Az=1003.82,Gx=-3412.50,Gy=-10395.00,Gz=-118T=54,H=44,SAT=7"
,2025-09-21T03:42:37Z,COM6,,UTC=11:33:11,18.70,120.292627,23.106585,,,,,,,,,44,SAT=7,-42.09,-9.15,1020.29,-5372.50,-2485.00,4060.0T=54,,"Package=733,UTC=11:33:11,Lat=23.106585,Lng=120.292627,Alt=18.70,Ax=-42.09,Ay=-9.15,Az=1020.29,Gx=-5372.50,Gy=-2485.00,Gz=4060.0T=54,H=44,SAT=7"
,2025-09-21T03:42:38Z,COM6,,UTC=11:33:11,18.70,120.292627,23.106585,,,,,,,,,44,SAT=7,-39.65,-17.08,1015.77,-5022.50,-1172.50,245.0T=54,,"Package=734,UTC=11:33:11,Lat=23.106585,Lng=120.292627,Alt=18.70,Ax=-39.65,Ay=-17.08,Az=1015.77,Gx=-5022.50,Gy=-1172.50,Gz=245.0T=54,H=44,SAT=7"
,2025-09-21T03:42:39Z,COM6,,UTC=11:33:11,18.70,120.292627,23.106585,,,,,,,,,44,SAT=7,-41.60,-32.33,1009.31,-157.50,-542.50,-2187.5T=54,,"Package=735,UTC=11:33:11,Lat=23.106585,Lng=120.292627,Alt=18.70,Ax=-41.60,Ay=-32.33,Az=1009.31,Gx=-157.50,Gy=-542.50,Gz=-2187.5T=54,H=44,SAT=7"
,2025-09-21T03:42:40Z,COM6,,UTC=11:33:11,18.70,120.292627,23.106585,,,,,,,,,44,SAT=7,-38.06,-41.60,1013.09,-280.00,-367.50,1645.00T=54,,"Package=736,UTC=11:33:11,Lat=23.106585,Lng=120.292627,Alt=18.70,Ax=-38.06,Ay=-41.60,Az=1013.09,Gx=-280.00,Gy=-367.50,Gz=1645.00T=54,H=44,SAT=7"
,2025-09-21T03:42:41Z,COM6,,UTC=11:33:11,18.70,120.292627,23.106585,,,,,,,,54,44,SAT=7,-45.38,-42.21,1012.36,4357.50,-2310.00,87.50,,"Package=737,UTC=11:33:11,Lat=23.106585,Lng=120.292627,Alt=18.70,Ax=-45.38,Ay=-42.21,Az=1012.36,Gx=4357.50,Gy=-2310.00,Gz=87.50,T=54,H=44,SAT=7"
,2025-09-21T03:42:42Z,COM6,,UTC=11:33:11,18.70,120.292627,23.106585,,,,,,,,,44,SAT=7,-42.33,-30.62,1011.99,-490.00,-3080.00,2922.5T=54,,"Package=738,UTC=11:33:11,Lat=23.106585,Lng=120.292627,Alt=18.70,Ax=-42.33,Ay=-30.62,Az=1011.99,Gx=-490.00,Gy=-3080.00,Gz=2922.5T=54,H=44,SAT=7"
,2025-09-21T03:42:43Z,COM6,,UTC=11:33:11,18.70,120.292627,23.106585,,,,,,,,,44,SAT=7,-41.85,-58.32,1008.94,-1435.00,1575.00,2135.0T=54,,"Package=739,UTC=11:33:11,Lat=23.106585,Lng=120.292627,Alt=18.70,Ax=-41.85,Ay=-58.32,Az=1008.94,Gx=-1435.00,Gy=1575.00,Gz=2135.0T=54,H=44,SAT=7"
,2025-09-21T03:42:44Z,COM6,,UTC=11:33:11,18.70,120.292627,23.106585,,,,,,,,,44,SAT=7,-51.24,-85.16,1009.31,4147.50,8942.50,3447.50T=54,,"Package=740,UTC=11:33:11,Lat=23.106585,Lng=120.292627,Alt=18.70,Ax=-51.24,Ay=-85.16,Az=1009.31,Gx=4147.50,Gy=8942.50,Gz=3447.50T=54,H=44,SAT=7"
,2025-09-21T03:42:45Z,COM6,,UTC=11:33:11,18.70,120.292627,23.106585,,,,,,,,,44,SAT=7,-79.54,-80.76,1004.67,1802.50,-3675.00,-3272.T=54,,"Package=741,UTC=11:33:11,Lat=23.106585,Lng=120.292627,Alt=18.70,Ax=-79.54,Ay=-80.76,Az=1004.67,Gx=1802.50,Gy=-3675.00,Gz=-3272.T=54,H=44,SAT=7"
,2025-09-21T03:42:46Z,COM6,,UTC=11:33:11,18.70,120.292627,23.106585,,,,,,,,,44,SAT=7,-61.00,-12.81,1005.52,7577.50,-665.00,9905.00T=54,,"Package=742,UTC=11:33:11,Lat=23.106585,Lng=120.292627,Alt=18.70,Ax=-61.00,Ay=-12.81,Az=1005.52,Gx=7577.50,Gy=-665.00,Gz=9905.00T=54,H=44,SAT=7"
,2025-09-21T03:42:47Z,COM6,,UTC=11:33:11,,120.2926,23.106585,,,,,,,,,,,,,,,,,,"Package=743,UTC=11:33:11,Lat=23.106585,Lng=120.2926"
,2025-09-21T03:42:48Z,COM6,,UTC=11:33:11,18.70,120.292627,23.106585,,,,,,,,,44,SAT=7,-54.53,10.49,1013.33,-595.00,-752.50,10657.50T=54,,"Package=744,UTC=11:33:11,Lat=23.106585,Lng=120.292627,Alt=18.70,Ax=-54.53,Ay=10.49,Az=1013.33,Gx=-595.00,Gy=-752.50,Gz=10657.50T=54,H=44,SAT=7"
,2025-09-21T03:42:49Z,COM6,,UTC=11:33:11,,120.29,23.106585,,,,,,,,,,,,,,,,,,"Package=745,UTC=11:33:11,Lat=23.106585,Lng=120.29"
,2025-09-21T03:42:50Z,COM6,,UTC=11:33:11,18.70,120.292627,23.106585,,,,,,,,,44,SAT=7,-54.05,31.23,1014.55,4812.50,5897.50,-12687.5T=54,,"Package=746,UTC=11:33:11,Lat=23.106585,Lng=120.292627,Alt=18.70,Ax=-54.05,Ay=31.23,Az=1014.55,Gx=4812.50,Gy=5897.50,Gz=-12687.5T=54,H=44,SAT=7"
,2025-09-21T03:42:51Z,COM6,,UTC=11:33:11,,,,,,,,,,,,,,,,,,,,,"Package=747,UTC=11:33:11,La"
,2025-09-21T03:42:52Z,COM6,,UTC=11:33:11,18.70,120.292627,23.106585,,,,,,,,,44,SAT=7,-55.39,-8.42,1008.45,-805.00,-3237.50,-1452.5T=55,,"Package=748,UTC=11:33:11,Lat=23.106585,Lng=120.292627,Alt=18.70,Ax=-55.39,Ay=-8.42,Az=1008.45,Gx=-805.00,Gy=-3237.50,Gz=-1452.5T=55,H=44,SAT=7"
,2025-09-21T03:42:53Z,COM6,,UTC=11:33:11,18.70,120.292627,23.106585,,,,,,,,,43,SAT=7,-21.59,-11.71,1007.60,5687.50,5372.50,-14087.T=54,,"Package=749,UTC=11:33:11,Lat=23.106585,Lng=120.292627,Alt=18.70,Ax=-21.59,Ay=-11.71,Az=1007.60,Gx=5687.50,Gy=5372.50,Gz=-14087.T=54,H=43,SAT=7"
,2025-09-21T03:42:54Z,COM6,,UTC=11:33:11,18.70,120.292627,23.106585,,,,,,,,54,44,SAT=7,-71.61,37.82,995.76,2275.00,-3587.50,4917.50,,"Package=750,UTC=11:33:11,Lat=23.106585,Lng=120.292627,Alt=18.70,Ax=-71.61,Ay=37.82,Az=995.76,Gx=2275.00,Gy=-3587.50,Gz=4917.50,T=54,H=44,SAT=7"
,2025-09-21T03:42:55Z,COM6,,UTC=11:33:11,18.70,120.292627,23.106585,,,,,,,,,44,SAT=7,-79.54,28.30,999.55,2502.50,-1680.00,-14997.5T=55,,"Package=751,UTC=11:33:11,Lat=23.106585,Lng=120.292627,Alt=18.70,Ax=-79.54,Ay=28.30,Az=999.55,Gx=2502.50,Gy=-1680.00,Gz=-14997.5T=55,H=44,SAT=7"
,2025-09-21T03:42:56Z,COM6,,UTC=11:33:11,18.70,120.292627,23.106585,,,,,,,,,43,SAT=7,-100.53,14.27,1013.09,9170.00,7052.50,-3955.0T=55,,"Package=752,UTC=11:33:11,Lat=23.106585,Lng=120.292627,Alt=18.70,Ax=-100.53,Ay=14.27,Az=1013.09,Gx=9170.00,Gy=7052.50,Gz=-3955.0T=55,H=43,SAT=7"
,2025-09-21T03:42:57Z,COM6,,UTC=11:33:11,18.70,120.292627,23.106585,,,,,,,,,43,SAT=7,-75.03,20.50,1007.84,-192.50,6160.00,12845.00T=55,,"Package=753,UTC=11:33:11,Lat=23.106585,Lng=120.292627,Alt=18.70,Ax=-75.03,Ay=20.50,Az=1007.84,Gx=-192.50,Gy=6160.00,Gz=12845.00T=55,H=43,SAT=7"
,2025-09-21T03:42:58Z,COM6,,UTC=11:33:11,18.70,120.292627,23.106585,,,,,,,,,43,SAT=7,-140.54,-47.21,984.78,7210.00,-4707.50,-385.0T=56,,"Package=754,UTC=11:33:11,Lat=23.106585,Lng=120.292627,Alt=18.70,Ax=-140.54,Ay=-47.21,Az=984.78,Gx=7210.00,Gy=-4707.50,Gz=-385.0T=56,H=43,SAT=7"
,2025-09-21T03:42:59Z,COM6,,UTC=11:33:11,18.70,120.292627,23.106585,,,,,,,,,43,SAT=7,-114.07,-32.45,1036.27,11742.50,-3535.00,1018T=56,,"Package=755,UTC=11:33:11,Lat=23.106585,Lng=120.292627,Alt=18.70,Ax=-114.07,Ay=-32.45,Az=1036.27,Gx=11742.50,Gy=-3535.00,Gz=1018T=56,H=43,SAT=7"
,2025-09-21T03:43:00Z,COM6,,UTC=11:33:11,,120.292627,23.106585,,,,,,,,,,,,,,,,,,"Package=756,UTC=11:33:11,Lat=23.106585,Lng=120.292627,A"
,2025-09-21T03:43:01Z,COM6,,UTC=11:33:11,18.70,120.292627,23.106585,,,,,,,,,43,SAT=7,-64.54,66.98,1001.01,-5355.00,2695.00,8977.50T=56,,"Package=757,UTC=11:33:11,Lat=23.106585,Lng=120.292627,Alt=18.70,Ax=-64.54,Ay=66.98,Az=1001.01,Gx=-5355.00,Gy=2695.00,Gz=8977.50T=56,H=43,SAT=7"
,2025-09-21T03:43:02Z,COM6,,UTC=11:33:11,,,23.1,,,,,,,,,,,,,,,,,,"Package=758,UTC=11:33:11,Lat=23.1"
,2025-09-21T03:43:03Z,COM6,,UTC=11:33:11,18.70,120.292627,23.106585,,,,,,,,,43,SAT=7,-177.63,65.76,1001.74,-5355.00,-4287.50,-2336T=56,,"Package=759,UTC=11:33:11,Lat=23.106585,Lng=120.292627,Alt=18.70,Ax=-177.63,Ay=65.76,Az=1001.74,Gx=-5355.00,Gy=-4287.50,Gz=-2336T=56,H=43,SAT=7"
,2025-09-21T03:43:04Z,COM6,,UTC=11:33:11,,,2,,,,,,,,,,,,,,,,,,"Package=760,UTC=11:33:11,Lat=2"
,2025-09-21T03:43:05Z,COM6,,UTC=11:33:11,18.70,120.292627,23.106585,,,,,,,,56,43,SAT=7,-56.12,80.76,1010.77,2205.00,192.50,105.00,,"Package=761,UTC=11:33:11,Lat=23.106585,Lng=120.292627,Alt=18.70,Ax=-56.12,Ay=80.76,Az=1010.77,Gx=2205.00,Gy=192.50,Gz=105.00,T=56,H=43,SAT=7"
,2025-09-21T03:43:06Z,COM6,,UTC=11:33:11,,,,,,,,,,,,,,,,,,,,,"Package=762,UTC=11:33:11,Lat"
,2025-09-21T03:43:07Z,COM6,,UTC=11:33:11,18.70,120.292627,23.106585,,,,,,,,,43,SAT=7,-45.63,46.12,998.45,-2450.00,-4690.00,5407.50T=56,,"Package=763,UTC=11:33:11,Lat=23.106585,Lng=120.292627,Alt=18.70,Ax=-45.63,Ay=46.12,Az=998.45,Gx=-2450.00,Gy=-4690.00,Gz=5407.50T=56,H=43,SAT=7"
,2025-09-21T03:43:08Z,COM6,,UTC=11:33:11,18.70,120.292627,23.106585,,,,,,,,,43,SAT=7,-61.85,52.83,1012.72,-3185.00,-682.50,-717.50T=56,,"Package=764,UTC=11:33:11,Lat=23.106585,Lng=120.292627,Alt=18.70,Ax=-61.85,Ay=52.83,Az=1012.72,Gx=-3185.00,Gy=-682.50,Gz=-717.50T=56,H=43,SAT=7"
,2025-09-21T03:43:09Z,COM6,,UTC=11:33:11,18.70,120.292627,23.106585,,,,,,,,56,43,SAT=7,3.90,30.74,1027.36,-8820.00,1540.00,3885.00,,"Package=765,UTC=11:33:11,Lat=23.106585,Lng=120.292627,Alt=18.70,Ax=3.90,Ay=30.74,Az=1027.36,Gx=-8820.00,Gy=1540.00,Gz=3885.00,T=56,H=43,SAT=7"
,2025-09-21T03:43:10Z,COM6,,UTC=11:33:11,18.70,120.292627,23.106585,,,,,,,,,43,SAT=7,-71.98,31.48,1029.92,-2677.50,-4532.50,2397.5T=56,,"Package=766,UTC=11:33:11,Lat=23.106585,Lng=120.292627,Alt=18.70,Ax=-71.98,Ay=31.48,Az=1029.92,Gx=-2677.50,Gy=-4532.50,Gz=2397.5T=56,H=43,SAT=7"
,2025-09-21T03:43:11Z,COM6,,UTC=11:33:11,18.70,120.292627,23.106585,,,,,,,,,43,SAT=7,-26.60,40.14,1006.62,-3342.50,-4007.50,-1417.T=56,,"Package=767,UTC=11:33:11,Lat=23.106585,Lng=120.292627,Alt=18.70,Ax=-26.60,Ay=40.14,Az=1006.62,Gx=-3342.50,Gy=-4007.50,Gz=-1417.T=56,H=43,SAT=7"
,2025-09-21T03:43:12Z,COM6,,UTC=11:33:11,18.70,120.292627,23.106585,,,,,,,,,43,SAT=7,-47.95,21.96,1012.23,-5250.00,-6615.00,1680.0T=56,,"Package=768,UTC=11:33:11,Lat=23.106585,Lng=120.292627,Alt=18.70,Ax=-47.95,Ay=21.96,Az=1012.23,Gx=-5250.00,Gy=-6615.00,Gz=1680.0T=56,H=43,SAT=7"
,2025-09-21T03:43:13Z,COM6,,UTC=11:33:11,18.70,120.292627,23.106585,,,,,,,,56,43,SAT=7,-62.71,44.53,1005.77,665.00,-5425.00,-735.00,,"Package=769,UTC=11:33:11,Lat=23.106585,Lng=120.292627,Alt=18.70,Ax=-62.71,Ay=44.53,Az=1005.77,Gx=665.00,Gy=-5425.00,Gz=-735.00,T=56,H=43,SAT=7"
,2025-09-21T03:43:14Z,COM6,,UTC=11:33:11,18.70,120.292627,23.106585,,,,,,,,,43,SAT=7,-56.12,20.98,1004.67,-1942.50,-840.00,-1925.0T=56,,"Package=770,UTC=11:33:11,Lat=23.106585,Lng=120.292627,Alt=18.70,Ax=-56.12,Ay=20.98,Az=1004.67,Gx=-1942.50,Gy=-840.00,Gz=-1925.0T=56,H=43,SAT=7"
,2025-09-21T03:43:15Z,COM6,,UTC=11:33:11,18.70,120.292627,23.106585,,,,,,,,56,42,SAT=7,-50.02,38.92,1008.45,-332.50,-420.00,0.00,,"Package=771,UTC=11:33:11,Lat=23.106585,Lng=120.292627,Alt=18.70,Ax=-50.02,Ay=38.92,Az=1008.45,Gx=-332.50,Gy=-420.00,Gz=0.00,T=56,H=42,SAT=7"
,2025-09-21T03:43:16Z,COM6,,UTC=11:33:11,18.70,120.292627,23.106585,,,,,,,,,43,SAT=7,-89.55,41.97,1000.16,7805.00,-8487.50,12635.0T=56,,"Package=772,UTC=11:33:11,Lat=23.106585,Lng=120.292627,Alt=18.70,Ax=-89.55,Ay=41.97,Az=1000.16,Gx=7805.00,Gy=-8487.50,Gz=12635.0T=56,H=43,SAT=7"
,2025-09-21T03:43:17Z,COM6,,UTC=11:33:11,,120.292627,23.106585,,,,,,,,,,,,,,,,,,"Package=773,UTC=11:33:11,Lat=23.106585,Lng=120.292627"
,2025-09-21T03:43:18Z,COM6,,UTC=11:33:11,18.70,120.292627,23.106585,,,,,,,,,43,SAT=7,-102.48,131.03,991.13,-2625.00,-7105.00,-2220T=55,,"Package=774,UTC=11:33:11,Lat=23.106585,Lng=120.292627,Alt=18.70,Ax=-102.48,Ay=131.03,Az=991.13,Gx=-2625.00,Gy=-7105.00,Gz=-2220T=55,H=43,SAT=7"
,2025-09-21T03:43:19Z,COM6,,UTC=11:33:11,,,23,,,,,,,,,,,,,,,,,,"Package=775,UTC=11:33:11,Lat=23"
,2025-09-21T03:43:20Z,COM6,,UTC=11:33:11,18.70,120.292627,23.106585,,,,,,,,,43,SAT=7,-74.18,-24.89,996.50,2607.50,-3920.00,-39515.T=55,,"Package=776,UTC=11:33:11,Lat=23.106585,Lng=120.292627,Alt=18.70,Ax=-74.18,Ay=-24.89,Az=996.50,Gx=2607.50,Gy=-3920.00,Gz=-39515.T=55,H=43,SAT=7"
,2025-09-21T03:43:21Z,COM6,,UTC=11:33:11,18.70,120.292627,23.106585,,,,,,,,,43,SAT=7,-27.08,-27.69,1010.04,-6020.00,-7227.50,-1120T=55,,"Package=777,UTC=11:33:11,Lat=23.106585,Lng=120.292627,Alt=18.70,Ax=-27.08,Ay=-27.69,Az=1010.04,Gx=-6020.00,Gy=-7227.50,Gz=-1120T=55,H=43,SAT=7"
,2025-09-21T03:43:22Z,COM6,,UTC=11:33:11,18.70,120.292627,23.106585,,,,,,,,,42,SAT=7,0.61,-102.85,1027.00,-16187.50,-12022.50,945.T=55,,"Package=778,UTC=11:33:11,Lat=23.106585,Lng=120.292627,Alt=18.70,Ax=0.61,Ay=-102.85,Az=1027.00,Gx=-16187.50,Gy=-12022.50,Gz=945.T=55,H=42,SAT=7"
,2025-09-21T03:43:23Z,COM6,,UTC=11:33:11,18.70,120.292627,23.106585,,,,,,,,,43,SAT=7,-11.47,-130.30,1003.82,21017.50,-12810.00,-24T=55,,"Package=779,UTC=11:33:11,Lat=23.106585,Lng=120.292627,Alt=18.70,Ax=-11.47,Ay=-130.30,Az=1003.82,Gx=21017.50,Gy=-12810.00,Gz=-24T=55,H=43,SAT=7"
,2025-09-21T03:43:24Z,COM6,,UTC=11:33:11,18.70,120.292627,23.106585,,,,,,,,55,42,SAT=7,86.38,-97.36,1007.48,-857.50,7507.50,9187.50,,"Package=780,UTC=11:33:11,Lat=23.106585,Lng=120.292627,Alt=18.70,Ax=86.38,Ay=-97.36,Az=1007.48,Gx=-857.50,Gy=7507.50,Gz=9187.50,T=55,H=42,SAT=7"
,2025-09-21T03:43:25Z,COM6,,UTC=11:33:11,18.70,120.292627,23.106585,,,,,,,,,43,SAT=7,80.03,3.66,1032.00,-5722.50,5057.50,-10360.00T=55,,"Package=781,UTC=11:33:11,Lat=23.106585,Lng=120.292627,Alt=18.70,Ax=80.03,Ay=3.66,Az=1032.00,Gx=-5722.50,Gy=5057.50,Gz=-10360.00T=55,H=43,SAT=7"
,2025-09-21T03:43:26Z,COM6,,UTC=11:33:11,18.70,120.292627,23.106585,,,,,,,,,43,SAT=7,85.89,-94.67,994.54,4935.00,-4602.50,-35682.5T=55,,"Package=782,UTC=11:33:11,Lat=23.106585,Lng=120.292627,Alt=18.70,Ax=85.89,Ay=-94.67,Az=994.54,Gx=4935.00,Gy=-4602.50,Gz=-35682.5T=55,H=43,SAT=7"
,2025-09-21T03:43:27Z,COM6,,UTC=11:33:11,18.70,120.292627,23.106585,,,,,,,,,43,SAT=7,133.22,0.49,1029.31,-4445.00,-2030.00,18112.5T=55,,"Package=783,UTC=11:33:11,Lat=23.106585,Lng=120.292627,Alt=18.70,Ax=133.22,Ay=0.49,Az=1029.31,Gx=-4445.00,Gy=-2030.00,Gz=18112.5T=55,H=43,SAT=7"
,2025-09-21T03:43:28Z,COM6,,UTC=11:33:11,1,120.292627,23.106585,,,,,,,,,,,,,,,,,,"Package=784,UTC=11:33:11,Lat=23.106585,Lng=120.292627,Alt=1"
,2025-09-21T03:43:29Z,COM6,,UTC=11:33:11,18.70,120.292627,23.106585,,,,,,,,,43,SAT=7,131.76,141.28,982.34,6755.00,-4147.50,-10290.T=55,,"Package=785,UTC=11:33:11,Lat=23.106585,Lng=120.292627,Alt=18.70,Ax=131.76,Ay=141.28,Az=982.34,Gx=6755.00,Gy=-4147.50,Gz=-10290.T=55,H=43,SAT=7"
,2025-09-21T03:43:30Z,COM6,,UTC=11:33:11,,,23.10658,,,,,,,,,,,,,,,,,,"Package=786,UTC=11:33:11,Lat=23.10658"
,2025-09-21T03:43:31Z,COM6,,UTC=11:33:11,18.70,120.292627,23.106585,,,,,,,,,42,SAT=7,156.77,57.46,987.22,-14455.00,9835.00,32095.0T=55,,"Package=787,UTC=11:33:11,Lat=23.106585,Lng=120.292627,Alt=18.70,Ax=156.77,Ay=57.46,Az=987.22,Gx=-14455.00,Gy=9835.00,Gz=32095.0T=55,H=42,SAT=7"
,2025-09-21T03:43:32Z,COM6,,UTC=11:33:11,18.70,120.292627,23.106585,,,,,,,,,42,SAT=7,179.10,-88.57,1017.48,-8837.50,4882.50,10622.T=55,,"Package=788,UTC=11:33:11,Lat=23.106585,Lng=120.292627,Alt=18.70,Ax=179.10,Ay=-88.57,Az=1017.48,Gx=-8837.50,Gy=4882.50,Gz=10622.T=55,H=42,SAT=7"
,2025-09-21T03:43:33Z,COM6,,UTC=11:33:11,18.70,120.292627,23.106585,,,,,,,,,42,SAT=7,158.84,-129.69,1015.77,4532.50,27072.50,-1779T=55,,"Package=789,UTC=11:33:11,Lat=23.106585,Lng=120.292627,Alt=18.70,Ax=158.84,Ay=-129.69,Az=1015.77,Gx=4532.50,Gy=27072.50,Gz=-1779T=55,H=42,SAT=7"
,2025-09-21T03:43:34Z,COM6,,UTC=11:33:11,18.70,120.292627,23.106585,,,,,,,,,42,SAT=7,126.27,43.07,1014.80,12337.50,-1522.50,14280.T=55,,"Package=790,UTC=11:33:11,Lat=23.106585,Lng=120.292627,Alt=18.70,Ax=126.27,Ay=43.07,Az=1014.80,Gx=12337.50,Gy=-1522.50,Gz=14280.T=55,H=42,SAT=7"
,2025-09-21T03:43:35Z,COM6,,UTC=11:33:11,18.70,120.292627,23.106585,,,,,,,,,42,SAT=7,120.41,-58.56,994.79,-1155.00,-6790.00,6422.5T=55,,"Package=791,UTC=11:33:11,Lat=23.106585,Lng=120.292627,Alt=18.70,Ax=120.41,Ay=-58.56,Az=994.79,Gx=-1155.00,Gy=-6790.00,Gz=6422.5T=55,H=42,SAT=7"
,2025-09-21T03:43:36Z,COM6,,UTC=11:33:11,18.70,120.292627,23.106585,,,,,,,,,42,SAT=7,100.53,-9.52,994.79,41247.50,24517.50,-69790.T=55,,"Package=792,UTC=11:33:11,Lat=23.106585,Lng=120.292627,Alt=18.70,Ax=100.53,Ay=-9.52,Az=994.79,Gx=41247.50,Gy=24517.50,Gz=-69790.T=55,H=42,SAT=7"
,2025-09-21T03:43:37Z,COM6,,UTC=11:33:11,18.70,120.292627,23.106585,,,,,,,,,42,SAT=7,-53.44,204.23,990.40,-5372.50,-9415.00,31832.T=55,,"Package=793,UTC=11:33:11,Lat=23.106585,Lng=120.292627,Alt=18.70,Ax=-53.44,Ay=204.23,Az=990.40,Gx=-5372.50,Gy=-9415.00,Gz=31832.T=55,H=42,SAT=7"
,2025-09-21T03:43:38Z,COM6,,UTC=11:33:11,18.70,120.292627,23.106585,,,,,,,,,42,SAT=7,8.30,140.42,1004.55,-12722.50,-7052.50,-280.0T=55,,"Package=794,UTC=11:33:11,Lat=23.106585,Lng=120.292627,Alt=18.70,Ax=8.30,Ay=140.42,Az=1004.55,Gx=-12722.50,Gy=-7052.50,Gz=-280.0T=55,H=42,SAT=7"
,2025-09-21T03:43:39Z,COM6,,UTC=11:33:11,18.70,120.292627,23.106585,,,,,,,,,,,,,,,,,,"Package=795,UTC=11:33:11,Lat=23.106585,Lng=120.292627,Alt=18.70,A"
,2025-09-21T03:43:40Z,COM6,,UTC=11:33:11,18.70,120.292627,23.106585,,,,,,,,,42,SAT=7,125.90,-12.44,982.34,-5232.50,4847.50,17010.0T=55,,"Package=796,UTC=11:33:11,Lat=23.106585,Lng=120.292627,Alt=18.70,Ax=125.90,Ay=-12.44,Az=982.34,Gx=-5232.50,Gy=4847.50,Gz=17010.0T=55,H=42,SAT=7"
,2025-09-21T03:43:41Z,COM6,,UTC=11:33:11,18.7,120.292627,23.106585,,,,,,,,,,,,,,,,,,"Package=797,UTC=11:33:11,Lat=23.106585,Lng=120.292627,Alt=18.7"
,2025-09-21T03:43:42Z,COM6,,UTC=11:33:11,18.70,120.292627,23.106585,,,,,,,,,42,SAT=7,-88.82,45.14,1028.46,15487.50,-4707.50,-13790T=55,,"Package=798,UTC=11:33:11,Lat=23.106585,Lng=120.292627,Alt=18.70,Ax=-88.82,Ay=45.14,Az=1028.46,Gx=15487.50,Gy=-4707.50,Gz=-13790T=55,H=42,SAT=7"
,2025-09-21T03:43:43Z,COM6,,UTC=11:33:11,,,23.106585,,,,,,,,,,,,,,,,,,"Package=799,UTC=11:33:11,Lat=23.106585,L"
,2025-09-21T03:43:44Z,COM6,,UTC=11:33:11,18.70,120.292627,23.106585,,,,,,,,,42,SAT=7,40.38,4.15,1042.12,10220.00,-8977.50,-6632.50T=55,,"Package=800,UTC=11:33:11,Lat=23.106585,Lng=120.292627,Alt=18.70,Ax=40.38,Ay=4.15,Az=1042.12,Gx=10220.00,Gy=-8977.50,Gz=-6632.50T=55,H=42,SAT=7"
,2025-09-21T03:43:45Z,COM6,,UTC=11:33:11,18.70,120.292627,23.106585,,,,,,,,,42,SAT=7,-25.86,170.56,958.80,7385.00,-6090.00,22032.5T=55,,"Package=801,UTC=11:33:11,Lat=23.106585,Lng=120.292627,Alt=18.70,Ax=-25.86,Ay=170.56,Az=958.80,Gx=7385.00,Gy=-6090.00,Gz=22032.5T=55,H=42,SAT=7"
,2025-09-21T03:43:46Z,COM6,,UTC=11:33:11,18.70,120.292627,23.106585,,,,,,,,55,42,SAT=7,23.55,91.01,1022.85,-5057.50,4147.50,8925.00,,"Package=802,UTC=11:33:11,Lat=23.106585,Lng=120.292627,Alt=18.70,Ax=23.55,Ay=91.01,Az=1022.85,Gx=-5057.50,Gy=4147.50,Gz=8925.00,T=55,H=42,SAT=7"
,2025-09-21T03:43:47Z,COM6,,UTC=11:33:11,18.70,120.292627,23.106585,,,,,,,,,42,SAT=7,-101.02,39.04,1009.92,17640.00,8592.50,18742.T=55,,"Package=803,UTC=11:33:11,Lat=23.106585,Lng=120.292627,Alt=18.70,Ax=-101.02,Ay=39.04,Az=1009.92,Gx=17640.00,Gy=8592.50,Gz=18742.T=55,H=42,SAT=7"
,2025-09-21T03:43:48Z,COM6,,UTC=11:33:11,18.70,120.292627,23.106585,,,,,,,,,42,SAT=7,24.89,106.75,1021.14,-10727.50,-10902.50,8120T=55,,"Package=804,UTC=11:33:11,Lat=23.106585,Lng=120.292627,Alt=18.70,Ax=24.89,Ay=106.75,Az=1021.14,Gx=-10727.50,Gy=-10902.50,Gz=8120T=55,H=42,SAT=7"
,2025-09-21T03:43:49Z,COM6,,UTC=11:33:11,18.70,120.292627,23.106585,,,,,,,,,42,SAT=7,51.36,196.42,992.59,-9940.00,3465.00,-1032.50T=55,,"Package=805,UTC=11:33:11,Lat=23.106585,Lng=120.292627,Alt=18.70,Ax=51.36,Ay=196.42,Az=992.59,Gx=-9940.00,Gy=3465.00,Gz=-1032.50T=55,H=42,SAT=7"
,2025-09-21T03:43:50Z,COM6,,UTC=11:33:11,18.70,120.292627,23.106585,,,,,,,,,42,SAT=7,44.16,182.88,994.18,1890.00,-7332.50,-1802.50T=55,,"Package=806,UTC=11:33:11,Lat=23.106585,Lng=120.292627,Alt=18.70,Ax=44.16,Ay=182.88,Az=994.18,Gx=1890.00,Gy=-7332.50,Gz=-1802.50T=55,H=42,SAT=7"
,2025-09-21T03:43:51Z,COM6,,UTC=11:33:11,18.70,120.292627,23.106585,,,,,,,,,42,SAT=7,20.98,191.30,986.61,-7577.50,-1330.00,16432.5T=55,,"Package=807,UTC=11:33:11,Lat=23.106585,Lng=120.292627,Alt=18.70,Ax=20.98,Ay=191.30,Az=986.61,Gx=-7577.50,Gy=-1330.00,Gz=16432.5T=55,H=42,SAT=7"
,2025-09-21T03:43:52Z,COM6,,UTC=11:33:11,18.70,120.292627,23.106585,,,,,,,,55,42,SAT=7,20.98,137.13,998.94,735.00,-2257.50,9730.00,,"Package=808,UTC=11:33:11,Lat=23.106585,Lng=120.292627,Alt=18.70,Ax=20.98,Ay=137.13,Az=998.94,Gx=735.00,Gy=-2257.50,Gz=9730.00,T=55,H=42,SAT=7"
,2025-09-21T03:43:53Z,COM6,,UTC=11:33:11,18.70,120.292627,23.106585,,,,,,,,,42,SAT=7,-0.73,126.15,1005.89,-6842.50,4672.50,-2607.5T=55,,"Package=809,UTC=11:33:11,Lat=23.106585,Lng=120.292627,Alt=18.70,Ax=-0.73,Ay=126.15,Az=1005.89,Gx=-6842.50,Gy=4672.50,Gz=-2607.5T=55,H=42,SAT=7"
,2025-09-21T03:43:54Z,COM6,,UTC=11:33:11,,120,23.106585,,,,,,,,,,,,,,,,,,"Package=810,UTC=11:33:11,Lat=23.106585,Lng=120"
,2025-09-21T03:43:55Z,COM6,,UTC=11:33:11,18.70,120.292627,23.106585,,,,,,,,,42,SAT=7,27.69,61.85,1007.96,8067.50,13685.00,-4042.50T=55,,"Package=811,UTC=11:33:11,Lat=23.106585,Lng=120.292627,Alt=18.70,Ax=27.69,Ay=61.85,Az=1007.96,Gx=8067.50,Gy=13685.00,Gz=-4042.50T=55,H=42,SAT=7"
,2025-09-21T03:43:56Z,COM6,,UTC=11:33:11,,,,,,,,,,,,,,,,,,,,,"Package=812,UTC=11:33:11"
,2025-09-21T03:43:57Z,COM6,,UTC=11:33:11,18.70,120.292627,23.106585,,,,,,,,,42,SAT=7,58.07,-17.69,985.64,-157.50,12775.00,10342.50T=55,,"Package=813,UTC=11:33:11,Lat=23.106585,Lng=120.292627,Alt=18.70,Ax=58.07,Ay=-17.69,Az=985.64,Gx=-157.50,Gy=12775.00,Gz=10342.50T=55,H=42,SAT=7"
,2025-09-21T03:43:59Z,COM6,,UTC=11:33:11,18.70,120.292627,23.106585,,,,,,,,,42,SAT=7,102.85,-50.02,996.37,542.50,-7735.00,-1470.00T=55,,"Package=815,UTC=11:33:11,Lat=23.106585,Lng=120.292627,Alt=18.70,Ax=102.85,Ay=-50.02,Az=996.37,Gx=542.50,Gy=-7735.00,Gz=-1470.00T=55,H=42,SAT=7"
,2025-09-21T03:44:00Z,COM6,,UTC=11:33:11,18.70,120.292627,23.106585,,,,,,,,,42,SAT=7,80.76,-30.87,1010.40,-5215.00,-2992.50,-682.5T=55,,"Package=816,UTC=11:33:11,Lat=23.106585,Lng=120.292627,Alt=18.70,Ax=80.76,Ay=-30.87,Az=1010.40,Gx=-5215.00,Gy=-2992.50,Gz=-682.5T=55,H=42,SAT=7"
,2025-09-21T03:44:01Z,COM6,,UTC=11:33:11,18.70,120.292627,23.106585,,,,,,,,,42,SAT=7,73.57,-29.52,1010.53,9922.50,-6965.00,10447.5T=55,,"Package=817,UTC=11:33:11,Lat=23.106585,Lng=120.292627,Alt=18.70,Ax=73.57,Ay=-29.52,Az=1010.53,Gx=9922.50,Gy=-6965.00,Gz=10447.5T=55,H=42,SAT=7"
,2025-09-21T03:44:02Z,COM6,,UTC=11:33:11,18.70,120.292627,23.106585,,,,,,,,55,42,SAT=7,57.95,12.81,1009.43,-2502.50,542.50,6317.50,,"Package=818,UTC=11:33:11,Lat=23.106585,Lng=120.292627,Alt=18.70,Ax=57.95,Ay=12.81,Az=1009.43,Gx=-2502.50,Gy=542.50,Gz=6317.50,T=55,H=42,SAT=7"
,2025-09-21T03:44:03Z,COM6,,UTC=11:33:11,18.70,120.292627,23.106585,,,,,,,,,42,SAT=7,100.65,59.78,1012.48,4287.50,-4480.00,-2887.5T=55,,"Package=819,UTC=11:33:11,Lat=23.106585,Lng=120.292627,Alt=18.70,Ax=100.65,Ay=59.78,Az=1012.48,Gx=4287.50,Gy=-4480.00,Gz=-2887.5T=55,H=42,SAT=7"
,2025-09-21T03:44:04Z,COM6,,UTC=11:33:11,18.70,120.292627,23.106585,,,,,,,,55,42,SAT=7,93.45,94.79,1005.40,612.50,-1680.00,1452.50,,"Package=820,UTC=11:33:11,Lat=23.106585,Lng=120.292627,Alt=18.70,Ax=93.45,Ay=94.79,Az=1005.40,Gx=612.50,Gy=-1680.00,Gz=1452.50,T=55,H=42,SAT=7"
,2025-09-21T03:44:05Z,COM6,,UTC=11:33:11,18.70,120.292627,23.106585,,,,,,,,55,42,SAT=7,71.13,72.83,1002.84,-2625.00,3272.50,7157.50,,"Package=821,UTC=11:33:11,Lat=23.106585,Lng=120.292627,Alt=18.70,Ax=71.13,Ay=72.83,Az=1002.84,Gx=-2625.00,Gy=3272.50,Gz=7157.50,T=55,H=42,SAT=7"
,2025-09-21T03:44:06Z,COM6,,UTC=11:33:11,18.70,120.292627,23.106585,,,,,,,,55,42,SAT=7,64.17,53.19,1012.60,2502.50,297.50,17482.50,,"Package=822,UTC=11:33:11,Lat=23.106585,Lng=120.292627,Alt=18.70,Ax=64.17,Ay=53.19,Az=1012.60,Gx=2502.50,Gy=297.50,Gz=17482.50,T=55,H=42,SAT=7"
,2025-09-21T03:44:07Z,COM6,,UTC=11:33:11,18.70,120.292627,23.106585,,,,,,,,,42,SAT=7,66.12,146.77,1003.21,2520.00,3832.50,-6737.50T=55,,"Package=823,UTC=11:33:11,Lat=23.106585,Lng=120.292627,Alt=18.70,Ax=66.12,Ay=146.77,Az=1003.21,Gx=2520.00,Gy=3832.50,Gz=-6737.50T=55,H=42,SAT=7"
,2025-09-21T03:44:08Z,COM6,,UTC=11:33:11,18.70,120.292627,23.106585,,,,,,,,,42,SAT=7,33.43,191.54,1009.55,-6930.00,-9152.50,5320.0T=55,,"Package=824,UTC=11:33:11,Lat=23.106585,Lng=120.292627,Alt=18.70,Ax=33.43,Ay=191.54,Az=1009.55,Gx=-6930.00,Gy=-9152.50,Gz=5320.0T=55,H=42,SAT=7"
,2025-09-21T03:44:09Z,COM6,,UTC=11:33:11,18.70,120.292627,23.106585,,,,,,,,,,,,,,,,,,"Package=825,UTC=11:33:11,Lat=23.106585,Lng=120.292627,Alt=18.70,Ax="
,2025-09-21T03:44:10Z,COM6,,UTC=11:33:11,18.70,120.292627,23.106585,,,,,,,,,42,SAT=7,98.09,127.12,1008.45,7507.50,7367.50,-2712.50T=55,,"Package=826,UTC=11:33:11,Lat=23.106585,Lng=120.292627,Alt=18.70,Ax=98.09,Ay=127.12,Az=1008.45,Gx=7507.50,Gy=7367.50,Gz=-2712.50T=55,H=42,SAT=7"
,2025-09-21T03:44:11Z,COM6,,UTC=11:33:11,,12,23.106585,,,,,,,,,,,,,,,,,,"Package=827,UTC=11:33:11,Lat=23.106585,Lng=12"
,2025-09-21T03:44:12Z,COM6,,UTC=11:33:11,18.70,120.292627,23.106585,,,,,,,,55,42,SAT=7,53.92,95.65,1013.21,1645.00,7682.50,10185.00,,"Package=828,UTC=11:33:11,Lat=23.106585,Lng=120.292627,Alt=18.70,Ax=53.92,Ay=95.65,Az=1013.21,Gx=1645.00,Gy=7682.50,Gz=10185.00,T=55,H=42,SAT=7"
,2025-09-21T03:44:14Z,COM6,,UTC=11:33:11,18.70,120.292627,23.106585,,,,,,,,57,42,SAT=7,17.57,126.15,996.86,-735.00,-7682.50,507.50,,"Package=830,UTC=11:33:11,Lat=23.106585,Lng=120.292627,Alt=18.70,Ax=17.57,Ay=126.15,Az=996.86,Gx=-735.00,Gy=-7682.50,Gz=507.50,T=57,H=42,SAT=7"
,2025-09-21T03:44:16Z,COM6,,UTC=11:33:11,18.70,120.292627,23.106585,,,,,,,,,42,SAT=7,113.09,149.08,989.30,-2450.00,-1680.00,-1820.T=56,,"Package=832,UTC=11:33:11,Lat=23.106585,Lng=120.292627,Alt=18.70,Ax=113.09,Ay=149.08,Az=989.30,Gx=-2450.00,Gy=-1680.00,Gz=-1820.T=56,H=42,SAT=7"
,2025-09-21T03:44:17Z,COM6,,UTC=11:33:11,18.70,120.292627,23.106585,,,,,,,,57,42,SAT=7,88.45,141.89,999.67,-2782.50,3535.00,3815.00,,"Package=833,UTC=11:33:11,Lat=23.106585,Lng=120.292627,Alt=18.70,Ax=88.45,Ay=141.89,Az=999.67,Gx=-2782.50,Gy=3535.00,Gz=3815.00,T=57,H=42,SAT=7"
,2025-09-21T03:44:18Z,COM6,,UTC=11:33:11,18.70,120.292627,23.106585,,,,,,,,,42,SAT=7,45.63,155.55,991.62,-1190.00,1260.00,13965.00T=57,,"Package=834,UTC=11:33:11,Lat=23.106585,Lng=120.292627,Alt=18.70,Ax=45.63,Ay=155.55,Az=991.62,Gx=-1190.00,Gy=1260.00,Gz=13965.00T=57,H=42,SAT=7"
,2025-09-21T03:44:19Z,COM6,,UTC=11:33:11,18.70,120.292627,23.106585,,,,,,,,,42,SAT=7,118.83,115.66,1003.57,6265.00,-2905.00,7752.5T=57,,"Package=835,UTC=11:33:11,Lat=23.106585,Lng=120.292627,Alt=18.70,Ax=118.83,Ay=115.66,Az=1003.57,Gx=6265.00,Gy=-2905.00,Gz=7752.5T=57,H=42,SAT=7"
,2025-09-21T03:44:20Z,COM6,,UTC=11:33:11,18.70,120.292627,23.106585,,,,,,,,,42,SAT=7,77.23,202.28,993.69,11147.50,-3587.50,2695.00T=57,,"Package=836,UTC=11:33:11,Lat=23.106585,Lng=120.292627,Alt=18.70,Ax=77.23,Ay=202.28,Az=993.69,Gx=11147.50,Gy=-3587.50,Gz=2695.00T=57,H=42,SAT=7"
,2025-09-21T03:44:21Z,COM6,,UTC=11:33:11,18.70,120.292627,23.106585,,,,,,,,,42,SAT=7,95.89,161.89,991.49,-910.00,-3045.00,-27895.0T=57,,"Package=837,UTC=11:33:11,Lat=23.106585,Lng=120.292627,Alt=18.70,Ax=95.89,Ay=161.89,Az=991.49,Gx=-910.00,Gy=-3045.00,Gz=-27895.0T=57,H=42,SAT=7"
,2025-09-21T03:44:22Z,COM6,,UTC=11:33:11,18.70,120.292627,23.106585,,,,,,,,,42,SAT=7,270.96,36.84,1012.60,3972.50,-12792.50,4585.0T=57,,"Package=838,UTC=11:33:11,Lat=23.106585,Lng=120.292627,Alt=18.70,Ax=270.96,Ay=36.84,Az=1012.60,Gx=3972.50,Gy=-12792.50,Gz=4585.0T=57,H=42,SAT=7"
,2025-09-21T03:44:23Z,COM6,,UTC=11:33:11,18.70,120.292627,23.106585,,,,,,,,,42,SAT=7,241.56,49.29,936.23,-36067.50,-8855.00,42735.T=57,,"Package=839,UTC=11:33:11,Lat=23.106585,Lng=120.292627,Alt=18.70,Ax=241.56,Ay=49.29,Az=936.23,Gx=-36067.50,Gy=-8855.00,Gz=42735.T=57,H=42,SAT=7"
,2025-09-21T03:44:24Z,COM6,,UTC=11:33:11,18.70,120.292627,23.106585,,,,,,,,,42,SAT=7,329.40,-186.90,965.39,3377.50,-13877.50,6702.T=57,,"Package=840,UTC=11:33:11,Lat=23.106585,Lng=120.292627,Alt=18.70,Ax=329.40,Ay=-186.90,Az=965.39,Gx=3377.50,Gy=-13877.50,Gz=6702.T=57,H=42,SAT=7"
,2025-09-21T03:44:25Z,COM6,,UTC=11:33:11,18.70,120.292627,23.106585,,,,,,,,,42,SAT=7,391.99,-168.48,942.94,-11025.00,-875.00,-3640T=57,,"Package=841,UTC=11:33:11,Lat=23.106585,Lng=120.292627,Alt=18.70,Ax=391.99,Ay=-168.48,Az=942.94,Gx=-11025.00,Gy=-875.00,Gz=-3640T=57,H=42,SAT=7"
,2025-09-21T03:44:26Z,COM6,,UTC=11:33:11,,120,23.106585,,,,,,,,,,,,,,,,,,"Package=842,UTC=11:33:11,Lat=23.106585,Lng=120"
,2025-09-21T03:44:27Z,COM6,,UTC=11:33:11,18.70,120.292627,23.106585,,,,,,,,,42,SAT=7,305.49,-111.02,951.60,6072.50,-8172.50,-7280.T=57,,"Package=843,UTC=11:33:11,Lat=23.106585,Lng=120.292627,Alt=18.70,Ax=305.49,Ay=-111.02,Az=951.60,Gx=6072.50,Gy=-8172.50,Gz=-7280.T=57,H=42,SAT=7"
,2025-09-21T03:44:28Z,COM6,,UTC=11:33:11,,,,,,,,,,,,,,,,,,,,,"Package=844,UTC=11:33:11"
,2025-09-21T03:44:29Z,COM6,,UTC=11:33:11,18.70,120.292627,23.106585,,,,,,,,,42,SAT=7,329.03,-168.12,943.91,6195.00,7035.00,6037.50T=57,,"Package=845,UTC=11:33:11,Lat=23.106585,Lng=120.292627,Alt=18.70,Ax=329.03,Ay=-168.12,Az=943.91,Gx=6195.00,Gy=7035.00,Gz=6037.50T=57,H=42,SAT=7"
,2025-09-21T03:44:31Z,COM6,,UTC=11:33:11,18.70,120.292627,23.106585,,,,,,,,56,42,SAT=7,234.36,47.34,988.81,-3115.00,6457.50,4900.00,,"Package=847,UTC=11:33:11,Lat=23.106585,Lng=120.292627,Alt=18.70,Ax=234.36,Ay=47.34,Az=988.81,Gx=-3115.00,Gy=6457.50,Gz=4900.00,T=56,H=42,SAT=7"
,2025-09-21T03:44:32Z,COM6,,UTC=11:33:11,18.70,120.292627,23.106585,,,,,,,,,42,SAT=7,161.89,-24.77,999.30,3762.50,-2135.00,-8592.5T=57,,"Package=848,UTC=11:33:11,Lat=23.106585,Lng=120.292627,Alt=18.70,Ax=161.89,Ay=-24.77,Az=999.30,Gx=3762.50,Gy=-2135.00,Gz=-8592.5T=57,H=42,SAT=7"
,2025-09-21T03:44:33Z,COM6,,UTC=11:33:11,18.70,120.292627,23.106585,,,,,,,,56,41,SAT=7,286.82,-91.50,969.05,8890.00,9467.50,-700.00,,"Package=849,UTC=11:33:11,Lat=23.106585,Lng=120.292627,Alt=18.70,Ax=286.82,Ay=-91.50,Az=969.05,Gx=8890.00,Gy=9467.50,Gz=-700.00,T=56,H=41,SAT=7"
,2025-09-21T03:44:34Z,COM6,,UTC=11:33:11,18.70,120.292627,23.106585,,,,,,,,57,41,SAT=7,280.60,-63.44,977.22,1242.50,-6492.50,17.50,,"Package=850,UTC=11:33:11,Lat=23.106585,Lng=120.292627,Alt=18.70,Ax=280.60,Ay=-63.44,Az=977.22,Gx=1242.50,Gy=-6492.50,Gz=17.50,T=57,H=41,SAT=7"
,2025-09-21T03:44:35Z,COM6,,UTC=11:33:11,18.70,120.292627,23.106585,,,,,,,,56,41,SAT=7,256.32,-75.64,976.85,507.50,-3552.50,1085.00,,"Package=851,UTC=11:33:11,Lat=23.106585,Lng=120.292627,Alt=18.70,Ax=256.32,Ay=-75.64,Az=976.85,Gx=507.50,Gy=-3552.50,Gz=1085.00,T=56,H=41,SAT=7"
,2025-09-21T03:44:36Z,COM6,,UTC=11:33:11,18.70,120.292627,23.106585,,,,,,,,56,41,SAT=7,253.76,-63.07,970.39,-3360.00,910.00,997.50,,"Package=852,UTC=11:33:11,Lat=23.106585,Lng=120.292627,Alt=18.70,Ax=253.76,Ay=-63.07,Az=970.39,Gx=-3360.00,Gy=910.00,Gz=997.50,T=56,H=41,SAT=7"
,2025-09-21T03:44:37Z,COM6,,UTC=11:33:11,18.70,120.292627,23.106585,,,,,,,,,41,SAT=7,263.89,-75.40,969.29,1575.00,-3430.00,-3307.5T=56,,"Package=853,UTC=11:33:11,Lat=23.106585,Lng=120.292627,Alt=18.70,Ax=263.89,Ay=-75.40,Az=969.29,Gx=1575.00,Gy=-3430.00,Gz=-3307.5T=56,H=41,SAT=7"
,2025-09-21T03:44:38Z,COM6,,UTC=11:33:11,18.70,120.292627,23.106585,,,,,,,,,41,SAT=7,270.47,-71.25,976.12,7980.00,-3010.00,-245.00T=56,,"Package=854,UTC=11:33:11,Lat=23.106585,Lng=120.292627,Alt=18.70,Ax=270.47,Ay=-71.25,Az=976.12,Gx=7980.00,Gy=-3010.00,Gz=-245.00T=56,H=41,SAT=7"
,2025-09-21T03:44:39Z,COM6,,UTC=11:33:11,18.70,120.292627,23.106585,,,,,,,,56,41,SAT=7,287.43,-53.92,970.75,2905.00,770.00,-560.00,,"Package=855,UTC=11:33:11,Lat=23.106585,Lng=120.292627,Alt=18.70,Ax=287.43,Ay=-53.92,Az=970.75,Gx=2905.00,Gy=770.00,Gz=-560.00,T=56,H=41,SAT=7"
,2025-09-21T03:44:40Z,COM6,,UTC=11:33:11,18.70,120.292627,23.106585,,,,,,,,,41,SAT=7,259.13,-35.38,969.90,227.50,-2992.50,-1400.00T=56,,"Package=856,UTC=11:33:11,Lat=23.106585,Lng=120.292627,Alt=18.70,Ax=259.13,Ay=-35.38,Az=969.90,Gx=227.50,Gy=-2992.50,Gz=-1400.00T=56,H=41,SAT=7"
,2025-09-21T03:44:41Z,COM6,,UTC=11:33:11,18.70,120.292627,23.106585,,,,,,,,,,,,,,,,,,"Package=857,UTC=11:33:11,Lat=23.106585,Lng=120.292627,Alt=18.70,Ax="
,2025-09-21T03:44:42Z,COM6,,UTC=11:33:11,18.70,120.292627,23.106585,,,,,,,,,41,SAT=7,322.93,-38.06,959.41,-3080.00,-3710.00,-4532.T=56,,"Package=858,UTC=11:33:11,Lat=23.106585,Lng=120.292627,Alt=18.70,Ax=322.93,Ay=-38.06,Az=959.41,Gx=-3080.00,Gy=-3710.00,Gz=-4532.T=56,H=41,SAT=7"
,2025-09-21T03:44:43Z,COM6,,UTC=11:33:11,,12,23.106585,,,,,,,,,,,,,,,,,,"Package=859,UTC=11:33:11,Lat=23.106585,Lng=12"
,2025-09-21T03:44:44Z,COM6,,UTC=11:33:11,18.70,120.292627,23.106585,,,,,,,,56,41,SAT=7,300.00,-35.38,965.75,3500.00,5145.00,1837.50,,"Package=860,UTC=11:33:11,Lat=23.106585,Lng=120.292627,Alt=18.70,Ax=300.00,Ay=-35.38,Az=965.75,Gx=3500.00,Gy=5145.00,Gz=1837.50,T=56,H=41,SAT=7"
,2025-09-21T03:44:46Z,COM6,,UTC=11:33:11,18.70,120.292627,23.106585,,,,,,,,,41,SAT=7,211.79,-6.10,966.73,26705.00,-15522.50,7927.5T=56,,"Package=862,UTC=11:33:11,Lat=23.106585,Lng=120.292627,Alt=18.70,Ax=211.79,Ay=-6.10,Az=966.73,Gx=26705.00,Gy=-15522.50,Gz=7927.5T=56,H=41,SAT=7"
,2025-09-21T03:44:48Z,COM6,,UTC=11:33:11,18.70,120.292627,23.106585,,,,,,,,56,41,SAT=7,199.10,23.91,989.05,-472.50,-595.00,17.50,,"Package=864,UTC=11:33:11,Lat=23.106585,Lng=120.292627,Alt=18.70,Ax=199.10,Ay=23.91,Az=989.05,Gx=-472.50,Gy=-595.00,Gz=17.50,T=56,H=41,SAT=7"
,2025-09-21T03:44:49Z,COM6,,UTC=11:33:11,18.70,120.292627,23.106585,,,,,,,,56,41,SAT=7,201.42,22.57,994.30,752.50,-70.00,-2222.50,,"Package=865,UTC=11:33:11,Lat=23.106585,Lng=120.292627,Alt=18.70,Ax=201.42,Ay=22.57,Az=994.30,Gx=752.50,Gy=-70.00,Gz=-2222.50,T=56,H=41,SAT=7"
,2025-09-21T03:44:50Z,COM6,,UTC=11:33:11,18.70,120.292627,23.106585,,,,,,,,56,41,SAT=7,215.33,73.93,990.88,4147.50,-1487.50,1697.50,,"Package=866,UTC=11:33:11,Lat=23.106585,Lng=120.292627,Alt=18.70,Ax=215.33,Ay=73.93,Az=990.88,Gx=4147.50,Gy=-1487.50,Gz=1697.50,T=56,H=41,SAT=7"
,2025-09-21T03:44:51Z,COM6,,UTC=11:33:11,18.70,120.292627,23.106585,,,,,,,,56,41,SAT=7,239.49,93.21,984.30,910.00,5950.00,2870.00,,"Package=867,UTC=11:33:11,Lat=23.106585,Lng=120.292627,Alt=18.70,Ax=239.49,Ay=93.21,Az=984.30,Gx=910.00,Gy=5950.00,Gz=2870.00,T=56,H=41,SAT=7"
,2025-09-21T03:44:52Z,COM6,,UTC=11:33:11,18.70,120.292627,23.106585,,,,,,,,,41,SAT=7,271.21,-17.45,987.96,-2170.00,2555.00,-2537.5T=56,,"Package=868,UTC=11:33:11,Lat=23.106585,Lng=120.292627,Alt=18.70,Ax=271.21,Ay=-17.45,Az=987.96,Gx=-2170.00,Gy=2555.00,Gz=-2537.5T=56,H=41,SAT=7"
,2025-09-21T03:44:53Z,COM6,,UTC=11:33:11,18.70,120.292627,23.106585,,,,,,,,,41,SAT=7,255.35,-3.17,966.24,5197.50,-36085.00,24797.5T=56,,"Package=869,UTC=11:33:11,Lat=23.106585,Lng=120.292627,Alt=18.70,Ax=255.35,Ay=-3.17,Az=966.24,Gx=5197.50,Gy=-36085.00,Gz=24797.5T=56,H=41,SAT=7"
,2025-09-21T03:44:54Z,COM6,,UTC=11:33:11,,120.292,23.106585,,,,,,,,,,,,,,,,,,"Package=870,UTC=11:33:11,Lat=23.106585,Lng=120.292"
,2025-09-21T03:44:55Z,COM6,,UTC=11:33:11,18.70,120.292627,23.106585,,,,,,,,56,41,SAT=7,297.68,-39.28,973.07,962.50,2257.50,840.00,,"Package=871,UTC=11:33:11,Lat=23.106585,Lng=120.292627,Alt=18.70,Ax=297.68,Ay=-39.28,Az=973.07,Gx=962.50,Gy=2257.50,Gz=840.00,T=56,H=41,SAT=7"
,2025-09-21T03:44:56Z,COM6,,UTC=11:33:11,,,,,,,,,,,,,,,,,,,,,"Package=872,UTC=11:33:11,Lat="
,2025-09-21T03:44:57Z,COM6,,UTC=11:33:11,18.70,120.292627,23.106585,,,,,,,,56,41,SAT=7,283.77,-0.61,960.63,-5495.00,-70.00,11322.50,,"Package=873,UTC=11:33:11,Lat=23.106585,Lng=120.292627,Alt=18.70,Ax=283.77,Ay=-0.61,Az=960.63,Gx=-5495.00,Gy=-70.00,Gz=11322.50,T=56,H=41,SAT=7"
,2025-09-21T03:44:58Z,COM6,,UTC=11:33:11,,,,,,,,,,,,,,,,,,,,,"Package=874,UTC=11:33:11,L"
,2025-09-21T03:44:59Z,COM6,,UTC=11:33:11,18.70,120.292627,23.106585,,,,,,,,56,41,SAT=7,283.41,-63.44,974.17,1592.50,-157.50,-437.50,,"Package=875,UTC=11:33:11,Lat=23.106585,Lng=120.292627,Alt=18.70,Ax=283.41,Ay=-63.44,Az=974.17,Gx=1592.50,Gy=-157.50,Gz=-437.50,T=56,H=41,SAT=7"
,2025-09-21T03:45:00Z,COM6,,UTC=11:33:11,18.70,120.292627,23.106585,,,,,,,,56,41,SAT=7,282.31,-65.27,975.39,735.00,682.50,-612.50,,"Package=876,UTC=11:33:11,Lat=23.106585,Lng=120.292627,Alt=18.70,Ax=282.31,Ay=-65.27,Az=975.39,Gx=735.00,Gy=682.50,Gz=-612.50,T=56,H=41,SAT=7"
,2025-09-21T03:45:01Z,COM6,,UTC=11:33:11,18.70,120.292627,23.106585,,,,,,,,56,41,SAT=7,275.48,-60.51,973.56,-262.50,-892.50,2992.50,,"Package=877,UTC=11:33:11,Lat=23.106585,Lng=120.292627,Alt=18.70,Ax=275.48,Ay=-60.51,Az=973.56,Gx=-262.50,Gy=-892.50,Gz=2992.50,T=56,H=41,SAT=7"
,2025-09-21T03:45:02Z,COM6,,UTC=11:33:11,18.70,120.292627,23.106585,,,,,,,,,41,SAT=7,292.92,-71.61,963.56,105.00,-1452.50,-1295.00T=56,,"Package=878,UTC=11:33:11,Lat=23.106585,Lng=120.292627,Alt=18.70,Ax=292.92,Ay=-71.61,Az=963.56,Gx=105.00,Gy=-1452.50,Gz=-1295.00T=56,H=41,SAT=7"
,2025-09-21T03:45:03Z,COM6,,UTC=11:33:11,18.70,120.292627,23.106585,,,,,,,,56,41,SAT=7,298.29,-80.40,971.49,-3237.50,875.00,262.50,,"Package=879,UTC=11:33:11,Lat=23.106585,Lng=120.292627,Alt=18.70,Ax=298.29,Ay=-80.40,Az=971.49,Gx=-3237.50,Gy=875.00,Gz=262.50,T=56,H=41,SAT=7"
,2025-09-21T03:45:04Z,COM6,,UTC=11:33:11,18.70,120.292627,23.106585,,,,,,,,,41,SAT=7,279.26,-102.97,967.95,175.00,-2205.00,-5215.0T=56,,"Package=880,UTC=11:33:11,Lat=23.106585,Lng=120.292627,Alt=18.70,Ax=279.26,Ay=-102.97,Az=967.95,Gx=175.00,Gy=-2205.00,Gz=-5215.0T=56,H=41,SAT=7"
,2025-09-21T03:45:05Z,COM6,,UTC=11:33:11,18.70,120.292627,23.106585,,,,,,,,,41,SAT=7,303.78,-108.09,968.31,-4357.50,6737.50,-1172.T=56,,"Package=881,UTC=11:33:11,Lat=23.106585,Lng=120.292627,Alt=18.70,Ax=303.78,Ay=-108.09,Az=968.31,Gx=-4357.50,Gy=6737.50,Gz=-1172.T=56,H=41,SAT=7"
,2025-09-21T03:45:06Z,COM6,,UTC=11:33:11,18.70,120.292627,23.106585,,,,,,,,,41,SAT=7,260.23,-110.17,966.97,-140.00,-1942.50,805.00T=56,,"Package=882,UTC=11:33:11,Lat=23.106585,Lng=120.292627,Alt=18.70,Ax=260.23,Ay=-110.17,Az=966.97,Gx=-140.00,Gy=-1942.50,Gz=805.00T=56,H=41,SAT=7"
,2025-09-21T03:45:07Z,COM6,,UTC=11:33:11,,120.292627,23.106585,,,,,,,,,,,,,,,,,,"Package=883,UTC=11:33:11,Lat=23.106585,Lng=120.292627,"
,2025-09-21T03:45:08Z,COM6,,UTC=11:33:11,18.70,120.292627,23.106585,,,,,,,,56,41,SAT=7,294.02,-50.75,973.07,2450.00,-857.50,-52.50,,"Package=884,UTC=11:33:11,Lat=23.106585,Lng=120.292627,Alt=18.70,Ax=294.02,Ay=-50.75,Az=973.07,Gx=2450.00,Gy=-857.50,Gz=-52.50,T=56,H=41,SAT=7"
,2025-09-21T03:45:09Z,COM6,,UTC=11:33:11,,,23.,,,,,,,,,,,,,,,,,,"Package=885,UTC=11:33:11,Lat=23."
,2025-09-21T03:45:10Z,COM6,,UTC=11:33:11,18.70,120.292627,23.106585,,,,,,,,,41,SAT=7,295.12,-54.17,983.56,-227.50,-2940.00,-5652.5T=56,,"Package=886,UTC=11:33:11,Lat=23.106585,Lng=120.292627,Alt=18.70,Ax=295.12,Ay=-54.17,Az=983.56,Gx=-227.50,Gy=-2940.00,Gz=-5652.5T=56,H=41,SAT=7"
,2025-09-21T03:45:11Z,COM6,,UTC=11:33:11,18.70,120.292627,23.106585,,,,,,,,56,41,SAT=7,259.37,-49.78,984.42,2642.50,700.00,-7402.50,,"Package=887,UTC=11:33:11,Lat=23.106585,Lng=120.292627,Alt=18.70,Ax=259.37,Ay=-49.78,Az=984.42,Gx=2642.50,Gy=700.00,Gz=-7402.50,T=56,H=41,SAT=7"
,2025-09-21T03:45:12Z,COM6,,UTC=11:33:11,18.70,120.292627,23.106585,,,,,,,,,41,SAT=7,254.13,-30.38,973.56,7490.00,-6597.50,2432.50T=56,,"Package=888,UTC=11:33:11,Lat=23.106585,Lng=120.292627,Alt=18.70,Ax=254.13,Ay=-30.38,Az=973.56,Gx=7490.00,Gy=-6597.50,Gz=2432.50T=56,H=41,SAT=7"
,2025-09-21T03:45:13Z,COM6,,UTC=11:33:11,18.70,120.292627,23.106585,,,,,,,,,41,SAT=7,376.37,-110.78,939.16,-5285.00,-6422.50,-3552T=56,,"Package=889,UTC=11:33:11,Lat=23.106585,Lng=120.292627,Alt=18.70,Ax=376.37,Ay=-110.78,Az=939.16,Gx=-5285.00,Gy=-6422.50,Gz=-3552T=56,H=41,SAT=7"
,2025-09-21T03:45:14Z,COM6,,UTC=11:33:11,18.70,120.292627,23.106585,,,,,,,,,41,SAT=7,453.84,-149.08,899.14,-8890.00,7262.50,-3132.T=56,,"Package=890,UTC=11:33:11,Lat=23.106585,Lng=120.292627,Alt=18.70,Ax=453.84,Ay=-149.08,Az=899.14,Gx=-8890.00,Gy=7262.50,Gz=-3132.T=56,H=41,SAT=7"
,2025-09-21T03:45:15Z,COM6,,UTC=11:33:11,18.70,120.292627,23.106585,,,,,,,,56,41,SAT=7,334.04,-88.45,946.84,-87.50,2240.00,-4777.50,,"Package=891,UTC=11:33:11,Lat=23.106585,Lng=120.292627,Alt=18.70,Ax=334.04,Ay=-88.45,Az=946.84,Gx=-87.50,Gy=2240.00,Gz=-4777.50,T=56,H=41,SAT=7"
,2025-09-21T03:45:16Z,COM6,,UTC=11:33:11,18.70,120.292627,23.106585,,,,,,,,,41,SAT=7,322.20,-85.16,953.31,-1925.00,-3605.00,3150.0T=56,,"Package=892,UTC=11:33:11,Lat=23.106585,Lng=120.292627,Alt=18.70,Ax=322.20,Ay=-85.16,Az=953.31,Gx=-1925.00,Gy=-3605.00,Gz=3150.0T=56,H=41,SAT=7"
,2025-09-21T03:45:17Z,COM6,,UTC=11:33:11,18.70,120.292627,23.106585,,,,,,,,56,41,SAT=7,279.26,-77.71,945.01,3080.00,6860.00,8557.50,,"Package=893,UTC=11:33:11,Lat=23.106585,Lng=120.292627,Alt=18.70,Ax=279.26,Ay=-77.71,Az=945.01,Gx=3080.00,Gy=6860.00,Gz=8557.50,T=56,H=41,SAT=7"
,2025-09-21T03:45:18Z,COM6,,UTC=11:33:11,1,120.292627,23.106585,,,,,,,,,,,,,,,,,,"Package=894,UTC=11:33:11,Lat=23.106585,Lng=120.292627,Alt=1"
,2025-09-21T03:45:19Z,COM6,,UTC=11:33:11,18.70,120.292627,23.106585,,,,,,,,,41,SAT=7,245.83,-105.41,978.20,857.50,5040.00,-1312.50T=56,,"Package=895,UTC=11:33:11,Lat=23.106585,Lng=120.292627,Alt=18.70,Ax=245.83,Ay=-105.41,Az=978.20,Gx=857.50,Gy=5040.00,Gz=-1312.50T=56,H=41,SAT=7"
,2025-09-21T03:45:20Z,COM6,,UTC=11:33:11,,,23.106585,,,,,,,,,,,,,,,,,,"Package=896,UTC=11:33:11,Lat=23.106585"
,2025-09-21T03:45:21Z,COM6,,UTC=11:33:11,18.70,120.292627,23.106585,,,,,,,,,41,SAT=7,-75.15,46.60,1512.80,-168595.00,-11445.00,144T=56,,"Package=897,UTC=11:33:11,Lat=23.106585,Lng=120.292627,Alt=18.70,Ax=-75.15,Ay=46.60,Az=1512.80,Gx=-168595.00,Gy=-11445.00,Gz=144T=56,H=41,SAT=7"
,2025-09-21T03:45:22Z,COM6,,UTC=11:33:11,,,23.106,,,,,,,,,,,,,,,,,,"Package=898,UTC=11:33:11,Lat=23.106"
,2025-09-21T03:45:23Z,COM6,,UTC=11:33:11,18.70,120.292627,23.106585,,,,,,,,,40,SAT=7,-16.59,-91.13,985.76,108990.00,49980.00,-4464T=56,,"Package=899,UTC=11:33:11,Lat=23.106585,Lng=120.292627,Alt=18.70,Ax=-16.59,Ay=-91.13,Az=985.76,Gx=108990.00,Gy=49980.00,Gz=-4464T=56,H=40,SAT=7"
,2025-09-21T03:45:24Z,COM6,,UTC=11:33:11,18.70,120.292627,23.106585,,,,,,,,,40,SAT=7,-54.53,-10.98,920.86,-39637.50,-50750.00,-267T=56,,"Package=900,UTC=11:33:11,Lat=23.106585,Lng=120.292627,Alt=18.70,Ax=-54.53,Ay=-10.98,Az=920.86,Gx=-39637.50,Gy=-50750.00,Gz=-267T=56,H=40,SAT=7"
,2025-09-21T03:45:25Z,COM6,,UTC=11:33:11,18.70,120.292627,23.106585,,,,,,,,,40,SAT=7,-86.86,2.93,1257.33,-25567.50,-44117.50,15487T=56,,"Package=901,UTC=11:33:11,Lat=23.106585,Lng=120.292627,Alt=18.70,Ax=-86.86,Ay=2.93,Az=1257.33,Gx=-25567.50,Gy=-44117.50,Gz=15487T=56,H=40,SAT=7"
,2025-09-21T03:45:26Z,COM6,,UTC=11:33:11,18.70,120.292627,23.106585,,,,,,,,,40,SAT=7,-68.69,13.54,831.67,-15137.50,-9765.00,202195T=56,,"Package=902,UTC=11:33:11,Lat=23.106585,Lng=120.292627,Alt=18.70,Ax=-68.69,Ay=13.54,Az=831.67,Gx=-15137.50,Gy=-9765.00,Gz=202195T=56,H=40,SAT=7"
,2025-09-21T03:45:27Z,COM6,,UTC=11:33:11,18.70,120.292627,23.106585,,,,,,,,,39,SAT=7,-40.87,-61.12,1212.80,24430.00,4900.00,98840.T=56,,"Package=903,UTC=11:33:11,Lat=23.106585,Lng=120.292627,Alt=18.70,Ax=-40.87,Ay=-61.12,Az=1212.80,Gx=24430.00,Gy=4900.00,Gz=98840.T=56,H=39,SAT=7"
,2025-09-21T03:45:28Z,COM6,,UTC=11:33:11,18.70,120.292627,23.106585,,,,,,,,,39,SAT=7,-58.68,-58.56,1085.56,77070.00,-16485.00,1085T=56,,"Package=904,UTC=11:33:11,Lat=23.106585,Lng=120.292627,Alt=18.70,Ax=-58.68,Ay=-58.56,Az=1085.56,Gx=77070.00,Gy=-16485.00,Gz=1085T=56,H=39,SAT=7"
,2025-09-21T03:45:29Z,COM6,,UTC=11:33:11,18.70,120.292627,23.106585,,,,,,,,,39,SAT=7,-14.15,-71.00,1120.69,36190.00,26425.00,58467T=56,,"Package=905,UTC=11:33:11,Lat=23.106585,Lng=120.292627,Alt=18.70,Ax=-14.15,Ay=-71.00,Az=1120.69,Gx=36190.00,Gy=26425.00,Gz=58467T=56,H=39,SAT=7"
,2025-09-21T03:45:30Z,COM6,,UTC=11:33:11,18.70,120.292627,23.106585,,,,,,,,,39,SAT=7,-63.20,-122.98,1112.64,94902.50,-68880.00,334T=56,,"Package=906,UTC=11:33:11,Lat=23.106585,Lng=120.292627,Alt=18.70,Ax=-63.20,Ay=-122.98,Az=1112.64,Gx=94902.50,Gy=-68880.00,Gz=334T=56,H=39,SAT=7"
,2025-09-21T03:45:31Z,COM6,,UTC=11:33:11,18.70,120.292627,23.106585,,,,,,,,,,,,,,,,,,"Package=907,UTC=11:33:11,Lat=23.106585,Lng=120.292627,Alt=18.70"
,2025-09-21T03:45:32Z,COM6,,UTC=11:33:11,18.70,120.292627,23.106585,,,,,,,,,39,SAT=7,-26.96,32.21,1316.75,-95445.00,33915.00,58047T=56,,"Package=908,UTC=11:33:11,Lat=23.106585,Lng=120.292627,Alt=18.70,Ax=-26.96,Ay=32.21,Az=1316.75,Gx=-95445.00,Gy=33915.00,Gz=58047T=56,H=39,SAT=7"
,2025-09-21T03:45:33Z,COM6,,UTC=11:33:11,,,23.106585,,,,,,,,,,,,,,,,,,"Package=909,UTC=11:33:11,Lat=23.106585,Ln"
,2025-09-21T03:45:34Z,COM6,,UTC=11:33:11,18.70,120.292627,23.106585,,,,,,,,,39,SAT=7,-81.62,49.04,1349.32,-31535.00,-4585.00,22470T=56,,"Package=910,UTC=11:33:11,Lat=23.106585,Lng=120.292627,Alt=18.70,Ax=-81.62,Ay=49.04,Az=1349.32,Gx=-31535.00,Gy=-4585.00,Gz=22470T=56,H=39,SAT=7"
,2025-09-21T03:45:35Z,COM6,,UTC=11:33:11,18.70,120.292627,23.106585,,,,,,,,,39,SAT=7,-51.73,-54.29,786.90,52885.00,-31465.00,14633T=56,,"Package=911,UTC=11:33:11,Lat=23.106585,Lng=120.292627,Alt=18.70,Ax=-51.73,Ay=-54.29,Az=786.90,Gx=52885.00,Gy=-31465.00,Gz=14633T=56,H=39,SAT=7"
,2025-09-21T03:45:36Z,COM6,,UTC=11:33:11,18.70,120.292627,23.106585,,,,,,,,,39,SAT=7,-103.09,-54.90,1445.09,22575.00,-22890.00,134T=56,,"Package=912,UTC=11:33:11,Lat=23.106585,Lng=120.292627,Alt=18.70,Ax=-103.09,Ay=-54.90,Az=1445.09,Gx=22575.00,Gy=-22890.00,Gz=134T=56,H=39,SAT=7"
,2025-09-21T03:45:37Z,COM6,,UTC=11:33:11,18.70,120.292627,23.106585,,,,,,,,,39,SAT=7,-50.75,8.66,809.96,19967.50,2467.50,223282.50T=56,,"Package=913,UTC=11:33:11,Lat=23.106585,Lng=120.292627,Alt=18.70,Ax=-50.75,Ay=8.66,Az=809.96,Gx=19967.50,Gy=2467.50,Gz=223282.50T=56,H=39,SAT=7"
,2025-09-21T03:45:38Z,COM6,,UTC=11:33:11,18.70,120.292627,23.106585,,,,,,,,,38,SAT=7,-62.95,50.39,1218.78,-25917.50,39952.50,25285T=56,,"Package=914,UTC=11:33:11,Lat=23.106585,Lng=120.292627,Alt=18.70,Ax=-62.95,Ay=50.39,Az=1218.78,Gx=-25917.50,Gy=39952.50,Gz=25285T=56,H=38,SAT=7"
,2025-09-21T03:45:39Z,COM6,,UTC=11:33:11,18.70,120.292627,23.106585,,,,,,,,,38,SAT=7,-66.98,-34.89,852.41,-13562.50,-25077.50,1172T=56,,"Package=915,UTC=11:33:11,Lat=23.106585,Lng=120.292627,Alt=18.70,Ax=-66.98,Ay=-34.89,Az=852.41,Gx=-13562.50,Gy=-25077.50,Gz=1172T=56,H=38,SAT=7"
,2025-09-21T03:45:40Z,COM6,,UTC=11:33:11,18.70,120.292627,23.106585,,,,,,,,,38,SAT=7,-73.69,-91.26,1262.46,85645.00,-37800.00,1647T=56,,"Package=916,UTC=11:33:11,Lat=23.106585,Lng=120.292627,Alt=18.70,Ax=-73.69,Ay=-91.26,Az=1262.46,Gx=85645.00,Gy=-37800.00,Gz=1647T=56,H=38,SAT=7"
,2025-09-21T03:45:41Z,COM6,,UTC=11:33:11,18.70,120.292627,23.106585,,,,,,,,,38,SAT=7,-99.43,66.86,1104.59,-66762.50,-37747.50,2546T=56,,"Package=917,UTC=11:33:11,Lat=23.106585,Lng=120.292627,Alt=18.70,Ax=-99.43,Ay=66.86,Az=1104.59,Gx=-66762.50,Gy=-37747.50,Gz=2546T=56,H=38,SAT=7"
,2025-09-21T03:45:42Z,COM6,,UTC=11:33:11,18.70,120.292627,23.106585,,,,,,,,,38,SAT=7,-43.68,7.93,953.80,9817.50,34860.00,228130.00T=56,,"Package=918,UTC=11:33:11,Lat=23.106585,Lng=120.292627,Alt=18.70,Ax=-43.68,Ay=7.93,Az=953.80,Gx=9817.50,Gy=34860.00,Gz=228130.00T=56,H=38,SAT=7"
,2025-09-21T03:45:43Z,COM6,,UTC=11:33:11,18.70,120.292627,23.106585,,,,,,,,,38,SAT=7,-77.10,-52.46,1340.90,5057.50,-57522.50,-1725T=56,,"Package=919,UTC=11:33:11,Lat=23.106585,Lng=120.292627,Alt=18.70,Ax=-77.10,Ay=-52.46,Az=1340.90,Gx=5057.50,Gy=-57522.50,Gz=-1725T=56,H=38,SAT=7"
,2025-09-21T03:45:44Z,COM6,,UTC=11:33:11,,120,23.106585,,,,,,,,,,,,,,,,,,"Package=920,UTC=11:33:11,Lat=23.106585,Lng=120"
,2025-09-21T03:45:45Z,COM6,,UTC=11:33:11,18.70,120.292627,23.106585,,,,,,,,,38,SAT=7,25.62,6.22,1316.26,-51450.00,106487.50,-14665T=56,,"Package=921,UTC=11:33:11,Lat=23.106585,Lng=120.292627,Alt=18.70,Ax=25.62,Ay=6.22,Az=1316.26,Gx=-51450.00,Gy=106487.50,Gz=-14665T=56,H=38,SAT=7"
,2025-09-21T03:45:46Z,COM6,,UTC=11:33:11,,,,,,,,,,,,,,,,,,,,,"Package=922,UTC=11:33:11"
,2025-09-21T03:45:47Z,COM6,,UTC=11:33:11,18.70,120.292627,23.106585,,,,,,,,,38,SAT=7,-79.54,-101.99,1545.25,94290.00,51607.50,-147T=56,,"Package=923,UTC=11:33:11,Lat=23.106585,Lng=120.292627,Alt=18.70,Ax=-79.54,Ay=-101.99,Az=1545.25,Gx=94290.00,Gy=51607.50,Gz=-147T=56,H=38,SAT=7"
,2025-09-21T03:45:49Z,COM6,,UTC=11:33:11,18.70,120.292627,23.106585,,,,,,,,,38,SAT=7,-79.30,60.76,1521.10,-28350.00,-2432.50,-1549T=56,,"Package=925,UTC=11:33:11,Lat=23.106585,Lng=120.292627,Alt=18.70,Ax=-79.30,Ay=60.76,Az=1521.10,Gx=-28350.00,Gy=-2432.50,Gz=-1549T=56,H=38,SAT=7"
,2025-09-21T03:45:50Z,COM6,,UTC=11:33:11,18.70,120.292627,23.106585,,,,,,,,,37,SAT=7,-31.60,-13.18,713.09,-16992.50,-2572.50,65957T=54,,"Package=926,UTC=11:33:11,Lat=23.106585,Lng=120.292627,Alt=18.70,Ax=-31.60,Ay=-13.18,Az=713.09,Gx=-16992.50,Gy=-2572.50,Gz=65957T=54,H=37,SAT=7"
,2025-09-21T03:45:51Z,COM6,,UTC=11:33:11,18.70,120.292627,23.106585,,,,,,,,,38,SAT=7,-8.91,-70.27,1383.85,41265.00,-22347.50,12465T=54,,"Package=927,UTC=11:33:11,Lat=23.106585,Lng=120.292627,Alt=18.70,Ax=-8.91,Ay=-70.27,Az=1383.85,Gx=41265.00,Gy=-22347.50,Gz=12465T=54,H=38,SAT=7"
,2025-09-21T03:45:52Z,COM6,,UTC=11:33:11,18.70,120.292627,23.106585,,,,,,,,,38,SAT=7,-51.36,-51.00,888.89,19582.50,-22435.00,-2611T=54,,"Package=928,UTC=11:33:11,Lat=23.106585,Lng=120.292627,Alt=18.70,Ax=-51.36,Ay=-51.00,Az=888.89,Gx=19582.50,Gy=-22435.00,Gz=-2611T=54,H=38,SAT=7"
,2025-09-21T03:45:53Z,COM6,,UTC=11:33:11,18.70,120.292627,23.106585,,,,,,,,,38,SAT=7,0.98,9.88,1141.19,-84227.50,52622.50,-67707.5T=54,,"Package=929,UTC=11:33:11,Lat=23.106585,Lng=120.292627,Alt=18.70,Ax=0.98,Ay=9.88,Az=1141.19,Gx=-84227.50,Gy=52622.50,Gz=-67707.5T=54,H=38,SAT=7"
,2025-09-21T03:45:54Z,COM6,,UTC=11:33:11,18.70,120.292627,23.106585,,,,,,,,,38,SAT=7,-14.76,-18.30,969.53,-12057.50,6072.50,72520.T=54,,"Package=930,UTC=11:33:11,Lat=23.106585,Lng=120.292627,Alt=18.70,Ax=-14.76,Ay=-18.30,Az=969.53,Gx=-12057.50,Gy=6072.50,Gz=72520.T=54,H=38,SAT=7"
,2025-09-21T03:45:55Z,COM6,,UTC=11:33:11,18.70,120.292627,23.106585,,,,,,,,,38,SAT=7,-80.52,-17.20,1019.55,-11760.00,-99907.50,117T=54,,"Package=931,UTC=11:33:11,Lat=23.106585,Lng=120.292627,Alt=18.70,Ax=-80.52,Ay=-17.20,Az=1019.55,Gx=-11760.00,Gy=-99907.50,Gz=117T=54,H=38,SAT=7"
,2025-09-21T03:45:56Z,COM6,,UTC=11:33:11,18.70,120.292627,23.106585,,,,,,,,,38,SAT=7,-54.17,-33.92,1440.45,34335.00,33932.50,20681T=54,,"Package=932,UTC=11:33:11,Lat=23.106585,Lng=120.292627,Alt=18.70,Ax=-54.17,Ay=-33.92,Az=1440.45,Gx=34335.00,Gy=33932.50,Gz=20681T=54,H=38,SAT=7"
,2025-09-21T03:45:57Z,COM6,,UTC=11:33:11,18.70,120.292627,23.106585,,,,,,,,,38,SAT=7,-15.74,-19.28,829.72,-25112.50,27632.50,87097T=54,,"Package=933,UTC=11:33:11,Lat=23.106585,Lng=120.292627,Alt=18.70,Ax=-15.74,Ay=-19.28,Az=829.72,Gx=-25112.50,Gy=27632.50,Gz=87097T=54,H=38,SAT=7"
,2025-09-21T03:45:58Z,COM6,,UTC=11:33:11,18.70,120.292627,23.106585,,,,,,,,,38,SAT=7,-0.98,-55.02,1462.41,-2992.50,54022.50,-10872T=54,,"Package=934,UTC=11:33:11,Lat=23.106585,Lng=120.292627,Alt=18.70,Ax=-0.98,Ay=-55.02,Az=1462.41,Gx=-2992.50,Gy=54022.50,Gz=-10872T=54,H=38,SAT=7"
,2025-09-21T03:45:59Z,COM6,,UTC=11:33:11,18.70,120.292627,23.106585,,,,,,,,,,,,,,,,,,"Package=935,UTC=11:33:11,Lat=23.106585,Lng=120.292627,Alt=18.70,Ax="
,2025-09-21T03:46:00Z,COM6,,UTC=11:33:11,18.70,120.292627,23.106585,,,,,,,,,38,SAT=7,-47.09,-40.26,1492.55,-21297.50,24062.50,-159T=54,,"Package=936,UTC=11:33:11,Lat=23.106585,Lng=120.292627,Alt=18.70,Ax=-47.09,Ay=-40.26,Az=1492.55,Gx=-21297.50,Gy=24062.50,Gz=-159T=54,H=38,SAT=7"
,2025-09-21T03:46:01Z,COM6,,UTC=11:33:11,,12,23.106585,,,,,,,,,,,,,,,,,,"Package=937,UTC=11:33:11,Lat=23.106585,Lng=12"
,2025-09-21T03:46:02Z,COM6,,UTC=11:33:11,18.70,120.292627,23.106585,,,,,,,,,38,SAT=7,-30.62,12.20,1448.14,-40582.50,26057.50,-2786T=54,,"Package=938,UTC=11:33:11,Lat=23.106585,Lng=120.292627,Alt=18.70,Ax=-30.62,Ay=12.20,Az=1448.14,Gx=-40582.50,Gy=26057.50,Gz=-2786T=54,H=38,SAT=7"
,2025-09-21T03:46:03Z,COM6,,UTC=11:33:1,,,,,,,,,,,,,,,,,,,,,"Package=939,UTC=11:33:1"
,2025-09-21T03:46:04Z,COM6,,UTC=11:33:11,18.70,120.292627,23.106585,,,,,,,,,38,SAT=7,-54.78,57.22,1318.58,-81497.50,-8522.50,17785T=54,,"Package=940,UTC=11:33:11,Lat=23.106585,Lng=120.292627,Alt=18.70,Ax=-54.78,Ay=57.22,Az=1318.58,Gx=-81497.50,Gy=-8522.50,Gz=17785T=54,H=38,SAT=7"
,2025-09-21T03:46:06Z,COM6,,UTC=11:33:11,18.70,120.292627,23.106585,,,,,,,,,38,SAT=7,-40.99,-49.41,1115.32,15785.00,13650.00,12106T=54,,"Package=942,UTC=11:33:11,Lat=23.106585,Lng=120.292627,Alt=18.70,Ax=-40.99,Ay=-49.41,Az=1115.32,Gx=15785.00,Gy=13650.00,Gz=12106T=54,H=38,SAT=7"
,2025-09-21T03:46:07Z,COM6,,UTC=11:33:11,18.70,120.292627,23.106585,,,,,,,,,38,SAT=7,-14.88,-22.69,1344.81,3675.00,73885.00,-15806T=54,,"Package=943,UTC=11:33:11,Lat=23.106585,Lng=120.292627,Alt=18.70,Ax=-14.88,Ay=-22.69,Az=1344.81,Gx=3675.00,Gy=73885.00,Gz=-15806T=54,H=38,SAT=7"
,2025-09-21T03:46:08Z,COM6,,UTC=11:33:11,18.70,120.292627,23.106585,,,,,,,,,37,SAT=7,-35.38,-41.11,835.33,22627.50,22242.50,-12596T=55,,"Package=944,UTC=11:33:11,Lat=23.106585,Lng=120.292627,Alt=18.70,Ax=-35.38,Ay=-41.11,Az=835.33,Gx=22627.50,Gy=22242.50,Gz=-12596T=55,H=37,SAT=7"
,2025-09-21T03:46:09Z,COM6,,UTC=11:33:11,18.70,120.292627,23.106585,,,,,,,,,37,SAT=7,-66.37,51.00,1599.79,-40810.00,-21997.50,-505T=55,,"Package=945,UTC=11:33:11,Lat=23.106585,Lng=120.292627,Alt=18.70,Ax=-66.37,Ay=51.00,Az=1599.79,Gx=-40810.00,Gy=-21997.50,Gz=-505T=55,H=37,SAT=7"
,2025-09-21T03:46:10Z,COM6,,UTC=11:33:11,18.70,120.292627,23.106585,,,,,,,,,36,SAT=7,-50.39,-35.99,820.94,11602.50,-28297.50,10955T=55,,"Package=946,UTC=11:33:11,Lat=23.106585,Lng=120.292627,Alt=18.70,Ax=-50.39,Ay=-35.99,Az=820.94,Gx=11602.50,Gy=-28297.50,Gz=10955T=55,H=36,SAT=7"
,2025-09-21T03:46:11Z,COM6,,UTC=11:33:11,18.70,120.292627,23.106585,,,,,,,,,37,SAT=7,-103.21,73.20,1487.18,-28560.00,385.00,277760T=55,,"Package=947,UTC=11:33:11,Lat=23.106585,Lng=120.292627,Alt=18.70,Ax=-103.21,Ay=73.20,Az=1487.18,Gx=-28560.00,Gy=385.00,Gz=277760T=55,H=37,SAT=7"
,2025-09-21T03:46:12Z,COM6,,UTC=11:33:11,18.70,120.292627,23.106585,,,,,,,,,37,SAT=7,-75.15,35.01,670.88,-73027.50,12757.50,183872T=55,,"Package=948,UTC=11:33:11,Lat=23.106585,Lng=120.292627,Alt=18.70,Ax=-75.15,Ay=35.01,Az=670.88,Gx=-73027.50,Gy=12757.50,Gz=183872T=55,H=37,SAT=7"
,2025-09-21T03:46:13Z,COM6,,UTC=11:33:11,18.70,120.292627,23.106585,,,,,,,,,37,SAT=7,-125.66,-83.57,1451.07,14402.50,-104317.50,95T=55,,"Package=949,UTC=11:33:11,Lat=23.106585,Lng=120.292627,Alt=18.70,Ax=-125.66,Ay=-83.57,Az=1451.07,Gx=14402.50,Gy=-104317.50,Gz=95T=55,H=37,SAT=7"
,2025-09-21T03:46:14Z,COM6,,UTC=11:33:11,18.70,120.292627,23.106585,,,,,,,,,37,SAT=7,-66.86,49.41,927.57,-100992.50,472.50,182227.T=55,,"Package=950,UTC=11:33:11,Lat=23.106585,Lng=120.292627,Alt=18.70,Ax=-66.86,Ay=49.41,Az=927.57,Gx=-100992.50,Gy=472.50,Gz=182227.T=55,H=37,SAT=7"
,2025-09-21T03:46:15Z,COM6,,UTC=11:33:11,18.70,120.292627,23.106585,,,,,,,,,36,SAT=7,-107.12,52.95,1261.60,-69790.00,-45675.00,211T=55,,"Package=951,UTC=11:33:11,Lat=23.106585,Lng=120.292627,Alt=18.70,Ax=-107.12,Ay=52.95,Az=1261.60,Gx=-69790.00,Gy=-45675.00,Gz=211T=55,H=36,SAT=7"
,2025-09-21T03:46:16Z,COM6,,UTC=11:33:11,,120,23.106585,,,,,,,,,,,,,,,,,,"Package=952,UTC=11:33:11,Lat=23.106585,Lng=120"
,2025-09-21T03:46:17Z,COM6,,UTC=11:33:11,18.70,120.292627,23.106585,,,,,,,,,36,SAT=7,7.81,-45.14,940.13,22225.00,73080.00,46025.00T=55,,"Package=953,UTC=11:33:11,Lat=23.106585,Lng=120.292627,Alt=18.70,Ax=7.81,Ay=-45.14,Az=940.13,Gx=22225.00,Gy=73080.00,Gz=46025.00T=55,H=36,SAT=7"
,2025-09-21T03:46:18Z,COM6,,UTC=11:33:11,,,,,,,,,,,,,,,,,,,,,"Package=954,UTC=11:33:11"
,2025-09-21T03:46:19Z,COM6,,UTC=11:33:11,18.70,120.292627,23.106585,,,,,,,,,36,SAT=7,-46.60,-10.98,967.22,-42945.00,19967.50,-1092T=54,,"Package=955,UTC=11:33:11,Lat=23.106585,Lng=120.292627,Alt=18.70,Ax=-46.60,Ay=-10.98,Az=967.22,Gx=-42945.00,Gy=19967.50,Gz=-1092T=54,H=36,SAT=7"
,2025-09-21T03:46:21Z,COM6,,UTC=11:33:11,18.70,120.292627,23.106585,,,,,,,,,37,SAT=7,-17.32,-30.50,782.14,-8540.00,35525.00,-33372T=53,,"Package=957,UTC=11:33:11,Lat=23.106585,Lng=120.292627,Alt=18.70,Ax=-17.32,Ay=-30.50,Az=782.14,Gx=-8540.00,Gy=35525.00,Gz=-33372T=53,H=37,SAT=7"
,2025-09-21T03:46:22Z,COM6,,UTC=11:33:11,18.70,120.292627,23.106585,,,,,,,,,37,SAT=7,-29.28,-25.62,1389.70,-1820.00,46252.50,-2011T=53,,"Package=958,UTC=11:33:11,Lat=23.106585,Lng=120.292627,Alt=18.70,Ax=-29.28,Ay=-25.62,Az=1389.70,Gx=-1820.00,Gy=46252.50,Gz=-2011T=53,H=37,SAT=7"
,2025-09-21T03:46:23Z,COM6,,UTC=11:33:11,18.70,120.292627,23.106585,,,,,,,,,37,SAT=7,-25.86,-13.91,623.42,22242.50,13755.00,-62615T=53,,"Package=959,UTC=11:33:11,Lat=23.106585,Lng=120.292627,Alt=18.70,Ax=-25.86,Ay=-13.91,Az=623.42,Gx=22242.50,Gy=13755.00,Gz=-62615T=53,H=37,SAT=7"
,2025-09-21T03:46:24Z,COM6,,UTC=11:33:11,18.70,120.292627,23.106585,,,,,,,,,37,SAT=7,6.47,-4.39,1431.79,-16380.00,54372.50,-46007.T=53,,"Package=960,UTC=11:33:11,Lat=23.106585,Lng=120.292627,Alt=18.70,Ax=6.47,Ay=-4.39,Az=1431.79,Gx=-16380.00,Gy=54372.50,Gz=-46007.T=53,H=37,SAT=7"
,2025-09-21T03:46:25Z,COM6,,UTC=11:33:11,18.70,120.292627,23.106585,,,,,,,,,37,SAT=7,-11.10,-10.25,958.80,-18497.50,47670.00,-1186T=53,,"Package=961,UTC=11:33:11,Lat=23.106585,Lng=120.292627,Alt=18.70,Ax=-11.10,Ay=-10.25,Az=958.80,Gx=-18497.50,Gy=47670.00,Gz=-1186T=53,H=37,SAT=7"
,2025-09-21T03:46:26Z,COM6,,UTC=11:33:11,18.70,120.292627,23.106585,,,,,,,,,37,SAT=7,-74.79,-73.69,1256.60,39410.00,-53585.00,-272T=53,,"Package=962,UTC=11:33:11,Lat=23.106585,Lng=120.292627,Alt=18.70,Ax=-74.79,Ay=-73.69,Az=1256.60,Gx=39410.00,Gy=-53585.00,Gz=-272T=53,H=37,SAT=7"
,2025-09-21T03:46:27Z,COM6,,UTC=11:33:11,18.70,120.292627,23.106585,,,,,,,,,37,SAT=7,-56.61,-58.19,1022.48,22627.50,-52237.50,-105T=53,,"Package=963,UTC=11:33:11,Lat=23.106585,Lng=120.292627,Alt=18.70,Ax=-56.61,Ay=-58.19,Az=1022.48,Gx=22627.50,Gy=-52237.50,Gz=-105T=53,H=37,SAT=7"
,2025-09-21T03:46:28Z,COM6,,UTC=11:33:11,18.70,120.292627,23.106585,,,,,,,,,37,SAT=7,-61.73,-26.96,1024.07,7945.00,-43557.50,-5237T=53,,"Package=964,UTC=11:33:11,Lat=23.106585,Lng=120.292627,Alt=18.70,Ax=-61.73,Ay=-26.96,Az=1024.07,Gx=7945.00,Gy=-43557.50,Gz=-5237T=53,H=37,SAT=7"
,2025-09-21T03:46:29Z,COM6,,UTC=11:33:11,18.70,120.292627,23.106585,,,,,,,,,,,-8,,,,,,,"Package=965,UTC=11:33:11,Lat=23.106585,Lng=120.292627,Alt=18.70,Ax=-8"
,2025-09-21T03:46:30Z,COM6,,UTC=11:33:11,18.70,120.292627,23.106585,,,,,,,,,37,SAT=7,-89.55,42.82,813.98,-45552.50,-28682.50,23042T=53,,"Package=966,UTC=11:33:11,Lat=23.106585,Lng=120.292627,Alt=18.70,Ax=-89.55,Ay=42.82,Az=813.98,Gx=-45552.50,Gy=-28682.50,Gz=23042T=53,H=37,SAT=7"
,2025-09-21T03:46:31Z,COM6,,UTC=11:33:11,18.70,120.292627,23.106585,,,,,,,,,,,,,,,,,,"Package=967,UTC=11:33:11,Lat=23.106585,Lng=120.292627,Alt=18.70,Ax="
,2025-09-21T03:46:32Z,COM6,,UTC=11:33:11,18.70,120.292627,23.106585,,,,,,,,,37,SAT=7,-45.99,-69.30,742.25,86187.50,-34370.00,10792T=53,,"Package=968,UTC=11:33:11,Lat=23.106585,Lng=120.292627,Alt=18.70,Ax=-45.99,Ay=-69.30,Az=742.25,Gx=86187.50,Gy=-34370.00,Gz=10792T=53,H=37,SAT=7"
,2025-09-21T03:46:33Z,COM6,,UTC=11:33:11,,12,23.106585,,,,,,,,,,,,,,,,,,"Package=969,UTC=11:33:11,Lat=23.106585,Lng=12"
,2025-09-21T03:46:34Z,COM6,,UTC=11:33:11,18.70,120.292627,23.106585,,,,,,,,,37,SAT=7,-23.18,-10.49,847.17,-39462.50,22312.50,-1670T=53,,"Package=970,UTC=11:33:11,Lat=23.106585,Lng=120.292627,Alt=18.70,Ax=-23.18,Ay=-10.49,Az=847.17,Gx=-39462.50,Gy=22312.50,Gz=-1670T=53,H=37,SAT=7"
,2025-09-21T03:46:35Z,COM6,,UTC=11:33:1,,,,,,,,,,,,,,,,,,,,,"Package=971,UTC=11:33:1"
,2025-09-21T03:46:36Z,COM6,,UTC=11:33:11,18.70,120.292627,23.106585,,,,,,,,,37,SAT=7,-68.44,-10.49,1034.56,17342.50,-24255.00,-352T=53,,"Package=972,UTC=11:33:11,Lat=23.106585,Lng=120.292627,Alt=18.70,Ax=-68.44,Ay=-10.49,Az=1034.56,Gx=17342.50,Gy=-24255.00,Gz=-352T=53,H=37,SAT=7"
,2025-09-21T03:46:38Z,COM6,,UTC=11:33:11,18.70,120.292627,23.106585,,,,,,,,,37,SAT=7,-37.09,26.35,1464.12,-23415.00,28560.00,-1564T=54,,"Package=974,UTC=11:33:11,Lat=23.106585,Lng=120.292627,Alt=18.70,Ax=-37.09,Ay=26.35,Az=1464.12,Gx=-23415.00,Gy=28560.00,Gz=-1564T=54,H=37,SAT=7"
,2025-09-21T03:46:39Z,COM6,,UTC=11:33:11,18.70,120.292627,23.106585,,,,,,,,,37,SAT=7,-26.96,-46.12,779.09,19075.00,11077.50,-46410T=54,,"Package=975,UTC=11:33:11,Lat=23.106585,Lng=120.292627,Alt=18.70,Ax=-26.96,Ay=-46.12,Az=779.09,Gx=19075.00,Gy=11077.50,Gz=-46410T=54,H=37,SAT=7"
,2025-09-21T03:46:40Z,COM6,,UTC=11:33:11,18.70,120.292627,23.106585,,,,,,,,,37,SAT=7,-30.13,18.79,1476.20,-21140.00,16537.50,-9502T=54,,"Package=976,UTC=11:33:11,Lat=23.106585,Lng=120.292627,Alt=18.70,Ax=-30.13,Ay=18.79,Az=1476.20,Gx=-21140.00,Gy=16537.50,Gz=-9502T=54,H=37,SAT=7"
,2025-09-21T03:46:41Z,COM6,,UTC=11:33:11,18.70,120.292627,23.106585,,,,,,,,,37,SAT=7,-29.65,-30.26,642.09,30100.00,-12180.00,56735T=54,,"Package=977,UTC=11:33:11,Lat=23.106585,Lng=120.292627,Alt=18.70,Ax=-29.65,Ay=-30.26,Az=642.09,Gx=30100.00,Gy=-12180.00,Gz=56735T=54,H=37,SAT=7"
,2025-09-21T03:46:42Z,COM6,,UTC=11:33:11,18.70,120.292627,23.106585,,,,,,,,,37,SAT=7,-69.91,-90.89,1432.04,46830.00,8085.00,-47005T=54,,"Package=978,UTC=11:33:11,Lat=23.106585,Lng=120.292627,Alt=18.70,Ax=-69.91,Ay=-90.89,Az=1432.04,Gx=46830.00,Gy=8085.00,Gz=-47005T=54,H=37,SAT=7"
,2025-09-21T03:46:43Z,COM6,,UTC=11:33:11,18.70,120.292627,23.106585,,,,,,,,,37,SAT=7,-45.38,-22.94,818.62,-17342.50,-9082.50,-1171T=54,,"Package=979,UTC=11:33:11,Lat=23.106585,Lng=120.292627,Alt=18.70,Ax=-45.38,Ay=-22.94,Az=818.62,Gx=-17342.50,Gy=-9082.50,Gz=-1171T=54,H=37,SAT=7"
,2025-09-21T03:46:44Z,COM6,,UTC=11:33:11,18.70,120.292627,23.106585,,,,,,,,,37,SAT=7,-58.44,-82.72,1250.50,56315.00,36610.00,-1229T=54,,"Package=980,UTC=11:33:11,Lat=23.106585,Lng=120.292627,Alt=18.70,Ax=-58.44,Ay=-82.72,Az=1250.50,Gx=56315.00,Gy=36610.00,Gz=-1229T=54,H=37,SAT=7"
,2025-09-21T03:46:45Z,COM6,,UTC=11:33:11,18.70,120.292627,23.106585,,,,,,,,,37,SAT=7,-49.90,44.04,1065.43,-15557.50,-87.50,-183925T=54,,"Package=981,UTC=11:33:11,Lat=23.106585,Lng=120.292627,Alt=18.70,Ax=-49.90,Ay=44.04,Az=1065.43,Gx=-15557.50,Gy=-87.50,Gz=-183925T=54,H=37,SAT=7"
,2025-09-21T03:46:46Z,COM6,,UTC=11:33:11,18.70,120.292627,23.106585,,,,,,,,,37,SAT=7,-25.13,7.20,1059.33,-25130.00,-717.50,-127715T=54,,"Package=982,UTC=11:33:11,Lat=23.106585,Lng=120.292627,Alt=18.70,Ax=-25.13,Ay=7.20,Az=1059.33,Gx=-25130.00,Gy=-717.50,Gz=-127715T=54,H=37,SAT=7"
,2025-09-21T03:46:47Z,COM6,,UTC=11:33:11,18.70,120.292627,23.106585,,,,,,,,,37,SAT=7,-35.14,43.19,1465.10,-64925.00,16415.00,10435T=54,,"Package=983,UTC=11:33:11,Lat=23.106585,Lng=120.292627,Alt=18.70,Ax=-35.14,Ay=43.19,Az=1465.10,Gx=-64925.00,Gy=16415.00,Gz=10435T=54,H=37,SAT=7"
,2025-09-21T03:46:48Z,COM6,,UTC=11:33:11,,120,23.106585,,,,,,,,,,,,,,,,,,"Package=984,UTC=11:33:11,Lat=23.106585,Lng=120"
,2025-09-21T03:46:49Z,COM6,,UTC=11:33:11,18.70,120.292627,23.106585,,,,,,,,,37,SAT=7,-41.85,-45.26,1432.40,2450.00,1050.00,107607.T=54,,"Package=985,UTC=11:33:11,Lat=23.106585,Lng=120.292627,Alt=18.70,Ax=-41.85,Ay=-45.26,Az=1432.40,Gx=2450.00,Gy=1050.00,Gz=107607.T=54,H=37,SAT=7"
,2025-09-21T03:46:50Z,COM6,,UTC=11:33:11,,,,,,,,,,,,,,,,,,,,,"Package=986,UTC=11:33:11"
,2025-09-21T03:46:51Z,COM6,,UTC=11:33:11,18.70,120.292627,23.106585,,,,,,,,,37,SAT=7,-56.12,-21.47,1512.68,7280.00,-24902.50,12267T=54,,"Package=987,UTC=11:33:11,Lat=23.106585,Lng=120.292627,Alt=18.70,Ax=-56.12,Ay=-21.47,Az=1512.68,Gx=7280.00,Gy=-24902.50,Gz=12267T=54,H=37,SAT=7"
,2025-09-21T03:46:53Z,COM6,,UTC=11:33:11,18.70,120.292627,23.106585,,,,,,,,,37,SAT=7,-61.00,-8.91,1292.96,-18795.00,-5880.00,45185T=53,,"Package=989,UTC=11:33:11,Lat=23.106585,Lng=120.292627,Alt=18.70,Ax=-61.00,Ay=-8.91,Az=1292.96,Gx=-18795.00,Gy=-5880.00,Gz=45185T=53,H=37,SAT=7"
,2025-09-21T03:46:54Z,COM6,,UTC=11:33:11,18.70,120.292627,23.106585,,,,,,,,,37,SAT=7,-42.46,-0.49,892.92,6720.00,20720.00,205222.5T=52,,"Package=990,UTC=11:33:11,Lat=23.106585,Lng=120.292627,Alt=18.70,Ax=-42.46,Ay=-0.49,Az=892.92,Gx=6720.00,Gy=20720.00,Gz=205222.5T=52,H=37,SAT=7"
,2025-09-21T03:46:55Z,COM6,,UTC=11:33:11,18.70,120.292627,23.106585,,,,,,,,,37,SAT=7,-35.14,-38.55,1141.55,24937.50,58677.50,10382T=52,,"Package=991,UTC=11:33:11,Lat=23.106585,Lng=120.292627,Alt=18.70,Ax=-35.14,Ay=-38.55,Az=1141.55,Gx=24937.50,Gy=58677.50,Gz=10382T=52,H=37,SAT=7"
,2025-09-21T03:46:56Z,COM6,,UTC=11:33:11,18.70,120.292627,23.106585,,,,,,,,,37,SAT=7,-23.79,-66.25,1160.22,3325.00,17762.50,-90597T=52,,"Package=992,UTC=11:33:11,Lat=23.106585,Lng=120.292627,Alt=18.70,Ax=-23.79,Ay=-66.25,Az=1160.22,Gx=3325.00,Gy=17762.50,Gz=-90597T=52,H=37,SAT=7"
,2025-09-21T03:46:57Z,COM6,,UTC=11:33:11,18.70,120.292627,23.106585,,,,,,,,,37,SAT=7,-35.87,-17.20,935.74,23257.50,28630.00,-14362T=52,,"Package=993,UTC=11:33:11,Lat=23.106585,Lng=120.292627,Alt=18.70,Ax=-35.87,Ay=-17.20,Az=935.74,Gx=23257.50,Gy=28630.00,Gz=-14362T=52,H=37,SAT=7"
,2025-09-21T03:46:58Z,COM6,,UTC=11:33:11,18.70,120.292627,23.106585,,,,,,,,,37,SAT=7,-81.50,29.77,1406.90,-9782.50,-23082.50,-1446T=52,,"Package=994,UTC=11:33:11,Lat=23.106585,Lng=120.292627,Alt=18.70,Ax=-81.50,Ay=29.77,Az=1406.90,Gx=-9782.50,Gy=-23082.50,Gz=-1446T=52,H=37,SAT=7"
,2025-09-21T03:46:59Z,COM6,,UTC=11:33:11,18.70,120.292627,23.106585,,,,,,,,,37,SAT=7,-9.39,-29.28,654.77,-5845.00,40880.00,-60445.T=52,,"Package=995,UTC=11:33:11,Lat=23.106585,Lng=120.292627,Alt=18.70,Ax=-9.39,Ay=-29.28,Az=654.77,Gx=-5845.00,Gy=40880.00,Gz=-60445.T=52,H=37,SAT=7"
,2025-09-21T03:47:00Z,COM6,,UTC=11:33:11,18.70,120.292627,23.106585,,,,,,,,,37,SAT=7,-35.50,5.61,1454.48,-22242.50,-14280.00,-7348T=52,,"Package=996,UTC=11:33:11,Lat=23.106585,Lng=120.292627,Alt=18.70,Ax=-35.50,Ay=5.61,Az=1454.48,Gx=-22242.50,Gy=-14280.00,Gz=-7348T=52,H=37,SAT=7"
,2025-09-21T03:47:01Z,COM6,,UTC=11:33:11,18.70,120.292627,23.106585,,,,,,,,,37,SAT=7,-41.36,-39.16,740.30,13370.00,-27912.50,87377T=52,,"Package=997,UTC=11:33:11,Lat=23.106585,Lng=120.292627,Alt=18.70,Ax=-41.36,Ay=-39.16,Az=740.30,Gx=13370.00,Gy=-27912.50,Gz=87377T=52,H=37,SAT=7"
,2025-09-21T03:47:02Z,COM6,,UTC=11:33:11,18.70,120.292627,23.106585,,,,,,,,,37,SAT=7,-67.83,18.54,1301.62,-61215.00,-7542.50,13375T=52,,"Package=998,UTC=11:33:11,Lat=23.106585,Lng=120.292627,Alt=18.70,Ax=-67.83,Ay=18.54,Az=1301.62,Gx=-61215.00,Gy=-7542.50,Gz=13375T=52,H=37,SAT=7"
,2025-09-21T03:47:03Z,COM6,,UTC=11:33:11,18.70,120.292627,23.106585,,,,,,,,,,,,,,,,,,"Package=999,UTC=11:33:11,Lat=23.106585,Lng=120.292627,Alt=18.70,Ax="
,2025-09-21T03:47:04Z,COM6,,UTC=11:33:11,18.70,120.292627,23.106585,,,,,,,,,37,SAT=7,-43.31,-72.10,1287.34,66220.00,-10797.50,1005T=52,,"Package=1000,UTC=11:33:11,Lat=23.106585,Lng=120.292627,Alt=18.70,Ax=-43.31,Ay=-72.10,Az=1287.34,Gx=66220.00,Gy=-10797.50,Gz=1005T=52,H=37,SAT=7"
,2025-09-21T03:47:05Z,COM6,,UTC=11:33:11,,1,23.106585,,,,,,,,,,,,,,,,,,"Package=1001,UTC=11:33:11,Lat=23.106585,Lng=1"
,2025-09-21T03:47:06Z,COM6,,UTC=11:33:11,18.70,120.292627,23.106585,,,,,,,,,37,SAT=7,-27.94,-91.26,1001.38,100257.50,18987.50,-995T=52,,"Package=1002,UTC=11:33:11,Lat=23.106585,Lng=120.292627,Alt=18.70,Ax=-27.94,Ay=-91.26,Az=1001.38,Gx=100257.50,Gy=18987.50,Gz=-995T=52,H=37,SAT=7"
,2025-09-21T03:47:07Z,COM6,,UTC=11:33:,,,,,,,,,,,,,,,,,,,,,"Package=1003,UTC=11:33:"
,2025-09-21T03:47:08Z,COM6,,UTC=11:33:11,18.70,120.292627,23.106585,,,,,,,,,37,SAT=7,-15.49,-24.16,849.49,-15190.00,34160.00,-6468T=52,,"Package=1004,UTC=11:33:11,Lat=23.106585,Lng=120.292627,Alt=18.70,Ax=-15.49,Ay=-24.16,Az=849.49,Gx=-15190.00,Gy=34160.00,Gz=-6468T=52,H=37,SAT=7"
,2025-09-21T03:47:10Z,COM6,,UTC=11:33:11,18.70,120.292627,23.106585,,,,,,,,,37,SAT=7,-37.82,-7.69,785.68,-26145.00,-17605.00,11439T=53,,"Package=1006,UTC=11:33:11,Lat=23.106585,Lng=120.292627,Alt=18.70,Ax=-37.82,Ay=-7.69,Az=785.68,Gx=-26145.00,Gy=-17605.00,Gz=11439T=53,H=37,SAT=7"
,2025-09-21T03:47:11Z,COM6,,UTC=11:33:11,18.70,120.292627,23.106585,,,,,,,,,37,SAT=7,-11.22,-5.12,1501.94,-17622.50,70875.00,14885T=53,,"Package=1007,UTC=11:33:11,Lat=23.106585,Lng=120.292627,Alt=18.70,Ax=-11.22,Ay=-5.12,Az=1501.94,Gx=-17622.50,Gy=70875.00,Gz=14885T=53,H=37,SAT=7"
,2025-09-21T03:47:12Z,COM6,,UTC=11:33:11,18.70,120.292627,23.106585,,,,,,,,,37,SAT=7,-36.60,-52.70,716.02,10150.00,-26215.00,-3013T=53,,"Package=1008,UTC=11:33:11,Lat=23.106585,Lng=120.292627,Alt=18.70,Ax=-36.60,Ay=-52.70,Az=716.02,Gx=10150.00,Gy=-26215.00,Gz=-3013T=53,H=37,SAT=7"
,2025-09-21T03:47:13Z,COM6,,UTC=11:33:11,18.70,120.292627,23.106585,,,,,,,,,37,SAT=7,-109.31,11.83,1376.89,-46270.00,-87885.00,990T=53,,"Package=1009,UTC=11:33:11,Lat=23.106585,Lng=120.292627,Alt=18.70,Ax=-109.31,Ay=11.83,Az=1376.89,Gx=-46270.00,Gy=-87885.00,Gz=990T=53,H=37,SAT=7"
,2025-09-21T03:47:14Z,COM6,,UTC=11:33:11,18.70,120.292627,23.106585,,,,,,,,,37,SAT=7,-48.31,16.84,740.05,-18270.00,-16870.00,19818T=53,,"Package=1010,UTC=11:33:11,Lat=23.106585,Lng=120.292627,Alt=18.70,Ax=-48.31,Ay=16.84,Az=740.05,Gx=-18270.00,Gy=-16870.00,Gz=19818T=53,H=37,SAT=7"
,2025-09-21T03:47:15Z,COM6,,UTC=11:33:11,18.70,120.292627,23.106585,,,,,,,,,37,SAT=7,-23.55,-7.32,1410.93,-29802.50,34860.00,70035T=53,,"Package=1011,UTC=11:33:11,Lat=23.106585,Lng=120.292627,Alt=18.70,Ax=-23.55,Ay=-7.32,Az=1410.93,Gx=-29802.50,Gy=34860.00,Gz=70035T=53,H=37,SAT=7"
,2025-09-21T03:47:17Z,COM6,,UTC=11:33:11,18.70,120.292627,23.106585,,,,,,,,,37,SAT=7,-78.20,-65.76,1053.84,18672.50,-36277.50,-879T=53,,"Package=1013,UTC=11:33:11,Lat=23.106585,Lng=120.292627,Alt=18.70,Ax=-78.20,Ay=-65.76,Az=1053.84,Gx=18672.50,Gy=-36277.50,Gz=-879T=53,H=37,SAT=7"
,2025-09-21T03:47:18Z,COM6,,UTC=11:33:11,,,,,,,,,,,,,,,,,,,,,"Package=1014,UTC=11:33:11,Lat="
,2025-09-21T03:47:19Z,COM6,,UTC=11:33:11,18.70,120.292627,23.106585,,,,,,,,,37,SAT=7,-40.26,-31.23,864.74,18917.50,25690.00,-13231T=53,,"Package=1015,UTC=11:33:11,Lat=23.106585,Lng=120.292627,Alt=18.70,Ax=-40.26,Ay=-31.23,Az=864.74,Gx=18917.50,Gy=25690.00,Gz=-13231T=53,H=37,SAT=7"
,2025-09-21T03:47:20Z,COM6,,UTC=11:33:11,,,,,,,,,,,,,,,,,,,,,"Package=1016,UTC=11:33:11,La"
,2025-09-21T03:47:21Z,COM6,,UTC=11:33:11,18.70,120.292627,23.106585,,,,,,,,,37,SAT=7,-16.35,-40.63,767.87,38395.00,29592.50,28227.T=53,,"Package=1017,UTC=11:33:11,Lat=23.106585,Lng=120.292627,Alt=18.70,Ax=-16.35,Ay=-40.63,Az=767.87,Gx=38395.00,Gy=29592.50,Gz=28227.T=53,H=37,SAT=7"
,2025-09-21T03:47:22Z,COM6,,UTC=11:33:11,18.70,120.292627,23.106585,,,,,,,,,37,SAT=7,-109.07,-107.36,1406.17,86607.50,-74585.00,11T=53,,"Package=1018,UTC=11:33:11,Lat=23.106585,Lng=120.292627,Alt=18.70,Ax=-109.07,Ay=-107.36,Az=1406.17,Gx=86607.50,Gy=-74585.00,Gz=11T=53,H=37,SAT=7"
,2025-09-21T03:47:23Z,COM6,,UTC=11:33:11,18.70,120.292627,23.106585,,,,,,,,,37,SAT=7,-35.99,-50.26,781.53,26075.00,20982.50,48545.T=53,,"Package=1019,UTC=11:33:11,Lat=23.106585,Lng=120.292627,Alt=18.70,Ax=-35.99,Ay=-50.26,Az=781.53,Gx=26075.00,Gy=20982.50,Gz=48545.T=53,H=37,SAT=7"
,2025-09-21T03:47:24Z,COM6,,UTC=11:33:11,18.70,120.292627,23.106585,,,,,,,,,37,SAT=7,-43.19,-123.10,1395.80,59080.00,35455.00,-287T=53,,"Package=1020,UTC=11:33:11,Lat=23.106585,Lng=120.292627,Alt=18.70,Ax=-43.19,Ay=-123.10,Az=1395.80,Gx=59080.00,Gy=35455.00,Gz=-287T=53,H=37,SAT=7"
,2025-09-21T03:47:25Z,COM6,,UTC=11:33:11,18.70,120.292627,23.106585,,,,,,,,,37,SAT=7,-14.40,-14.76,796.42,-2730.00,6842.50,-100957T=53,,"Package=1021,UTC=11:33:11,Lat=23.106585,Lng=120.292627,Alt=18.70,Ax=-14.40,Ay=-14.76,Az=796.42,Gx=-2730.00,Gy=6842.50,Gz=-100957T=53,H=37,SAT=7"
,2025-09-21T03:47:26Z,COM6,,UTC=11:33:11,18.70,120.292627,23.106585,,,,,,,,,37,SAT=7,-22.81,-24.89,1312.35,4427.50,55177.50,-15016T=53,,"Package=1022,UTC=11:33:11,Lat=23.106585,Lng=120.292627,Alt=18.70,Ax=-22.81,Ay=-24.89,Az=1312.35,Gx=4427.50,Gy=55177.50,Gz=-15016T=53,H=37,SAT=7"
,2025-09-21T03:47:27Z,COM6,,UTC=11:33:11,18.70,120.292627,23.106585,,,,,,,,,37,SAT=7,-52.83,2.56,987.96,-14175.00,-22645.00,-44607T=53,,"Package=1023,UTC=11:33:11,Lat=23.106585,Lng=120.292627,Alt=18.70,Ax=-52.83,Ay=2.56,Az=987.96,Gx=-14175.00,Gy=-22645.00,Gz=-44607T=53,H=37,SAT=7"
,2025-09-21T03:47:28Z,COM6,,UTC=11:33:11,18.70,120.292627,23.106585,,,,,,,,,37,SAT=7,-32.33,-62.10,1012.72,31447.50,35630.00,-6389T=53,,"Package=1024,UTC=11:33:11,Lat=23.106585,Lng=120.292627,Alt=18.70,Ax=-32.33,Ay=-62.10,Az=1012.72,Gx=31447.50,Gy=35630.00,Gz=-6389T=53,H=37,SAT=7"
,2025-09-21T03:47:29Z,COM6,,UTC=11:33:11,18.70,120.292627,23.106585,,,,,,,,,37,SAT=7,-37.21,24.40,1432.40,-2730.00,6790.00,-131302T=53,,"Package=1025,UTC=11:33:11,Lat=23.106585,Lng=120.292627,Alt=18.70,Ax=-37.21,Ay=24.40,Az=1432.40,Gx=-2730.00,Gy=6790.00,Gz=-131302T=53,H=37,SAT=7"
,2025-09-21T03:47:30Z,COM6,,UTC=11:33:11,18.70,120.292627,23.106585,,,,,,,,53,37,SAT=7,-41.11,-40.75,828.75,5250.00,-2310.00,560.00,,"Package=1026,UTC=11:33:11,Lat=23.106585,Lng=120.292627,Alt=18.70,Ax=-41.11,Ay=-40.75,Az=828.75,Gx=5250.00,Gy=-2310.00,Gz=560.00,T=53,H=37,SAT=7"
,2025-09-21T03:47:31Z,COM6,,UTC=11:33:11,18.70,120.292627,23.106585,,,,,,,,,37,SAT=7,-12.93,-18.54,1495.48,-4515.00,18707.50,-7549T=51,,"Package=1027,UTC=11:33:11,Lat=23.106585,Lng=120.292627,Alt=18.70,Ax=-12.93,Ay=-18.54,Az=1495.48,Gx=-4515.00,Gy=18707.50,Gz=-7549T=51,H=37,SAT=7"
,2025-09-21T03:47:32Z,COM6,,UTC=11:33:11,18.70,120.292627,23.106585,,,,,,,,,37,SAT=7,-23.42,-20.37,706.14,-8050.00,6580.00,-53900.T=51,,"Package=1028,UTC=11:33:11,Lat=23.106585,Lng=120.292627,Alt=18.70,Ax=-23.42,Ay=-20.37,Az=706.14,Gx=-8050.00,Gy=6580.00,Gz=-53900.T=51,H=37,SAT=7"
,2025-09-21T03:47:33Z,COM6,,UTC=11:33:11,,120.292,23.106585,,,,,,,,,,,,,,,,,,"Package=1029,UTC=11:33:11,Lat=23.106585,Lng=120.292"
,2025-09-21T03:47:34Z,COM6,,UTC=11:33:11,18.70,120.292627,23.106585,,,,,,,,,37,SAT=7,-82.23,33.43,833.26,-30012.50,-50522.50,-1906T=51,,"Package=1030,UTC=11:33:11,Lat=23.106585,Lng=120.292627,Alt=18.70,Ax=-82.23,Ay=33.43,Az=833.26,Gx=-30012.50,Gy=-50522.50,Gz=-1906T=51,H=37,SAT=7"
,2025-09-21T03:47:35Z,COM6,,UTC=11:33:11,,120.2,23.106585,,,,,,,,,,,,,,,,,,"Package=1031,UTC=11:33:11,Lat=23.106585,Lng=120.2"
,2025-09-21T03:47:36Z,COM6,,UTC=11:33:11,18.70,120.292627,23.106585,,,,,,,,,37,SAT=7,-42.46,21.35,940.13,-77332.50,12075.00,127785T=51,,"Package=1032,UTC=11:33:11,Lat=23.106585,Lng=120.292627,Alt=18.70,Ax=-42.46,Ay=21.35,Az=940.13,Gx=-77332.50,Gy=12075.00,Gz=127785T=51,H=37,SAT=7"
,2025-09-21T03:47:37Z,COM6,,UTC=11:33:11,,120,23.106585,,,,,,,,,,,,,,,,,,"Package=1033,UTC=11:33:11,Lat=23.106585,Lng=120"
,2025-09-21T03:47:38Z,COM6,,UTC=11:33:11,18.70,120.292627,23.106585,,,,,,,,,37,SAT=7,-40.50,-99.92,1366.64,62982.50,52780.00,67672T=51,,"Package=1034,UTC=11:33:11,Lat=23.106585,Lng=120.292627,Alt=18.70,Ax=-40.50,Ay=-99.92,Az=1366.64,Gx=62982.50,Gy=52780.00,Gz=67672T=51,H=37,SAT=7"
,2025-09-21T03:47:39Z,COM6,,UTC=11:33:11,,,23.106585,,,,,,,,,,,,,,,,,,"Package=1035,UTC=11:33:11,Lat=23.106585,Lng="
,2025-09-21T03:47:40Z,COM6,,UTC=11:33:11,18.70,120.292627,23.106585,,,,,,,,,37,SAT=7,-42.82,19.28,1457.41,-42262.50,-21017.50,6790T=51,,"Package=1036,UTC=11:33:11,Lat=23.106585,Lng=120.292627,Alt=18.70,Ax=-42.82,Ay=19.28,Az=1457.41,Gx=-42262.50,Gy=-21017.50,Gz=6790T=51,H=37,SAT=7"
,2025-09-21T03:47:41Z,COM6,,UTC=11:33:11,,,23.106585,,,,,,,,,,,,,,,,,,"Package=1037,UTC=11:33:11,Lat=23.106585,Ln"
,2025-09-21T03:47:42Z,COM6,,UTC=11:33:11,18.70,120.292627,23.106585,,,,,,,,,37,SAT=7,-40.26,20.74,1552.08,-19040.00,4217.50,156292T=51,,"Package=1038,UTC=11:33:11,Lat=23.106585,Lng=120.292627,Alt=18.70,Ax=-40.26,Ay=20.74,Az=1552.08,Gx=-19040.00,Gy=4217.50,Gz=156292T=51,H=37,SAT=7"
,2025-09-21T03:47:43Z,COM6,,UTC=11:33:11,,,23.106585,,,,,,,,,,,,,,,,,,"Package=1039,UTC=11:33:11,Lat=23.106585,"
,2025-09-21T03:47:44Z,COM6,,UTC=11:33:11,18.70,120.292627,23.106585,,,,,,,,,37,SAT=7,-27.33,46.85,1439.84,-99382.50,27720.00,10580T=51,,"Package=1040,UTC=11:33:11,Lat=23.106585,Lng=120.292627,Alt=18.70,Ax=-27.33,Ay=46.85,Az=1439.84,Gx=-99382.50,Gy=27720.00,Gz=10580T=51,H=37,SAT=7"
,2025-09-21T03:47:45Z,COM6,,UTC=11:33:11,,,23.10658,,,,,,,,,,,,,,,,,,"Package=1041,UTC=11:33:11,Lat=23.10658"
,2025-09-21T03:47:46Z,COM6,,UTC=11:33:11,18.70,120.292627,23.106585,,,,,,,,,37,SAT=7,-22.57,52.22,1233.42,-98315.00,31430.00,11798T=51,,"Package=1042,UTC=11:33:11,Lat=23.106585,Lng=120.292627,Alt=18.70,Ax=-22.57,Ay=52.22,Az=1233.42,Gx=-98315.00,Gy=31430.00,Gz=11798T=51,H=37,SAT=7"
,2025-09-21T03:47:47Z,COM6,,UTC=11:33:11,,,23.10,,,,,,,,,,,,,,,,,,"Package=1043,UTC=11:33:11,Lat=23.10"
,2025-09-21T03:47:48Z,COM6,,UTC=11:33:11,18.70,120.292627,23.106585,,,,,,,,,37,SAT=7,-26.60,-27.21,1192.92,-33652.50,-3552.50,1009T=52,,"Package=1044,UTC=11:33:11,Lat=23.106585,Lng=120.292627,Alt=18.70,Ax=-26.60,Ay=-27.21,Az=1192.92,Gx=-33652.50,Gy=-3552.50,Gz=1009T=52,H=37,SAT=7"
,2025-09-21T03:47:49Z,COM6,,UTC=11:33:11,,,23.,,,,,,,,,,,,,,,,,,"Package=1045,UTC=11:33:11,Lat=23."
,2025-09-21T03:47:50Z,COM6,,UTC=11:33:11,18.70,120.292627,23.106585,,,,,,,,,37,SAT=7,-19.03,10.61,942.94,-69125.00,28052.50,123112T=52,,"Package=1046,UTC=11:33:11,Lat=23.106585,Lng=120.292627,Alt=18.70,Ax=-19.03,Ay=10.61,Az=942.94,Gx=-69125.00,Gy=28052.50,Gz=123112T=52,H=37,SAT=7"
,2025-09-21T03:47:51Z,COM6,,UTC=11:33:11,,,2,,,,,,,,,,,,,,,,,,"Package=1047,UTC=11:33:11,Lat=2"
,2025-09-21T03:47:52Z,COM6,,UTC=11:33:11,18.70,120.292627,23.106585,,,,,,,,,37,SAT=7,-39.77,-26.60,802.03,-3745.00,-49665.00,-2728T=52,,"Package=1048,UTC=11:33:11,Lat=23.106585,Lng=120.292627,Alt=18.70,Ax=-39.77,Ay=-26.60,Az=802.03,Gx=-3745.00,Gy=-49665.00,Gz=-2728T=52,H=37,SAT=7"
,2025-09-21T03:47:53Z,COM6,,UTC=11:33:11,,,,,,,,,,,,,,,,,,,,,"Package=1049,UTC=11:33:11,Lat"
,2025-09-21T03:47:54Z,COM6,,UTC=11:33:11,18.70,120.292627,23.106585,,,,,,,,,37,SAT=7,-20.50,-16.35,701.99,-25287.50,45220.00,12999T=52,,"Package=1050,UTC=11:33:11,Lat=23.106585,Lng=120.292627,Alt=18.70,Ax=-20.50,Ay=-16.35,Az=701.99,Gx=-25287.50,Gy=45220.00,Gz=12999T=52,H=37,SAT=7"
,2025-09-21T03:47:55Z,COM6,,UTC=11:33:11,,,,,,,,,,,,,,,,,,,,,"Package=1051,UTC=11:33:11,"
,2025-09-21T03:47:56Z,COM6,,UTC=11:33:11,18.70,120.292627,23.106585,,,,,,,,,37,SAT=7,-27.94,-39.53,782.75,9257.50,10640.00,-59500.T=52,,"Package=1052,UTC=11:33:11,Lat=23.106585,Lng=120.292627,Alt=18.70,Ax=-27.94,Ay=-39.53,Az=782.75,Gx=9257.50,Gy=10640.00,Gz=-59500.T=52,H=37,SAT=7"
,2025-09-21T03:47:57Z,COM6,,UTC=11:33:1,,,,,,,,,,,,,,,,,,,,,"Package=1053,UTC=11:33:1"
,2025-09-21T03:47:58Z,COM6,,UTC=11:33:11,18.70,120.292627,23.106585,,,,,,,,,37,SAT=7,-72.35,-28.18,919.76,21052.50,-57015.00,12712T=52,,"Package=1054,UTC=11:33:11,Lat=23.106585,Lng=120.292627,Alt=18.70,Ax=-72.35,Ay=-28.18,Az=919.76,Gx=21052.50,Gy=-57015.00,Gz=12712T=52,H=37,SAT=7"
,2025-09-21T03:48:00Z,COM6,,UTC=11:33:11,18.70,120.292627,23.106585,,,,,,,,,37,SAT=7,-80.28,45.99,1441.67,-38412.50,13037.50,24136T=52,,"Package=1056,UTC=11:33:11,Lat=23.106585,Lng=120.292627,Alt=18.70,Ax=-80.28,Ay=45.99,Az=1441.67,Gx=-38412.50,Gy=13037.50,Gz=24136T=52,H=37,SAT=7"
,2025-09-21T03:48:01Z,COM6,,UTC=11:33:11,18.70,120.292627,23.106585,,,,,,,,,37,SAT=7,-68.44,-14.15,825.21,-1942.50,-630.00,195632.T=52,,"Package=1057,UTC=11:33:11,Lat=23.106585,Lng=120.292627,Alt=18.70,Ax=-68.44,Ay=-14.15,Az=825.21,Gx=-1942.50,Gy=-630.00,Gz=195632.T=52,H=37,SAT=7"
,2025-09-21T03:48:02Z,COM6,,UTC=11:33:11,18.70,120.292627,23.106585,,,,,,,,,37,SAT=7,-91.50,-127.61,1489.01,105875.00,-43942.50,-7T=52,,"Package=1058,UTC=11:33:11,Lat=23.106585,Lng=120.292627,Alt=18.70,Ax=-91.50,Ay=-127.61,Az=1489.01,Gx=105875.00,Gy=-43942.50,Gz=-7T=52,H=37,SAT=7"
,2025-09-21T03:48:03Z,COM6,,UTC=11:33:11,18.70,120.292627,23.106585,,,,,,,,,36,SAT=7,-67.22,33.06,755.55,-73360.00,-58992.50,-1577T=52,,"Package=1059,UTC=11:33:11,Lat=23.106585,Lng=120.292627,Alt=18.70,Ax=-67.22,Ay=33.06,Az=755.55,Gx=-73360.00,Gy=-58992.50,Gz=-1577T=52,H=36,SAT=7"
,2025-09-21T03:48:04Z,COM6,,UTC=11:33:11,18.70,120.292627,23.106585,,,,,,,,,36,SAT=7,-81.74,-47.70,1399.10,79555.00,-28035.00,-213T=52,,"Package=1060,UTC=11:33:11,Lat=23.106585,Lng=120.292627,Alt=18.70,Ax=-81.74,Ay=-47.70,Az=1399.10,Gx=79555.00,Gy=-28035.00,Gz=-213T=52,H=36,SAT=7"
,2025-09-21T03:48:05Z,COM6,,UTC=11:33:11,18.70,120.292627,23.106585,,,,,,,,,36,SAT=7,-47.82,0.73,728.95,-15645.00,-10570.00,-16910T=52,,"Package=1061,UTC=11:33:11,Lat=23.106585,Lng=120.292627,Alt=18.70,Ax=-47.82,Ay=0.73,Az=728.95,Gx=-15645.00,Gy=-10570.00,Gz=-16910T=52,H=36,SAT=7"
,2025-09-21T03:48:06Z,COM6,,UTC=11:33:11,18.70,120.292627,23.106585,,,,,,,,,36,SAT=7,-84.42,-20.25,1389.34,49700.00,-58817.50,-248T=52,,"Package=1062,UTC=11:33:11,Lat=23.106585,Lng=120.292627,Alt=18.70,Ax=-84.42,Ay=-20.25,Az=1389.34,Gx=49700.00,Gy=-58817.50,Gz=-248T=52,H=36,SAT=7"
,2025-09-21T03:48:07Z,COM6,,UTC=11:33:11,18.70,120.292627,23.106585,,,,,,,,,36,SAT=7,-67.34,10.49,779.34,-8505.00,-47985.00,188580T=52,,"Package=1063,UTC=11:33:11,Lat=23.106585,Lng=120.292627,Alt=18.70,Ax=-67.34,Ay=10.49,Az=779.34,Gx=-8505.00,Gy=-47985.00,Gz=188580T=52,H=36,SAT=7"
,2025-09-21T03:48:08Z,COM6,,UTC=11:33:11,18.70,120.292627,23.106585,,,,,,,,,36,SAT=7,-40.02,-2.56,1166.81,22085.00,30100.00,200777T=52,,"Package=1064,UTC=11:33:11,Lat=23.106585,Lng=120.292627,Alt=18.70,Ax=-40.02,Ay=-2.56,Az=1166.81,Gx=22085.00,Gy=30100.00,Gz=200777T=52,H=36,SAT=7"
,2025-09-21T03:48:09Z,COM6,,UTC=11:33:11,18.70,120.292627,23.106585,,,,,,,,,36,SAT=7,-24.40,-91.26,961.85,56525.00,14612.50,-19897T=52,,"Package=1065,UTC=11:33:11,Lat=23.106585,Lng=120.292627,Alt=18.70,Ax=-24.40,Ay=-91.26,Az=961.85,Gx=56525.00,Gy=14612.50,Gz=-19897T=52,H=36,SAT=7"
,2025-09-21T03:48:10Z,COM6,,UTC=11:33:11,18.70,120.292627,23.106585,,,,,,,,,,,,,,,,,,"Package=1066,UTC=11:33:11,Lat=23.106585,Lng=120.292627,Alt=18.70,Ax"
,2025-09-21T03:48:11Z,COM6,,UTC=11:33:11,18.70,120.292627,23.106585,,,,,,,,,36,SAT=7,-84.91,42.82,1367.99,-52342.50,-11480.00,2217T=52,,"Package=1067,UTC=11:33:11,Lat=23.106585,Lng=120.292627,Alt=18.70,Ax=-84.91,Ay=42.82,Az=1367.99,Gx=-52342.50,Gy=-11480.00,Gz=2217T=52,H=36,SAT=7"
,2025-09-21T03:48:12Z,COM6,,UTC=11:33:11,18.70,120.292627,23.106585,,,,,,,,,,,,,,,,,,"Package=1068,UTC=11:33:11,Lat=23.106585,Lng=120.292627,Alt=18.70,"
,2025-09-21T03:48:13Z,COM6,,UTC=11:33:11,18.70,120.292627,23.106585,,,,,,,,,36,SAT=7,-24.16,-71.25,1518.53,12285.00,5180.00,-17342T=51,,"Package=1069,UTC=11:33:11,Lat=23.106585,Lng=120.292627,Alt=18.70,Ax=-24.16,Ay=-71.25,Az=1518.53,Gx=12285.00,Gy=5180.00,Gz=-17342T=51,H=36,SAT=7"
,2025-09-21T03:48:14Z,COM6,,UTC=11:33:11,18.,120.292627,23.106585,,,,,,,,,,,,,,,,,,"Package=1070,UTC=11:33:11,Lat=23.106585,Lng=120.292627,Alt=18."
,2025-09-21T03:48:15Z,COM6,,UTC=11:33:11,18.70,120.292627,23.106585,,,,,,,,,36,SAT=7,-57.22,63.32,1622.11,-67305.00,10657.50,-1577T=50,,"Package=1071,UTC=11:33:11,Lat=23.106585,Lng=120.292627,Alt=18.70,Ax=-57.22,Ay=63.32,Az=1622.11,Gx=-67305.00,Gy=10657.50,Gz=-1577T=50,H=36,SAT=7"
,2025-09-21T03:48:16Z,COM6,,UTC=11:33:11,1,120.292627,23.106585,,,,,,,,,,,,,,,,,,"Package=1072,UTC=11:33:11,Lat=23.106585,Lng=120.292627,Alt=1"
,2025-09-21T03:48:17Z,COM6,,UTC=11:33:11,18.70,120.292627,23.106585,,,,,,,,,36,SAT=7,-10.13,-52.83,1388.97,-19372.50,67672.50,-139T=50,,"Package=1073,UTC=11:33:11,Lat=23.106585,Lng=120.292627,Alt=18.70,Ax=-10.13,Ay=-52.83,Az=1388.97,Gx=-19372.50,Gy=67672.50,Gz=-139T=50,H=36,SAT=7"
,2025-09-21T03:48:18Z,COM6,,UTC=11:33:11,,120.292627,23.106585,,,,,,,,,,,,,,,,,,"Package=1074,UTC=11:33:11,Lat=23.106585,Lng=120.292627,Alt"
,2025-09-21T03:48:19Z,COM6,,UTC=11:33:11,18.70,120.292627,23.106585,,,,,,,,,36,SAT=7,-13.18,-19.76,1330.78,-10552.50,33197.50,-140T=50,,"Package=1075,UTC=11:33:11,Lat=23.106585,Lng=120.292627,Alt=18.70,Ax=-13.18,Ay=-19.76,Az=1330.78,Gx=-10552.50,Gy=33197.50,Gz=-140T=50,H=36,SAT=7"
,2025-09-21T03:48:20Z,COM6,,UTC=11:33:11,,120.292627,23.106585,,,,,,,,,,,,,,,,,,"Package=1076,UTC=11:33:11,Lat=23.106585,Lng=120.292627,A"
,2025-09-21T03:48:21Z,COM6,,UTC=11:33:11,18.70,120.292627,23.106585,,,,,,,,,36,SAT=7,-27.69,-79.91,1045.78,39340.00,13912.50,-3491T=50,,"Package=1077,UTC=11:33:11,Lat=23.106585,Lng=120.292627,Alt=18.70,Ax=-27.69,Ay=-79.91,Az=1045.78,Gx=39340.00,Gy=13912.50,Gz=-3491T=50,H=36,SAT=7"
,2025-09-21T03:48:22Z,COM6,,UTC=11:33:11,,120.29262,23.106585,,,,,,,,,,,,,,,,,,"Package=1078,UTC=11:33:11,Lat=23.106585,Lng=120.29262"
,2025-09-21T03:48:23Z,COM6,,UTC=11:33:11,18.70,120.292627,23.106585,,,,,,,,,36,SAT=7,-18.91,5.49,830.58,-24325.00,34177.50,-153352T=50,,"Package=1079,UTC=11:33:11,Lat=23.106585,Lng=120.292627,Alt=18.70,Ax=-18.91,Ay=5.49,Az=830.58,Gx=-24325.00,Gy=34177.50,Gz=-153352T=50,H=36,SAT=7"
,2025-09-21T03:48:24Z,COM6,,UTC=11:33:11,,120.292,23.106585,,,,,,,,,,,,,,,,,,"Package=1080,UTC=11:33:11,Lat=23.106585,Lng=120.292"
,2025-09-21T03:48:25Z,COM6,,UTC=11:33:11,18.70,120.292627,23.106585,,,,,,,,,36,SAT=7,-39.04,-15.62,726.63,-7332.50,-7525.00,128205T=50,,"Package=1081,UTC=11:33:11,Lat=23.106585,Lng=120.292627,Alt=18.70,Ax=-39.04,Ay=-15.62,Az=726.63,Gx=-7332.50,Gy=-7525.00,Gz=128205T=50,H=36,SAT=7"
,2025-09-21T03:48:26Z,COM6,,UTC=11:33:11,,120.2,23.106585,,,,,,,,,,,,,,,,,,"Package=1082,UTC=11:33:11,Lat=23.106585,Lng=120.2"
,2025-09-21T03:48:27Z,COM6,,UTC=11:33:11,18.70,120.292627,23.106585,,,,,,,,,36,SAT=7,-25.38,-40.50,762.01,10430.00,4620.00,23362.5T=51,,"Package=1083,UTC=11:33:11,Lat=23.106585,Lng=120.292627,Alt=18.70,Ax=-25.38,Ay=-40.50,Az=762.01,Gx=10430.00,Gy=4620.00,Gz=23362.5T=51,H=36,SAT=7"
,2025-09-21T03:48:28Z,COM6,,UTC=11:33:11,,120,23.106585,,,,,,,,,,,,,,,,,,"Package=1084,UTC=11:33:11,Lat=23.106585,Lng=120"
,2025-09-21T03:48:29Z,COM6,,UTC=11:33:11,18.70,120.292627,23.106585,,,,,,,,,36,SAT=7,-24.16,-62.34,887.43,27807.50,7490.00,-30572.T=51,,"Package=1085,UTC=11:33:11,Lat=23.106585,Lng=120.292627,Alt=18.70,Ax=-24.16,Ay=-62.34,Az=887.43,Gx=27807.50,Gy=7490.00,Gz=-30572.T=51,H=36,SAT=7"
,2025-09-21T03:48:30Z,COM6,,UTC=11:33:11,,1,23.106585,,,,,,,,,,,,,,,,,,"Package=1086,UTC=11:33:11,Lat=23.106585,Lng=1"
,2025-09-21T03:48:31Z,COM6,,UTC=11:33:11,18.70,120.292627,23.106585,,,,,,,,,36,SAT=7,-62.71,-4.27,1272.46,-2345.00,28175.00,-25989T=51,,"Package=1087,UTC=11:33:11,Lat=23.106585,Lng=120.292627,Alt=18.70,Ax=-62.71,Ay=-4.27,Az=1272.46,Gx=-2345.00,Gy=28175.00,Gz=-25989T=51,H=36,SAT=7"
,2025-09-21T03:48:33Z,COM6,,UTC=11:33:11,18.70,120.292627,23.106585,,,,,,,,,36,SAT=7,-100.16,-19.52,1411.54,-47880.00,-76230.00,39T=51,,"Package=1089,UTC=11:33:11,Lat=23.106585,Lng=120.292627,Alt=18.70,Ax=-100.16,Ay=-19.52,Az=1411.54,Gx=-47880.00,Gy=-76230.00,Gz=39T=51,H=36,SAT=7"
,2025-09-21T03:48:35Z,COM6,,UTC=11:33:11,18.70,120.292627,23.106585,,,,,,,,,36,SAT=7,-124.56,-3.90,1451.43,2467.50,-77070.00,21588T=51,,"Package=1091,UTC=11:33:11,Lat=23.106585,Lng=120.292627,Alt=18.70,Ax=-124.56,Ay=-3.90,Az=1451.43,Gx=2467.50,Gy=-77070.00,Gz=21588T=51,H=36,SAT=7"
,2025-09-21T03:48:36Z,COM6,,UTC=11:33:11,18.70,120.292627,23.106585,,,,,,,,,36,SAT=7,-101.02,-26.60,741.52,17955.00,-79520.00,2025T=51,,"Package=1092,UTC=11:33:11,Lat=23.106585,Lng=120.292627,Alt=18.70,Ax=-101.02,Ay=-26.60,Az=741.52,Gx=17955.00,Gy=-79520.00,Gz=2025T=51,H=36,SAT=7"
,2025-09-21T03:48:37Z,COM6,,UTC=11:33:11,18.70,120.292627,23.106585,,,,,,,,,36,SAT=7,-59.54,-62.46,1449.48,18917.50,-11287.50,8510T=51,,"Package=1093,UTC=11:33:11,Lat=23.106585,Lng=120.292627,Alt=18.70,Ax=-59.54,Ay=-62.46,Az=1449.48,Gx=18917.50,Gy=-11287.50,Gz=8510T=51,H=36,SAT=7"
,2025-09-21T03:48:38Z,COM6,,UTC=11:33:11,18.70,120.292627,23.106585,,,,,,,,,36,SAT=7,-68.32,-52.58,811.54,30607.50,-43575.00,-1280T=51,,"Package=1094,UTC=11:33:11,Lat=23.106585,Lng=120.292627,Alt=18.70,Ax=-68.32,Ay=-52.58,Az=811.54,Gx=30607.50,Gy=-43575.00,Gz=-1280T=51,H=36,SAT=7"
,2025-09-21T03:48:39Z,COM6,,UTC=11:33:11,18.70,120.292627,23.106585,,,,,,,,,36,SAT=7,-45.51,-35.01,1273.44,22785.00,51310.00,-2203T=51,,"Package=1095,UTC=11:33:11,Lat=23.106585,Lng=120.292627,Alt=18.70,Ax=-45.51,Ay=-35.01,Az=1273.44,Gx=22785.00,Gy=51310.00,Gz=-2203T=51,H=36,SAT=7"
,2025-09-21T03:48:40Z,COM6,,UTC=11:33:11,18.70,120.292627,23.106585,,,,,,,,,36,SAT=7,-97.36,34.65,875.11,-9432.50,-62230.00,-20366T=51,,"Package=1096,UTC=11:33:11,Lat=23.106585,Lng=120.292627,Alt=18.70,Ax=-97.36,Ay=34.65,Az=875.11,Gx=-9432.50,Gy=-62230.00,Gz=-20366T=51,H=36,SAT=7"
,2025-09-21T03:48:41Z,COM6,,UTC=11:33:11,18.70,120.292627,23.106585,,,,,,,,,36,SAT=7,-86.25,30.01,1128.01,-82827.50,-56787.50,-928T=51,,"Package=1097,UTC=11:33:11,Lat=23.106585,Lng=120.292627,Alt=18.70,Ax=-86.25,Ay=30.01,Az=1128.01,Gx=-82827.50,Gy=-56787.50,Gz=-928T=51,H=36,SAT=7"
,2025-09-21T03:48:42Z,COM6,,UTC=11:33:11,18.70,120.292627,23.106585,,,,,,,,,36,SAT=7,-86.62,-39.28,1229.03,51310.00,-34947.50,-889T=51,,"Package=1098,UTC=11:33:11,Lat=23.106585,Lng=120.292627,Alt=18.70,Ax=-86.62,Ay=-39.28,Az=1229.03,Gx=51310.00,Gy=-34947.50,Gz=-889T=51,H=36,SAT=7"
,2025-09-21T03:48:43Z,COM6,,UTC=11:33:11,18.70,120.292627,23.106585,,,,,,,,,36,SAT=7,-20.25,-24.40,949.04,-38955.00,15610.00,32182T=51,,"Package=1099,UTC=11:33:11,Lat=23.106585,Lng=120.292627,Alt=18.70,Ax=-20.25,Ay=-24.40,Az=949.04,Gx=-38955.00,Gy=15610.00,Gz=32182T=51,H=36,SAT=7"
,2025-09-21T03:48:44Z,COM6,,UTC=11:33:11,18.70,120.292627,23.106585,,,,,,,,,36,SAT=7,-12.32,-52.22,1513.78,34405.00,120452.50,-240T=51,,"Package=1100,UTC=11:33:11,Lat=23.106585,Lng=120.292627,Alt=18.70,Ax=-12.32,Ay=-52.22,Az=1513.78,Gx=34405.00,Gy=120452.50,Gz=-240T=51,H=36,SAT=7"
,2025-09-21T03:48:45Z,COM6,,UTC=11:33:11,18.70,120.292627,23.106585,,,,,,,,,36,SAT=7,-10.86,3.66,823.13,-19915.00,63945.00,-151532T=51,,"Package=1101,UTC=11:33:11,Lat=23.106585,Lng=120.292627,Alt=18.70,Ax=-10.86,Ay=3.66,Az=823.13,Gx=-19915.00,Gy=63945.00,Gz=-151532T=51,H=36,SAT=7"
,2025-09-21T03:48:46Z,COM6,,UTC=11:33:11,18.70,120.292627,23.106585,,,,,,,,,36,SAT=7,-57.46,1.22,1461.56,34912.50,19390.00,87955.0T=51,,"Package=1102,UTC=11:33:11,Lat=23.106585,Lng=120.292627,Alt=18.70,Ax=-57.46,Ay=1.22,Az=1461.56,Gx=34912.50,Gy=19390.00,Gz=87955.0T=51,H=36,SAT=7"
,2025-09-21T03:48:47Z,COM6,,UTC=11:33:11,18.70,120.292627,23.106585,,,,,,,,,36,SAT=7,-59.78,27.82,728.71,-71715.00,-19670.00,17738T=51,,"Package=1103,UTC=11:33:11,Lat=23.106585,Lng=120.292627,Alt=18.70,Ax=-59.78,Ay=27.82,Az=728.71,Gx=-71715.00,Gy=-19670.00,Gz=17738T=51,H=36,SAT=7"
,2025-09-21T03:48:48Z,COM6,,UTC=11:33:11,18.70,120.292627,23.106585,,,,,,,,,36,SAT=7,-17.08,-85.40,1337.85,65397.50,54145.00,95112T=51,,"Package=1104,UTC=11:33:11,Lat=23.106585,Lng=120.292627,Alt=18.70,Ax=-17.08,Ay=-85.40,Az=1337.85,Gx=65397.50,Gy=54145.00,Gz=95112T=51,H=36,SAT=7"
,2025-09-21T03:48:49Z,COM6,,UTC=11:33:11,18.70,120.292627,23.106585,,,,,,,,,36,SAT=7,-20.50,-59.54,821.30,45080.00,36925.00,-12281T=51,,"Package=1105,UTC=11:33:11,Lat=23.106585,Lng=120.292627,Alt=18.70,Ax=-20.50,Ay=-59.54,Az=821.30,Gx=45080.00,Gy=36925.00,Gz=-12281T=51,H=36,SAT=7"
,2025-09-21T03:48:50Z,COM6,,UTC=11:33:11,18.70,120.292627,23.106585,,,,,,,,,36,SAT=7,-37.33,-58.80,1278.80,66815.00,43662.50,-1800T=51,,"Package=1106,UTC=11:33:11,Lat=23.106585,Lng=120.292627,Alt=18.70,Ax=-37.33,Ay=-58.80,Az=1278.80,Gx=66815.00,Gy=43662.50,Gz=-1800T=51,H=36,SAT=7"
,2025-09-21T03:48:51Z,COM6,,UTC=11:33:11,,120.292627,23.106585,,,,,,,,,,,,,,,,,,"Package=1107,UTC=11:33:11,Lat=23.106585,Lng=120.292627,Alt="
,2025-09-21T03:48:52Z,COM6,,UTC=11:33:11,18.70,120.292627,23.106585,,,,,,,,,36,SAT=7,-21.47,6.59,1215.73,-22592.50,8662.50,-97720.T=51,,"Package=1108,UTC=11:33:11,Lat=23.106585,Lng=120.292627,Alt=18.70,Ax=-21.47,Ay=6.59,Az=1215.73,Gx=-22592.50,Gy=8662.50,Gz=-97720.T=51,H=36,SAT=7"
,2025-09-21T03:48:53Z,COM6,,UTC=11:33:11,,,23.1065,,,,,,,,,,,,,,,,,,"Package=1109,UTC=11:33:11,Lat=23.1065"
,2025-09-21T03:48:54Z,COM6,,UTC=11:33:11,18.70,120.292627,23.106585,,,,,,,,,36,SAT=7,-46.97,-67.83,1040.90,37747.50,-26985.00,1148T=51,,"Package=1110,UTC=11:33:11,Lat=23.106585,Lng=120.292627,Alt=18.70,Ax=-46.97,Ay=-67.83,Az=1040.90,Gx=37747.50,Gy=-26985.00,Gz=1148T=51,H=36,SAT=7"
,2025-09-21T03:48:55Z,COM6,,UTC=11:33:11,18.70,120.292627,23.106585,,,,,,,,,36,SAT=7,-81.50,-92.48,1359.57,61967.50,-14822.50,-111T=51,,"Package=1111,UTC=11:33:11,Lat=23.106585,Lng=120.292627,Alt=18.70,Ax=-81.50,Ay=-92.48,Az=1359.57,Gx=61967.50,Gy=-14822.50,Gz=-111T=51,H=36,SAT=7"
,2025-09-21T03:48:56Z,COM6,,UTC=11:33:11,18.70,120.292627,23.106585,,,,,,,,,36,SAT=7,-57.34,-25.01,727.49,35787.50,-20982.50,-1491T=51,,"Package=1112,UTC=11:33:11,Lat=23.106585,Lng=120.292627,Alt=18.70,Ax=-57.34,Ay=-25.01,Az=727.49,Gx=35787.50,Gy=-20982.50,Gz=-1491T=51,H=36,SAT=7"
,2025-09-21T03:48:57Z,COM6,,UTC=11:33:11,18.70,120.292627,23.106585,,,,,,,,,36,SAT=7,-65.15,51.12,1495.84,-13037.50,18095.00,-2388T=51,,"Package=1113,UTC=11:33:11,Lat=23.106585,Lng=120.292627,Alt=18.70,Ax=-65.15,Ay=51.12,Az=1495.84,Gx=-13037.50,Gy=18095.00,Gz=-2388T=51,H=36,SAT=7"
,2025-09-21T03:48:58Z,COM6,,UTC=11:33:11,18.70,120.292627,23.106585,,,,,,,,,36,SAT=7,-17.45,-4.03,762.99,-55247.50,33232.50,-55072T=51,,"Package=1114,UTC=11:33:11,Lat=23.106585,Lng=120.292627,Alt=18.70,Ax=-17.45,Ay=-4.03,Az=762.99,Gx=-55247.50,Gy=33232.50,Gz=-55072T=51,H=36,SAT=7"
,2025-09-21T03:48:59Z,COM6,,UTC=11:33:11,18.70,120.292627,23.106585,,,,,,,,,36,SAT=7,-4.39,36.60,1436.67,-92890.00,34247.50,-2765.T=51,,"Package=1115,UTC=11:33:11,Lat=23.106585,Lng=120.292627,Alt=18.70,Ax=-4.39,Ay=36.60,Az=1436.67,Gx=-92890.00,Gy=34247.50,Gz=-2765.T=51,H=36,SAT=7"
,2025-09-21T03:49:00Z,COM6,,UTC=11:33:11,18.70,120.292627,23.106585,,,,,,,,,36,SAT=7,-3.90,-17.32,709.80,-10990.00,27405.00,23800.T=51,,"Package=1116,UTC=11:33:11,Lat=23.106585,Lng=120.292627,Alt=18.70,Ax=-3.90,Ay=-17.32,Az=709.80,Gx=-10990.00,Gy=27405.00,Gz=23800.T=51,H=36,SAT=7"
,2025-09-21T03:49:01Z,COM6,,UTC=11:33:11,18.70,120.292627,23.106585,,,,,,,,,36,SAT=7,-99.55,-32.09,1336.88,-23117.50,-75145.00,115T=51,,"Package=1117,UTC=11:33:11,Lat=23.106585,Lng=120.292627,Alt=18.70,Ax=-99.55,Ay=-32.09,Az=1336.88,Gx=-23117.50,Gy=-75145.00,Gz=115T=51,H=36,SAT=7"
,2025-09-21T03:49:02Z,COM6,,UTC=11:33:11,18.70,120.292627,23.106585,,,,,,,,,36,SAT=7,-81.74,4.39,939.28,6230.00,-18935.00,217682.5T=51,,"Package=1118,UTC=11:33:11,Lat=23.106585,Lng=120.292627,Alt=18.70,Ax=-81.74,Ay=4.39,Az=939.28,Gx=6230.00,Gy=-18935.00,Gz=217682.5T=51,H=36,SAT=7"
,2025-09-21T03:49:03Z,COM6,,UTC=11:33:11,18.70,120.292627,23.106585,,,,,,,,,36,SAT=7,-36.11,-28.30,1135.09,11497.50,22435.00,14497T=51,,"Package=1119,UTC=11:33:11,Lat=23.106585,Lng=120.292627,Alt=18.70,Ax=-36.11,Ay=-28.30,Az=1135.09,Gx=11497.50,Gy=22435.00,Gz=14497T=51,H=36,SAT=7"
,2025-09-21T03:49:04Z,COM6,,UTC=11:33:11,18.70,120.292627,23.106585,,,,,,,,,36,SAT=7,-35.14,-59.54,1253.18,-8505.00,16065.00,-1022T=51,,"Package=1120,UTC=11:33:11,Lat=23.106585,Lng=120.292627,Alt=18.70,Ax=-35.14,Ay=-59.54,Az=1253.18,Gx=-8505.00,Gy=16065.00,Gz=-1022T=51,H=36,SAT=7"
,2025-09-21T03:49:05Z,COM6,,UTC=11:33:11,18.70,120.292627,23.106585,,,,,,,,,36,SAT=7,-81.01,-40.02,927.93,55965.00,-48002.50,-1313T=49,,"Package=1121,UTC=11:33:11,Lat=23.106585,Lng=120.292627,Alt=18.70,Ax=-81.01,Ay=-40.02,Az=927.93,Gx=55965.00,Gy=-48002.50,Gz=-1313T=49,H=36,SAT=7"
,2025-09-21T03:49:06Z,COM6,,UTC=11:33:11,18.70,120.292627,23.106585,,,,,,,,,37,SAT=7,-124.20,77.96,1661.27,-43662.50,-41667.50,-19T=49,,"Package=1122,UTC=11:33:11,Lat=23.106585,Lng=120.292627,Alt=18.70,Ax=-124.20,Ay=77.96,Az=1661.27,Gx=-43662.50,Gy=-41667.50,Gz=-19T=49,H=37,SAT=7"
,2025-09-21T03:49:07Z,COM6,,UTC=11:33:11,18.70,120.292627,23.106585,,,,,,,,,37,SAT=7,-40.14,-39.53,819.11,17220.00,-35035.00,-4707T=49,,"Package=1123,UTC=11:33:11,Lat=23.106585,Lng=120.292627,Alt=18.70,Ax=-40.14,Ay=-39.53,Az=819.11,Gx=17220.00,Gy=-35035.00,Gz=-4707T=49,H=37,SAT=7"
,2025-09-21T03:49:08Z,COM6,,UTC=11:33:11,18.70,120.292627,23.106585,,,,,,,,,37,SAT=7,-28.18,27.82,1534.15,18182.50,-25690.00,43680T=50,,"Package=1124,UTC=11:33:11,Lat=23.106585,Lng=120.292627,Alt=18.70,Ax=-28.18,Ay=27.82,Az=1534.15,Gx=18182.50,Gy=-25690.00,Gz=43680T=50,H=37,SAT=7"
,2025-09-21T03:49:09Z,COM6,,UTC=11:33:11,18.70,120.292627,23.106585,,,,,,,,,36,SAT=7,-30.26,-20.74,698.57,-175.00,2415.00,79240.00T=50,,"Package=1125,UTC=11:33:11,Lat=23.106585,Lng=120.292627,Alt=18.70,Ax=-30.26,Ay=-20.74,Az=698.57,Gx=-175.00,Gy=2415.00,Gz=79240.00T=50,H=36,SAT=7"
,2025-09-21T03:49:10Z,COM6,,UTC=11:33:11,18.70,120.292627,23.106585,,,,,,,,,36,SAT=7,-24.40,22.69,1406.29,-20387.50,37240.00,16023T=49,,"Package=1126,UTC=11:33:11,Lat=23.106585,Lng=120.292627,Alt=18.70,Ax=-24.40,Ay=22.69,Az=1406.29,Gx=-20387.50,Gy=37240.00,Gz=16023T=49,H=36,SAT=7"
,2025-09-21T03:49:11Z,COM6,,UTC=11:33:11,18.70,120.292627,23.106585,,,,,,,,,37,SAT=7,-38.06,-48.68,821.67,16730.00,-6877.50,86327.T=49,,"Package=1127,UTC=11:33:11,Lat=23.106585,Lng=120.292627,Alt=18.70,Ax=-38.06,Ay=-48.68,Az=821.67,Gx=16730.00,Gy=-6877.50,Gz=86327.T=49,H=37,SAT=7"
,2025-09-21T03:49:12Z,COM6,,UTC=11:33:11,18.70,120.292627,23.106585,,,,,,,,,37,SAT=7,-13.66,8.05,1311.38,-21280.00,51047.50,113592T=49,,"Package=1128,UTC=11:33:11,Lat=23.106585,Lng=120.292627,Alt=18.70,Ax=-13.66,Ay=8.05,Az=1311.38,Gx=-21280.00,Gy=51047.50,Gz=113592T=49,H=37,SAT=7"
,2025-09-21T03:49:13Z,COM6,,UTC=11:33:11,18.70,120.292627,23.106585,,,,,,,,,37,SAT=7,-20.74,-61.73,962.34,-5232.50,20405.00,-31202T=49,,"Package=1129,UTC=11:33:11,Lat=23.106585,Lng=120.292627,Alt=18.70,Ax=-20.74,Ay=-61.73,Az=962.34,Gx=-5232.50,Gy=20405.00,Gz=-31202T=49,H=37,SAT=7"
,2025-09-21T03:49:14Z,COM6,,UTC=11:33:11,18.70,120.292627,23.106585,,,,,,,,,37,SAT=7,-70.27,-5.37,1074.09,8155.00,-53480.00,43522.T=49,,"Package=1130,UTC=11:33:11,Lat=23.106585,Lng=120.292627,Alt=18.70,Ax=-70.27,Ay=-5.37,Az=1074.09,Gx=8155.00,Gy=-53480.00,Gz=43522.T=49,H=37,SAT=7"
,2025-09-21T03:49:15Z,COM6,,UTC=11:33:11,18.70,120.292627,23.106585,,,,,,,,,37,SAT=7,-69.66,42.70,1561.97,-77210.00,-3850.00,20156T=49,,"Package=1131,UTC=11:33:11,Lat=23.106585,Lng=120.292627,Alt=18.70,Ax=-69.66,Ay=42.70,Az=1561.97,Gx=-77210.00,Gy=-3850.00,Gz=20156T=49,H=37,SAT=7"
,2025-09-21T03:49:16Z,COM6,,UTC=11:33:11,18.70,120.292627,23.106585,,,,,,,,,37,SAT=7,-28.43,-33.43,814.47,27737.50,35490.00,114520T=49,,"Package=1132,UTC=11:33:11,Lat=23.106585,Lng=120.292627,Alt=18.70,Ax=-28.43,Ay=-33.43,Az=814.47,Gx=27737.50,Gy=35490.00,Gz=114520T=49,H=37,SAT=7"
,2025-09-21T03:49:17Z,COM6,,UTC=11:33:11,18.70,120.292627,23.106585,,,,,,,,,37,SAT=7,-45.99,-50.39,1522.56,-30205.00,-29890.00,-99T=49,,"Package=1133,UTC=11:33:11,Lat=23.106585,Lng=120.292627,Alt=18.70,Ax=-45.99,Ay=-50.39,Az=1522.56,Gx=-30205.00,Gy=-29890.00,Gz=-99T=49,H=37,SAT=7"
,2025-09-21T03:49:18Z,COM6,,UTC=11:33:11,18.70,120.292627,23.106585,,,,,,,,,37,SAT=7,-19.28,-42.70,728.83,36067.50,49857.50,-14715T=49,,"Package=1134,UTC=11:33:11,Lat=23.106585,Lng=120.292627,Alt=18.70,Ax=-19.28,Ay=-42.70,Az=728.83,Gx=36067.50,Gy=49857.50,Gz=-14715T=49,H=37,SAT=7"
,2025-09-21T03:49:19Z,COM6,,UTC=11:33:11,18.70,120.292627,23.106585,,,,,,,,,37,SAT=7,-76.62,87.11,1441.06,-104247.50,-11217.50,-22T=50,,"Package=1135,UTC=11:33:11,Lat=23.106585,Lng=120.292627,Alt=18.70,Ax=-76.62,Ay=87.11,Az=1441.06,Gx=-104247.50,Gy=-11217.50,Gz=-22T=50,H=37,SAT=7"
,2025-09-21T03:49:20Z,COM6,,UTC=11:33:11,18.70,120.292627,23.106585,,,,,,,,,36,SAT=7,-24.28,-14.27,732.49,-26110.00,26495.00,-7003T=50,,"Package=1136,UTC=11:33:11,Lat=23.106585,Lng=120.292627,Alt=18.70,Ax=-24.28,Ay=-14.27,Az=732.49,Gx=-26110.00,Gy=26495.00,Gz=-7003T=50,H=36,SAT=7"
,2025-09-21T03:49:21Z,COM6,,UTC=11:33:11,18.70,120.292627,23.106585,,,,,,,,,36,SAT=7,-6.59,45.26,1448.75,-98385.00,58747.50,29085.T=50,,"Package=1137,UTC=11:33:11,Lat=23.106585,Lng=120.292627,Alt=18.70,Ax=-6.59,Ay=45.26,Az=1448.75,Gx=-98385.00,Gy=58747.50,Gz=29085.T=50,H=36,SAT=7"
,2025-09-21T03:49:22Z,COM6,,UTC=11:33:11,18.70,120.292627,23.106585,,,,,,,,,36,SAT=7,6.59,-16.35,808.49,-18900.00,46532.50,39830.0T=50,,"Package=1138,UTC=11:33:11,Lat=23.106585,Lng=120.292627,Alt=18.70,Ax=6.59,Ay=-16.35,Az=808.49,Gx=-18900.00,Gy=46532.50,Gz=39830.0T=50,H=36,SAT=7"
,2025-09-21T03:49:23Z,COM6,,UTC=11:33:11,18.70,120.292627,23.106585,,,,,,,,,36,SAT=7,-75.88,34.89,1265.75,-59272.50,-25427.50,1278T=50,,"Package=1139,UTC=11:33:11,Lat=23.106585,Lng=120.292627,Alt=18.70,Ax=-75.88,Ay=34.89,Az=1265.75,Gx=-59272.50,Gy=-25427.50,Gz=1278T=50,H=36,SAT=7"
,2025-09-21T03:49:24Z,COM6,,UTC=11:33:11,18.70,120.292627,23.106585,,,,,,,,,36,SAT=7,-21.84,-40.99,1062.25,9642.50,59062.50,126332T=50,,"Package=1140,UTC=11:33:11,Lat=23.106585,Lng=120.292627,Alt=18.70,Ax=-21.84,Ay=-40.99,Az=1062.25,Gx=9642.50,Gy=59062.50,Gz=126332T=50,H=36,SAT=7"
,2025-09-21T03:49:25Z,COM6,,UTC=11:33:11,18.70,120.292627,23.106585,,,,,,,,,36,SAT=7,-30.99,6.83,1019.43,-43120.00,46497.50,118405T=50,,"Package=1141,UTC=11:33:11,Lat=23.106585,Lng=120.292627,Alt=18.70,Ax=-30.99,Ay=6.83,Az=1019.43,Gx=-43120.00,Gy=46497.50,Gz=118405T=50,H=36,SAT=7"
,2025-09-21T03:49:26Z,COM6,,UTC=11:33:11,18.70,120.292627,23.106585,,,,,,,,,36,SAT=7,-27.57,-80.76,1381.04,-3605.00,28017.50,-8086T=50,,"Package=1142,UTC=11:33:11,Lat=23.106585,Lng=120.292627,Alt=18.70,Ax=-27.57,Ay=-80.76,Az=1381.04,Gx=-3605.00,Gy=28017.50,Gz=-8086T=50,H=36,SAT=7"
,2025-09-21T03:49:27Z,COM6,,UTC=11:33:11,18.70,120.292627,23.106585,,,,,,,,,36,SAT=7,-20.86,-50.51,810.69,72607.50,60567.50,-13884T=50,,"Package=1143,UTC=11:33:11,Lat=23.106585,Lng=120.292627,Alt=18.70,Ax=-20.86,Ay=-50.51,Az=810.69,Gx=72607.50,Gy=60567.50,Gz=-13884T=50,H=36,SAT=7"
,2025-09-21T03:49:28Z,COM6,,UTC=11:33:11,,120.292627,23.106585,,,,,,,,,,,,,,,,,,"Package=1144,UTC=11:33:11,Lat=23.106585,Lng=120.292627,"
,2025-09-21T03:49:29Z,COM6,,UTC=11:33:11,18.70,120.292627,23.106585,,,,,,,,,36,SAT=7,-25.25,28.06,745.42,-41090.00,23502.50,-13452T=50,,"Package=1145,UTC=11:33:11,Lat=23.106585,Lng=120.292627,Alt=18.70,Ax=-25.25,Ay=28.06,Az=745.42,Gx=-41090.00,Gy=23502.50,Gz=-13452T=50,H=36,SAT=7"
,2025-09-21T03:49:30Z,COM6,,UTC=11:33:11,,,23.,,,,,,,,,,,,,,,,,,"Package=1146,UTC=11:33:11,Lat=23."
,2025-09-21T03:49:31Z,COM6,,UTC=11:33:11,18.70,120.292627,23.106585,,,,,,,,,36,SAT=7,-40.02,-17.20,754.81,-14122.50,-16887.50,1407T=50,,"Package=1147,UTC=11:33:11,Lat=23.106585,Lng=120.292627,Alt=18.70,Ax=-40.02,Ay=-17.20,Az=754.81,Gx=-14122.50,Gy=-16887.50,Gz=1407T=50,H=36,SAT=7"
,2025-09-21T03:49:32Z,COM6,,UTC=11:33:11,,,2,,,,,,,,,,,,,,,,,,"Package=1148,UTC=11:33:11,Lat=2"
,2025-09-21T03:49:33Z,COM6,,UTC=11:33:11,18.70,120.292627,23.106585,,,,,,,,,36,SAT=7,-3.66,-14.15,841.80,-34107.50,30485.00,-56840T=50,,"Package=1149,UTC=11:33:11,Lat=23.106585,Lng=120.292627,Alt=18.70,Ax=-3.66,Ay=-14.15,Az=841.80,Gx=-34107.50,Gy=30485.00,Gz=-56840T=50,H=36,SAT=7"
,2025-09-21T03:49:34Z,COM6,,UTC=11:33:11,,,,,,,,,,,,,,,,,,,,,"Package=1150,UTC=11:33:11,La"
,2025-09-21T03:49:35Z,COM6,,UTC=11:33:11,18.70,120.292627,23.106585,,,,,,,,,36,SAT=7,-53.31,-58.32,995.40,47670.00,13947.50,-13149T=50,,"Package=1151,UTC=11:33:11,Lat=23.106585,Lng=120.292627,Alt=18.70,Ax=-53.31,Ay=-58.32,Az=995.40,Gx=47670.00,Gy=13947.50,Gz=-13149T=50,H=36,SAT=7"
,2025-09-21T03:49:36Z,COM6,,UTC=11:33:11,18.70,120.292627,23.106585,,,,,,,,,36,SAT=7,-57.83,-112.97,1089.09,108220.00,17640.00,-16T=50,,"Package=1152,UTC=11:33:11,Lat=23.106585,Lng=120.292627,Alt=18.70,Ax=-57.83,Ay=-112.97,Az=1089.09,Gx=108220.00,Gy=17640.00,Gz=-16T=50,H=36,SAT=7"
,2025-09-21T03:49:37Z,COM6,,UTC=11:33:11,18.70,120.292627,23.106585,,,,,,,,,36,SAT=7,-93.94,52.22,1474.98,-69632.50,-21735.00,-162T=50,,"Package=1153,UTC=11:33:11,Lat=23.106585,Lng=120.292627,Alt=18.70,Ax=-93.94,Ay=52.22,Az=1474.98,Gx=-69632.50,Gy=-21735.00,Gz=-162T=50,H=36,SAT=7"
,2025-09-21T03:49:38Z,COM6,,UTC=11:33:11,18.70,120.292627,23.106585,,,,,,,,,36,SAT=7,-39.04,-27.94,818.62,-15067.50,-25427.50,-475T=50,,"Package=1154,UTC=11:33:11,Lat=23.106585,Lng=120.292627,Alt=18.70,Ax=-39.04,Ay=-27.94,Az=818.62,Gx=-15067.50,Gy=-25427.50,Gz=-475T=50,H=36,SAT=7"
,2025-09-21T03:49:39Z,COM6,,UTC=11:33:11,18.70,120.292627,23.106585,,,,,,,,,36,SAT=7,-35.14,33.79,1572.58,-36907.50,2537.50,45465.T=50,,"Package=1155,UTC=11:33:11,Lat=23.106585,Lng=120.292627,Alt=18.70,Ax=-35.14,Ay=33.79,Az=1572.58,Gx=-36907.50,Gy=2537.50,Gz=45465.T=50,H=36,SAT=7"
,2025-09-21T03:49:40Z,COM6,,UTC=11:33:11,18.70,120.292627,23.106585,,,,,,,,,36,SAT=7,-31.84,-6.95,711.02,-4077.50,-1697.50,104930.T=50,,"Package=1156,UTC=11:33:11,Lat=23.106585,Lng=120.292627,Alt=18.70,Ax=-31.84,Ay=-6.95,Az=711.02,Gx=-4077.50,Gy=-1697.50,Gz=104930.T=50,H=36,SAT=7"
,2025-09-21T03:49:41Z,COM6,,UTC=11:33:11,18.70,120.292627,23.106585,,,,,,,,,36,SAT=7,-35.87,38.06,1451.19,-36330.00,47565.00,21052T=50,,"Package=1157,UTC=11:33:11,Lat=23.106585,Lng=120.292627,Alt=18.70,Ax=-35.87,Ay=38.06,Az=1451.19,Gx=-36330.00,Gy=47565.00,Gz=21052T=50,H=36,SAT=7"
,2025-09-21T03:49:42Z,COM6,,UTC=11:33:11,18.70,120.292627,23.106585,,,,,,,,,36,SAT=7,-39.89,-38.92,730.05,-4917.50,-34825.00,8820.T=50,,"Package=1158,UTC=11:33:11,Lat=23.106585,Lng=120.292627,Alt=18.70,Ax=-39.89,Ay=-38.92,Az=730.05,Gx=-4917.50,Gy=-34825.00,Gz=8820.T=50,H=36,SAT=7"
,2025-09-21T03:49:43Z,COM6,,UTC=11:33:11,18.70,120.292627,23.106585,,,,,,,,,36,SAT=7,-70.27,31.23,1349.08,-72397.50,-14017.50,6816T=50,,"Package=1159,UTC=11:33:11,Lat=23.106585,Lng=120.292627,Alt=18.70,Ax=-70.27,Ay=31.23,Az=1349.08,Gx=-72397.50,Gy=-14017.50,Gz=6816T=50,H=36,SAT=7"
,2025-09-21T03:49:44Z,COM6,,UTC=11:33:11,18.70,120.292627,23.106585,,,,,,,,,36,SAT=7,-16.23,-17.93,844.00,-30887.50,25305.00,70857T=50,,"Package=1160,UTC=11:33:11,Lat=23.106585,Lng=120.292627,Alt=18.70,Ax=-16.23,Ay=-17.93,Az=844.00,Gx=-30887.50,Gy=25305.00,Gz=70857T=50,H=36,SAT=7"
,2025-09-21T03:49:45Z,COM6,,UTC=11:33:11,18.70,120.292627,23.106585,,,,,,,,,36,SAT=7,-53.68,21.23,1115.57,-51677.50,-28822.50,9738T=50,,"Package=1161,UTC=11:33:11,Lat=23.106585,Lng=120.292627,Alt=18.70,Ax=-53.68,Ay=21.23,Az=1115.57,Gx=-51677.50,Gy=-28822.50,Gz=9738T=50,H=36,SAT=7"
,2025-09-21T03:49:46Z,COM6,,UTC=11:33:11,18.70,120.292627,23.106585,,,,,,,,,36,SAT=7,-26.35,-43.31,1184.86,-4182.50,18935.00,10433T=50,,"Package=1162,UTC=11:33:11,Lat=23.106585,Lng=120.292627,Alt=18.70,Ax=-26.35,Ay=-43.31,Az=1184.86,Gx=-4182.50,Gy=18935.00,Gz=10433T=50,H=36,SAT=7"
,2025-09-21T03:49:47Z,COM6,,UTC=11:33:11,,120.292,23.106585,,,,,,,,,,,,,,,,,,"Package=1163,UTC=11:33:11,Lat=23.106585,Lng=120.292"
,2025-09-21T03:49:48Z,COM6,,UTC=11:33:11,18.70,120.292627,23.106585,,,,,,,,,36,SAT=7,-26.96,-34.28,1488.64,-15662.50,-12075.00,322T=50,,"Package=1164,UTC=11:33:11,Lat=23.106585,Lng=120.292627,Alt=18.70,Ax=-26.96,Ay=-34.28,Az=1488.64,Gx=-15662.50,Gy=-12075.00,Gz=322T=50,H=36,SAT=7"
,2025-09-21T03:49:49Z,COM6,,UTC=11:33:11,,120.2,23.106585,,,,,,,,,,,,,,,,,,"Package=1165,UTC=11:33:11,Lat=23.106585,Lng=120.2"
,2025-09-21T03:49:50Z,COM6,,UTC=11:33:11,18.70,120.292627,23.106585,,,,,,,,,36,SAT=7,-91.01,-83.20,1489.25,36925.00,-8067.50,-2689T=50,,"Package=1166,UTC=11:33:11,Lat=23.106585,Lng=120.292627,Alt=18.70,Ax=-91.01,Ay=-83.20,Az=1489.25,Gx=36925.00,Gy=-8067.50,Gz=-2689T=50,H=36,SAT=7"
,2025-09-21T03:49:51Z,COM6,,UTC=11:33:11,,120,23.106585,,,,,,,,,,,,,,,,,,"Package=1167,UTC=11:33:11,Lat=23.106585,Lng=120"
,2025-09-21T03:49:52Z,COM6,,UTC=11:33:11,18.70,120.292627,23.106585,,,,,,,,,37,SAT=7,-127.73,-22.20,1400.32,2502.50,-69387.50,2056T=49,,"Package=1168,UTC=11:33:11,Lat=23.106585,Lng=120.292627,Alt=18.70,Ax=-127.73,Ay=-22.20,Az=1400.32,Gx=2502.50,Gy=-69387.50,Gz=2056T=49,H=37,SAT=7"
,2025-09-21T03:49:53Z,COM6,,UTC=11:33:11,,1,23.106585,,,,,,,,,,,,,,,,,,"Package=1169,UTC=11:33:11,Lat=23.106585,Lng=1"
,2025-09-21T03:49:54Z,COM6,,UTC=11:33:11,18.70,120.292627,23.106585,,,,,,,,,37,SAT=7,-55.51,-21.47,1313.70,-36050.00,38885.00,1396T=49,,"Package=1170,UTC=11:33:11,Lat=23.106585,Lng=120.292627,Alt=18.70,Ax=-55.51,Ay=-21.47,Az=1313.70,Gx=-36050.00,Gy=38885.00,Gz=1396T=49,H=37,SAT=7"
,2025-09-21T03:49:56Z,COM6,,UTC=11:33:11,18.70,120.292627,23.106585,,,,,,,,,37,SAT=7,-46.60,2.56,1119.96,-60585.00,6790.00,125160.T=48,,"Package=1172,UTC=11:33:11,Lat=23.106585,Lng=120.292627,Alt=18.70,Ax=-46.60,Ay=2.56,Az=1119.96,Gx=-60585.00,Gy=6790.00,Gz=125160.T=48,H=37,SAT=7"
,2025-09-21T03:49:58Z,COM6,,UTC=11:33:11,18.70,120.292627,23.106585,,,,,,,,,37,SAT=7,-23.67,42.70,815.57,-142817.50,18095.00,99907T=48,,"Package=1174,UTC=11:33:11,Lat=23.106585,Lng=120.292627,Alt=18.70,Ax=-23.67,Ay=42.70,Az=815.57,Gx=-142817.50,Gy=18095.00,Gz=99907T=48,H=37,SAT=7"
,2025-09-21T03:49:59Z,COM6,,UTC=11:33:11,18.70,120.292627,23.106585,,,,,,,,,37,SAT=7,-18.06,-102.24,1539.40,80570.00,50207.50,-479T=48,,"Package=1175,UTC=11:33:11,Lat=23.106585,Lng=120.292627,Alt=18.70,Ax=-18.06,Ay=-102.24,Az=1539.40,Gx=80570.00,Gy=50207.50,Gz=-479T=48,H=37,SAT=7"
,2025-09-21T03:50:00Z,COM6,,UTC=11:33:11,18.70,120.292627,23.106585,,,,,,,,,37,SAT=7,-55.14,-24.03,823.62,10290.00,-41090.00,-8734T=48,,"Package=1176,UTC=11:33:11,Lat=23.106585,Lng=120.292627,Alt=18.70,Ax=-55.14,Ay=-24.03,Az=823.62,Gx=10290.00,Gy=-41090.00,Gz=-8734T=48,H=37,SAT=7"
,2025-09-21T03:50:01Z,COM6,,UTC=11:33:11,18.70,120.292627,23.106585,,,,,,,,,37,SAT=7,-49.65,3.90,1589.42,18182.50,-19110.00,-16236T=48,,"Package=1177,UTC=11:33:11,Lat=23.106585,Lng=120.292627,Alt=18.70,Ax=-49.65,Ay=3.90,Az=1589.42,Gx=18182.50,Gy=-19110.00,Gz=-16236T=48,H=37,SAT=7"
,2025-09-21T03:50:02Z,COM6,,UTC=11:33:11,18.70,120.292627,23.106585,,,,,,,,,37,SAT=7,-13.18,-24.64,722.24,26215.00,32917.50,-11392T=48,,"Package=1178,UTC=11:33:11,Lat=23.106585,Lng=120.292627,Alt=18.70,Ax=-13.18,Ay=-24.64,Az=722.24,Gx=26215.00,Gy=32917.50,Gz=-11392T=48,H=37,SAT=7"
,2025-09-21T03:50:03Z,COM6,,UTC=11:33:11,18.70,120.292627,23.106585,,,,,,,,,37,SAT=7,-50.75,-91.50,1377.38,42367.50,31692.50,-1452T=48,,"Package=1179,UTC=11:33:11,Lat=23.106585,Lng=120.292627,Alt=18.70,Ax=-50.75,Ay=-91.50,Az=1377.38,Gx=42367.50,Gy=31692.50,Gz=-1452T=48,H=37,SAT=7"
,2025-09-21T03:50:04Z,COM6,,UTC=11:33:11,18.70,120.292627,23.106585,,,,,,,,,37,SAT=7,-21.47,-1.46,751.52,4725.00,20335.00,-85015.0T=48,,"Package=1180,UTC=11:33:11,Lat=23.106585,Lng=120.292627,Alt=18.70,Ax=-21.47,Ay=-1.46,Az=751.52,Gx=4725.00,Gy=20335.00,Gz=-85015.0T=48,H=37,SAT=7"
,2025-09-21T03:50:05Z,COM6,,UTC=11:33:11,18.70,120.292627,23.106585,,,,,,,,,37,SAT=7,-20.98,-21.47,1338.58,-8820.00,34632.50,-3976T=48,,"Package=1181,UTC=11:33:11,Lat=23.106585,Lng=120.292627,Alt=18.70,Ax=-20.98,Ay=-21.47,Az=1338.58,Gx=-8820.00,Gy=34632.50,Gz=-3976T=48,H=37,SAT=7"
,2025-09-21T03:50:06Z,COM6,,UTC=11:33:11,18.70,120.292627,23.106585,,,,,,,,,37,SAT=7,-18.79,1.22,1023.21,-12075.00,20370.00,-47302T=49,,"Package=1182,UTC=11:33:11,Lat=23.106585,Lng=120.292627,Alt=18.70,Ax=-18.79,Ay=1.22,Az=1023.21,Gx=-12075.00,Gy=20370.00,Gz=-47302T=49,H=37,SAT=7"
,2025-09-21T03:50:07Z,COM6,,UTC=11:33:11,18.70,120.292627,23.106585,,,,,,,,,37,SAT=7,-14.03,-83.08,986.98,-280.00,39340.00,-32935.T=48,,"Package=1183,UTC=11:33:11,Lat=23.106585,Lng=120.292627,Alt=18.70,Ax=-14.03,Ay=-83.08,Az=986.98,Gx=-280.00,Gy=39340.00,Gz=-32935.T=48,H=37,SAT=7"
,2025-09-21T03:50:08Z,COM6,,UTC=11:33:11,18.70,120.292627,23.106585,,,,,,,,,37,SAT=7,-18.30,15.13,1524.02,770.00,101587.50,-200655T=49,,"Package=1184,UTC=11:33:11,Lat=23.106585,Lng=120.292627,Alt=18.70,Ax=-18.30,Ay=15.13,Az=1524.02,Gx=770.00,Gy=101587.50,Gz=-200655T=49,H=37,SAT=7"
,2025-09-21T03:50:09Z,COM6,,UTC=11:33:11,18.70,120.292627,23.106585,,,,,,,,,37,SAT=7,-22.69,-22.81,821.43,28385.00,23835.00,-99592T=49,,"Package=1185,UTC=11:33:11,Lat=23.106585,Lng=120.292627,Alt=18.70,Ax=-22.69,Ay=-22.81,Az=821.43,Gx=28385.00,Gy=23835.00,Gz=-99592T=49,H=37,SAT=7"
,2025-09-21T03:50:10Z,COM6,,UTC=11:33:11,18.70,120.292627,23.106585,,,,,,,,,37,SAT=7,-12.69,32.82,1491.33,-50697.50,48457.50,71715T=49,,"Package=1186,UTC=11:33:11,Lat=23.106585,Lng=120.292627,Alt=18.70,Ax=-12.69,Ay=32.82,Az=1491.33,Gx=-50697.50,Gy=48457.50,Gz=71715T=49,H=37,SAT=7"
,2025-09-21T03:50:11Z,COM6,,UTC=11:33:11,18.70,120.292627,23.106585,,,,,,,,,38,SAT=7,-27.33,-47.34,763.96,16992.50,-18795.00,19092T=49,,"Package=1187,UTC=11:33:11,Lat=23.106585,Lng=120.292627,Alt=18.70,Ax=-27.33,Ay=-47.34,Az=763.96,Gx=16992.50,Gy=-18795.00,Gz=19092T=49,H=38,SAT=7"
,2025-09-21T03:50:12Z,COM6,,UTC=11:33:11,18.70,120.292627,23.106585,,,,,,,,,37,SAT=7,-74.18,50.39,1342.98,-57032.50,11655.00,20732T=49,,"Package=1188,UTC=11:33:11,Lat=23.106585,Lng=120.292627,Alt=18.70,Ax=-74.18,Ay=50.39,Az=1342.98,Gx=-57032.50,Gy=11655.00,Gz=20732T=49,H=37,SAT=7"
,2025-09-21T03:50:13Z,COM6,,UTC=11:33:11,18.70,120.292627,23.106585,,,,,,,,,38,SAT=7,-33.06,-62.59,746.52,44240.00,27912.50,105630T=49,,"Package=1189,UTC=11:33:11,Lat=23.106585,Lng=120.292627,Alt=18.70,Ax=-33.06,Ay=-62.59,Az=746.52,Gx=44240.00,Gy=27912.50,Gz=105630T=49,H=38,SAT=7"
,2025-09-21T03:50:14Z,COM6,,UTC=11:33:11,,120.292627,23.106585,,,,,,,,,,,,,,,,,,"Package=1190,UTC=11:33:11,Lat=23.106585,Lng=120.292627,Alt="
,2025-09-21T03:50:15Z,COM6,,UTC=11:33:11,18.70,120.292627,23.106585,,,,,,,,,38,SAT=7,-21.72,-51.48,825.94,13562.50,12320.00,-76930T=49,,"Package=1191,UTC=11:33:11,Lat=23.106585,Lng=120.292627,Alt=18.70,Ax=-21.72,Ay=-51.48,Az=825.94,Gx=13562.50,Gy=12320.00,Gz=-76930T=49,H=38,SAT=7"
,2025-09-21T03:50:16Z,COM6,,UTC=11:33:11,,,23.1065,,,,,,,,,,,,,,,,,,"Package=1192,UTC=11:33:11,Lat=23.1065"
,2025-09-21T03:50:17Z,COM6,,UTC=11:33:11,18.70,120.292627,23.106585,,,,,,,,,38,SAT=7,-63.68,-19.52,1039.93,-43050.00,-23940.00,-83T=49,,"Package=1193,UTC=11:33:11,Lat=23.106585,Lng=120.292627,Alt=18.70,Ax=-63.68,Ay=-19.52,Az=1039.93,Gx=-43050.00,Gy=-23940.00,Gz=-83T=49,H=38,SAT=7"
,2025-09-21T03:50:18Z,COM6,,UTC=11:33:11,18.70,120.292627,23.106585,,,,,,,,,37,SAT=7,-16.96,0.12,1059.94,-70717.50,94412.50,34702.T=49,,"Package=1194,UTC=11:33:11,Lat=23.106585,Lng=120.292627,Alt=18.70,Ax=-16.96,Ay=0.12,Az=1059.94,Gx=-70717.50,Gy=94412.50,Gz=34702.T=49,H=37,SAT=7"
,2025-09-21T03:50:19Z,COM6,,UTC=11:33:11,18.70,120.292627,23.106585,,,,,,,,,37,SAT=7,-52.58,14.76,1443.63,-31780.00,-52342.50,1129T=49,,"Package=1195,UTC=11:33:11,Lat=23.106585,Lng=120.292627,Alt=18.70,Ax=-52.58,Ay=14.76,Az=1443.63,Gx=-31780.00,Gy=-52342.50,Gz=1129T=49,H=37,SAT=7"
,2025-09-21T03:50:20Z,COM6,,UTC=11:33:11,18.70,120.292627,23.106585,,,,,,,,,37,SAT=7,-61.00,-57.22,822.04,16607.50,-92750.00,-647.T=49,,"Package=1196,UTC=11:33:11,Lat=23.106585,Lng=120.292627,Alt=18.70,Ax=-61.00,Ay=-57.22,Az=822.04,Gx=16607.50,Gy=-92750.00,Gz=-647.T=49,H=37,SAT=7"
,2025-09-21T03:50:21Z,COM6,,UTC=11:33:11,18.70,120.292627,23.106585,,,,,,,,,38,SAT=7,-65.03,20.62,1562.45,-58992.50,7280.00,46760.T=49,,"Package=1197,UTC=11:33:11,Lat=23.106585,Lng=120.292627,Alt=18.70,Ax=-65.03,Ay=20.62,Az=1562.45,Gx=-58992.50,Gy=7280.00,Gz=46760.T=49,H=38,SAT=7"
,2025-09-21T03:50:22Z,COM6,,UTC=11:33:11,18.70,120.292627,23.106585,,,,,,,,,37,SAT=7,-71.37,-16.23,775.68,3605.00,-62510.00,145950T=49,,"Package=1198,UTC=11:33:11,Lat=23.106585,Lng=120.292627,Alt=18.70,Ax=-71.37,Ay=-16.23,Az=775.68,Gx=3605.00,Gy=-62510.00,Gz=145950T=49,H=37,SAT=7"
,2025-09-21T03:50:23Z,COM6,,UTC=11:33:11,18.70,120.292627,23.106585,,,,,,,,,38,SAT=7,-112.24,14.40,1556.84,-37467.50,-13702.50,242T=49,,"Package=1199,UTC=11:33:11,Lat=23.106585,Lng=120.292627,Alt=18.70,Ax=-112.24,Ay=14.40,Az=1556.84,Gx=-37467.50,Gy=-13702.50,Gz=242T=49,H=38,SAT=7"
,2025-09-21T03:50:24Z,COM6,,UTC=11:33:11,18.70,120.292627,23.106585,,,,,,,,,38,SAT=7,-147.50,59.78,691.50,32690.00,-9887.50,385262T=49,,"Package=1200,UTC=11:33:11,Lat=23.106585,Lng=120.292627,Alt=18.70,Ax=-147.50,Ay=59.78,Az=691.50,Gx=32690.00,Gy=-9887.50,Gz=385262T=49,H=38,SAT=7"
,2025-09-21T03:50:25Z,COM6,,UTC=11:33:11,18.70,120.292627,23.106585,,,,,,,,,37,SAT=7,-60.51,-81.98,1346.03,53812.50,-10902.50,1209T=49,,"Package=1201,UTC=11:33:11,Lat=23.106585,Lng=120.292627,Alt=18.70,Ax=-60.51,Ay=-81.98,Az=1346.03,Gx=53812.50,Gy=-10902.50,Gz=1209T=49,H=37,SAT=7"
,2025-09-21T03:50:26Z,COM6,,UTC=11:33:11,18.70,120.292627,23.106585,,,,,,,,,38,SAT=7,-44.41,-40.50,844.00,-402.50,-26932.50,-11807T=49,,"Package=1202,UTC=11:33:11,Lat=23.106585,Lng=120.292627,Alt=18.70,Ax=-44.41,Ay=-40.50,Az=844.00,Gx=-402.50,Gy=-26932.50,Gz=-11807T=49,H=38,SAT=7"
,2025-09-21T03:50:27Z,COM6,,UTC=11:33:11,18.70,120.292627,23.106585,,,,,,,,,37,SAT=7,-64.90,-47.34,1286.49,29505.00,9870.00,-18448T=49,,"Package=1203,UTC=11:33:11,Lat=23.106585,Lng=120.292627,Alt=18.70,Ax=-64.90,Ay=-47.34,Az=1286.49,Gx=29505.00,Gy=9870.00,Gz=-18448T=49,H=37,SAT=7"
,2025-09-21T03:50:28Z,COM6,,UTC=11:33:11,18.70,120.292627,23.106585,,,,,,,,,38,SAT=7,-76.62,62.59,1048.47,-29260.00,4567.50,-22944T=49,,"Package=1204,UTC=11:33:11,Lat=23.106585,Lng=120.292627,Alt=18.70,Ax=-76.62,Ay=62.59,Az=1048.47,Gx=-29260.00,Gy=4567.50,Gz=-22944T=49,H=38,SAT=7"
,2025-09-21T03:50:29Z,COM6,,UTC=11:33:11,18.70,120.292627,23.106585,,,,,,,,,38,SAT=7,-36.23,61.00,1041.88,-98892.50,-13282.50,-764T=49,,"Package=1205,UTC=11:33:11,Lat=23.106585,Lng=120.292627,Alt=18.70,Ax=-36.23,Ay=61.00,Az=1041.88,Gx=-98892.50,Gy=-13282.50,Gz=-764T=49,H=38,SAT=7"
,2025-09-21T03:50:30Z,COM6,,UTC=11:33:11,18.70,120.292627,23.106585,,,,,,,,,38,SAT=7,-7.56,-13.42,1499.75,47897.50,66622.50,121117T=49,,"Package=1206,UTC=11:33:11,Lat=23.106585,Lng=120.292627,Alt=18.70,Ax=-7.56,Ay=-13.42,Az=1499.75,Gx=47897.50,Gy=66622.50,Gz=121117T=49,H=38,SAT=7"
,2025-09-21T03:50:31Z,COM6,,UTC=11:33:11,18.70,120.292627,23.106585,,,,,,,,,38,SAT=7,-40.02,-3.29,824.23,-67725.00,-47862.50,35857T=49,,"Package=1207,UTC=11:33:11,Lat=23.106585,Lng=120.292627,Alt=18.70,Ax=-40.02,Ay=-3.29,Az=824.23,Gx=-67725.00,Gy=-47862.50,Gz=35857T=49,H=38,SAT=7"
,2025-09-21T03:50:32Z,COM6,,UTC=11:33:11,18.70,120.292627,23.106585,,,,,,,,,38,SAT=7,-33.67,18.54,1435.57,6370.00,54932.50,189595.T=49,,"Package=1208,UTC=11:33:11,Lat=23.106585,Lng=120.292627,Alt=18.70,Ax=-33.67,Ay=18.54,Az=1435.57,Gx=6370.00,Gy=54932.50,Gz=189595.T=49,H=38,SAT=7"
,2025-09-21T03:50:33Z,COM6,,UTC=11:33:11,18.70,120.292627,23.106585,,,,,,,,,38,SAT=7,-15.13,-28.79,693.20,-14770.00,1960.00,87745.T=49,,"Package=1209,UTC=11:33:11,Lat=23.106585,Lng=120.292627,Alt=18.70,Ax=-15.13,Ay=-28.79,Az=693.20,Gx=-14770.00,Gy=1960.00,Gz=87745.T=49,H=38,SAT=7"
,2025-09-21T03:50:34Z,COM6,,UTC=11:33:11,18.70,120.292627,23.106585,,,,,,,,,38,SAT=7,-5.73,-63.32,1433.99,30327.50,40530.00,53252.T=49,,"Package=1210,UTC=11:33:11,Lat=23.106585,Lng=120.292627,Alt=18.70,Ax=-5.73,Ay=-63.32,Az=1433.99,Gx=30327.50,Gy=40530.00,Gz=53252.T=49,H=38,SAT=7"
,2025-09-21T03:50:35Z,COM6,,UTC=11:33:11,18.70,120.292627,23.106585,,,,,,,,,38,SAT=7,-33.67,6.83,828.99,-72467.50,-23187.50,-59027T=49,,"Package=1211,UTC=11:33:11,Lat=23.106585,Lng=120.292627,Alt=18.70,Ax=-33.67,Ay=6.83,Az=828.99,Gx=-72467.50,Gy=-23187.50,Gz=-59027T=49,H=38,SAT=7"
,2025-09-21T03:50:36Z,COM6,,UTC=11:33:11,18.70,120.292627,23.106585,,,,,,,,,38,SAT=7,-61.37,-47.95,1441.06,25392.50,29260.00,-1724T=48,,"Package=1212,UTC=11:33:11,Lat=23.106585,Lng=120.292627,Alt=18.70,Ax=-61.37,Ay=-47.95,Az=1441.06,Gx=25392.50,Gy=29260.00,Gz=-1724T=48,H=38,SAT=7"
,2025-09-21T03:50:37Z,COM6,,UTC=11:33:11,18.70,120.292627,23.106585,,,,,,,,,38,SAT=7,-53.80,-2.44,844.85,40337.50,22540.00,-157727T=48,,"Package=1213,UTC=11:33:11,Lat=23.106585,Lng=120.292627,Alt=18.70,Ax=-53.80,Ay=-2.44,Az=844.85,Gx=40337.50,Gy=22540.00,Gz=-157727T=48,H=38,SAT=7"
,2025-09-21T03:50:38Z,COM6,,UTC=11:33:11,18.70,120.292627,23.106585,,,,,,,,,38,SAT=7,-49.78,22.45,1092.02,-26827.50,15015.00,-6142T=49,,"Package=1214,UTC=11:33:11,Lat=23.106585,Lng=120.292627,Alt=18.70,Ax=-49.78,Ay=22.45,Az=1092.02,Gx=-26827.50,Gy=15015.00,Gz=-6142T=49,H=38,SAT=7"
,2025-09-21T03:50:39Z,COM6,,UTC=11:33:11,18.70,120.292627,23.106585,,,,,,,,,38,SAT=7,-46.36,38.31,1118.86,-90422.50,5792.50,155820T=49,,"Package=1215,UTC=11:33:11,Lat=23.106585,Lng=120.292627,Alt=18.70,Ax=-46.36,Ay=38.31,Az=1118.86,Gx=-90422.50,Gy=5792.50,Gz=155820T=49,H=38,SAT=7"
,2025-09-21T03:50:40Z,COM6,,UTC=11:33:11,18.70,120.292627,23.106585,,,,,,,,,38,SAT=7,-85.16,-16.71,1095.68,-33827.50,-70910.00,137T=49,,"Package=1216,UTC=11:33:11,Lat=23.106585,Lng=120.292627,Alt=18.70,Ax=-85.16,Ay=-16.71,Az=1095.68,Gx=-33827.50,Gy=-70910.00,Gz=137T=49,H=38,SAT=7"
,2025-09-21T03:50:41Z,COM6,,UTC=11:33:11,18.70,120.292627,23.106585,,,,,,,,,37,SAT=7,-46.60,-89.79,1340.90,45622.50,-15067.50,9892T=48,,"Package=1217,UTC=11:33:11,Lat=23.106585,Lng=120.292627,Alt=18.70,Ax=-46.60,Ay=-89.79,Az=1340.90,Gx=45622.50,Gy=-15067.50,Gz=9892T=48,H=37,SAT=7"
,2025-09-21T03:50:42Z,COM6,,UTC=11:33:11,18.70,120.292627,23.106585,,,,,,,,,37,SAT=7,-37.33,-0.24,852.05,-82320.00,4952.50,58187.5T=48,,"Package=1218,UTC=11:33:11,Lat=23.106585,Lng=120.292627,Alt=18.70,Ax=-37.33,Ay=-0.24,Az=852.05,Gx=-82320.00,Gy=4952.50,Gz=58187.5T=48,H=37,SAT=7"
,2025-09-21T03:50:43Z,COM6,,UTC=11:33:11,18.70,120.292627,23.106585,,,,,,,,,,,,,,,,,,"Package=1219,UTC=11:33:11,Lat=23.106585,Lng=120.292627,Alt=18.70"
,2025-09-21T03:50:44Z,COM6,,UTC=11:33:11,18.70,120.292627,23.106585,,,,,,,,,37,SAT=7,-40.26,-17.20,819.60,-3115.00,-20632.50,-9439T=48,,"Package=1220,UTC=11:33:11,Lat=23.106585,Lng=120.292627,Alt=18.70,Ax=-40.26,Ay=-17.20,Az=819.60,Gx=-3115.00,Gy=-20632.50,Gz=-9439T=48,H=37,SAT=7"
,2025-09-21T03:50:45Z,COM6,,UTC=11:33:11,,,23.106585,,,,,,,,,,,,,,,,,,"Package=1221,UTC=11:33:11,Lat=23.106585,Ln"
,2025-09-21T03:50:46Z,COM6,,UTC=11:33:11,18.70,120.292627,23.106585,,,,,,,,,37,SAT=7,-53.19,2.32,736.64,-17045.00,6825.00,-162312.T=48,,"Package=1222,UTC=11:33:11,Lat=23.106585,Lng=120.292627,Alt=18.70,Ax=-53.19,Ay=2.32,Az=736.64,Gx=-17045.00,Gy=6825.00,Gz=-162312.T=48,H=37,SAT=7"
,2025-09-21T03:50:47Z,COM6,,UTC=11:33:11,,,23.106585,,,,,,,,,,,,,,,,,,"Package=1223,UTC=11:33:11,Lat=23.106585,"
,2025-09-21T03:50:48Z,COM6,,UTC=11:33:11,18.70,120.292627,23.106585,,,,,,,,,38,SAT=7,-32.82,5.12,883.65,-12267.50,12530.00,158917.T=48,,"Package=1224,UTC=11:33:11,Lat=23.106585,Lng=120.292627,Alt=18.70,Ax=-32.82,Ay=5.12,Az=883.65,Gx=-12267.50,Gy=12530.00,Gz=158917.T=48,H=38,SAT=7"
,2025-09-21T03:50:49Z,COM6,,UTC=11:33:11,,,23.1065,,,,,,,,,,,,,,,,,,"Package=1225,UTC=11:33:11,Lat=23.1065"
,2025-09-21T03:50:50Z,COM6,,UTC=11:33:11,18.70,120.292627,23.106585,,,,,,,,,38,SAT=7,-51.24,-95.28,1215.36,63280.00,-2152.50,85015T=48,,"Package=1226,UTC=11:33:11,Lat=23.106585,Lng=120.292627,Alt=18.70,Ax=-51.24,Ay=-95.28,Az=1215.36,Gx=63280.00,Gy=-2152.50,Gz=85015T=48,H=38,SAT=7"
,2025-09-21T03:50:51Z,COM6,,UTC=11:33:11,18.70,120.292627,23.106585,,,,,,,,,38,SAT=7,-42.94,-28.55,939.28,-40197.50,-17482.50,-190T=48,,"Package=1227,UTC=11:33:11,Lat=23.106585,Lng=120.292627,Alt=18.70,Ax=-42.94,Ay=-28.55,Az=939.28,Gx=-40197.50,Gy=-17482.50,Gz=-190T=48,H=38,SAT=7"
,2025-09-21T03:50:52Z,COM6,,UTC=11:33:11,18.70,120.292627,23.106585,,,,,,,,,38,SAT=7,-19.52,-19.76,1620.89,3552.50,35437.50,83930.T=48,,"Package=1228,UTC=11:33:11,Lat=23.106585,Lng=120.292627,Alt=18.70,Ax=-19.52,Ay=-19.76,Az=1620.89,Gx=3552.50,Gy=35437.50,Gz=83930.T=48,H=38,SAT=7"
,2025-09-21T03:50:53Z,COM6,,UTC=11:33:11,18.70,120.292627,23.106585,,,,,,,,,37,SAT=7,-42.46,-52.95,833.14,24202.50,-29732.50,-3157T=48,,"Package=1229,UTC=11:33:11,Lat=23.106585,Lng=120.292627,Alt=18.70,Ax=-42.46,Ay=-52.95,Az=833.14,Gx=24202.50,Gy=-29732.50,Gz=-3157T=48,H=37,SAT=7"
,2025-09-21T03:50:54Z,COM6,,UTC=11:33:11,18.70,120.292627,23.106585,,,,,,,,,37,SAT=7,-69.17,-86.74,1497.18,86765.00,3762.50,-20007T=48,,"Package=1230,UTC=11:33:11,Lat=23.106585,Lng=120.292627,Alt=18.70,Ax=-69.17,Ay=-86.74,Az=1497.18,Gx=86765.00,Gy=3762.50,Gz=-20007T=48,H=37,SAT=7"
,2025-09-21T03:50:55Z,COM6,,UTC=11:33:11,18.70,120.292627,23.106585,,,,,,,,,37,SAT=7,-65.15,32.82,696.13,-9380.00,3832.50,-198782.T=48,,"Package=1231,UTC=11:33:11,Lat=23.106585,Lng=120.292627,Alt=18.70,Ax=-65.15,Ay=32.82,Az=696.13,Gx=-9380.00,Gy=3832.50,Gz=-198782.T=48,H=37,SAT=7"
,2025-09-21T03:50:56Z,COM6,,UTC=11:33:11,18.70,120.292627,23.106585,,,,,,,,,37,SAT=7,-91.87,7.32,1436.31,5897.50,-48405.00,-52132.T=48,,"Package=1232,UTC=11:33:11,Lat=23.106585,Lng=120.292627,Alt=18.70,Ax=-91.87,Ay=7.32,Az=1436.31,Gx=5897.50,Gy=-48405.00,Gz=-52132.T=48,H=37,SAT=7"
,2025-09-21T03:50:57Z,COM6,,UTC=11:33:11,18.70,120.292627,23.106585,,,,,,,,,37,SAT=7,-22.20,0.00,858.27,17010.00,42192.50,174300.0T=48,,"Package=1233,UTC=11:33:11,Lat=23.106585,Lng=120.292627,Alt=18.70,Ax=-22.20,Ay=0.00,Az=858.27,Gx=17010.00,Gy=42192.50,Gz=174300.0T=48,H=37,SAT=7"
,2025-09-21T03:50:58Z,COM6,,UTC=11:33:11,18.70,120.292627,23.106585,,,,,,,,,37,SAT=7,-103.94,53.44,1395.56,-127697.50,-44380.00,16T=48,,"Package=1234,UTC=11:33:11,Lat=23.106585,Lng=120.292627,Alt=18.70,Ax=-103.94,Ay=53.44,Az=1395.56,Gx=-127697.50,Gy=-44380.00,Gz=16T=48,H=37,SAT=7"
,2025-09-21T03:50:59Z,COM6,,UTC=11:33:11,18.70,120.292627,23.106585,,,,,,,,,37,SAT=7,-61.00,-45.26,913.90,-14140.00,-25777.50,1086T=48,,"Package=1235,UTC=11:33:11,Lat=23.106585,Lng=120.292627,Alt=18.70,Ax=-61.00,Ay=-45.26,Az=913.90,Gx=-14140.00,Gy=-25777.50,Gz=1086T=48,H=37,SAT=7"
,2025-09-21T03:51:00Z,COM6,,UTC=11:33:11,18.70,120.292627,23.106585,,,,,,,,,37,SAT=7,-12.20,-45.02,1202.19,17202.50,18830.00,76947T=48,,"Package=1236,UTC=11:33:11,Lat=23.106585,Lng=120.292627,Alt=18.70,Ax=-12.20,Ay=-45.02,Az=1202.19,Gx=17202.50,Gy=18830.00,Gz=76947T=48,H=37,SAT=7"
,2025-09-21T03:51:01Z,COM6,,UTC=11:33:11,18.70,120.292627,23.106585,,,,,,,,,37,SAT=7,-12.69,6.47,1102.15,-67497.50,43820.00,-17622T=48,,"Package=1237,UTC=11:33:11,Lat=23.106585,Lng=120.292627,Alt=18.70,Ax=-12.69,Ay=6.47,Az=1102.15,Gx=-67497.50,Gy=43820.00,Gz=-17622T=48,H=37,SAT=7"
,2025-09-21T03:51:02Z,COM6,,UTC=11:33:11,1,120.292627,23.106585,,,,,,,,,,,,,,,,,,"Package=1238,UTC=11:33:11,Lat=23.106585,Lng=120.292627,Alt=1"
,2025-09-21T03:51:03Z,COM6,,UTC=11:33:11,18.70,120.292627,23.106585,,,,,,,,,38,SAT=7,-54.90,12.93,1422.64,-39917.50,-1645.00,-3057T=48,,"Package=1239,UTC=11:33:11,Lat=23.106585,Lng=120.292627,Alt=18.70,Ax=-54.90,Ay=12.93,Az=1422.64,Gx=-39917.50,Gy=-1645.00,Gz=-3057T=48,H=38,SAT=7"
,2025-09-21T03:51:04Z,COM6,,UTC=11:33:11,,120.292627,23.106585,,,,,,,,,,,,,,,,,,"Package=1240,UTC=11:33:11,Lat=23.106585,Lng=120.292627,Alt"
,2025-09-21T03:51:05Z,COM6,,UTC=11:33:11,18.70,120.292627,23.106585,,,,,,,,,37,SAT=7,-31.35,-31.23,1537.44,2765.00,51730.00,-22825T=48,,"Package=1241,UTC=11:33:11,Lat=23.106585,Lng=120.292627,Alt=18.70,Ax=-31.35,Ay=-31.23,Az=1537.44,Gx=2765.00,Gy=51730.00,Gz=-22825T=48,H=37,SAT=7"
,2025-09-21T03:51:06Z,COM6,,UTC=11:33:11,,120.292627,23.106585,,,,,,,,,,,,,,,,,,"Package=1242,UTC=11:33:11,Lat=23.106585,Lng=120.292627,A"
,2025-09-21T03:51:07Z,COM6,,UTC=11:33:11,18.70,120.292627,23.106585,,,,,,,,,37,SAT=7,-38.43,32.94,1527.44,-60042.50,32322.50,78680T=48,,"Package=1243,UTC=11:33:11,Lat=23.106585,Lng=120.292627,Alt=18.70,Ax=-38.43,Ay=32.94,Az=1527.44,Gx=-60042.50,Gy=32322.50,Gz=78680T=48,H=37,SAT=7"
,2025-09-21T03:51:08Z,COM6,,UTC=11:33:11,,120.292627,23.106585,,,,,,,,,,,,,,,,,,"Package=1244,UTC=11:33:11,Lat=23.106585,Lng=120.292627"
,2025-09-21T03:51:09Z,COM6,,UTC=11:33:11,18.70,120.292627,23.106585,,,,,,,,,37,SAT=7,-56.24,64.17,1493.04,-82075.00,927.50,146632.T=48,,"Package=1245,UTC=11:33:11,Lat=23.106585,Lng=120.292627,Alt=18.70,Ax=-56.24,Ay=64.17,Az=1493.04,Gx=-82075.00,Gy=927.50,Gz=146632.T=48,H=37,SAT=7"
,2025-09-21T03:51:10Z,COM6,,UTC=11:33:11,,,23,,,,,,,,,,,,,,,,,,"Package=1246,UTC=11:33:11,Lat=23"
,2025-09-21T03:51:11Z,COM6,,UTC=11:33:11,18.70,120.292627,23.106585,,,,,,,,,37,SAT=7,-25.38,19.76,1341.76,-51310.00,60042.50,12068T=48,,"Package=1247,UTC=11:33:11,Lat=23.106585,Lng=120.292627,Alt=18.70,Ax=-25.38,Ay=19.76,Az=1341.76,Gx=-51310.00,Gy=60042.50,Gz=12068T=48,H=37,SAT=7"
,2025-09-21T03:51:12Z,COM6,,UTC=11:33:11,18.70,120.292627,23.106585,,,,,,,,,37,SAT=7,-13.66,-75.03,1003.33,58782.50,10885.00,-9506T=48,,"Package=1248,UTC=11:33:11,Lat=23.106585,Lng=120.292627,Alt=18.70,Ax=-13.66,Ay=-75.03,Az=1003.33,Gx=58782.50,Gy=10885.00,Gz=-9506T=48,H=37,SAT=7"
,2025-09-21T03:51:13Z,COM6,,UTC=11:33:11,18.70,120.292627,23.106585,,,,,,,,,37,SAT=7,-53.44,-57.58,1143.26,48335.00,5460.00,-18912T=48,,"Package=1249,UTC=11:33:11,Lat=23.106585,Lng=120.292627,Alt=18.70,Ax=-53.44,Ay=-57.58,Az=1143.26,Gx=48335.00,Gy=5460.00,Gz=-18912T=48,H=37,SAT=7"
,2025-09-21T03:51:14Z,COM6,,UTC=11:33:11,18.70,120.292627,23.106585,,,,,,,,,37,SAT=7,-154.33,46.85,1284.66,927.50,-77560.00,-19654T=48,,"Package=1250,UTC=11:33:11,Lat=23.106585,Lng=120.292627,Alt=18.70,Ax=-154.33,Ay=46.85,Az=1284.66,Gx=927.50,Gy=-77560.00,Gz=-19654T=48,H=37,SAT=7"
,2025-09-21T03:51:15Z,COM6,,UTC=11:33:11,18.70,120.292627,23.106585,,,,,,,,,37,SAT=7,-67.34,-51.61,908.41,10640.00,-98665.00,-52.5T=48,,"Package=1251,UTC=11:33:11,Lat=23.106585,Lng=120.292627,Alt=18.70,Ax=-67.34,Ay=-51.61,Az=908.41,Gx=10640.00,Gy=-98665.00,Gz=-52.5T=48,H=37,SAT=7"
,2025-09-21T03:51:16Z,COM6,,UTC=11:33:11,18.70,120.292627,23.106585,,,,,,,,,37,SAT=7,31.72,3.90,1618.21,-33372.50,114432.50,98017.T=48,,"Package=1252,UTC=11:33:11,Lat=23.106585,Lng=120.292627,Alt=18.70,Ax=31.72,Ay=3.90,Az=1618.21,Gx=-33372.50,Gy=114432.50,Gz=98017.T=48,H=37,SAT=7"
,2025-09-21T03:51:17Z,COM6,,UTC=11:33:11,18.70,120.292627,23.106585,,,,,,,,,37,SAT=7,-41.36,-28.30,790.56,-35297.50,-16415.00,-348T=48,,"Package=1253,UTC=11:33:11,Lat=23.106585,Lng=120.292627,Alt=18.70,Ax=-41.36,Ay=-28.30,Az=790.56,Gx=-35297.50,Gy=-16415.00,Gz=-348T=48,H=37,SAT=7"
,2025-09-21T03:51:18Z,COM6,,UTC=11:33:11,18.70,120.292627,23.106585,,,,,,,,,37,SAT=7,-106.02,16.96,1654.81,2380.00,-33232.50,18247T=48,,"Package=1254,UTC=11:33:11,Lat=23.106585,Lng=120.292627,Alt=18.70,Ax=-106.02,Ay=16.96,Az=1654.81,Gx=2380.00,Gy=-33232.50,Gz=18247T=48,H=37,SAT=7"
,2025-09-21T03:51:19Z,COM6,,UTC=11:33:11,18.70,120.292627,23.106585,,,,,,,,,37,SAT=7,-50.51,-21.23,697.11,-14122.50,-14612.50,1410T=48,,"Package=1255,UTC=11:33:11,Lat=23.106585,Lng=120.292627,Alt=18.70,Ax=-50.51,Ay=-21.23,Az=697.11,Gx=-14122.50,Gy=-14612.50,Gz=1410T=48,H=37,SAT=7"
,2025-09-21T03:51:20Z,COM6,,UTC=11:33:11,18.70,120.292627,23.106585,,,,,,,,,37,SAT=7,-9.39,-27.45,1545.37,26180.00,51642.50,76842.T=48,,"Package=1256,UTC=11:33:11,Lat=23.106585,Lng=120.292627,Alt=18.70,Ax=-9.39,Ay=-27.45,Az=1545.37,Gx=26180.00,Gy=51642.50,Gz=76842.T=48,H=37,SAT=7"
,2025-09-21T03:51:21Z,COM6,,UTC=11:33:11,18.70,120.292627,23.106585,,,,,,,,,37,SAT=7,-19.76,-32.09,754.69,46165.00,40390.00,-13534T=48,,"Package=1257,UTC=11:33:11,Lat=23.106585,Lng=120.292627,Alt=18.70,Ax=-19.76,Ay=-32.09,Az=754.69,Gx=46165.00,Gy=40390.00,Gz=-13534T=48,H=37,SAT=7"
,2025-09-21T03:51:22Z,COM6,,UTC=11:33:11,18.70,120.292627,23.106585,,,,,,,,,37,SAT=7,-31.60,46.60,1436.18,-24815.00,72397.50,-1554T=47,,"Package=1258,UTC=11:33:11,Lat=23.106585,Lng=120.292627,Alt=18.70,Ax=-31.60,Ay=46.60,Az=1436.18,Gx=-24815.00,Gy=72397.50,Gz=-1554T=47,H=37,SAT=7"
,2025-09-21T03:51:23Z,COM6,,UTC=11:33:11,,120.292627,23.106585,,,,,,,,,,,,,,,,,,"Package=1259,UTC=11:33:11,Lat=23.106585,Lng=120.292627,"
,2025-09-21T03:51:24Z,COM6,,UTC=11:33:11,18.70,120.292627,23.106585,,,,,,,,,37,SAT=7,-25.99,-106.51,1195.11,95585.00,25777.50,-382T=48,,"Package=1260,UTC=11:33:11,Lat=23.106585,Lng=120.292627,Alt=18.70,Ax=-25.99,Ay=-106.51,Az=1195.11,Gx=95585.00,Gy=25777.50,Gz=-382T=48,H=37,SAT=7"
,2025-09-21T03:51:25Z,COM6,,UTC=11:33:11,,,23.,,,,,,,,,,,,,,,,,,"Package=1261,UTC=11:33:11,Lat=23."
,2025-09-21T03:51:26Z,COM6,,UTC=11:33:11,18.70,120.292627,23.106585,,,,,,,,,37,SAT=7,-24.89,23.42,979.05,-61390.00,27440.00,-14645T=48,,"Package=1262,UTC=11:33:11,Lat=23.106585,Lng=120.292627,Alt=18.70,Ax=-24.89,Ay=23.42,Az=979.05,Gx=-61390.00,Gy=27440.00,Gz=-14645T=48,H=37,SAT=7"
,2025-09-21T03:51:27Z,COM6,,UTC=11:33:11,,,2,,,,,,,,,,,,,,,,,,"Package=1263,UTC=11:33:11,Lat=2"
,2025-09-21T03:51:28Z,COM6,,UTC=11:33:11,18.70,120.292627,23.106585,,,,,,,,,37,SAT=7,-65.64,-5.12,760.18,-51712.50,-65187.50,67392T=47,,"Package=1264,UTC=11:33:11,Lat=23.106585,Lng=120.292627,Alt=18.70,Ax=-65.64,Ay=-5.12,Az=760.18,Gx=-51712.50,Gy=-65187.50,Gz=67392T=47,H=37,SAT=7"
,2025-09-21T03:51:29Z,COM6,,UTC=11:33:11,,,,,,,,,,,,,,,,,,,,,"Package=1265,UTC=11:33:11,La"
,2025-09-21T03:51:30Z,COM6,,UTC=11:33:11,18.70,120.292627,23.106585,,,,,,,,,37,SAT=7,-26.35,-17.32,692.35,-46077.50,997.50,3955.00T=47,,"Package=1266,UTC=11:33:11,Lat=23.106585,Lng=120.292627,Alt=18.70,Ax=-26.35,Ay=-17.32,Az=692.35,Gx=-46077.50,Gy=997.50,Gz=3955.00T=47,H=37,SAT=7"
,2025-09-21T03:51:31Z,COM6,,UTC=11:33:11,18.70,120.292627,23.106585,,,,,,,,,37,SAT=7,-2.93,54.17,1501.82,-92697.50,44380.00,102602T=47,,"Package=1267,UTC=11:33:11,Lat=23.106585,Lng=120.292627,Alt=18.70,Ax=-2.93,Ay=54.17,Az=1501.82,Gx=-92697.50,Gy=44380.00,Gz=102602T=47,H=37,SAT=7"
,2025-09-21T03:51:32Z,COM6,,UTC=11:33:11,18.70,120.292627,23.106585,,,,,,,,,37,SAT=7,4.15,-36.60,812.89,-33810.00,46462.50,4952.50T=47,,"Package=1268,UTC=11:33:11,Lat=23.106585,Lng=120.292627,Alt=18.70,Ax=4.15,Ay=-36.60,Az=812.89,Gx=-33810.00,Gy=46462.50,Gz=4952.50T=47,H=37,SAT=7"
,2025-09-21T03:51:33Z,COM6,,UTC=11:33:11,18.70,120.292627,23.106585,,,,,,,,,37,SAT=7,-118.58,-5.00,1401.05,-31027.50,-130025.00,54T=47,,"Package=1269,UTC=11:33:11,Lat=23.106585,Lng=120.292627,Alt=18.70,Ax=-118.58,Ay=-5.00,Az=1401.05,Gx=-31027.50,Gy=-130025.00,Gz=54T=47,H=37,SAT=7"
,2025-09-21T03:51:34Z,COM6,,UTC=11:33:11,18.70,120.292627,23.106585,,,,,,,,,37,SAT=7,-41.36,17.93,861.08,6300.00,73605.00,220027.5T=47,,"Package=1270,UTC=11:33:11,Lat=23.106585,Lng=120.292627,Alt=18.70,Ax=-41.36,Ay=17.93,Az=861.08,Gx=6300.00,Gy=73605.00,Gz=220027.5T=47,H=37,SAT=7"
,2025-09-21T03:51:35Z,COM6,,UTC=11:33:11,18.70,120.292627,23.106585,,,,,,,,,37,SAT=7,-12.57,-6.34,1201.58,-22522.50,83790.00,16119T=47,,"Package=1271,UTC=11:33:11,Lat=23.106585,Lng=120.292627,Alt=18.70,Ax=-12.57,Ay=-6.34,Az=1201.58,Gx=-22522.50,Gy=83790.00,Gz=16119T=47,H=37,SAT=7"
,2025-09-21T03:51:36Z,COM6,,UTC=11:33:11,18.70,120.292627,23.106585,,,,,,,,,37,SAT=7,-76.86,-89.79,1221.83,73465.00,-17447.50,-115T=47,,"Package=1272,UTC=11:33:11,Lat=23.106585,Lng=120.292627,Alt=18.70,Ax=-76.86,Ay=-89.79,Az=1221.83,Gx=73465.00,Gy=-17447.50,Gz=-115T=47,H=37,SAT=7"
,2025-09-21T03:51:37Z,COM6,,UTC=11:33:11,18.70,120.292627,23.106585,,,,,,,,,37,SAT=7,-68.08,-5.12,1077.99,31167.50,-36802.50,-1809T=47,,"Package=1273,UTC=11:33:11,Lat=23.106585,Lng=120.292627,Alt=18.70,Ax=-68.08,Ay=-5.12,Az=1077.99,Gx=31167.50,Gy=-36802.50,Gz=-1809T=47,H=37,SAT=7"
,2025-09-21T03:51:38Z,COM6,,UTC=11:33:11,18.70,120.292627,23.106585,,,,,,,,,37,SAT=7,-61.73,66.49,1501.09,-84507.50,4760.00,-12967T=47,,"Package=1274,UTC=11:33:11,Lat=23.106585,Lng=120.292627,Alt=18.70,Ax=-61.73,Ay=66.49,Az=1501.09,Gx=-84507.50,Gy=4760.00,Gz=-12967T=47,H=37,SAT=7"
,2025-09-21T03:51:39Z,COM6,,UTC=11:33:11,18.70,120.292627,23.106585,,,,,,,,,37,SAT=7,0.49,-22.45,746.52,-13475.00,77875.00,-12162.T=47,,"Package=1275,UTC=11:33:11,Lat=23.106585,Lng=120.292627,Alt=18.70,Ax=0.49,Ay=-22.45,Az=746.52,Gx=-13475.00,Gy=77875.00,Gz=-12162.T=47,H=37,SAT=7"
,2025-09-21T03:51:40Z,COM6,,UTC=11:33:11,18.70,120.292627,23.106585,,,,,,,,,37,SAT=7,3.42,-3.29,1616.74,-23275.00,34702.50,-33985.T=47,,"Package=1276,UTC=11:33:11,Lat=23.106585,Lng=120.292627,Alt=18.70,Ax=3.42,Ay=-3.29,Az=1616.74,Gx=-23275.00,Gy=34702.50,Gz=-33985.T=47,H=37,SAT=7"
,2025-09-21T03:51:41Z,COM6,,UTC=11:33:11,18.70,120.292627,23.106585,,,,,,,,,37,SAT=7,-29.52,-12.69,830.82,7805.00,12530.00,-101150T=47,,"Package=1277,UTC=11:33:11,Lat=23.106585,Lng=120.292627,Alt=18.70,Ax=-29.52,Ay=-12.69,Az=830.82,Gx=7805.00,Gy=12530.00,Gz=-101150T=47,H=37,SAT=7"
,2025-09-21T03:51:42Z,COM6,,UTC=11:33:11,,120.292,23.106585,,,,,,,,,,,,,,,,,,"Package=1278,UTC=11:33:11,Lat=23.106585,Lng=120.292"
,2025-09-21T03:51:43Z,COM6,,UTC=11:33:11,18.70,120.292627,23.106585,,,,,,,,47,37,SAT=7,-34.16,-17.57,792.76,2572.50,8102.50,2887.50,,"Package=1279,UTC=11:33:11,Lat=23.106585,Lng=120.292627,Alt=18.70,Ax=-34.16,Ay=-17.57,Az=792.76,Gx=2572.50,Gy=8102.50,Gz=2887.50,T=47,H=37,SAT=7"
,2025-09-21T03:51:44Z,COM6,,UTC=11:33:11,,120.2,23.106585,,,,,,,,,,,,,,,,,,"Package=1280,UTC=11:33:11,Lat=23.106585,Lng=120.2"
,2025-09-21T03:51:45Z,COM6,,UTC=11:33:11,18.70,120.292627,23.106585,,,,,,,,,37,SAT=7,-27.08,18.18,865.47,-35175.00,8837.50,-87885.T=47,,"Package=1281,UTC=11:33:11,Lat=23.106585,Lng=120.292627,Alt=18.70,Ax=-27.08,Ay=18.18,Az=865.47,Gx=-35175.00,Gy=8837.50,Gz=-87885.T=47,H=37,SAT=7"
,2025-09-21T03:51:46Z,COM6,,UTC=11:33:11,,120,23.106585,,,,,,,,,,,,,,,,,,"Package=1282,UTC=11:33:11,Lat=23.106585,Lng=120"
,2025-09-21T03:51:47Z,COM6,,UTC=11:33:11,18.70,120.292627,23.106585,,,,,,,,,37,SAT=7,-12.81,10.74,1070.18,-36767.50,40040.00,-5787T=47,,"Package=1283,UTC=11:33:11,Lat=23.106585,Lng=120.292627,Alt=18.70,Ax=-12.81,Ay=10.74,Az=1070.18,Gx=-36767.50,Gy=40040.00,Gz=-5787T=47,H=37,SAT=7"
,2025-09-21T03:51:48Z,COM6,,UTC=11:33:11,,1,23.106585,,,,,,,,,,,,,,,,,,"Package=1284,UTC=11:33:11,Lat=23.106585,Lng=1"
,2025-09-21T03:51:49Z,COM6,,UTC=11:33:11,18.70,120.292627,23.106585,,,,,,,,,37,SAT=7,-59.05,57.10,1420.08,-62475.00,5372.50,-15317T=47,,"Package=1285,UTC=11:33:11,Lat=23.106585,Lng=120.292627,Alt=18.70,Ax=-59.05,Ay=57.10,Az=1420.08,Gx=-62475.00,Gy=5372.50,Gz=-15317T=47,H=37,SAT=7"
,2025-09-21T03:51:51Z,COM6,,UTC=11:33:11,18.70,120.292627,23.106585,,,,,,,,,37,SAT=7,-17.69,9.03,1660.54,-30660.00,50820.00,-14826T=47,,"Package=1287,UTC=11:33:11,Lat=23.106585,Lng=120.292627,Alt=18.70,Ax=-17.69,Ay=9.03,Az=1660.54,Gx=-30660.00,Gy=50820.00,Gz=-14826T=47,H=37,SAT=7"
,2025-09-21T03:51:53Z,COM6,,UTC=11:33:11,18.70,120.292627,23.106585,,,,,,,,,37,SAT=7,-42.70,11.59,1654.32,-27702.50,6177.50,-82250T=47,,"Package=1289,UTC=11:33:11,Lat=23.106585,Lng=120.292627,Alt=18.70,Ax=-42.70,Ay=11.59,Az=1654.32,Gx=-27702.50,Gy=6177.50,Gz=-82250T=47,H=37,SAT=7"
,2025-09-21T03:51:54Z,COM6,,UTC=11:33:11,18.70,120.292627,23.106585,,,,,,,,,37,SAT=7,-23.91,-31.72,726.51,8732.50,14787.50,4620.00T=47,,"Package=1290,UTC=11:33:11,Lat=23.106585,Lng=120.292627,Alt=18.70,Ax=-23.91,Ay=-31.72,Az=726.51,Gx=8732.50,Gy=14787.50,Gz=4620.00T=47,H=37,SAT=7"
,2025-09-21T03:51:55Z,COM6,,UTC=11:33:11,18.70,120.292627,23.106585,,,,,,,,,37,SAT=7,-25.74,-105.65,1524.27,67042.50,71452.50,-120T=47,,"Package=1291,UTC=11:33:11,Lat=23.106585,Lng=120.292627,Alt=18.70,Ax=-25.74,Ay=-105.65,Az=1524.27,Gx=67042.50,Gy=71452.50,Gz=-120T=47,H=37,SAT=7"
,2025-09-21T03:51:57Z,COM6,,UTC=11:33:11,18.70,120.292627,23.106585,,,,,,,,,N/A,SAT=7,-28.91,36.11,797.64,-26005.00,18847.50,-13966T=N/A,,"Package=1292,UTC=11:33:11,Lat=23.106585,Lng=120.292627,Alt=18.70,Ax=-28.91,Ay=36.11,Az=797.64,Gx=-26005.00,Gy=18847.50,Gz=-13966T=N/A,H=N/A,SAT=7"
,2025-09-21T03:51:59Z,COM6,,UTC=11:33:11,18.70,120.292627,23.106585,,,,,,,,,N/A,SAT=7,-44.29,-15.13,1471.08,-10360.00,-16345.00,348T=N/A,,"Package=1293,UTC=11:33:11,Lat=23.106585,Lng=120.292627,Alt=18.70,Ax=-44.29,Ay=-15.13,Az=1471.08,Gx=-10360.00,Gy=-16345.00,Gz=348T=N/A,H=N/A,SAT=7"
,2025-09-21T03:52:01Z,COM6,,UTC=11:33:11,18.70,120.292627,23.106585,,,,,,,,,N/A,SAT=7,-146.64,-34.89,1514.63,-2135.00,-129132.50,80T=N/A,,"Package=1294,UTC=11:33:11,Lat=23.106585,Lng=120.292627,Alt=18.70,Ax=-146.64,Ay=-34.89,Az=1514.63,Gx=-2135.00,Gy=-129132.50,Gz=80T=N/A,H=N/A,SAT=7"
,2025-09-21T03:52:02Z,COM6,,UTC=11:33:11,18.70,120.292627,23.106585,,,,,,,,,N/A,SAT=7,-82.72,43.43,997.23,-78715.00,-7857.50,215232T=N/A,,"Package=1295,UTC=11:33:11,Lat=23.106585,Lng=120.292627,Alt=18.70,Ax=-82.72,Ay=43.43,Az=997.23,Gx=-78715.00,Gy=-7857.50,Gz=215232T=N/A,H=N/A,SAT=7"
,2025-09-21T03:52:04Z,COM6,,UTC=11:33:11,18.70,120.292627,23.106585,,,,,,,,,N/A,SAT=7,-34.65,-79.06,702.72,81042.50,-32970.00,38062T=N/A,,"Package=1296,UTC=11:33:11,Lat=23.106585,Lng=120.292627,Alt=18.70,Ax=-34.65,Ay=-79.06,Az=702.72,Gx=81042.50,Gy=-32970.00,Gz=38062T=N/A,H=N/A,SAT=7"
,2025-09-21T03:52:06Z,COM6,,UTC=11:33:11,18.70,120.292627,23.106585,,,,,,,,,N/A,SAT=7,-35.26,-29.16,1251.96,69405.00,4322.50,133542T=N/A,,"Package=1297,UTC=11:33:11,Lat=23.106585,Lng=120.292627,Alt=18.70,Ax=-35.26,Ay=-29.16,Az=1251.96,Gx=69405.00,Gy=4322.50,Gz=133542T=N/A,H=N/A,SAT=7"
,2025-09-21T03:52:07Z,COM6,,UTC=11:33:11,18.70,120.292627,23.106585,,,,,,,,,N/A,SAT=7,-9.88,35.50,1619.67,-61477.50,90650.00,174527T=N/A,,"Package=1298,UTC=11:33:11,Lat=23.106585,Lng=120.292627,Alt=18.70,Ax=-9.88,Ay=35.50,Az=1619.67,Gx=-61477.50,Gy=90650.00,Gz=174527T=N/A,H=N/A,SAT=7"
,2025-09-21T03:52:09Z,COM6,,UTC=11:33:11,18.70,120.292627,23.106585,,,,,,,,,N/A,SAT=7,-20.37,20.86,1150.09,-47092.50,18410.00,68635T=N/A,,"Package=1299,UTC=11:33:11,Lat=23.106585,Lng=120.292627,Alt=18.70,Ax=-20.37,Ay=20.86,Az=1150.09,Gx=-47092.50,Gy=18410.00,Gz=68635T=N/A,H=N/A,SAT=7"
,2025-09-21T03:52:11Z,COM6,,UTC=11:33:11,18.70,120.292627,23.106585,,,,,,,,,N/A,SAT=7,-30.87,-57.34,711.63,30625.00,-12967.50,-2677T=N/A,,"Package=1300,UTC=11:33:11,Lat=23.106585,Lng=120.292627,Alt=18.70,Ax=-30.87,Ay=-57.34,Az=711.63,Gx=30625.00,Gy=-12967.50,Gz=-2677T=N/A,H=N/A,SAT=7"
,2025-09-21T03:52:12Z,COM6,,UTC=11:33:11,18.70,120.292627,23.106585,,,,,,,,,N/A,SAT=7,-21.72,-101.63,935.98,89005.00,-3080.00,45395T=N/A,,"Package=1301,UTC=11:33:11,Lat=23.106585,Lng=120.292627,Alt=18.70,Ax=-21.72,Ay=-101.63,Az=935.98,Gx=89005.00,Gy=-3080.00,Gz=45395T=N/A,H=N/A,SAT=7"
,2025-09-21T03:52:14Z,COM6,,UTC=11:33:11,18.70,120.292627,23.106585,,,,,,,,,N/A,SAT=7,-54.66,75.27,1586.12,-81480.00,25935.00,16385T=N/A,,"Package=1302,UTC=11:33:11,Lat=23.106585,Lng=120.292627,Alt=18.70,Ax=-54.66,Ay=75.27,Az=1586.12,Gx=-81480.00,Gy=25935.00,Gz=16385T=N/A,H=N/A,SAT=7"
,2025-09-21T03:52:16Z,COM6,,UTC=11:33:11,18.70,120.292627,23.106585,,,,,,,,,N/A,SAT=7,-24.89,-42.82,1234.52,100292.50,61950.00,1715T=N/A,,"Package=1303,UTC=11:33:11,Lat=23.106585,Lng=120.292627,Alt=18.70,Ax=-24.89,Ay=-42.82,Az=1234.52,Gx=100292.50,Gy=61950.00,Gz=1715T=N/A,H=N/A,SAT=7"
,2025-09-21T03:52:17Z,COM6,,UTC=11:33:11,18.70,120.292627,23.106585,,,,,,,,,N/A,SAT=7,-36.23,-11.22,668.07,15855.00,20580.00,-18627T=N/A,,"Package=1304,UTC=11:33:11,Lat=23.106585,Lng=120.292627,Alt=18.70,Ax=-36.23,Ay=-11.22,Az=668.07,Gx=15855.00,Gy=20580.00,Gz=-18627T=N/A,H=N/A,SAT=7"
,2025-09-21T03:52:19Z,COM6,,UTC=11:33:11,18.70,120.292627,23.106585,,,,,,,,,N/A,SAT=7,-58.32,-3.05,882.43,-12827.50,-57032.50,-1790T=N/A,,"Package=1305,UTC=11:33:11,Lat=23.106585,Lng=120.292627,Alt=18.70,Ax=-58.32,Ay=-3.05,Az=882.43,Gx=-12827.50,Gy=-57032.50,Gz=-1790T=N/A,H=N/A,SAT=7"
,2025-09-21T03:52:21Z,COM6,,UTC=11:33:11,18.70,120.292627,23.106585,,,,,,,,,N/A,SAT=7,-0.49,-8.54,1572.09,-30432.50,78120.00,-11345T=N/A,,"Package=1306,UTC=11:33:11,Lat=23.106585,Lng=120.292627,Alt=18.70,Ax=-0.49,Ay=-8.54,Az=1572.09,Gx=-30432.50,Gy=78120.00,Gz=-11345T=N/A,H=N/A,SAT=7"
,2025-09-21T03:52:22Z,COM6,,UTC=11:33:11,18.70,120.292627,23.106585,,,,,,,,,N/A,SAT=7,25.01,16.10,1341.88,-21210.00,70682.50,-13818T=N/A,,"Package=1307,UTC=11:33:11,Lat=23.106585,Lng=120.292627,Alt=18.70,Ax=25.01,Ay=16.10,Az=1341.88,Gx=-21210.00,Gy=70682.50,Gz=-13818T=N/A,H=N/A,SAT=7"
,2025-09-21T03:52:24Z,COM6,,UTC=11:33:11,18.70,120.292627,23.106585,,,,,,,,,N/A,SAT=7,-38.06,-56.85,858.76,38132.50,21192.50,-9467.T=N/A,,"Package=1308,UTC=11:33:11,Lat=23.106585,Lng=120.292627,Alt=18.70,Ax=-38.06,Ay=-56.85,Az=858.76,Gx=38132.50,Gy=21192.50,Gz=-9467.T=N/A,H=N/A,SAT=7"
,2025-09-21T03:52:26Z,COM6,,UTC=11:33:11,18.70,120.292627,23.106585,,,,,,,,,N/A,SAT=7,-44.29,21.72,822.40,-28595.00,20282.50,-15783T=N/A,,"Package=1309,UTC=11:33:11,Lat=23.106585,Lng=120.292627,Alt=18.70,Ax=-44.29,Ay=21.72,Az=822.40,Gx=-28595.00,Gy=20282.50,Gz=-15783T=N/A,H=N/A,SAT=7"
,2025-09-21T03:52:27Z,COM6,,UTC=11:33:11,18.70,120.292627,23.106585,,,,,,,,,N/A,SAT=7,-24.64,34.16,1516.95,-50505.00,31657.50,63350T=N/A,,"Package=1310,UTC=11:33:11,Lat=23.106585,Lng=120.292627,Alt=18.70,Ax=-24.64,Ay=34.16,Az=1516.95,Gx=-50505.00,Gy=31657.50,Gz=63350T=N/A,H=N/A,SAT=7"
,2025-09-21T03:52:29Z,COM6,,UTC=11:33:11,18.70,120.292627,23.106585,,,,,,,,,N/A,SAT=7,-116.02,-78.45,1543.18,30835.00,-74742.50,-11T=N/A,,"Package=1311,UTC=11:33:11,Lat=23.106585,Lng=120.292627,Alt=18.70,Ax=-116.02,Ay=-78.45,Az=1543.18,Gx=30835.00,Gy=-74742.50,Gz=-11T=N/A,H=N/A,SAT=7"
,2025-09-21T03:52:31Z,COM6,,UTC=11:33:11,18.70,120.292627,23.106585,,,,,,,,,N/A,SAT=7,-87.84,59.54,930.62,-31885.00,682.50,-271215.T=N/A,,"Package=1312,UTC=11:33:11,Lat=23.106585,Lng=120.292627,Alt=18.70,Ax=-87.84,Ay=59.54,Az=930.62,Gx=-31885.00,Gy=682.50,Gz=-271215.T=N/A,H=N/A,SAT=7"
,2025-09-21T03:52:32Z,COM6,,UTC=11:33:11,18.70,120.292627,23.106585,,,,,,,,,N/A,SAT=7,-50.75,-40.63,738.59,11620.00,-52185.00,-4935T=N/A,,"Package=1313,UTC=11:33:11,Lat=23.106585,Lng=120.292627,Alt=18.70,Ax=-50.75,Ay=-40.63,Az=738.59,Gx=11620.00,Gy=-52185.00,Gz=-4935T=N/A,H=N/A,SAT=7"
,2025-09-21T03:52:34Z,COM6,,UTC=11:33:11,18.70,120.292627,23.106585,,,,,,,,,N/A,SAT=7,-22.94,-50.14,1226.22,10552.50,13597.50,32095T=N/A,,"Package=1314,UTC=11:33:11,Lat=23.106585,Lng=120.292627,Alt=18.70,Ax=-22.94,Ay=-50.14,Az=1226.22,Gx=10552.50,Gy=13597.50,Gz=32095T=N/A,H=N/A,SAT=7"
,2025-09-21T03:52:36Z,COM6,,UTC=11:33:11,18.70,120.292627,23.106585,,,,,,,,,N/A,SAT=7,-138.10,-100.04,1637.00,40600.00,-39830.00,-1T=N/A,,"Package=1315,UTC=11:33:11,Lat=23.106585,Lng=120.292627,Alt=18.70,Ax=-138.10,Ay=-100.04,Az=1637.00,Gx=40600.00,Gy=-39830.00,Gz=-1T=N/A,H=N/A,SAT=7"
,2025-09-21T03:52:37Z,COM6,,UTC=11:33:11,18.70,120.292627,23.106585,,,,,,,,,N/A,SAT=7,-51.61,84.42,1248.30,-50225.00,32130.00,-2676T=N/A,,"Package=1316,UTC=11:33:11,Lat=23.106585,Lng=120.292627,Alt=18.70,Ax=-51.61,Ay=84.42,Az=1248.30,Gx=-50225.00,Gy=32130.00,Gz=-2676T=N/A,H=N/A,SAT=7"
,2025-09-21T03:52:39Z,COM6,,UTC=11:33:11,18.70,120.292627,23.106585,,,,,,,,,N/A,SAT=7,-48.31,-29.04,655.51,30607.50,-33635.00,12617T=N/A,,"Package=1317,UTC=11:33:11,Lat=23.106585,Lng=120.292627,Alt=18.70,Ax=-48.31,Ay=-29.04,Az=655.51,Gx=30607.50,Gy=-33635.00,Gz=12617T=N/A,H=N/A,SAT=7"
,2025-09-21T03:52:41Z,COM6,,UTC=11:33:11,18.70,120.292627,23.106585,,,,,,,,,N/A,SAT=7,-84.67,-11.22,1024.80,31955.00,-16695.00,2199T=N/A,,"Package=1318,UTC=11:33:11,Lat=23.106585,Lng=120.292627,Alt=18.70,Ax=-84.67,Ay=-11.22,Az=1024.80,Gx=31955.00,Gy=-16695.00,Gz=2199T=N/A,H=N/A,SAT=7"
,2025-09-21T03:52:42Z,COM6,,UTC=11:33:11,18.70,120.292627,23.106585,,,,,,,,,N/A,SAT=7,-69.66,-61.73,1577.09,62842.50,17237.50,73027T=N/A,,"Package=1319,UTC=11:33:11,Lat=23.106585,Lng=120.292627,Alt=18.70,Ax=-69.66,Ay=-61.73,Az=1577.09,Gx=62842.50,Gy=17237.50,Gz=73027T=N/A,H=N/A,SAT=7"
,2025-09-21T03:52:44Z,COM6,,UTC=11:33:11,18.70,120.292627,23.106585,,,,,,,,,N/A,SAT=7,-113.95,50.87,1336.02,-43172.50,-23257.50,277T=N/A,,"Package=1320,UTC=11:33:11,Lat=23.106585,Lng=120.292627,Alt=18.70,Ax=-113.95,Ay=50.87,Az=1336.02,Gx=-43172.50,Gy=-23257.50,Gz=277T=N/A,H=N/A,SAT=7"
,2025-09-21T03:52:46Z,COM6,,UTC=11:33:11,18.70,120.292627,23.106585,,,,,,,,,N/A,SAT=7,5.98,-39.28,755.79,5460.00,68250.00,-16625.00T=N/A,,"Package=1321,UTC=11:33:11,Lat=23.106585,Lng=120.292627,Alt=18.70,Ax=5.98,Ay=-39.28,Az=755.79,Gx=5460.00,Gy=68250.00,Gz=-16625.00T=N/A,H=N/A,SAT=7"
,2025-09-21T03:52:47Z,COM6,,UTC=11:33:11,18.70,120.292627,23.106585,,,,,,,,,N/A,SAT=7,-3.17,-28.06,777.63,30170.00,15645.00,-44275.T=N/A,,"Package=1322,UTC=11:33:11,Lat=23.106585,Lng=120.292627,Alt=18.70,Ax=-3.17,Ay=-28.06,Az=777.63,Gx=30170.00,Gy=15645.00,Gz=-44275.T=N/A,H=N/A,SAT=7"
,2025-09-21T03:52:49Z,COM6,,UTC=11:33:11,18.70,120.292627,23.106585,,,,,,,,,N/A,SAT=7,5.61,-67.34,1582.10,-30642.50,136815.00,-1573T=N/A,,"Package=1323,UTC=11:33:11,Lat=23.106585,Lng=120.292627,Alt=18.70,Ax=5.61,Ay=-67.34,Az=1582.10,Gx=-30642.50,Gy=136815.00,Gz=-1573T=N/A,H=N/A,SAT=7"
,2025-09-21T03:52:51Z,COM6,,UTC=11:33:11,18.70,120.292627,23.106585,,,,,,,,,N/A,SAT=7,-117.36,35.01,1498.40,-7525.00,-71715.00,-152T=N/A,,"Package=1324,UTC=11:33:11,Lat=23.106585,Lng=120.292627,Alt=18.70,Ax=-117.36,Ay=35.01,Az=1498.40,Gx=-7525.00,Gy=-71715.00,Gz=-152T=N/A,H=N/A,SAT=7"
,2025-09-21T03:52:52Z,COM6,,UTC=11:33:11,18.70,120.292627,23.106585,,,,,,,,,N/A,SAT=7,-25.25,-32.09,911.58,39550.00,26302.50,-18025T=N/A,,"Package=1325,UTC=11:33:11,Lat=23.106585,Lng=120.292627,Alt=18.70,Ax=-25.25,Ay=-32.09,Az=911.58,Gx=39550.00,Gy=26302.50,Gz=-18025T=N/A,H=N/A,SAT=7"
,2025-09-21T03:52:54Z,COM6,,UTC=11:33:11,18.70,120.292627,23.106585,,,,,,,,,N/A,SAT=7,5.12,-32.94,706.99,41562.50,52062.50,-1172.50T=N/A,,"Package=1326,UTC=11:33:11,Lat=23.106585,Lng=120.292627,Alt=18.70,Ax=5.12,Ay=-32.94,Az=706.99,Gx=41562.50,Gy=52062.50,Gz=-1172.50T=N/A,H=N/A,SAT=7"
,2025-09-21T03:52:56Z,COM6,,UTC=11:33:11,18.70,120.292627,23.106585,,,,,,,,,N/A,SAT=7,-59.17,41.72,1467.42,-44397.50,66045.00,-2943T=N/A,,"Package=1327,UTC=11:33:11,Lat=23.106585,Lng=120.292627,Alt=18.70,Ax=-59.17,Ay=41.72,Az=1467.42,Gx=-44397.50,Gy=66045.00,Gz=-2943T=N/A,H=N/A,SAT=7"
,2025-09-21T03:52:58Z,COM6,,UTC=11:33:11,18.70,120.292627,23.106585,,,,,,,,,N/A,SAT=7,-78.81,-58.80,1586.85,56455.00,-55422.50,2250T=N/A,,"Package=1328,UTC=11:33:11,Lat=23.106585,Lng=120.292627,Alt=18.70,Ax=-78.81,Ay=-58.80,Az=1586.85,Gx=56455.00,Gy=-55422.50,Gz=2250T=N/A,H=N/A,SAT=7"
,2025-09-21T03:52:59Z,COM6,,UTC=11:33:11,18.70,120.292627,23.106585,,,,,,,,,N/A,SAT=7,-24.64,57.58,1034.44,-47425.00,52675.00,21988T=N/A,,"Package=1329,UTC=11:33:11,Lat=23.106585,Lng=120.292627,Alt=18.70,Ax=-24.64,Ay=57.58,Az=1034.44,Gx=-47425.00,Gy=52675.00,Gz=21988T=N/A,H=N/A,SAT=7"
,2025-09-21T03:53:01Z,COM6,,UTC=11:33:11,18.70,120.292627,23.106585,,,,,,,,,N/A,SAT=7,-53.68,-6.47,673.20,40652.50,210.00,-163292.5T=N/A,,"Package=1330,UTC=11:33:11,Lat=23.106585,Lng=120.292627,Alt=18.70,Ax=-53.68,Ay=-6.47,Az=673.20,Gx=40652.50,Gy=210.00,Gz=-163292.5T=N/A,H=N/A,SAT=7"
,2025-09-21T03:53:03Z,COM6,,UTC=11:33:11,18.70,120.292627,23.106585,,,,,,,,,N/A,SAT=7,-63.68,53.68,1127.77,-68985.00,-52202.50,-754T=N/A,,"Package=1331,UTC=11:33:11,Lat=23.106585,Lng=120.292627,Alt=18.70,Ax=-63.68,Ay=53.68,Az=1127.77,Gx=-68985.00,Gy=-52202.50,Gz=-754T=N/A,H=N/A,SAT=7"
,2025-09-21T03:53:04Z,COM6,,UTC=11:33:11,18.70,120.292627,23.106585,,,,,,,,,N/A,SAT=7,-20.98,-81.74,1568.55,81655.00,36470.00,-1417T=N/A,,"Package=1332,UTC=11:33:11,Lat=23.106585,Lng=120.292627,Alt=18.70,Ax=-20.98,Ay=-81.74,Az=1568.55,Gx=81655.00,Gy=36470.00,Gz=-1417T=N/A,H=N/A,SAT=7"
,2025-09-21T03:53:06Z,COM6,,UTC=11:33:11,18.70,120.292627,23.106585,,,,,,,,,N/A,SAT=7,-62.71,20.98,1285.64,-60777.50,-15522.50,-133T=N/A,,"Package=1333,UTC=11:33:11,Lat=23.106585,Lng=120.292627,Alt=18.70,Ax=-62.71,Ay=20.98,Az=1285.64,Gx=-60777.50,Gy=-15522.50,Gz=-133T=N/A,H=N/A,SAT=7"
,2025-09-21T03:53:08Z,COM6,,UTC=11:33:11,18.70,120.292627,23.106585,,,,,,,,,N/A,SAT=7,-39.41,-14.15,667.71,-6370.00,-315.00,115972.T=N/A,,"Package=1334,UTC=11:33:11,Lat=23.106585,Lng=120.292627,Alt=18.70,Ax=-39.41,Ay=-14.15,Az=667.71,Gx=-6370.00,Gy=-315.00,Gz=115972.T=N/A,H=N/A,SAT=7"
,2025-09-21T03:53:09Z,COM6,,UTC=11:33:11,18.70,120.292627,23.106585,,,,,,,,,N/A,SAT=7,-23.18,-68.32,954.77,9835.00,-1662.50,-71417.T=N/A,,"Package=1335,UTC=11:33:11,Lat=23.106585,Lng=120.292627,Alt=18.70,Ax=-23.18,Ay=-68.32,Az=954.77,Gx=9835.00,Gy=-1662.50,Gz=-71417.T=N/A,H=N/A,SAT=7"
,2025-09-21T03:53:11Z,COM6,,UTC=11:33:11,18.70,120.292627,23.106585,,,,,,,,,N/A,SAT=7,-86.13,66.98,1570.02,-17885.00,5670.00,-27294T=N/A,,"Package=1336,UTC=11:33:11,Lat=23.106585,Lng=120.292627,Alt=18.70,Ax=-86.13,Ay=66.98,Az=1570.02,Gx=-17885.00,Gy=5670.00,Gz=-27294T=N/A,H=N/A,SAT=7"
,2025-09-21T03:53:13Z,COM6,,UTC=11:33:11,18.70,120.292627,23.106585,,,,,,,,,N/A,SAT=7,-1.71,25.62,1438.01,-79660.00,34300.00,-47390T=N/A,,"Package=1337,UTC=11:33:11,Lat=23.106585,Lng=120.292627,Alt=18.70,Ax=-1.71,Ay=25.62,Az=1438.01,Gx=-79660.00,Gy=34300.00,Gz=-47390T=N/A,H=N/A,SAT=7"
,2025-09-21T03:53:14Z,COM6,,UTC=11:33:11,18.70,120.292627,23.106585,,,,,,,,,N/A,SAT=7,-32.45,-53.07,804.71,38290.00,-30117.50,-3692T=N/A,,"Package=1338,UTC=11:33:11,Lat=23.106585,Lng=120.292627,Alt=18.70,Ax=-32.45,Ay=-53.07,Az=804.71,Gx=38290.00,Gy=-30117.50,Gz=-3692T=N/A,H=N/A,SAT=7"
,2025-09-21T03:53:16Z,COM6,,UTC=11:33:11,18.70,120.292627,23.106585,,,,,,,,,N/A,SAT=7,-60.63,10.74,765.06,18392.50,9677.50,-212467.T=N/A,,"Package=1339,UTC=11:33:11,Lat=23.106585,Lng=120.292627,Alt=18.70,Ax=-60.63,Ay=10.74,Az=765.06,Gx=18392.50,Gy=9677.50,Gz=-212467.T=N/A,H=N/A,SAT=7"
,2025-09-21T03:53:18Z,COM6,,UTC=11:33:11,18.70,120.292627,23.106585,,,,,,,,,N/A,SAT=7,-58.56,49.17,1489.13,-67672.50,-10780.00,-225T=N/A,,"Package=1340,UTC=11:33:11,Lat=23.106585,Lng=120.292627,Alt=18.70,Ax=-58.56,Ay=49.17,Az=1489.13,Gx=-67672.50,Gy=-10780.00,Gz=-225T=N/A,H=N/A,SAT=7"
,2025-09-21T03:53:19Z,COM6,,UTC=11:33:11,18.70,120.292627,23.106585,,,,,,,,,N/A,SAT=7,-94.18,-64.54,1618.94,-8435.00,-48720.00,-248T=N/A,,"Package=1341,UTC=11:33:11,Lat=23.106585,Lng=120.292627,Alt=18.70,Ax=-94.18,Ay=-64.54,Az=1618.94,Gx=-8435.00,Gy=-48720.00,Gz=-248T=N/A,H=N/A,SAT=7"
,2025-09-21T03:53:21Z,COM6,,UTC=11:33:11,18.70,120.292627,23.106585,,,,,,,,,N/A,SAT=7,-37.58,55.51,1058.84,-77787.50,37415.00,-2573T=N/A,,"Package=1342,UTC=11:33:11,Lat=23.106585,Lng=120.292627,Alt=18.70,Ax=-37.58,Ay=55.51,Az=1058.84,Gx=-77787.50,Gy=37415.00,Gz=-2573T=N/A,H=N/A,SAT=7"
,2025-09-21T03:53:23Z,COM6,,UTC=11:33:11,18.70,120.292627,23.106585,,,,,,,,,N/A,SAT=7,0.12,29.04,713.58,-89950.00,46690.00,52867.50T=N/A,,"Package=1343,UTC=11:33:11,Lat=23.106585,Lng=120.292627,Alt=18.70,Ax=0.12,Ay=29.04,Az=713.58,Gx=-89950.00,Gy=46690.00,Gz=52867.50T=N/A,H=N/A,SAT=7"
,2025-09-21T03:53:24Z,COM6,,UTC=11:33:11,18.70,120.292627,23.106585,,,,,,,,,N/A,SAT=7,-21.23,19.52,1053.96,-26985.00,20685.00,-1556T=N/A,,"Package=1344,UTC=11:33:11,Lat=23.106585,Lng=120.292627,Alt=18.70,Ax=-21.23,Ay=19.52,Az=1053.96,Gx=-26985.00,Gy=20685.00,Gz=-1556T=N/A,H=N/A,SAT=7"
,2025-09-21T03:53:26Z,COM6,,UTC=11:33:11,18.70,120.292627,23.106585,,,,,,,,,N/A,SAT=7,-99.31,54.41,1677.74,-60130.00,-77262.50,3482T=N/A,,"Package=1345,UTC=11:33:11,Lat=23.106585,Lng=120.292627,Alt=18.70,Ax=-99.31,Ay=54.41,Az=1677.74,Gx=-60130.00,Gy=-77262.50,Gz=3482T=N/A,H=N/A,SAT=7"
,2025-09-21T03:53:28Z,COM6,,UTC=11:33:11,18.70,120.292627,23.106585,,,,,,,,,N/A,SAT=7,-48.07,82.72,1268.07,-80990.00,34370.00,21840T=N/A,,"Package=1346,UTC=11:33:11,Lat=23.106585,Lng=120.292627,Alt=18.70,Ax=-48.07,Ay=82.72,Az=1268.07,Gx=-80990.00,Gy=34370.00,Gz=21840T=N/A,H=N/A,SAT=7"
,2025-09-21T03:53:29Z,COM6,,UTC=11:33:11,18.70,120.292627,23.106585,,,,,,,,,N/A,SAT=7,-65.03,-12.44,648.80,-31115.00,-76072.50,-656T=N/A,,"Package=1347,UTC=11:33:11,Lat=23.106585,Lng=120.292627,Alt=18.70,Ax=-65.03,Ay=-12.44,Az=648.80,Gx=-31115.00,Gy=-76072.50,Gz=-656T=N/A,H=N/A,SAT=7"
,2025-09-21T03:53:31Z,COM6,,UTC=11:33:11,18.70,120.292627,23.106585,,,,,,,,,N/A,SAT=7,-21.35,-40.75,857.90,-15207.50,33792.50,10795T=N/A,,"Package=1348,UTC=11:33:11,Lat=23.106585,Lng=120.292627,Alt=18.70,Ax=-21.35,Ay=-40.75,Az=857.90,Gx=-15207.50,Gy=33792.50,Gz=10795T=N/A,H=N/A,SAT=7"
,2025-09-21T03:53:33Z,COM6,,UTC=11:33:11,18.70,120.292627,23.106585,,,,,,,,,N/A,SAT=7,-28.91,-88.08,1606.37,34125.00,7052.50,64470.T=N/A,,"Package=1349,UTC=11:33:11,Lat=23.106585,Lng=120.292627,Alt=18.70,Ax=-28.91,Ay=-88.08,Az=1606.37,Gx=34125.00,Gy=7052.50,Gz=64470.T=N/A,H=N/A,SAT=7"
,2025-09-21T03:53:34Z,COM6,,UTC=11:33:11,18.70,120.292627,23.106585,,,,,,,,,N/A,SAT=7,-135.42,-2.44,1452.29,-14805.00,-113487.50,82T=N/A,,"Package=1350,UTC=11:33:11,Lat=23.106585,Lng=120.292627,Alt=18.70,Ax=-135.42,Ay=-2.44,Az=1452.29,Gx=-14805.00,Gy=-113487.50,Gz=82T=N/A,H=N/A,SAT=7"
,2025-09-21T03:53:36Z,COM6,,UTC=11:33:11,18.70,120.292627,23.106585,,,,,,,,,N/A,SAT=7,-79.18,20.01,853.02,5617.50,26932.50,256340.0T=N/A,,"Package=1351,UTC=11:33:11,Lat=23.106585,Lng=120.292627,Alt=18.70,Ax=-79.18,Ay=20.01,Az=853.02,Gx=5617.50,Gy=26932.50,Gz=256340.0T=N/A,H=N/A,SAT=7"
,2025-09-21T03:53:38Z,COM6,,UTC=11:33:11,18.70,120.292627,23.106585,,,,,,,,,N/A,SAT=7,-84.18,11.22,768.72,3430.00,-19512.50,256532.T=N/A,,"Package=1352,UTC=11:33:11,Lat=23.106585,Lng=120.292627,Alt=18.70,Ax=-84.18,Ay=11.22,Az=768.72,Gx=3430.00,Gy=-19512.50,Gz=256532.T=N/A,H=N/A,SAT=7"
,2025-09-21T03:53:39Z,COM6,,UTC=11:33:11,18.70,120.292627,23.106585,,,,,,,,,N/A,SAT=7,-110.65,49.04,1490.11,-81742.50,-40390.00,204T=N/A,,"Package=1353,UTC=11:33:11,Lat=23.106585,Lng=120.292627,Alt=18.70,Ax=-110.65,Ay=49.04,Az=1490.11,Gx=-81742.50,Gy=-40390.00,Gz=204T=N/A,H=N/A,SAT=7"
,2025-09-21T03:53:41Z,COM6,,UTC=11:33:11,18.70,120.292627,23.106585,,,,,,,,,N/A,SAT=7,-54.41,-15.01,1567.21,-16852.50,8347.50,14603T=N/A,,"Package=1354,UTC=11:33:11,Lat=23.106585,Lng=120.292627,Alt=18.70,Ax=-54.41,Ay=-15.01,Az=1567.21,Gx=-16852.50,Gy=8347.50,Gz=14603T=N/A,H=N/A,SAT=7"
,2025-09-21T03:53:43Z,COM6,,UTC=11:33:11,18.70,120.292627,23.106585,,,,,,,,,N/A,SAT=7,-77.47,8.66,1128.26,-14052.50,-66237.50,-3108T=N/A,,"Package=1355,UTC=11:33:11,Lat=23.106585,Lng=120.292627,Alt=18.70,Ax=-77.47,Ay=8.66,Az=1128.26,Gx=-14052.50,Gy=-66237.50,Gz=-3108T=N/A,H=N/A,SAT=7"
,2025-09-21T03:53:44Z,COM6,,UTC=11:33:11,18.70,120.292627,23.106585,,,,,,,,,N/A,SAT=7,-64.54,-35.99,744.44,7227.50,-61547.50,134977T=N/A,,"Package=1356,UTC=11:33:11,Lat=23.106585,Lng=120.292627,Alt=18.70,Ax=-64.54,Ay=-35.99,Az=744.44,Gx=7227.50,Gy=-61547.50,Gz=134977T=N/A,H=N/A,SAT=7"
,2025-09-21T03:53:46Z,COM6,,UTC=11:33:11,18.70,120.292627,23.106585,,,,,,,,,N/A,SAT=7,-21.35,-61.73,1078.97,15995.00,12985.00,-7831T=N/A,,"Package=1357,UTC=11:33:11,Lat=23.106585,Lng=120.292627,Alt=18.70,Ax=-21.35,Ay=-61.73,Az=1078.97,Gx=15995.00,Gy=12985.00,Gz=-7831T=N/A,H=N/A,SAT=7"
,2025-09-21T03:53:48Z,COM6,,UTC=11:33:11,18.70,120.292627,23.106585,,,,,,,,,N/A,SAT=7,-99.92,80.03,1723.25,-55405.00,-20527.50,-253T=N/A,,"Package=1358,UTC=11:33:11,Lat=23.106585,Lng=120.292627,Alt=18.70,Ax=-99.92,Ay=80.03,Az=1723.25,Gx=-55405.00,Gy=-20527.50,Gz=-253T=N/A,H=N/A,SAT=7"
,2025-09-21T03:53:49Z,COM6,,UTC=11:33:11,18.70,120.292627,23.106585,,,,,,,,,N/A,SAT=7,-18.91,-26.47,1313.94,20090.00,43995.00,-4900T=N/A,,"Package=1359,UTC=11:33:11,Lat=23.106585,Lng=120.292627,Alt=18.70,Ax=-18.91,Ay=-26.47,Az=1313.94,Gx=20090.00,Gy=43995.00,Gz=-4900T=N/A,H=N/A,SAT=7"
,2025-09-21T03:53:51Z,COM6,,UTC=11:33:11,18.70,120.292627,23.106585,,,,,,,,,N/A,SAT=7,-23.79,-41.36,648.80,2537.50,-5635.00,-50767.T=N/A,,"Package=1360,UTC=11:33:11,Lat=23.106585,Lng=120.292627,Alt=18.70,Ax=-23.79,Ay=-41.36,Az=648.80,Gx=2537.50,Gy=-5635.00,Gz=-50767.T=N/A,H=N/A,SAT=7"
,2025-09-21T03:53:53Z,COM6,,UTC=11:33:11,18.70,120.292627,23.106585,,,,,,,,,N/A,SAT=7,-71.37,6.95,834.60,30362.50,10902.50,249095.0T=N/A,,"Package=1361,UTC=11:33:11,Lat=23.106585,Lng=120.292627,Alt=18.70,Ax=-71.37,Ay=6.95,Az=834.60,Gx=30362.50,Gy=10902.50,Gz=249095.0T=N/A,H=N/A,SAT=7"
,2025-09-21T03:53:54Z,COM6,,UTC=11:33:11,18.70,120.292627,23.106585,,,,,,,,,N/A,SAT=7,-77.23,-154.45,1668.47,73185.00,-41090.00,-43T=N/A,,"Package=1362,UTC=11:33:11,Lat=23.106585,Lng=120.292627,Alt=18.70,Ax=-77.23,Ay=-154.45,Az=1668.47,Gx=73185.00,Gy=-41090.00,Gz=-43T=N/A,H=N/A,SAT=7"
,2025-09-21T03:53:56Z,COM6,,UTC=11:33:11,18.70,120.292627,23.106585,,,,,,,,,N/A,SAT=7,-19.76,-103.09,1362.01,84962.50,81515.00,-116T=N/A,,"Package=1363,UTC=11:33:11,Lat=23.106585,Lng=120.292627,Alt=18.70,Ax=-19.76,Ay=-103.09,Az=1362.01,Gx=84962.50,Gy=81515.00,Gz=-116T=N/A,H=N/A,SAT=7"
,2025-09-21T03:53:58Z,COM6,,UTC=11:33:11,18.70,120.292627,23.106585,,,,,,,,,N/A,SAT=7,-24.77,-9.39,875.23,-20527.50,62160.00,-10354T=N/A,,"Package=1364,UTC=11:33:11,Lat=23.106585,Lng=120.292627,Alt=18.70,Ax=-24.77,Ay=-9.39,Az=875.23,Gx=-20527.50,Gy=62160.00,Gz=-10354T=N/A,H=N/A,SAT=7"
,2025-09-21T03:53:59Z,COM6,,UTC=11:33:11,18.70,120.292627,23.106585,,,,,,,,,N/A,SAT=7,-18.06,-34.89,759.21,26547.50,-822.50,97370.0T=N/A,,"Package=1365,UTC=11:33:11,Lat=23.106585,Lng=120.292627,Alt=18.70,Ax=-18.06,Ay=-34.89,Az=759.21,Gx=26547.50,Gy=-822.50,Gz=97370.0T=N/A,H=N/A,SAT=7"
,2025-09-21T03:54:01Z,COM6,,UTC=11:33:11,18.70,120.292627,23.106585,,,,,,,,,N/A,SAT=7,-25.62,-81.74,1550.74,16327.50,26022.50,68337T=N/A,,"Package=1366,UTC=11:33:11,Lat=23.106585,Lng=120.292627,Alt=18.70,Ax=-25.62,Ay=-81.74,Az=1550.74,Gx=16327.50,Gy=26022.50,Gz=68337T=N/A,H=N/A,SAT=7"
,2025-09-21T03:54:03Z,COM6,,UTC=11:33:11,18.70,120.292627,23.106585,,,,,,,,,N/A,SAT=7,-69.42,-108.46,1492.30,84770.00,-52.50,-17183T=N/A,,"Package=1367,UTC=11:33:11,Lat=23.106585,Lng=120.292627,Alt=18.70,Ax=-69.42,Ay=-108.46,Az=1492.30,Gx=84770.00,Gy=-52.50,Gz=-17183T=N/A,H=N/A,SAT=7"
,2025-09-21T03:54:04Z,COM6,,UTC=11:33:11,18.70,120.292627,23.106585,,,,,,,,,N/A,SAT=7,-100.77,51.24,1064.82,-32182.50,-88042.50,-17T=N/A,,"Package=1368,UTC=11:33:11,Lat=23.106585,Lng=120.292627,Alt=18.70,Ax=-100.77,Ay=51.24,Az=1064.82,Gx=-32182.50,Gy=-88042.50,Gz=-17T=N/A,H=N/A,SAT=7"
,2025-09-21T03:54:06Z,COM6,,UTC=11:33:11,18.70,120.292627,23.106585,,,,,,,,,N/A,SAT=7,-25.50,-40.50,740.66,18690.00,20825.00,118702T=N/A,,"Package=1369,UTC=11:33:11,Lat=23.106585,Lng=120.292627,Alt=18.70,Ax=-25.50,Ay=-40.50,Az=740.66,Gx=18690.00,Gy=20825.00,Gz=118702T=N/A,H=N/A,SAT=7"
,2025-09-21T03:54:08Z,COM6,,UTC=11:33:11,18.70,120.292627,23.106585,,,,,,,,,N/A,SAT=7,-114.92,-70.64,1218.05,1610.00,-82530.00,-359T=N/A,,"Package=1370,UTC=11:33:11,Lat=23.106585,Lng=120.292627,Alt=18.70,Ax=-114.92,Ay=-70.64,Az=1218.05,Gx=1610.00,Gy=-82530.00,Gz=-359T=N/A,H=N/A,SAT=7"
,2025-09-21T03:54:09Z,COM6,,UTC=11:33:11,18.70,120.292627,23.106585,,,,,,,,,N/A,SAT=7,-11.96,-21.47,1629.55,-22837.50,16502.50,4730T=N/A,,"Package=1371,UTC=11:33:11,Lat=23.106585,Lng=120.292627,Alt=18.70,Ax=-11.96,Ay=-21.47,Az=1629.55,Gx=-22837.50,Gy=16502.50,Gz=4730T=N/A,H=N/A,SAT=7"
,2025-09-21T03:54:11Z,COM6,,UTC=11:33:11,18.70,120.292627,23.106585,,,,,,,,,N/A,SAT=7,-41.24,-31.72,1324.19,39497.50,55020.00,-1507T=N/A,,"Package=1372,UTC=11:33:11,Lat=23.106585,Lng=120.292627,Alt=18.70,Ax=-41.24,Ay=-31.72,Az=1324.19,Gx=39497.50,Gy=55020.00,Gz=-1507T=N/A,H=N/A,SAT=7"
,2025-09-21T03:54:13Z,COM6,,UTC=11:33:11,18.70,120.292627,23.106585,,,,,,,,,N/A,SAT=7,-8.17,-36.97,678.08,6842.50,52867.50,-5442.50T=N/A,,"Package=1373,UTC=11:33:11,Lat=23.106585,Lng=120.292627,Alt=18.70,Ax=-8.17,Ay=-36.97,Az=678.08,Gx=6842.50,Gy=52867.50,Gz=-5442.50T=N/A,H=N/A,SAT=7"
,2025-09-21T03:54:15Z,COM6,,UTC=11:33:11,18.70,120.292627,23.106585,,,,,,,,,N/A,SAT=7,-40.50,26.35,964.17,-28000.00,-3780.00,-11221T=N/A,,"Package=1374,UTC=11:33:11,Lat=23.106585,Lng=120.292627,Alt=18.70,Ax=-40.50,Ay=26.35,Az=964.17,Gx=-28000.00,Gy=-3780.00,Gz=-11221T=N/A,H=N/A,SAT=7"
,2025-09-21T03:54:16Z,COM6,,UTC=11:33:11,18.70,120.292627,23.106585,,,,,,,,,N/A,SAT=7,14.76,-23.18,1611.38,-11760.00,66710.00,-3914T=N/A,,"Package=1375,UTC=11:33:11,Lat=23.106585,Lng=120.292627,Alt=18.70,Ax=14.76,Ay=-23.18,Az=1611.38,Gx=-11760.00,Gy=66710.00,Gz=-3914T=N/A,H=N/A,SAT=7"
,2025-09-21T03:54:18Z,COM6,,UTC=11:33:11,18.70,120.292627,23.106585,,,,,,,,,N/A,SAT=7,-33.55,-67.10,1534.03,34055.00,78960.00,-2327T=N/A,,"Package=1376,UTC=11:33:11,Lat=23.106585,Lng=120.292627,Alt=18.70,Ax=-33.55,Ay=-67.10,Az=1534.03,Gx=34055.00,Gy=78960.00,Gz=-2327T=N/A,H=N/A,SAT=7"
,2025-09-21T03:54:20Z,COM6,,UTC=11:33:11,18.70,120.292627,23.106585,,,,,,,,,N/A,SAT=7,6.10,-26.35,910.85,-17360.00,85750.00,-31010.T=N/A,,"Package=1377,UTC=11:33:11,Lat=23.106585,Lng=120.292627,Alt=18.70,Ax=6.10,Ay=-26.35,Az=910.85,Gx=-17360.00,Gy=85750.00,Gz=-31010.T=N/A,H=N/A,SAT=7"
,2025-09-21T03:54:21Z,COM6,,UTC=11:33:11,18.70,120.292627,23.106585,,,,,,,,,N/A,SAT=7,-14.64,-59.05,707.48,28560.00,6475.00,7927.50T=N/A,,"Package=1378,UTC=11:33:11,Lat=23.106585,Lng=120.292627,Alt=18.70,Ax=-14.64,Ay=-59.05,Az=707.48,Gx=28560.00,Gy=6475.00,Gz=7927.50T=N/A,H=N/A,SAT=7"
,2025-09-21T03:54:23Z,COM6,,UTC=11:33:11,18.70,120.292627,23.106585,,,,,,,,,N/A,SAT=7,-8.54,-41.97,1418.01,37485.00,114607.50,-2325T=N/A,,"Package=1379,UTC=11:33:11,Lat=23.106585,Lng=120.292627,Alt=18.70,Ax=-8.54,Ay=-41.97,Az=1418.01,Gx=37485.00,Gy=114607.50,Gz=-2325T=N/A,H=N/A,SAT=7"
,2025-09-21T03:54:25Z,COM6,,UTC=11:33:11,18.70,120.292627,23.106585,,,,,,,,,N/A,SAT=7,-65.15,74.42,1710.07,-71942.50,-53060.00,2404T=N/A,,"Package=1380,UTC=11:33:11,Lat=23.106585,Lng=120.292627,Alt=18.70,Ax=-65.15,Ay=74.42,Az=1710.07,Gx=-71942.50,Gy=-53060.00,Gz=2404T=N/A,H=N/A,SAT=7"
,2025-09-21T03:54:26Z,COM6,,UTC=11:33:11,18.70,120.292627,23.106585,,,,,,,,,N/A,SAT=7,-85.64,-10.13,1210.97,-71155.00,-40180.00,100T=N/A,,"Package=1381,UTC=11:33:11,Lat=23.106585,Lng=120.292627,Alt=18.70,Ax=-85.64,Ay=-10.13,Az=1210.97,Gx=-71155.00,Gy=-40180.00,Gz=100T=N/A,H=N/A,SAT=7"
,2025-09-21T03:54:28Z,COM6,,UTC=11:33:11,18.70,120.292627,23.106585,,,,,,,,,N/A,SAT=7,-15.13,-29.28,671.37,-24657.50,5547.50,-49612T=N/A,,"Package=1382,UTC=11:33:11,Lat=23.106585,Lng=120.292627,Alt=18.70,Ax=-15.13,Ay=-29.28,Az=671.37,Gx=-24657.50,Gy=5547.50,Gz=-49612T=N/A,H=N/A,SAT=7"
,2025-09-21T03:54:30Z,COM6,,UTC=11:33:11,18.70,120.292627,23.106585,,,,,,,,,N/A,SAT=7,-29.04,9.52,824.35,18060.00,24395.00,210350.0T=N/A,,"Package=1383,UTC=11:33:11,Lat=23.106585,Lng=120.292627,Alt=18.70,Ax=-29.04,Ay=9.52,Az=824.35,Gx=18060.00,Gy=24395.00,Gz=210350.0T=N/A,H=N/A,SAT=7"
,2025-09-21T03:54:31Z,COM6,,UTC=11:33:11,18.70,120.292627,23.106585,,,,,,,,,N/A,SAT=7,-30.26,-121.88,1685.31,66027.50,31815.00,5929T=N/A,,"Package=1384,UTC=11:33:11,Lat=23.106585,Lng=120.292627,Alt=18.70,Ax=-30.26,Ay=-121.88,Az=1685.31,Gx=66027.50,Gy=31815.00,Gz=5929T=N/A,H=N/A,SAT=7"
,2025-09-21T03:54:33Z,COM6,,UTC=11:33:11,18.70,120.292627,23.106585,,,,,,,,,N/A,SAT=7,-66.98,0.98,1426.30,-54880.00,3307.50,30817.5T=N/A,,"Package=1385,UTC=11:33:11,Lat=23.106585,Lng=120.292627,Alt=18.70,Ax=-66.98,Ay=0.98,Az=1426.30,Gx=-54880.00,Gy=3307.50,Gz=30817.5T=N/A,H=N/A,SAT=7"
,2025-09-21T03:54:35Z,COM6,,UTC=11:33:11,18.70,120.292627,23.106585,,,,,,,,,N/A,SAT=7,-33.55,-10.61,713.09,-71347.50,-3710.00,84647T=N/A,,"Package=1386,UTC=11:33:11,Lat=23.106585,Lng=120.292627,Alt=18.70,Ax=-33.55,Ay=-10.61,Az=713.09,Gx=-71347.50,Gy=-3710.00,Gz=84647T=N/A,H=N/A,SAT=7"
,2025-09-21T03:54:36Z,COM6,,UTC=11:33:11,18.70,120.292627,23.106585,,,,,,,,,N/A,SAT=7,9.39,-34.16,779.09,-17622.50,63000.00,-84770.T=N/A,,"Package=1387,UTC=11:33:11,Lat=23.106585,Lng=120.292627,Alt=18.70,Ax=9.39,Ay=-34.16,Az=779.09,Gx=-17622.50,Gy=63000.00,Gz=-84770.T=N/A,H=N/A,SAT=7"
,2025-09-21T03:54:38Z,COM6,,UTC=11:33:11,18.70,120.292627,23.106585,,,,,,,,,N/A,SAT=7,-85.03,95.77,1687.75,-83842.50,-717.50,-21105T=N/A,,"Package=1388,UTC=11:33:11,Lat=23.106585,Lng=120.292627,Alt=18.70,Ax=-85.03,Ay=95.77,Az=1687.75,Gx=-83842.50,Gy=-717.50,Gz=-21105T=N/A,H=N/A,SAT=7"
,2025-09-21T03:54:40Z,COM6,,UTC=11:33:11,18.70,120.292627,23.106585,,,,,,,,N/A,N/A,SAT=7,8.42,6.83,1538.66,577.50,107047.50,-297.50,,"Package=1389,UTC=11:33:11,Lat=23.106585,Lng=120.292627,Alt=18.70,Ax=8.42,Ay=6.83,Az=1538.66,Gx=577.50,Gy=107047.50,Gz=-297.50,T=N/A,H=N/A,SAT=7"
,2025-09-21T03:54:41Z,COM6,,UTC=11:33:11,18.70,120.292627,23.106585,,,,,,,,,N/A,SAT=7,-62.59,-45.75,881.33,8330.00,-56962.50,-61670T=N/A,,"Package=1390,UTC=11:33:11,Lat=23.106585,Lng=120.292627,Alt=18.70,Ax=-62.59,Ay=-45.75,Az=881.33,Gx=8330.00,Gy=-56962.50,Gz=-61670T=N/A,H=N/A,SAT=7"
,2025-09-21T03:54:43Z,COM6,,UTC=11:33:11,18.70,120.292627,23.106585,,,,,,,,,N/A,SAT=7,-50.63,-51.97,730.17,102025.00,56052.50,-1913T=N/A,,"Package=1391,UTC=11:33:11,Lat=23.106585,Lng=120.292627,Alt=18.70,Ax=-50.63,Ay=-51.97,Az=730.17,Gx=102025.00,Gy=56052.50,Gz=-1913T=N/A,H=N/A,SAT=7"
,2025-09-21T03:54:45Z,COM6,,UTC=11:33:11,18.70,120.292627,23.106585,,,,,,,,,N/A,SAT=7,-83.20,48.07,1345.42,-77385.00,-47652.50,-215T=N/A,,"Package=1392,UTC=11:33:11,Lat=23.106585,Lng=120.292627,Alt=18.70,Ax=-83.20,Ay=48.07,Az=1345.42,Gx=-77385.00,Gy=-47652.50,Gz=-215T=N/A,H=N/A,SAT=7"
,2025-09-21T03:54:46Z,COM6,,UTC=11:33:11,18.70,120.292627,23.106585,,,,,,,,,N/A,SAT=7,-46.12,-136.27,1652.12,106137.50,11917.50,-10T=N/A,,"Package=1393,UTC=11:33:11,Lat=23.106585,Lng=120.292627,Alt=18.70,Ax=-46.12,Ay=-136.27,Az=1652.12,Gx=106137.50,Gy=11917.50,Gz=-10T=N/A,H=N/A,SAT=7"
,2025-09-21T03:54:48Z,COM6,,UTC=11:33:11,18.70,120.292627,23.106585,,,,,,,,,N/A,SAT=7,-15.01,26.60,1197.43,-64785.00,47005.00,-1455T=N/A,,"Package=1394,UTC=11:33:11,Lat=23.106585,Lng=120.292627,Alt=18.70,Ax=-15.01,Ay=26.60,Az=1197.43,Gx=-64785.00,Gy=47005.00,Gz=-1455T=N/A,H=N/A,SAT=7"
,2025-09-21T03:54:50Z,COM6,,UTC=11:33:11,18.70,120.292627,23.106585,,,,,,,,,N/A,SAT=7,-26.23,-13.30,675.15,-29225.00,-7402.50,92032T=N/A,,"Package=1395,UTC=11:33:11,Lat=23.106585,Lng=120.292627,Alt=18.70,Ax=-26.23,Ay=-13.30,Az=675.15,Gx=-29225.00,Gy=-7402.50,Gz=92032T=N/A,H=N/A,SAT=7"
,2025-09-21T03:54:51Z,COM6,,UTC=11:33:11,18.70,120.292627,23.106585,,,,,,,,,N/A,SAT=7,-54.66,-77.35,935.25,48107.50,-21770.00,11257T=N/A,,"Package=1396,UTC=11:33:11,Lat=23.106585,Lng=120.292627,Alt=18.70,Ax=-54.66,Ay=-77.35,Az=935.25,Gx=48107.50,Gy=-21770.00,Gz=11257T=N/A,H=N/A,SAT=7"
,2025-09-21T03:54:53Z,COM6,,UTC=11:33:11,18.70,120.292627,23.106585,,,,,,,,,N/A,SAT=7,5.37,-29.04,1697.75,-9117.50,47617.50,38762.5T=N/A,,"Package=1397,UTC=11:33:11,Lat=23.106585,Lng=120.292627,Alt=18.70,Ax=5.37,Ay=-29.04,Az=1697.75,Gx=-9117.50,Gy=47617.50,Gz=38762.5T=N/A,H=N/A,SAT=7"
,2025-09-21T03:54:55Z,COM6,,UTC=11:33:11,18.70,120.292627,23.106585,,,,,,,,,N/A,SAT=7,-23.30,-30.74,1380.92,46672.50,90597.50,-1952T=N/A,,"Package=1398,UTC=11:33:11,Lat=23.106585,Lng=120.292627,Alt=18.70,Ax=-23.30,Ay=-30.74,Az=1380.92,Gx=46672.50,Gy=90597.50,Gz=-1952T=N/A,H=N/A,SAT=7"
,2025-09-21T03:54:56Z,COM6,,UTC=11:33:11,18.70,120.292627,23.106585,,,,,,,,,N/A,SAT=7,-29.16,-31.11,782.26,35927.50,11707.50,11410.T=N/A,,"Package=1399,UTC=11:33:11,Lat=23.106585,Lng=120.292627,Alt=18.70,Ax=-29.16,Ay=-31.11,Az=782.26,Gx=35927.50,Gy=11707.50,Gz=11410.T=N/A,H=N/A,SAT=7"
,2025-09-21T03:54:58Z,COM6,,UTC=11:33:11,18.70,120.292627,23.106585,,,,,,,,,N/A,SAT=7,-42.21,51.12,833.02,-50032.50,28385.00,-22554T=N/A,,"Package=1400,UTC=11:33:11,Lat=23.106585,Lng=120.292627,Alt=18.70,Ax=-42.21,Ay=51.12,Az=833.02,Gx=-50032.50,Gy=28385.00,Gz=-22554T=N/A,H=N/A,SAT=7"
,2025-09-21T03:55:00Z,COM6,,UTC=11:33:11,18.70,120.292627,23.106585,,,,,,,,,N/A,SAT=7,-72.71,35.87,1555.13,-59027.50,-752.50,107170T=N/A,,"Package=1401,UTC=11:33:11,Lat=23.106585,Lng=120.292627,Alt=18.70,Ax=-72.71,Ay=35.87,Az=1555.13,Gx=-59027.50,Gy=-752.50,Gz=107170T=N/A,H=N/A,SAT=7"
,2025-09-21T03:55:01Z,COM6,,UTC=11:33:11,18.70,120.292627,23.106585,,,,,,,,,N/A,SAT=7,-20.86,-10.98,1483.28,-6492.50,81847.50,18037T=N/A,,"Package=1402,UTC=11:33:11,Lat=23.106585,Lng=120.292627,Alt=18.70,Ax=-20.86,Ay=-10.98,Az=1483.28,Gx=-6492.50,Gy=81847.50,Gz=18037T=N/A,H=N/A,SAT=7"
,2025-09-21T03:55:03Z,COM6,,UTC=11:33:11,18.70,120.292627,23.106585,,,,,,,,,N/A,SAT=7,-68.44,-41.97,1040.90,69212.50,822.50,-123620T=N/A,,"Package=1403,UTC=11:33:11,Lat=23.106585,Lng=120.292627,Alt=18.70,Ax=-68.44,Ay=-41.97,Az=1040.90,Gx=69212.50,Gy=822.50,Gz=-123620T=N/A,H=N/A,SAT=7"
,2025-09-21T03:55:05Z,COM6,,UTC=11:33:11,18.70,120.292627,23.106585,,,,,,,,,N/A,SAT=7,-56.61,-1.59,845.46,38675.00,-11445.00,-14976T=N/A,,"Package=1404,UTC=11:33:11,Lat=23.106585,Lng=120.292627,Alt=18.70,Ax=-56.61,Ay=-1.59,Az=845.46,Gx=38675.00,Gy=-11445.00,Gz=-14976T=N/A,H=N/A,SAT=7"
,2025-09-21T03:55:06Z,COM6,,UTC=11:33:11,18.70,120.292627,23.106585,,,,,,,,,N/A,SAT=7,-16.23,1.22,1163.39,-12617.50,38692.50,66097.T=N/A,,"Package=1405,UTC=11:33:11,Lat=23.106585,Lng=120.292627,Alt=18.70,Ax=-16.23,Ay=1.22,Az=1163.39,Gx=-12617.50,Gy=38692.50,Gz=66097.T=N/A,H=N/A,SAT=7"
,2025-09-21T03:55:08Z,COM6,,UTC=11:33:11,18.70,120.292627,23.106585,,,,,,,,,N/A,SAT=7,-14.03,40.38,1506.21,-34370.00,79957.50,20086T=N/A,,"Package=1406,UTC=11:33:11,Lat=23.106585,Lng=120.292627,Alt=18.70,Ax=-14.03,Ay=40.38,Az=1506.21,Gx=-34370.00,Gy=79957.50,Gz=20086T=N/A,H=N/A,SAT=7"
,2025-09-21T03:55:10Z,COM6,,UTC=11:33:11,18.70,120.292627,23.106585,,,,,,,,,N/A,SAT=7,-39.28,-36.97,1468.64,43487.50,13457.50,10619T=N/A,,"Package=1407,UTC=11:33:11,Lat=23.106585,Lng=120.292627,Alt=18.70,Ax=-39.28,Ay=-36.97,Az=1468.64,Gx=43487.50,Gy=13457.50,Gz=10619T=N/A,H=N/A,SAT=7"
,2025-09-21T03:55:11Z,COM6,,UTC=11:33:11,18.70,120.292627,23.106585,,,,,,,,,N/A,SAT=7,-27.21,10.00,811.42,-10115.00,62475.00,-15356T=N/A,,"Package=1408,UTC=11:33:11,Lat=23.106585,Lng=120.292627,Alt=18.70,Ax=-27.21,Ay=10.00,Az=811.42,Gx=-10115.00,Gy=62475.00,Gz=-15356T=N/A,H=N/A,SAT=7"
,2025-09-21T03:55:13Z,COM6,,UTC=11:33:11,18.70,120.292627,23.106585,,,,,,,,,N/A,SAT=7,-36.60,-6.10,712.72,1347.50,-7472.50,138495.0T=N/A,,"Package=1409,UTC=11:33:11,Lat=23.106585,Lng=120.292627,Alt=18.70,Ax=-36.60,Ay=-6.10,Az=712.72,Gx=1347.50,Gy=-7472.50,Gz=138495.0T=N/A,H=N/A,SAT=7"
,2025-09-21T03:55:15Z,COM6,,UTC=11:33:11,18.70,120.292627,23.106585,,,,,,,,,N/A,SAT=7,-54.90,-130.66,1594.78,43172.50,-21997.50,-12T=N/A,,"Package=1410,UTC=11:33:11,Lat=23.106585,Lng=120.292627,Alt=18.70,Ax=-54.90,Ay=-130.66,Az=1594.78,Gx=43172.50,Gy=-21997.50,Gz=-12T=N/A,H=N/A,SAT=7"
,2025-09-21T03:55:16Z,COM6,,UTC=11:33:11,18.70,120.292627,23.106585,,,,,,,,,N/A,SAT=7,-6.83,6.34,1544.76,-11042.50,120260.00,-24666T=N/A,,"Package=1411,UTC=11:33:11,Lat=23.106585,Lng=120.292627,Alt=18.70,Ax=-6.83,Ay=6.34,Az=1544.76,Gx=-11042.50,Gy=120260.00,Gz=-24666T=N/A,H=N/A,SAT=7"
,2025-09-21T03:55:18Z,COM6,,UTC=11:33:11,18.70,120.292627,23.106585,,,,,,,,N/A,N/A,SAT=7,12.69,-18.18,938.67,9765.00,81252.50,4795.00,,"Package=1412,UTC=11:33:11,Lat=23.106585,Lng=120.292627,Alt=18.70,Ax=12.69,Ay=-18.18,Az=938.67,Gx=9765.00,Gy=81252.50,Gz=4795.00,T=N/A,H=N/A,SAT=7"
,2025-09-21T03:55:20Z,COM6,,UTC=11:33:11,18.70,120.292627,23.106585,,,,,,,,,N/A,SAT=7,-16.35,-15.37,830.45,-21017.50,29400.00,-4868T=N/A,,"Package=1413,UTC=11:33:11,Lat=23.106585,Lng=120.292627,Alt=18.70,Ax=-16.35,Ay=-15.37,Az=830.45,Gx=-21017.50,Gy=29400.00,Gz=-4868T=N/A,H=N/A,SAT=7"
,2025-09-21T03:55:21Z,COM6,,UTC=11:33:11,18.70,120.292627,23.106585,,,,,,,,,N/A,SAT=7,-16.59,46.60,1325.65,-72100.00,34317.50,-7936T=N/A,,"Package=1414,UTC=11:33:11,Lat=23.106585,Lng=120.292627,Alt=18.70,Ax=-16.59,Ay=46.60,Az=1325.65,Gx=-72100.00,Gy=34317.50,Gz=-7936T=N/A,H=N/A,SAT=7"
,2025-09-21T03:55:23Z,COM6,,UTC=11:33:11,18.70,120.292627,23.106585,,,,,,,,,N/A,SAT=7,-21.96,42.33,1580.75,-40495.00,25112.50,-8041T=N/A,,"Package=1415,UTC=11:33:11,Lat=23.106585,Lng=120.292627,Alt=18.70,Ax=-21.96,Ay=42.33,Az=1580.75,Gx=-40495.00,Gy=25112.50,Gz=-8041T=N/A,H=N/A,SAT=7"
,2025-09-21T03:55:25Z,COM6,,UTC=11:33:11,18.70,120.292627,23.106585,,,,,,,,,N/A,SAT=7,-29.28,-60.27,1202.19,58590.00,34877.50,-9677T=N/A,,"Package=1416,UTC=11:33:11,Lat=23.106585,Lng=120.292627,Alt=18.70,Ax=-29.28,Ay=-60.27,Az=1202.19,Gx=58590.00,Gy=34877.50,Gz=-9677T=N/A,H=N/A,SAT=7"
,2025-09-21T03:55:27Z,COM6,,UTC=11:33:11,18.70,120.292627,23.106585,,,,,,,,,N/A,SAT=7,-27.08,-35.26,732.24,12687.50,22487.50,-38675T=N/A,,"Package=1417,UTC=11:33:11,Lat=23.106585,Lng=120.292627,Alt=18.70,Ax=-27.08,Ay=-35.26,Az=732.24,Gx=12687.50,Gy=22487.50,Gz=-38675T=N/A,H=N/A,SAT=7"
,2025-09-21T03:55:28Z,COM6,,UTC=11:33:11,18.70,120.292627,23.106585,,,,,,,,,N/A,SAT=7,-4.15,42.70,918.90,-14472.50,9152.50,19460.00T=N/A,,"Package=1418,UTC=11:33:11,Lat=23.106585,Lng=120.292627,Alt=18.70,Ax=-4.15,Ay=42.70,Az=918.90,Gx=-14472.50,Gy=9152.50,Gz=19460.00T=N/A,H=N/A,SAT=7"
,2025-09-21T03:55:30Z,COM6,,UTC=11:33:11,18.70,120.292627,23.106585,,,,,,,,,N/A,SAT=7,-46.24,-92.96,1616.26,97352.50,91595.00,-2642T=N/A,,"Package=1419,UTC=11:33:11,Lat=23.106585,Lng=120.292627,Alt=18.70,Ax=-46.24,Ay=-92.96,Az=1616.26,Gx=97352.50,Gy=91595.00,Gz=-2642T=N/A,H=N/A,SAT=7"
,2025-09-21T03:55:32Z,COM6,,UTC=11:33:11,18.70,120.292627,23.106585,,,,,,,,,N/A,SAT=7,-87.11,23.06,1518.05,-44957.50,-58065.00,-700T=N/A,,"Package=1420,UTC=11:33:11,Lat=23.106585,Lng=120.292627,Alt=18.70,Ax=-87.11,Ay=23.06,Az=1518.05,Gx=-44957.50,Gy=-58065.00,Gz=-700T=N/A,H=N/A,SAT=7"
,2025-09-21T03:55:33Z,COM6,,UTC=11:33:11,18.70,120.292627,23.106585,,,,,,,,,N/A,SAT=7,-91.99,-30.13,961.24,-192.50,-76825.00,183540T=N/A,,"Package=1421,UTC=11:33:11,Lat=23.106585,Lng=120.292627,Alt=18.70,Ax=-91.99,Ay=-30.13,Az=961.24,Gx=-192.50,Gy=-76825.00,Gz=183540T=N/A,H=N/A,SAT=7"
,2025-09-21T03:55:35Z,COM6,,UTC=11:33:11,18.70,120.292627,23.106585,,,,,,,,,N/A,SAT=7,-22.20,-58.56,748.84,35175.00,43802.50,-50365T=N/A,,"Package=1422,UTC=11:33:11,Lat=23.106585,Lng=120.292627,Alt=18.70,Ax=-22.20,Ay=-58.56,Az=748.84,Gx=35175.00,Gy=43802.50,Gz=-50365T=N/A,H=N/A,SAT=7"
,2025-09-21T03:55:37Z,COM6,,UTC=11:33:11,18.70,120.292627,23.106585,,,,,,,,,N/A,SAT=7,23.42,-33.06,1137.53,39112.50,90492.50,126770T=N/A,,"Package=1423,UTC=11:33:11,Lat=23.106585,Lng=120.292627,Alt=18.70,Ax=23.42,Ay=-33.06,Az=1137.53,Gx=39112.50,Gy=90492.50,Gz=126770T=N/A,H=N/A,SAT=7"
,2025-09-21T03:55:38Z,COM6,,UTC=11:33:11,18.70,120.292627,23.106585,,,,,,,,,N/A,SAT=7,-35.99,84.30,1581.12,-97107.50,74672.50,21290T=N/A,,"Package=1424,UTC=11:33:11,Lat=23.106585,Lng=120.292627,Alt=18.70,Ax=-35.99,Ay=84.30,Az=1581.12,Gx=-97107.50,Gy=74672.50,Gz=21290T=N/A,H=N/A,SAT=7"
,2025-09-21T03:55:40Z,COM6,,UTC=11:33:11,18.70,120.292627,23.106585,,,,,,,,,N/A,SAT=7,-14.03,-39.28,1234.40,28542.50,80395.00,74830T=N/A,,"Package=1425,UTC=11:33:11,Lat=23.106585,Lng=120.292627,Alt=18.70,Ax=-14.03,Ay=-39.28,Az=1234.40,Gx=28542.50,Gy=80395.00,Gz=74830T=N/A,H=N/A,SAT=7"
,2025-09-21T03:55:42Z,COM6,,UTC=11:33:11,18.70,120.292627,23.106585,,,,,,,,,N/A,SAT=7,-35.99,7.20,768.23,3115.00,31780.00,-178535.0T=N/A,,"Package=1426,UTC=11:33:11,Lat=23.106585,Lng=120.292627,Alt=18.70,Ax=-35.99,Ay=7.20,Az=768.23,Gx=3115.00,Gy=31780.00,Gz=-178535.0T=N/A,H=N/A,SAT=7"
,2025-09-21T03:55:43Z,COM6,,UTC=11:33:11,18.70,120.292627,23.106585,,,,,,,,,N/A,SAT=7,-38.55,32.70,860.22,-66552.50,-16607.50,66185T=N/A,,"Package=1427,UTC=11:33:11,Lat=23.106585,Lng=120.292627,Alt=18.70,Ax=-38.55,Ay=32.70,Az=860.22,Gx=-66552.50,Gy=-16607.50,Gz=66185T=N/A,H=N/A,SAT=7"
,2025-09-21T03:55:45Z,COM6,,UTC=11:33:11,18.70,120.292627,23.106585,,,,,,,,,N/A,SAT=7,-56.85,52.95,1674.57,-39865.00,28997.50,21479T=N/A,,"Package=1428,UTC=11:33:11,Lat=23.106585,Lng=120.292627,Alt=18.70,Ax=-56.85,Ay=52.95,Az=1674.57,Gx=-39865.00,Gy=28997.50,Gz=21479T=N/A,H=N/A,SAT=7"
,2025-09-21T03:55:47Z,COM6,,UTC=11:33:11,18.70,120.292627,23.106585,,,,,,,,,N/A,SAT=7,-25.50,-105.04,1499.87,54267.50,48072.50,5582T=N/A,,"Package=1429,UTC=11:33:11,Lat=23.106585,Lng=120.292627,Alt=18.70,Ax=-25.50,Ay=-105.04,Az=1499.87,Gx=54267.50,Gy=48072.50,Gz=5582T=N/A,H=N/A,SAT=7"
,2025-09-21T03:55:48Z,COM6,,UTC=11:33:11,18.70,120.292627,23.106585,,,,,,,,,N/A,SAT=7,-18.06,-29.28,846.68,-11427.50,85662.50,-1588T=N/A,,"Package=1430,UTC=11:33:11,Lat=23.106585,Lng=120.292627,Alt=18.70,Ax=-18.06,Ay=-29.28,Az=846.68,Gx=-11427.50,Gy=85662.50,Gz=-1588T=N/A,H=N/A,SAT=7"
,2025-09-21T03:55:50Z,COM6,,UTC=11:33:11,18.70,120.292627,23.106585,,,,,,,,,N/A,SAT=7,-47.34,-33.43,693.94,29190.00,-31395.00,13576T=N/A,,"Package=1431,UTC=11:33:11,Lat=23.106585,Lng=120.292627,Alt=18.70,Ax=-47.34,Ay=-33.43,Az=693.94,Gx=29190.00,Gy=-31395.00,Gz=13576T=N/A,H=N/A,SAT=7"
,2025-09-21T03:55:52Z,COM6,,UTC=11:33:11,18.70,120.292627,23.106585,,,,,,,,,N/A,SAT=7,-90.16,-93.82,1316.14,68950.00,-4217.50,12619T=N/A,,"Package=1432,UTC=11:33:11,Lat=23.106585,Lng=120.292627,Alt=18.70,Ax=-90.16,Ay=-93.82,Az=1316.14,Gx=68950.00,Gy=-4217.50,Gz=12619T=N/A,H=N/A,SAT=7"
,2025-09-21T03:55:53Z,COM6,,UTC=11:33:11,18.70,120.292627,23.106585,,,,,,,,,N/A,SAT=7,-40.75,-50.26,1756.07,-12372.50,23817.50,-132T=N/A,,"Package=1433,UTC=11:33:11,Lat=23.106585,Lng=120.292627,Alt=18.70,Ax=-40.75,Ay=-50.26,Az=1756.07,Gx=-12372.50,Gy=23817.50,Gz=-132T=N/A,H=N/A,SAT=7"
,2025-09-21T03:55:55Z,COM6,,UTC=11:33:11,18.70,120.292627,23.106585,,,,,,,,,N/A,SAT=7,-47.70,-48.19,1200.36,45832.50,12022.50,-6947T=N/A,,"Package=1434,UTC=11:33:11,Lat=23.106585,Lng=120.292627,Alt=18.70,Ax=-47.70,Ay=-48.19,Az=1200.36,Gx=45832.50,Gy=12022.50,Gz=-6947T=N/A,H=N/A,SAT=7"
,2025-09-21T03:55:57Z,COM6,,UTC=11:33:11,18.70,120.292627,23.106585,,,,,,,,,N/A,SAT=7,-20.01,-42.82,646.97,39655.00,16135.00,14420.T=N/A,,"Package=1435,UTC=11:33:11,Lat=23.106585,Lng=120.292627,Alt=18.70,Ax=-20.01,Ay=-42.82,Az=646.97,Gx=39655.00,Gy=16135.00,Gz=14420.T=N/A,H=N/A,SAT=7"
,2025-09-21T03:55:58Z,COM6,,UTC=11:33:11,18.70,120.292627,23.106585,,,,,,,,,N/A,SAT=7,-91.13,82.23,1130.21,-30555.00,33022.50,-3001T=N/A,,"Package=1436,UTC=11:33:11,Lat=23.106585,Lng=120.292627,Alt=18.70,Ax=-91.13,Ay=82.23,Az=1130.21,Gx=-30555.00,Gy=33022.50,Gz=-3001T=N/A,H=N/A,SAT=7"
,2025-09-21T03:56:00Z,COM6,,UTC=11:33:11,18.70,120.292627,23.106585,,,,,,,,,N/A,SAT=7,-118.95,93.94,1682.75,-39112.50,39182.50,-388T=N/A,,"Package=1437,UTC=11:33:11,Lat=23.106585,Lng=120.292627,Alt=18.70,Ax=-118.95,Ay=93.94,Az=1682.75,Gx=-39112.50,Gy=39182.50,Gz=-388T=N/A,H=N/A,SAT=7"
,2025-09-21T03:56:02Z,COM6,,UTC=11:33:11,18.70,120.292627,23.106585,,,,,,,,,N/A,SAT=7,-64.17,-91.62,1343.71,146230.00,12530.00,-179T=N/A,,"Package=1438,UTC=11:33:11,Lat=23.106585,Lng=120.292627,Alt=18.70,Ax=-64.17,Ay=-91.62,Az=1343.71,Gx=146230.00,Gy=12530.00,Gz=-179T=N/A,H=N/A,SAT=7"
,2025-09-21T03:56:03Z,COM6,,UTC=11:33:11,18.70,120.292627,23.106585,,,,,,,,,N/A,SAT=7,-54.41,-55.63,722.97,54670.00,27545.00,-73430T=N/A,,"Package=1439,UTC=11:33:11,Lat=23.106585,Lng=120.292627,Alt=18.70,Ax=-54.41,Ay=-55.63,Az=722.97,Gx=54670.00,Gy=27545.00,Gz=-73430T=N/A,H=N/A,SAT=7"
,2025-09-21T03:56:05Z,COM6,,UTC=11:33:11,18.70,120.292627,23.106585,,,,,,,,,N/A,SAT=7,-30.26,-27.82,814.23,55440.00,-5687.50,96477.T=N/A,,"Package=1440,UTC=11:33:11,Lat=23.106585,Lng=120.292627,Alt=18.70,Ax=-30.26,Ay=-27.82,Az=814.23,Gx=55440.00,Gy=-5687.50,Gz=96477.T=N/A,H=N/A,SAT=7"
,2025-09-21T03:56:07Z,COM6,,UTC=11:33:11,18.70,120.292627,23.106585,,,,,,,,,N/A,SAT=7,-32.21,-55.51,1801.57,33442.50,32882.50,14236T=N/A,,"Package=1441,UTC=11:33:11,Lat=23.106585,Lng=120.292627,Alt=18.70,Ax=-32.21,Ay=-55.51,Az=1801.57,Gx=33442.50,Gy=32882.50,Gz=14236T=N/A,H=N/A,SAT=7"
,2025-09-21T03:56:08Z,COM6,,UTC=11:33:11,18.70,120.292627,23.106585,,,,,,,,,N/A,SAT=7,-30.13,-9.88,1501.82,-14192.50,24552.50,90125T=N/A,,"Package=1442,UTC=11:33:11,Lat=23.106585,Lng=120.292627,Alt=18.70,Ax=-30.13,Ay=-9.88,Az=1501.82,Gx=-14192.50,Gy=24552.50,Gz=90125T=N/A,H=N/A,SAT=7"
,2025-09-21T03:56:10Z,COM6,,UTC=11:33:11,18.70,120.292627,23.106585,,,,,,,,,N/A,SAT=7,-45.38,-45.38,872.42,46602.50,-40775.00,-3759T=N/A,,"Package=1443,UTC=11:33:11,Lat=23.106585,Lng=120.292627,Alt=18.70,Ax=-45.38,Ay=-45.38,Az=872.42,Gx=46602.50,Gy=-40775.00,Gz=-3759T=N/A,H=N/A,SAT=7"
,2025-09-21T03:56:12Z,COM6,,UTC=11:33:11,18.70,120.292627,23.106585,,,,,,,,,N/A,SAT=7,-97.23,39.04,727.85,-52692.50,-53917.50,24017T=N/A,,"Package=1444,UTC=11:33:11,Lat=23.106585,Lng=120.292627,Alt=18.70,Ax=-97.23,Ay=39.04,Az=727.85,Gx=-52692.50,Gy=-53917.50,Gz=24017T=N/A,H=N/A,SAT=7"
,2025-09-21T03:56:13Z,COM6,,UTC=11:33:11,18.70,120.292627,23.106585,,,,,,,,,N/A,SAT=7,-59.66,-113.22,1305.16,26180.00,27982.50,-787T=N/A,,"Package=1445,UTC=11:33:11,Lat=23.106585,Lng=120.292627,Alt=18.70,Ax=-59.66,Ay=-113.22,Az=1305.16,Gx=26180.00,Gy=27982.50,Gz=-787T=N/A,H=N/A,SAT=7"
,2025-09-21T03:56:15Z,COM6,,UTC=11:33:11,18.70,120.292627,23.106585,,,,,,,,,N/A,SAT=7,-148.23,-49.29,1639.80,49315.00,-146492.50,67T=N/A,,"Package=1446,UTC=11:33:11,Lat=23.106585,Lng=120.292627,Alt=18.70,Ax=-148.23,Ay=-49.29,Az=1639.80,Gx=49315.00,Gy=-146492.50,Gz=67T=N/A,H=N/A,SAT=7"
,2025-09-21T03:56:17Z,COM6,,UTC=11:33:11,18.70,120.292627,23.106585,,,,,,,,,N/A,SAT=7,-31.72,53.92,1116.18,-44835.00,41510.00,19745T=N/A,,"Package=1447,UTC=11:33:11,Lat=23.106585,Lng=120.292627,Alt=18.70,Ax=-31.72,Ay=53.92,Az=1116.18,Gx=-44835.00,Gy=41510.00,Gz=19745T=N/A,H=N/A,SAT=7"
,2025-09-21T03:56:18Z,COM6,,UTC=11:33:11,18.70,120.292627,23.106585,,,,,,,,,N/A,SAT=7,-26.60,-27.08,634.28,-24675.00,-15172.50,-735T=N/A,,"Package=1448,UTC=11:33:11,Lat=23.106585,Lng=120.292627,Alt=18.70,Ax=-26.60,Ay=-27.08,Az=634.28,Gx=-24675.00,Gy=-15172.50,Gz=-735T=N/A,H=N/A,SAT=7"
,2025-09-21T03:56:20Z,COM6,,UTC=11:33:11,18.70,120.292627,23.106585,,,,,,,,,N/A,SAT=7,-45.02,72.47,800.32,-44380.00,53515.00,248972T=N/A,,"Package=1449,UTC=11:33:11,Lat=23.106585,Lng=120.292627,Alt=18.70,Ax=-45.02,Ay=72.47,Az=800.32,Gx=-44380.00,Gy=53515.00,Gz=248972T=N/A,H=N/A,SAT=7"
,2025-09-21T03:56:22Z,COM6,,UTC=11:33:11,18.70,120.292627,23.106585,,,,,,,,,N/A,SAT=7,-39.65,-112.48,1719.22,43627.50,17115.00,-228T=N/A,,"Package=1450,UTC=11:33:11,Lat=23.106585,Lng=120.292627,Alt=18.70,Ax=-39.65,Ay=-112.48,Az=1719.22,Gx=43627.50,Gy=17115.00,Gz=-228T=N/A,H=N/A,SAT=7"
,2025-09-21T03:56:23Z,COM6,,UTC=11:33:11,18.70,120.292627,23.106585,,,,,,,,,N/A,SAT=7,-46.85,-39.28,1485.11,47425.00,58240.00,-2122T=N/A,,"Package=1451,UTC=11:33:11,Lat=23.106585,Lng=120.292627,Alt=18.70,Ax=-46.85,Ay=-39.28,Az=1485.11,Gx=47425.00,Gy=58240.00,Gz=-2122T=N/A,H=N/A,SAT=7"
,2025-09-21T03:56:25Z,COM6,,UTC=11:33:11,18.70,120.292627,23.106585,,,,,,,,,N/A,SAT=7,-44.04,-61.24,884.74,60095.00,-23397.50,38815T=N/A,,"Package=1452,UTC=11:33:11,Lat=23.106585,Lng=120.292627,Alt=18.70,Ax=-44.04,Ay=-61.24,Az=884.74,Gx=60095.00,Gy=-23397.50,Gz=38815T=N/A,H=N/A,SAT=7"
,2025-09-21T03:56:27Z,COM6,,UTC=11:33:11,18.70,120.292627,23.106585,,,,,,,,,N/A,SAT=7,-83.81,17.08,730.90,28875.00,-57155.00,-21556T=N/A,,"Package=1453,UTC=11:33:11,Lat=23.106585,Lng=120.292627,Alt=18.70,Ax=-83.81,Ay=17.08,Az=730.90,Gx=28875.00,Gy=-57155.00,Gz=-21556T=N/A,H=N/A,SAT=7"
,2025-09-21T03:56:28Z,COM6,,UTC=11:33:11,18.70,120.292627,23.106585,,,,,,,,,N/A,SAT=7,-63.68,63.44,1331.26,-116147.50,-31482.50,148T=N/A,,"Package=1454,UTC=11:33:11,Lat=23.106585,Lng=120.292627,Alt=18.70,Ax=-63.68,Ay=63.44,Az=1331.26,Gx=-116147.50,Gy=-31482.50,Gz=148T=N/A,H=N/A,SAT=7"
,2025-09-21T03:56:30Z,COM6,,UTC=11:33:11,18.70,120.292627,23.106585,,,,,,,,,N/A,SAT=7,-38.80,-31.23,1587.22,-45027.50,57400.00,7551T=N/A,,"Package=1455,UTC=11:33:11,Lat=23.106585,Lng=120.292627,Alt=18.70,Ax=-38.80,Ay=-31.23,Az=1587.22,Gx=-45027.50,Gy=57400.00,Gz=7551T=N/A,H=N/A,SAT=7"
,2025-09-21T03:56:32Z,COM6,,UTC=11:33:11,18.70,120.292627,23.106585,,,,,,,,,N/A,SAT=7,-17.45,-58.56,1176.20,44222.50,48895.00,-1949T=N/A,,"Package=1456,UTC=11:33:11,Lat=23.106585,Lng=120.292627,Alt=18.70,Ax=-17.45,Ay=-58.56,Az=1176.20,Gx=44222.50,Gy=48895.00,Gz=-1949T=N/A,H=N/A,SAT=7"
,2025-09-21T03:56:33Z,COM6,,UTC=11:33:11,18.70,120.292627,23.106585,,,,,,,,,N/A,SAT=7,-20.37,-6.10,810.81,-77997.50,34772.50,-13987T=N/A,,"Package=1457,UTC=11:33:11,Lat=23.106585,Lng=120.292627,Alt=18.70,Ax=-20.37,Ay=-6.10,Az=810.81,Gx=-77997.50,Gy=34772.50,Gz=-13987T=N/A,H=N/A,SAT=7"
,2025-09-21T03:56:35Z,COM6,,UTC=11:33:11,18.70,120.292627,23.106585,,,,,,,,,N/A,SAT=7,-36.48,-86.62,894.26,50050.00,45027.50,-11158T=N/A,,"Package=1458,UTC=11:33:11,Lat=23.106585,Lng=120.292627,Alt=18.70,Ax=-36.48,Ay=-86.62,Az=894.26,Gx=50050.00,Gy=45027.50,Gz=-11158T=N/A,H=N/A,SAT=7"
,2025-09-21T03:56:37Z,COM6,,UTC=11:33:11,18.70,120.292627,23.106585,,,,,,,,,N/A,SAT=7,-66.25,92.23,1416.91,-38500.00,46497.50,-3044T=N/A,,"Package=1459,UTC=11:33:11,Lat=23.106585,Lng=120.292627,Alt=18.70,Ax=-66.25,Ay=92.23,Az=1416.91,Gx=-38500.00,Gy=46497.50,Gz=-3044T=N/A,H=N/A,SAT=7"
,2025-09-21T03:56:38Z,COM6,,UTC=11:33:11,18.70,120.292627,23.106585,,,,,,,,,N/A,SAT=7,-46.12,-19.64,1422.28,10167.50,-1767.50,-9730T=N/A,,"Package=1460,UTC=11:33:11,Lat=23.106585,Lng=120.292627,Alt=18.70,Ax=-46.12,Ay=-19.64,Az=1422.28,Gx=10167.50,Gy=-1767.50,Gz=-9730T=N/A,H=N/A,SAT=7"
,2025-09-21T03:56:40Z,COM6,,UTC=11:33:11,18.70,120.292627,23.106585,,,,,,,,,N/A,SAT=7,-40.14,27.45,669.78,-122062.50,-29435.00,8855T=N/A,,"Package=1461,UTC=11:33:11,Lat=23.106585,Lng=120.292627,Alt=18.70,Ax=-40.14,Ay=27.45,Az=669.78,Gx=-122062.50,Gy=-29435.00,Gz=8855T=N/A,H=N/A,SAT=7"
,2025-09-21T03:56:42Z,COM6,,UTC=11:33:11,18.70,120.292627,23.106585,,,,,,,,,N/A,SAT=7,-17.93,9.76,681.61,-72957.50,-1907.50,-109357T=N/A,,"Package=1462,UTC=11:33:11,Lat=23.106585,Lng=120.292627,Alt=18.70,Ax=-17.93,Ay=9.76,Az=681.61,Gx=-72957.50,Gy=-1907.50,Gz=-109357T=N/A,H=N/A,SAT=7"
,2025-09-21T03:56:44Z,COM6,,UTC=11:33:11,18.70,120.292627,23.106585,,,,,,,,,N/A,SAT=7,-132.00,89.67,1457.17,-13930.00,-34667.50,-29T=N/A,,"Package=1463,UTC=11:33:11,Lat=23.106585,Lng=120.292627,Alt=18.70,Ax=-132.00,Ay=89.67,Az=1457.17,Gx=-13930.00,Gy=-34667.50,Gz=-29T=N/A,H=N/A,SAT=7"
,2025-09-21T03:56:45Z,COM6,,UTC=11:33:11,18.70,120.292627,23.106585,,,,,,,,,N/A,SAT=7,-56.12,42.70,1477.18,-68162.50,-34667.50,2656T=N/A,,"Package=1464,UTC=11:33:11,Lat=23.106585,Lng=120.292627,Alt=18.70,Ax=-56.12,Ay=42.70,Az=1477.18,Gx=-68162.50,Gy=-34667.50,Gz=2656T=N/A,H=N/A,SAT=7"
,2025-09-21T03:56:47Z,COM6,,UTC=11:33:11,18.70,120.292627,23.106585,,,,,,,,,N/A,SAT=7,-51.24,23.91,1013.21,-65292.50,23992.50,17311T=N/A,,"Package=1465,UTC=11:33:11,Lat=23.106585,Lng=120.292627,Alt=18.70,Ax=-51.24,Ay=23.91,Az=1013.21,Gx=-65292.50,Gy=23992.50,Gz=17311T=N/A,H=N/A,SAT=7"
,2025-09-21T03:56:49Z,COM6,,UTC=11:33:11,18.70,120.292627,23.106585,,,,,,,,,N/A,SAT=7,-30.74,-27.57,697.35,-20667.50,-32620.00,-107T=N/A,,"Package=1466,UTC=11:33:11,Lat=23.106585,Lng=120.292627,Alt=18.70,Ax=-30.74,Ay=-27.57,Az=697.35,Gx=-20667.50,Gy=-32620.00,Gz=-107T=N/A,H=N/A,SAT=7"
,2025-09-21T03:56:50Z,COM6,,UTC=11:33:11,18.70,120.292627,23.106585,,,,,,,,,N/A,SAT=7,-13.42,-69.78,817.89,19477.50,48755.00,62475.T=N/A,,"Package=1467,UTC=11:33:11,Lat=23.106585,Lng=120.292627,Alt=18.70,Ax=-13.42,Ay=-69.78,Az=817.89,Gx=19477.50,Gy=48755.00,Gz=62475.T=N/A,H=N/A,SAT=7"
,2025-09-21T03:56:52Z,COM6,,UTC=11:33:11,18.70,120.292627,23.106585,,,,,,,,,N/A,SAT=7,-13.30,37.82,1613.94,-50050.00,100257.50,2016T=N/A,,"Package=1468,UTC=11:33:11,Lat=23.106585,Lng=120.292627,Alt=18.70,Ax=-13.30,Ay=37.82,Az=1613.94,Gx=-50050.00,Gy=100257.50,Gz=2016T=N/A,H=N/A,SAT=7"
,2025-09-21T03:56:54Z,COM6,,UTC=11:33:11,18.70,120.292627,23.106585,,,,,,,,,N/A,SAT=7,-22.33,34.89,1583.19,-49000.00,38395.00,11949T=N/A,,"Package=1469,UTC=11:33:11,Lat=23.106585,Lng=120.292627,Alt=18.70,Ax=-22.33,Ay=34.89,Az=1583.19,Gx=-49000.00,Gy=38395.00,Gz=11949T=N/A,H=N/A,SAT=7"
,2025-09-21T03:56:55Z,COM6,,UTC=11:33:11,18.70,120.292627,23.106585,,,,,,,,,N/A,SAT=7,-87.84,-46.36,808.62,35945.00,-99015.00,-7145T=N/A,,"Package=1470,UTC=11:33:11,Lat=23.106585,Lng=120.292627,Alt=18.70,Ax=-87.84,Ay=-46.36,Az=808.62,Gx=35945.00,Gy=-99015.00,Gz=-7145T=N/A,H=N/A,SAT=7"
,2025-09-21T03:56:57Z,COM6,,UTC=11:33:11,18.70,120.292627,23.106585,,,,,,,,,N/A,SAT=7,-86.74,30.01,637.82,-12162.50,2940.00,-240730T=N/A,,"Package=1471,UTC=11:33:11,Lat=23.106585,Lng=120.292627,Alt=18.70,Ax=-86.74,Ay=30.01,Az=637.82,Gx=-12162.50,Gy=2940.00,Gz=-240730T=N/A,H=N/A,SAT=7"
,2025-09-21T03:56:59Z,COM6,,UTC=11:33:11,18.70,120.292627,23.106585,,,,,,,,,N/A,SAT=7,-163.11,-111.14,1113.62,41930.00,-81760.00,-8T=N/A,,"Package=1472,UTC=11:33:11,Lat=23.106585,Lng=120.292627,Alt=18.70,Ax=-163.11,Ay=-111.14,Az=1113.62,Gx=41930.00,Gy=-81760.00,Gz=-8T=N/A,H=N/A,SAT=7"
,2025-09-21T03:57:00Z,COM6,,UTC=11:33:11,18.70,120.292627,23.106585,,,,,,,,,N/A,SAT=7,-130.66,-132.00,1464.37,78802.50,-97912.50,-4T=N/A,,"Package=1473,UTC=11:33:11,Lat=23.106585,Lng=120.292627,Alt=18.70,Ax=-130.66,Ay=-132.00,Az=1464.37,Gx=78802.50,Gy=-97912.50,Gz=-4T=N/A,H=N/A,SAT=7"
,2025-09-21T03:57:02Z,COM6,,UTC=11:33:11,18.70,120.292627,23.106585,,,,,,,,,N/A,SAT=7,-61.73,-23.18,1289.05,64505.00,-4900.00,-4254T=N/A,,"Package=1474,UTC=11:33:11,Lat=23.106585,Lng=120.292627,Alt=18.70,Ax=-61.73,Ay=-23.18,Az=1289.05,Gx=64505.00,Gy=-4900.00,Gz=-4254T=N/A,H=N/A,SAT=7"
,2025-09-21T03:57:04Z,COM6,,UTC=11:33:11,18.70,120.292627,23.106585,,,,,,,,,N/A,SAT=7,-19.28,-14.15,729.32,-11217.50,43855.00,11938T=N/A,,"Package=1475,UTC=11:33:11,Lat=23.106585,Lng=120.292627,Alt=18.70,Ax=-19.28,Ay=-14.15,Az=729.32,Gx=-11217.50,Gy=43855.00,Gz=11938T=N/A,H=N/A,SAT=7"
,2025-09-21T03:57:05Z,COM6,,UTC=11:33:11,18.70,120.292627,23.106585,,,,,,,,,N/A,SAT=7,-46.60,-22.45,850.22,31290.00,42752.50,208285T=N/A,,"Package=1476,UTC=11:33:11,Lat=23.106585,Lng=120.292627,Alt=18.70,Ax=-46.60,Ay=-22.45,Az=850.22,Gx=31290.00,Gy=42752.50,Gz=208285T=N/A,H=N/A,SAT=7"
,2025-09-21T03:57:07Z,COM6,,UTC=11:33:11,18.70,120.292627,23.106585,,,,,,,,,N/A,SAT=7,-40.63,-101.02,1511.82,80535.00,13720.00,-766T=N/A,,"Package=1477,UTC=11:33:11,Lat=23.106585,Lng=120.292627,Alt=18.70,Ax=-40.63,Ay=-101.02,Az=1511.82,Gx=80535.00,Gy=13720.00,Gz=-766T=N/A,H=N/A,SAT=7"
,2025-09-21T03:57:09Z,COM6,,UTC=11:33:11,18.70,120.292627,23.106585,,,,,,,,,N/A,SAT=7,-62.95,-33.18,1630.41,-12512.50,51555.00,-201T=N/A,,"Package=1478,UTC=11:33:11,Lat=23.106585,Lng=120.292627,Alt=18.70,Ax=-62.95,Ay=-33.18,Az=1630.41,Gx=-12512.50,Gy=51555.00,Gz=-201T=N/A,H=N/A,SAT=7"
,2025-09-21T03:57:10Z,COM6,,UTC=11:33:11,18.70,120.292627,23.106585,,,,,,,,,N/A,SAT=7,-85.28,33.18,1071.04,-64487.50,-40285.00,-163T=N/A,,"Package=1479,UTC=11:33:11,Lat=23.106585,Lng=120.292627,Alt=18.70,Ax=-85.28,Ay=33.18,Az=1071.04,Gx=-64487.50,Gy=-40285.00,Gz=-163T=N/A,H=N/A,SAT=7"
,2025-09-21T03:57:12Z,COM6,,UTC=11:33:11,18.70,120.292627,23.106585,,,,,,,,,N/A,SAT=7,-63.93,-25.62,685.76,25252.50,-63122.50,17697T=N/A,,"Package=1480,UTC=11:33:11,Lat=23.106585,Lng=120.292627,Alt=18.70,Ax=-63.93,Ay=-25.62,Az=685.76,Gx=25252.50,Gy=-63122.50,Gz=17697T=N/A,H=N/A,SAT=7"
,2025-09-21T03:57:14Z,COM6,,UTC=11:33:11,18.70,120.292627,23.106585,,,,,,,,,N/A,SAT=7,-39.53,-117.24,971.85,147455.00,-33600.00,165T=N/A,,"Package=1481,UTC=11:33:11,Lat=23.106585,Lng=120.292627,Alt=18.70,Ax=-39.53,Ay=-117.24,Az=971.85,Gx=147455.00,Gy=-33600.00,Gz=165T=N/A,H=N/A,SAT=7"
,2025-09-21T03:57:15Z,COM6,,UTC=11:33:11,18.70,120.292627,23.106585,,,,,,,,,N/A,SAT=7,-85.03,-57.34,1722.52,58677.50,11095.00,32760T=N/A,,"Package=1482,UTC=11:33:11,Lat=23.106585,Lng=120.292627,Alt=18.70,Ax=-85.03,Ay=-57.34,Az=1722.52,Gx=58677.50,Gy=11095.00,Gz=32760T=N/A,H=N/A,SAT=7"
,2025-09-21T03:57:17Z,COM6,,UTC=11:33:11,18.70,120.292627,23.106585,,,,,,,,,N/A,SAT=7,-87.35,55.88,1482.06,-71452.50,39287.50,26719T=N/A,,"Package=1483,UTC=11:33:11,Lat=23.106585,Lng=120.292627,Alt=18.70,Ax=-87.35,Ay=55.88,Az=1482.06,Gx=-71452.50,Gy=39287.50,Gz=26719T=N/A,H=N/A,SAT=7"
,2025-09-21T03:57:19Z,COM6,,UTC=11:33:11,18.70,120.292627,23.106585,,,,,,,,,N/A,SAT=7,-23.18,-21.23,857.17,1925.00,34807.50,75880.0T=N/A,,"Package=1484,UTC=11:33:11,Lat=23.106585,Lng=120.292627,Alt=18.70,Ax=-23.18,Ay=-21.23,Az=857.17,Gx=1925.00,Gy=34807.50,Gz=75880.0T=N/A,H=N/A,SAT=7"
,2025-09-21T03:57:20Z,COM6,,UTC=11:33:11,18.70,120.292627,23.106585,,,,,,,,,N/A,SAT=7,-53.80,20.01,807.03,-28122.50,-60812.50,-1616T=N/A,,"Package=1485,UTC=11:33:11,Lat=23.106585,Lng=120.292627,Alt=18.70,Ax=-53.80,Ay=20.01,Az=807.03,Gx=-28122.50,Gy=-60812.50,Gz=-1616T=N/A,H=N/A,SAT=7"
,2025-09-21T03:57:22Z,COM6,,UTC=11:33:11,18.70,120.292627,23.106585,,,,,,,,,N/A,SAT=7,-34.16,46.97,1127.52,-34387.50,-17360.00,-106T=N/A,,"Package=1486,UTC=11:33:11,Lat=23.106585,Lng=120.292627,Alt=18.70,Ax=-34.16,Ay=46.97,Az=1127.52,Gx=-34387.50,Gy=-17360.00,Gz=-106T=N/A,H=N/A,SAT=7"
,2025-09-21T03:57:24Z,COM6,,UTC=11:33:11,18.70,120.292627,23.106585,,,,,,,,,N/A,SAT=7,-8.05,-48.80,1102.15,9485.00,65012.50,-44852.T=N/A,,"Package=1487,UTC=11:33:11,Lat=23.106585,Lng=120.292627,Alt=18.70,Ax=-8.05,Ay=-48.80,Az=1102.15,Gx=9485.00,Gy=65012.50,Gz=-44852.T=N/A,H=N/A,SAT=7"
,2025-09-21T03:57:25Z,COM6,,UTC=11:33:11,18.70,120.292627,23.106585,,,,,,,,,N/A,SAT=7,-41.24,-32.94,1103.12,-9257.50,-8435.00,-6035T=N/A,,"Package=1488,UTC=11:33:11,Lat=23.106585,Lng=120.292627,Alt=18.70,Ax=-41.24,Ay=-32.94,Az=1103.12,Gx=-9257.50,Gy=-8435.00,Gz=-6035T=N/A,H=N/A,SAT=7"
,2025-09-21T03:57:27Z,COM6,,UTC=11:33:11,18.70,120.292627,23.106585,,,,,,,,,N/A,SAT=7,-42.58,-22.81,931.96,13842.50,2870.00,-37887.T=N/A,,"Package=1489,UTC=11:33:11,Lat=23.106585,Lng=120.292627,Alt=18.70,Ax=-42.58,Ay=-22.81,Az=931.96,Gx=13842.50,Gy=2870.00,Gz=-37887.T=N/A,H=N/A,SAT=7"
,2025-09-21T03:57:29Z,COM6,,UTC=11:33:11,18.70,120.292627,23.106585,,,,,,,,,N/A,SAT=7,-25.50,-31.72,1117.15,-14332.50,21770.00,-103T=N/A,,"Package=1490,UTC=11:33:11,Lat=23.106585,Lng=120.292627,Alt=18.70,Ax=-25.50,Ay=-31.72,Az=1117.15,Gx=-14332.50,Gy=21770.00,Gz=-103T=N/A,H=N/A,SAT=7"
,2025-09-21T03:57:30Z,COM6,,UTC=11:33:11,18.70,120.292627,23.106585,,,,,,,,,N/A,SAT=7,-36.84,-3.54,1088.24,-9467.50,16345.00,-57067T=N/A,,"Package=1491,UTC=11:33:11,Lat=23.106585,Lng=120.292627,Alt=18.70,Ax=-36.84,Ay=-3.54,Az=1088.24,Gx=-9467.50,Gy=16345.00,Gz=-57067T=N/A,H=N/A,SAT=7"
,2025-09-21T03:57:32Z,COM6,,UTC=11:33:11,18.70,120.292627,23.106585,,,,,,,,,N/A,SAT=7,-40.50,-52.70,1022.12,6370.00,-17395.00,70805T=N/A,,"Package=1492,UTC=11:33:11,Lat=23.106585,Lng=120.292627,Alt=18.70,Ax=-40.50,Ay=-52.70,Az=1022.12,Gx=6370.00,Gy=-17395.00,Gz=70805T=N/A,H=N/A,SAT=7"
,2025-09-21T03:57:34Z,COM6,,UTC=11:33:11,18.70,120.292627,23.106585,,,,,,,,,N/A,SAT=7,-76.62,41.36,1055.30,-43662.50,11217.50,26260T=N/A,,"Package=1493,UTC=11:33:11,Lat=23.106585,Lng=120.292627,Alt=18.70,Ax=-76.62,Ay=41.36,Az=1055.30,Gx=-43662.50,Gy=11217.50,Gz=26260T=N/A,H=N/A,SAT=7"
,2025-09-21T03:57:35Z,COM6,,UTC=11:33:11,18.70,120.292627,23.106585,,,,,,,,,N/A,SAT=7,-62.46,-27.08,1033.58,19180.00,26425.00,14154T=N/A,,"Package=1494,UTC=11:33:11,Lat=23.106585,Lng=120.292627,Alt=18.70,Ax=-62.46,Ay=-27.08,Az=1033.58,Gx=19180.00,Gy=26425.00,Gz=14154T=N/A,H=N/A,SAT=7"
,2025-09-21T03:57:37Z,COM6,,UTC=11:33:11,18.70,120.292627,23.106585,,,,,,,,,N/A,SAT=7,-55.14,-23.79,1001.50,6492.50,437.50,167142.5T=N/A,,"Package=1495,UTC=11:33:11,Lat=23.106585,Lng=120.292627,Alt=18.70,Ax=-55.14,Ay=-23.79,Az=1001.50,Gx=6492.50,Gy=437.50,Gz=167142.5T=N/A,H=N/A,SAT=7"
,2025-09-21T03:57:39Z,COM6,,UTC=11:33:11,18.70,120.292627,23.106585,,,,,,,,,N/A,SAT=7,-51.24,-35.38,1032.12,6440.00,-2467.50,153107T=N/A,,"Package=1496,UTC=11:33:11,Lat=23.106585,Lng=120.292627,Alt=18.70,Ax=-51.24,Ay=-35.38,Az=1032.12,Gx=6440.00,Gy=-2467.50,Gz=153107T=N/A,H=N/A,SAT=7"
,2025-09-21T03:57:40Z,COM6,,UTC=11:33:11,18.70,120.292627,23.106585,,,,,,,,,N/A,SAT=7,-34.65,-24.28,1210.61,-12372.50,27912.50,1261T=N/A,,"Package=1497,UTC=11:33:11,Lat=23.106585,Lng=120.292627,Alt=18.70,Ax=-34.65,Ay=-24.28,Az=1210.61,Gx=-12372.50,Gy=27912.50,Gz=1261T=N/A,H=N/A,SAT=7"
,2025-09-21T03:57:42Z,COM6,,UTC=11:33:11,18.70,120.292627,23.106585,,,,,,,,,N/A,SAT=7,-23.18,-2.93,1051.40,-26110.00,-4795.00,63787T=N/A,,"Package=1498,UTC=11:33:11,Lat=23.106585,Lng=120.292627,Alt=18.70,Ax=-23.18,Ay=-2.93,Az=1051.40,Gx=-26110.00,Gy=-4795.00,Gz=63787T=N/A,H=N/A,SAT=7"
,2025-09-21T03:57:44Z,COM6,,UTC=11:33:11,18.70,120.292627,23.106585,,,,,,,,,N/A,SAT=7,-35.38,-65.15,1035.29,50890.00,-16520.00,-530T=N/A,,"Package=1499,UTC=11:33:11,Lat=23.106585,Lng=120.292627,Alt=18.70,Ax=-35.38,Ay=-65.15,Az=1035.29,Gx=50890.00,Gy=-16520.00,Gz=-530T=N/A,H=N/A,SAT=7"
,2025-09-21T03:57:45Z,COM6,,UTC=11:33:11,18.70,120.292627,23.106585,,,,,,,,,N/A,SAT=7,-83.45,-30.62,1052.62,49280.00,-34720.00,-183T=N/A,,"Package=1500,UTC=11:33:11,Lat=23.106585,Lng=120.292627,Alt=18.70,Ax=-83.45,Ay=-30.62,Az=1052.62,Gx=49280.00,Gy=-34720.00,Gz=-183T=N/A,H=N/A,SAT=7"
,2025-09-21T03:57:47Z,COM6,,UTC=11:33:11,18.70,120.292627,23.106585,,,,,,,,,N/A,SAT=7,-64.78,5.49,1000.40,-36575.00,-25742.50,-2058T=N/A,,"Package=1501,UTC=11:33:11,Lat=23.106585,Lng=120.292627,Alt=18.70,Ax=-64.78,Ay=5.49,Az=1000.40,Gx=-36575.00,Gy=-25742.50,Gz=-2058T=N/A,H=N/A,SAT=7"
,2025-09-21T03:57:49Z,COM6,,UTC=11:33:11,18.70,120.292627,23.106585,,,,,,,,,N/A,SAT=7,-57.10,-42.46,1033.22,-31412.50,-35910.00,-12T=N/A,,"Package=1502,UTC=11:33:11,Lat=23.106585,Lng=120.292627,Alt=18.70,Ax=-57.10,Ay=-42.46,Az=1033.22,Gx=-31412.50,Gy=-35910.00,Gz=-12T=N/A,H=N/A,SAT=7"
,2025-09-21T03:57:50Z,COM6,,UTC=11:33:11,18.70,120.292627,23.106585,,,,,,,,,N/A,SAT=7,-19.52,-64.42,941.23,34685.00,36907.50,-12836T=N/A,,"Package=1503,UTC=11:33:11,Lat=23.106585,Lng=120.292627,Alt=18.70,Ax=-19.52,Ay=-64.42,Az=941.23,Gx=34685.00,Gy=36907.50,Gz=-12836T=N/A,H=N/A,SAT=7"
,2025-09-21T03:57:52Z,COM6,,UTC=11:33:11,18.70,120.292627,23.106585,,,,,,,,,N/A,SAT=7,-43.92,-69.05,1081.77,37660.00,3552.50,-10101T=N/A,,"Package=1504,UTC=11:33:11,Lat=23.106585,Lng=120.292627,Alt=18.70,Ax=-43.92,Ay=-69.05,Az=1081.77,Gx=37660.00,Gy=3552.50,Gz=-10101T=N/A,H=N/A,SAT=7"
,2025-09-21T03:57:54Z,COM6,,UTC=11:33:11,18.70,120.292627,23.106585,,,,,,,,,N/A,SAT=7,-57.34,19.40,1027.97,-45937.50,6597.50,-11557T=N/A,,"Package=1505,UTC=11:33:11,Lat=23.106585,Lng=120.292627,Alt=18.70,Ax=-57.34,Ay=19.40,Az=1027.97,Gx=-45937.50,Gy=6597.50,Gz=-11557T=N/A,H=N/A,SAT=7"
,2025-09-21T03:57:55Z,COM6,,UTC=11:33:11,18.70,120.292627,23.106585,,,,,,,,,N/A,SAT=7,-16.84,22.33,1185.96,-30712.50,27772.50,-9875T=N/A,,"Package=1506,UTC=11:33:11,Lat=23.106585,Lng=120.292627,Alt=18.70,Ax=-16.84,Ay=22.33,Az=1185.96,Gx=-30712.50,Gy=27772.50,Gz=-9875T=N/A,H=N/A,SAT=7"
,2025-09-21T03:57:57Z,COM6,,UTC=11:33:11,18.70,120.292627,23.106585,,,,,,,,,N/A,SAT=7,-18.91,-52.95,1037.24,30047.50,14437.50,-2275T=N/A,,"Package=1507,UTC=11:33:11,Lat=23.106585,Lng=120.292627,Alt=18.70,Ax=-18.91,Ay=-52.95,Az=1037.24,Gx=30047.50,Gy=14437.50,Gz=-2275T=N/A,H=N/A,SAT=7"
,2025-09-21T03:57:59Z,COM6,,UTC=11:33:11,18.70,120.292627,23.106585,,,,,,,,,N/A,SAT=7,-43.31,-9.39,911.34,24570.00,-2852.50,-109567T=N/A,,"Package=1508,UTC=11:33:11,Lat=23.106585,Lng=120.292627,Alt=18.70,Ax=-43.31,Ay=-9.39,Az=911.34,Gx=24570.00,Gy=-2852.50,Gz=-109567T=N/A,H=N/A,SAT=7"
,2025-09-21T03:58:01Z,COM6,,UTC=11:33:11,18.70,120.292627,23.106585,,,,,,,,,N/A,SAT=7,-61.85,-21.11,1071.28,-20370.00,-43820.00,-14T=N/A,,"Package=1509,UTC=11:33:11,Lat=23.106585,Lng=120.292627,Alt=18.70,Ax=-61.85,Ay=-21.11,Az=1071.28,Gx=-20370.00,Gy=-43820.00,Gz=-14T=N/A,H=N/A,SAT=7"
,2025-09-21T03:58:02Z,COM6,,UTC=11:33:11,18.70,120.292627,23.106585,,,,,,,,,N/A,SAT=7,-54.53,-45.99,1068.96,21122.50,-14227.50,1914T=N/A,,"Package=1510,UTC=11:33:11,Lat=23.106585,Lng=120.292627,Alt=18.70,Ax=-54.53,Ay=-45.99,Az=1068.96,Gx=21122.50,Gy=-14227.50,Gz=1914T=N/A,H=N/A,SAT=7"
,2025-09-21T03:58:04Z,COM6,,UTC=11:33:11,18.70,120.292627,23.106585,,,,,,,,,N/A,SAT=7,-16.84,-16.35,962.95,-35665.00,66062.50,13825T=N/A,,"Package=1511,UTC=11:33:11,Lat=23.106585,Lng=120.292627,Alt=18.70,Ax=-16.84,Ay=-16.35,Az=962.95,Gx=-35665.00,Gy=66062.50,Gz=13825T=N/A,H=N/A,SAT=7"
,2025-09-21T03:58:06Z,COM6,,UTC=11:33:11,18.70,120.292627,23.106585,,,,,,,,,N/A,SAT=7,-38.43,-49.53,1047.98,1417.50,-17500.00,-9929T=N/A,,"Package=1512,UTC=11:33:11,Lat=23.106585,Lng=120.292627,Alt=18.70,Ax=-38.43,Ay=-49.53,Az=1047.98,Gx=1417.50,Gy=-17500.00,Gz=-9929T=N/A,H=N/A,SAT=7"
,2025-09-21T03:58:07Z,COM6,,UTC=11:33:11,18.70,120.292627,23.106585,,,,,,,,,N/A,SAT=7,-36.48,-58.19,967.22,64277.50,402.50,64592.50T=N/A,,"Package=1513,UTC=11:33:11,Lat=23.106585,Lng=120.292627,Alt=18.70,Ax=-36.48,Ay=-58.19,Az=967.22,Gx=64277.50,Gy=402.50,Gz=64592.50T=N/A,H=N/A,SAT=7"
,2025-09-21T03:58:09Z,COM6,,UTC=11:33:11,18.70,120.292627,23.106585,,,,,,,,,N/A,SAT=7,-44.90,-41.97,1069.09,-2992.50,-9397.50,13233T=N/A,,"Package=1514,UTC=11:33:11,Lat=23.106585,Lng=120.292627,Alt=18.70,Ax=-44.90,Ay=-41.97,Az=1069.09,Gx=-2992.50,Gy=-9397.50,Gz=13233T=N/A,H=N/A,SAT=7"
,2025-09-21T03:58:11Z,COM6,,UTC=11:33:11,18.70,120.292627,23.106585,,,,,,,,,N/A,SAT=7,-75.64,-30.99,1013.21,-5530.00,-41650.00,1229T=N/A,,"Package=1515,UTC=11:33:11,Lat=23.106585,Lng=120.292627,Alt=18.70,Ax=-75.64,Ay=-30.99,Az=1013.21,Gx=-5530.00,Gy=-41650.00,Gz=1229T=N/A,H=N/A,SAT=7"
,2025-09-21T03:58:12Z,COM6,,UTC=11:33:11,18.70,120.292627,23.106585,,,,,,,,,N/A,SAT=7,-52.34,-49.29,1026.02,805.00,-9047.50,107590.T=N/A,,"Package=1516,UTC=11:33:11,Lat=23.106585,Lng=120.292627,Alt=18.70,Ax=-52.34,Ay=-49.29,Az=1026.02,Gx=805.00,Gy=-9047.50,Gz=107590.T=N/A,H=N/A,SAT=7"
,2025-09-21T03:58:14Z,COM6,,UTC=11:33:11,18.70,120.292627,23.106585,,,,,,,,,N/A,SAT=7,-59.78,10.00,986.00,-4445.00,-5040.00,170170.T=N/A,,"Package=1517,UTC=11:33:11,Lat=23.106585,Lng=120.292627,Alt=18.70,Ax=-59.78,Ay=10.00,Az=986.00,Gx=-4445.00,Gy=-5040.00,Gz=170170.T=N/A,H=N/A,SAT=7"
,2025-09-21T03:58:16Z,COM6,,UTC=11:33:11,18.70,120.292627,23.106585,,,,,,,,,N/A,SAT=7,-35.62,-17.57,1040.29,-30030.00,10132.50,-176T=N/A,,"Package=1518,UTC=11:33:11,Lat=23.106585,Lng=120.292627,Alt=18.70,Ax=-35.62,Ay=-17.57,Az=1040.29,Gx=-30030.00,Gy=10132.50,Gz=-176T=N/A,H=N/A,SAT=7"
,2025-09-21T03:58:17Z,COM6,,UTC=11:33:11,18.70,120.292627,23.106585,,,,,,,,,N/A,SAT=7,-16.59,-27.45,1043.95,-7245.00,43960.00,92592T=N/A,,"Package=1519,UTC=11:33:11,Lat=23.106585,Lng=120.292627,Alt=18.70,Ax=-16.59,Ay=-27.45,Az=1043.95,Gx=-7245.00,Gy=43960.00,Gz=92592T=N/A,H=N/A,SAT=7"
,2025-09-21T03:58:19Z,COM6,,UTC=11:33:11,18.70,120.292627,23.106585,,,,,,,,,N/A,SAT=7,-38.55,-53.92,1103.25,23467.50,-28577.50,-101T=N/A,,"Package=1520,UTC=11:33:11,Lat=23.106585,Lng=120.292627,Alt=18.70,Ax=-38.55,Ay=-53.92,Az=1103.25,Gx=23467.50,Gy=-28577.50,Gz=-101T=N/A,H=N/A,SAT=7"
,2025-09-21T03:58:21Z,COM6,,UTC=11:33:11,18.70,120.292627,23.106585,,,,,,,,,N/A,SAT=7,-46.36,-14.03,1014.55,13352.50,6195.00,-77630T=N/A,,"Package=1521,UTC=11:33:11,Lat=23.106585,Lng=120.292627,Alt=18.70,Ax=-46.36,Ay=-14.03,Az=1014.55,Gx=13352.50,Gy=6195.00,Gz=-77630T=N/A,H=N/A,SAT=7"
,2025-09-21T03:58:22Z,COM6,,UTC=11:33:11,18.70,120.292627,23.106585,,,,,,,,,N/A,SAT=7,-54.78,-45.99,1092.88,472.50,5915.00,-124670.T=N/A,,"Package=1522,UTC=11:33:11,Lat=23.106585,Lng=120.292627,Alt=18.70,Ax=-54.78,Ay=-45.99,Az=1092.88,Gx=472.50,Gy=5915.00,Gz=-124670.T=N/A,H=N/A,SAT=7"
,2025-09-21T03:58:24Z,COM6,,UTC=11:33:11,18.70,120.292627,23.106585,,,,,,,,,N/A,SAT=7,-50.26,-5.98,1066.65,-10552.50,33565.00,-1425T=N/A,,"Package=1523,UTC=11:33:11,Lat=23.106585,Lng=120.292627,Alt=18.70,Ax=-50.26,Ay=-5.98,Az=1066.65,Gx=-10552.50,Gy=33565.00,Gz=-1425T=N/A,H=N/A,SAT=7"
,2025-09-21T03:58:26Z,COM6,,UTC=11:33:11,18.70,120.292627,23.106585,,,,,,,,,N/A,SAT=7,-34.16,-19.15,1066.04,-4392.50,29085.00,-1771T=N/A,,"Package=1524,UTC=11:33:11,Lat=23.106585,Lng=120.292627,Alt=18.70,Ax=-34.16,Ay=-19.15,Az=1066.04,Gx=-4392.50,Gy=29085.00,Gz=-1771T=N/A,H=N/A,SAT=7"
,2025-09-21T03:58:27Z,COM6,,UTC=11:33:11,18.70,120.292627,23.106585,,,,,,,,,N/A,SAT=7,-76.13,-43.55,944.77,20860.00,-43960.00,-5320T=N/A,,"Package=1525,UTC=11:33:11,Lat=23.106585,Lng=120.292627,Alt=18.70,Ax=-76.13,Ay=-43.55,Az=944.77,Gx=20860.00,Gy=-43960.00,Gz=-5320T=N/A,H=N/A,SAT=7"
,2025-09-21T03:58:29Z,COM6,,UTC=11:33:11,18.70,120.292627,23.106585,,,,,,,,,N/A,SAT=7,-35.75,-7.08,1174.98,-10920.00,-4550.00,13905T=N/A,,"Package=1526,UTC=11:33:11,Lat=23.106585,Lng=120.292627,Alt=18.70,Ax=-35.75,Ay=-7.08,Az=1174.98,Gx=-10920.00,Gy=-4550.00,Gz=13905T=N/A,H=N/A,SAT=7"
,2025-09-21T03:58:31Z,COM6,,UTC=11:33:11,18.70,120.292627,23.106585,,,,,,,,,N/A,SAT=7,-52.22,-29.77,1112.40,-12687.50,-18550.00,289T=N/A,,"Package=1527,UTC=11:33:11,Lat=23.106585,Lng=120.292627,Alt=18.70,Ax=-52.22,Ay=-29.77,Az=1112.40,Gx=-12687.50,Gy=-18550.00,Gz=289T=N/A,H=N/A,SAT=7"
,2025-09-21T03:58:32Z,COM6,,UTC=11:33:11,18.70,120.292627,23.106585,,,,,,,,,N/A,SAT=7,-31.48,-20.25,963.56,-29032.50,-13387.50,5134T=N/A,,"Package=1528,UTC=11:33:11,Lat=23.106585,Lng=120.292627,Alt=18.70,Ax=-31.48,Ay=-20.25,Az=963.56,Gx=-29032.50,Gy=-13387.50,Gz=5134T=N/A,H=N/A,SAT=7"
,2025-09-21T03:58:34Z,COM6,,UTC=11:33:11,18.70,120.292627,23.106585,,,,,,,,,N/A,SAT=7,-30.74,-36.36,1121.42,-44415.00,4130.00,-6296T=N/A,,"Package=1529,UTC=11:33:11,Lat=23.106585,Lng=120.292627,Alt=18.70,Ax=-30.74,Ay=-36.36,Az=1121.42,Gx=-44415.00,Gy=4130.00,Gz=-6296T=N/A,H=N/A,SAT=7"
,2025-09-21T03:58:36Z,COM6,,UTC=11:33:11,18.70,120.292627,23.106585,,,,,,,,,N/A,SAT=7,-38.31,-4.64,1056.64,12670.00,37432.50,-18151T=N/A,,"Package=1530,UTC=11:33:11,Lat=23.106585,Lng=120.292627,Alt=18.70,Ax=-38.31,Ay=-4.64,Az=1056.64,Gx=12670.00,Gy=37432.50,Gz=-18151T=N/A,H=N/A,SAT=7"
,2025-09-21T03:58:37Z,COM6,,UTC=11:33:11,18.70,120.292627,23.106585,,,,,,,,,N/A,SAT=7,-56.97,13.30,1106.91,-13020.00,-46077.50,-128T=N/A,,"Package=1531,UTC=11:33:11,Lat=23.106585,Lng=120.292627,Alt=18.70,Ax=-56.97,Ay=13.30,Az=1106.91,Gx=-13020.00,Gy=-46077.50,Gz=-128T=N/A,H=N/A,SAT=7"
,2025-09-21T03:58:39Z,COM6,,UTC=11:33:11,18.70,120.292627,23.106585,,,,,,,,,N/A,SAT=7,-40.50,-23.91,987.59,23555.00,20037.50,35070.T=N/A,,"Package=1532,UTC=11:33:11,Lat=23.106585,Lng=120.292627,Alt=18.70,Ax=-40.50,Ay=-23.91,Az=987.59,Gx=23555.00,Gy=20037.50,Gz=35070.T=N/A,H=N/A,SAT=7"
,2025-09-21T03:58:41Z,COM6,,UTC=11:33:11,18.70,120.292627,23.106585,,,,,,,,,N/A,SAT=7,-24.16,-12.44,1081.77,-47792.50,8942.50,10048T=N/A,,"Package=1533,UTC=11:33:11,Lat=23.106585,Lng=120.292627,Alt=18.70,Ax=-24.16,Ay=-12.44,Az=1081.77,Gx=-47792.50,Gy=8942.50,Gz=10048T=N/A,H=N/A,SAT=7"
,2025-09-21T03:58:42Z,COM6,,UTC=11:33:11,18.70,120.292627,23.106585,,,,,,,,,N/A,SAT=7,-36.48,-39.65,1059.94,18550.00,-17412.50,-518T=N/A,,"Package=1534,UTC=11:33:11,Lat=23.106585,Lng=120.292627,Alt=18.70,Ax=-36.48,Ay=-39.65,Az=1059.94,Gx=18550.00,Gy=-17412.50,Gz=-518T=N/A,H=N/A,SAT=7"
,2025-09-21T03:58:44Z,COM6,,UTC=11:33:11,18.70,120.292627,23.106585,,,,,,,,,N/A,SAT=7,-63.44,-5.37,1096.90,-19897.50,-65712.50,-541T=N/A,,"Package=1535,UTC=11:33:11,Lat=23.106585,Lng=120.292627,Alt=18.70,Ax=-63.44,Ay=-5.37,Az=1096.90,Gx=-19897.50,Gy=-65712.50,Gz=-541T=N/A,H=N/A,SAT=7"
,2025-09-21T03:58:46Z,COM6,,UTC=11:33:11,18.70,120.292627,23.106585,,,,,,,,,N/A,SAT=7,-28.67,-60.15,988.69,42105.00,-22732.50,-5145T=N/A,,"Package=1536,UTC=11:33:11,Lat=23.106585,Lng=120.292627,Alt=18.70,Ax=-28.67,Ay=-60.15,Az=988.69,Gx=42105.00,Gy=-22732.50,Gz=-5145T=N/A,H=N/A,SAT=7"
,2025-09-21T03:58:47Z,COM6,,UTC=11:33:11,18.70,120.292627,23.106585,,,,,,,,N/A,N/A,SAT=7,-46.60,1.59,872.30,630.00,3202.50,-131005.00,,"Package=1537,UTC=11:33:11,Lat=23.106585,Lng=120.292627,Alt=18.70,Ax=-46.60,Ay=1.59,Az=872.30,Gx=630.00,Gy=3202.50,Gz=-131005.00,T=N/A,H=N/A,SAT=7"
,2025-09-21T03:58:49Z,COM6,,UTC=11:33:11,18.70,120.292627,23.106585,,,,,,,,,N/A,SAT=7,-24.40,10.00,992.35,-27667.50,14560.00,11830.T=N/A,,"Package=1538,UTC=11:33:11,Lat=23.106585,Lng=120.292627,Alt=18.70,Ax=-24.40,Ay=10.00,Az=992.35,Gx=-27667.50,Gy=14560.00,Gz=11830.T=N/A,H=N/A,SAT=7"
,2025-09-21T03:58:51Z,COM6,,UTC=11:33:11,18.70,120.292627,23.106585,,,,,,,,,N/A,SAT=7,-33.92,-21.47,980.15,2012.50,1400.00,121170.0T=N/A,,"Package=1539,UTC=11:33:11,Lat=23.106585,Lng=120.292627,Alt=18.70,Ax=-33.92,Ay=-21.47,Az=980.15,Gx=2012.50,Gy=1400.00,Gz=121170.0T=N/A,H=N/A,SAT=7"
,2025-09-21T03:58:52Z,COM6,,UTC=11:33:11,18.70,120.292627,23.106585,,,,,,,,,N/A,SAT=7,-35.01,-30.99,937.33,-49507.50,-8155.00,37590T=N/A,,"Package=1540,UTC=11:33:11,Lat=23.106585,Lng=120.292627,Alt=18.70,Ax=-35.01,Ay=-30.99,Az=937.33,Gx=-49507.50,Gy=-8155.00,Gz=37590T=N/A,H=N/A,SAT=7"
,2025-09-21T03:58:54Z,COM6,,UTC=11:33:11,18.70,120.292627,23.106585,,,,,,,,,N/A,SAT=7,-45.26,-52.46,1000.52,6772.50,12145.00,-68792T=N/A,,"Package=1541,UTC=11:33:11,Lat=23.106585,Lng=120.292627,Alt=18.70,Ax=-45.26,Ay=-52.46,Az=1000.52,Gx=6772.50,Gy=12145.00,Gz=-68792T=N/A,H=N/A,SAT=7"
,2025-09-21T03:58:56Z,COM6,,UTC=11:33:11,18.70,120.292627,23.106585,,,,,,,,,N/A,SAT=7,-57.10,3.54,1051.40,8242.50,4147.50,-152022.5T=N/A,,"Package=1542,UTC=11:33:11,Lat=23.106585,Lng=120.292627,Alt=18.70,Ax=-57.10,Ay=3.54,Az=1051.40,Gx=8242.50,Gy=4147.50,Gz=-152022.5T=N/A,H=N/A,SAT=7"
,2025-09-21T03:58:57Z,COM6,,UTC=11:33:11,18.70,120.292627,23.106585,,,,,,,,,N/A,SAT=7,-60.51,-7.81,1108.25,-61775.00,-18497.50,5015T=N/A,,"Package=1543,UTC=11:33:11,Lat=23.106585,Lng=120.292627,Alt=18.70,Ax=-60.51,Ay=-7.81,Az=1108.25,Gx=-61775.00,Gy=-18497.50,Gz=5015T=N/A,H=N/A,SAT=7"
,2025-09-21T03:58:59Z,COM6,,UTC=11:33:11,18.70,120.292627,23.106585,,,,,,,,,N/A,SAT=7,-26.60,-29.77,1035.17,7840.00,38132.50,104895T=N/A,,"Package=1544,UTC=11:33:11,Lat=23.106585,Lng=120.292627,Alt=18.70,Ax=-26.60,Ay=-29.77,Az=1035.17,Gx=7840.00,Gy=38132.50,Gz=104895T=N/A,H=N/A,SAT=7"
,2025-09-21T03:59:01Z,COM6,,UTC=11:33:11,18.70,120.292627,23.106585,,,,,,,,,N/A,SAT=7,-65.64,-58.68,1064.08,-7595.00,-36522.50,-112T=N/A,,"Package=1545,UTC=11:33:11,Lat=23.106585,Lng=120.292627,Alt=18.70,Ax=-65.64,Ay=-58.68,Az=1064.08,Gx=-7595.00,Gy=-36522.50,Gz=-112T=N/A,H=N/A,SAT=7"
,2025-09-21T03:59:02Z,COM6,,UTC=11:33:11,18.70,120.292627,23.106585,,,,,,,,,N/A,SAT=7,-33.67,-20.25,1025.90,20562.50,38815.00,-9551T=N/A,,"Package=1546,UTC=11:33:11,Lat=23.106585,Lng=120.292627,Alt=18.70,Ax=-33.67,Ay=-20.25,Az=1025.90,Gx=20562.50,Gy=38815.00,Gz=-9551T=N/A,H=N/A,SAT=7"
,2025-09-21T03:59:04Z,COM6,,UTC=11:33:11,18.70,120.292627,23.106585,,,,,,,,,N/A,SAT=7,-30.99,-43.80,1042.00,1942.50,30327.50,6982.5T=N/A,,"Package=1547,UTC=11:33:11,Lat=23.106585,Lng=120.292627,Alt=18.70,Ax=-30.99,Ay=-43.80,Az=1042.00,Gx=1942.50,Gy=30327.50,Gz=6982.5T=N/A,H=N/A,SAT=7"
,2025-09-21T03:59:06Z,COM6,,UTC=11:33:11,18.70,120.292627,23.106585,,,,,,,,,N/A,SAT=7,-20.74,-17.45,984.54,25567.50,26775.00,155557T=N/A,,"Package=1548,UTC=11:33:11,Lat=23.106585,Lng=120.292627,Alt=18.70,Ax=-20.74,Ay=-17.45,Az=984.54,Gx=25567.50,Gy=26775.00,Gz=155557T=N/A,H=N/A,SAT=7"
,2025-09-21T03:59:07Z,COM6,,UTC=11:33:11,18.70,120.292627,23.106585,,,,,,,,,N/A,SAT=7,-20.74,-90.28,930.25,59850.00,18550.00,3272.5T=N/A,,"Package=1549,UTC=11:33:11,Lat=23.106585,Lng=120.292627,Alt=18.70,Ax=-20.74,Ay=-90.28,Az=930.25,Gx=59850.00,Gy=18550.00,Gz=3272.5T=N/A,H=N/A,SAT=7"
,2025-09-21T03:59:09Z,COM6,,UTC=11:33:11,18.70,120.292627,23.106585,,,,,,,,,N/A,SAT=7,-26.60,-26.35,1005.77,9485.00,29102.50,-11457T=N/A,,"Package=1550,UTC=11:33:11,Lat=23.106585,Lng=120.292627,Alt=18.70,Ax=-26.60,Ay=-26.35,Az=1005.77,Gx=9485.00,Gy=29102.50,Gz=-11457T=N/A,H=N/A,SAT=7"
,2025-09-21T03:59:11Z,COM6,,UTC=11:33:11,18.70,120.292627,23.106585,,,,,,,,,N/A,SAT=7,-54.29,-25.38,1062.86,17342.50,-21665.00,3923T=N/A,,"Package=1551,UTC=11:33:11,Lat=23.106585,Lng=120.292627,Alt=18.70,Ax=-54.29,Ay=-25.38,Az=1062.86,Gx=17342.50,Gy=-21665.00,Gz=3923T=N/A,H=N/A,SAT=7"
,2025-09-21T03:59:12Z,COM6,,UTC=11:33:11,18.70,120.292627,23.106585,,,,,,,,,N/A,SAT=7,-16.35,-42.82,958.68,27037.50,31447.50,80500.T=N/A,,"Package=1552,UTC=11:33:11,Lat=23.106585,Lng=120.292627,Alt=18.70,Ax=-16.35,Ay=-42.82,Az=958.68,Gx=27037.50,Gy=31447.50,Gz=80500.T=N/A,H=N/A,SAT=7"
,2025-09-21T03:59:14Z,COM6,,UTC=11:33:11,18.70,120.292627,23.106585,,,,,,,,,N/A,SAT=7,-31.11,-56.12,1073.23,25952.50,-23275.00,3911T=N/A,,"Package=1553,UTC=11:33:11,Lat=23.106585,Lng=120.292627,Alt=18.70,Ax=-31.11,Ay=-56.12,Az=1073.23,Gx=25952.50,Gy=-23275.00,Gz=3911T=N/A,H=N/A,SAT=7"
,2025-09-21T03:59:16Z,COM6,,UTC=11:33:11,18.70,120.292627,23.106585,,,,,,,,,N/A,SAT=7,-38.67,-23.42,1023.34,-1925.00,-32322.50,-726T=N/A,,"Package=1554,UTC=11:33:11,Lat=23.106585,Lng=120.292627,Alt=18.70,Ax=-38.67,Ay=-23.42,Az=1023.34,Gx=-1925.00,Gy=-32322.50,Gz=-726T=N/A,H=N/A,SAT=7"
,2025-09-21T03:59:18Z,COM6,,UTC=11:33:11,18.70,120.292627,23.106585,,,,,,,,,N/A,SAT=7,-39.65,-43.80,1035.78,11585.00,-27300.00,2003T=N/A,,"Package=1555,UTC=11:33:11,Lat=23.106585,Lng=120.292627,Alt=18.70,Ax=-39.65,Ay=-43.80,Az=1035.78,Gx=11585.00,Gy=-27300.00,Gz=2003T=N/A,H=N/A,SAT=7"
,2025-09-21T03:59:19Z,COM6,,UTC=11:33:11,18.70,120.292627,23.106585,,,,,,,,,N/A,SAT=7,-30.99,-66.12,894.87,30852.50,-21647.50,10832T=N/A,,"Package=1556,UTC=11:33:11,Lat=23.106585,Lng=120.292627,Alt=18.70,Ax=-30.99,Ay=-66.12,Az=894.87,Gx=30852.50,Gy=-21647.50,Gz=10832T=N/A,H=N/A,SAT=7"
,2025-09-21T03:59:21Z,COM6,,UTC=11:33:11,18.70,120.292627,23.106585,,,,,,,,,N/A,SAT=7,-34.65,-15.86,996.98,-16362.50,18935.00,-1683T=N/A,,"Package=1557,UTC=11:33:11,Lat=23.106585,Lng=120.292627,Alt=18.70,Ax=-34.65,Ay=-15.86,Az=996.98,Gx=-16362.50,Gy=18935.00,Gz=-1683T=N/A,H=N/A,SAT=7"
,2025-09-21T03:59:23Z,COM6,,UTC=11:33:11,18.70,120.292627,23.106585,,,,,,,,,N/A,SAT=7,-62.34,-26.35,1062.50,5722.50,-34790.00,-8785T=N/A,,"Package=1558,UTC=11:33:11,Lat=23.106585,Lng=120.292627,Alt=18.70,Ax=-62.34,Ay=-26.35,Az=1062.50,Gx=5722.50,Gy=-34790.00,Gz=-8785T=N/A,H=N/A,SAT=7"
,2025-09-21T03:59:24Z,COM6,,UTC=11:33:11,18.70,120.292627,23.106585,,,,,,,,,N/A,SAT=7,-40.14,-23.79,1013.09,-13685.00,-18147.50,993T=N/A,,"Package=1559,UTC=11:33:11,Lat=23.106585,Lng=120.292627,Alt=18.70,Ax=-40.14,Ay=-23.79,Az=1013.09,Gx=-13685.00,Gy=-18147.50,Gz=993T=N/A,H=N/A,SAT=7"
,2025-09-21T03:59:26Z,COM6,,UTC=11:33:11,18.70,120.292627,23.106585,,,,,,,,,N/A,SAT=7,-58.93,-67.22,968.19,40127.50,840.00,12285.00T=N/A,,"Package=1560,UTC=11:33:11,Lat=23.106585,Lng=120.292627,Alt=18.70,Ax=-58.93,Ay=-67.22,Az=968.19,Gx=40127.50,Gy=840.00,Gz=12285.00T=N/A,H=N/A,SAT=7"
,2025-09-21T03:59:28Z,COM6,,UTC=11:33:11,18.70,120.292627,23.106585,,,,,,,,,N/A,SAT=7,-39.04,1.59,967.95,-28682.50,-4742.50,161437.T=N/A,,"Package=1561,UTC=11:33:11,Lat=23.106585,Lng=120.292627,Alt=18.70,Ax=-39.04,Ay=1.59,Az=967.95,Gx=-28682.50,Gy=-4742.50,Gz=161437.T=N/A,H=N/A,SAT=7"
,2025-09-21T03:59:29Z,COM6,,UTC=11:33:11,18.70,120.292627,23.106585,,,,,,,,,N/A,SAT=7,-36.84,20.98,989.05,-27842.50,7682.50,166407.T=N/A,,"Package=1562,UTC=11:33:11,Lat=23.106585,Lng=120.292627,Alt=18.70,Ax=-36.84,Ay=20.98,Az=989.05,Gx=-27842.50,Gy=7682.50,Gz=166407.T=N/A,H=N/A,SAT=7"
,2025-09-21T03:59:31Z,COM6,,UTC=11:33:11,18.70,120.292627,23.106585,,,,,,,,,N/A,SAT=7,-59.29,2.07,1004.06,-17447.50,7262.50,172060.T=N/A,,"Package=1563,UTC=11:33:11,Lat=23.106585,Lng=120.292627,Alt=18.70,Ax=-59.29,Ay=2.07,Az=1004.06,Gx=-17447.50,Gy=7262.50,Gz=172060.T=N/A,H=N/A,SAT=7"
,2025-09-21T03:59:33Z,COM6,,UTC=11:33:11,18.70,120.292627,23.106585,,,,,,,,,N/A,SAT=7,-70.52,-20.37,1073.84,-64575.00,-62457.50,-78T=N/A,,"Package=1564,UTC=11:33:11,Lat=23.106585,Lng=120.292627,Alt=18.70,Ax=-70.52,Ay=-20.37,Az=1073.84,Gx=-64575.00,Gy=-62457.50,Gz=-78T=N/A,H=N/A,SAT=7"
,2025-09-21T03:59:34Z,COM6,,UTC=11:33:11,18.70,120.292627,23.106585,,,,,,,,,N/A,SAT=7,-51.24,-41.97,985.27,21192.50,-22452.50,-7448T=N/A,,"Package=1565,UTC=11:33:11,Lat=23.106585,Lng=120.292627,Alt=18.70,Ax=-51.24,Ay=-41.97,Az=985.27,Gx=21192.50,Gy=-22452.50,Gz=-7448T=N/A,H=N/A,SAT=7"
,2025-09-21T03:59:36Z,COM6,,UTC=11:33:11,18.70,120.292627,23.106585,,,,,,,,,N/A,SAT=7,-43.92,-14.15,994.42,-25602.50,-18690.00,-595T=N/A,,"Package=1566,UTC=11:33:11,Lat=23.106585,Lng=120.292627,Alt=18.70,Ax=-43.92,Ay=-14.15,Az=994.42,Gx=-25602.50,Gy=-18690.00,Gz=-595T=N/A,H=N/A,SAT=7"
,2025-09-21T03:59:38Z,COM6,,UTC=11:33:11,18.70,120.292627,23.106585,,,,,,,,,N/A,SAT=7,-37.82,8.05,1104.83,-7700.00,-25445.00,-10570T=N/A,,"Package=1567,UTC=11:33:11,Lat=23.106585,Lng=120.292627,Alt=18.70,Ax=-37.82,Ay=8.05,Az=1104.83,Gx=-7700.00,Gy=-25445.00,Gz=-10570T=N/A,H=N/A,SAT=7"
,2025-09-21T03:59:39Z,COM6,,UTC=11:33:11,18.70,120.292627,23.106585,,,,,,,,,N/A,SAT=7,-51.48,-20.74,955.38,-10500.00,-23642.50,-473T=N/A,,"Package=1568,UTC=11:33:11,Lat=23.106585,Lng=120.292627,Alt=18.70,Ax=-51.48,Ay=-20.74,Az=955.38,Gx=-10500.00,Gy=-23642.50,Gz=-473T=N/A,H=N/A,SAT=7"
,2025-09-21T03:59:41Z,COM6,,UTC=11:33:11,18.70,120.292627,23.106585,,,,,,,,,N/A,SAT=7,-74.18,22.69,1091.66,-63140.00,-43557.50,8779T=N/A,,"Package=1569,UTC=11:33:11,Lat=23.106585,Lng=120.292627,Alt=18.70,Ax=-74.18,Ay=22.69,Az=1091.66,Gx=-63140.00,Gy=-43557.50,Gz=8779T=N/A,H=N/A,SAT=7"
,2025-09-21T03:59:43Z,COM6,,UTC=11:33:11,18.70,120.292627,23.106585,,,,,,,,,N/A,SAT=7,-55.63,-14.52,981.86,-45745.00,2135.00,129727T=N/A,,"Package=1570,UTC=11:33:11,Lat=23.106585,Lng=120.292627,Alt=18.70,Ax=-55.63,Ay=-14.52,Az=981.86,Gx=-45745.00,Gy=2135.00,Gz=129727T=N/A,H=N/A,SAT=7"
,2025-09-21T03:59:44Z,COM6,,UTC=11:33:11,18.70,120.292627,23.106585,,,,,,,,,N/A,SAT=7,-27.45,5.61,1108.86,-4252.50,46987.50,178570.T=N/A,,"Package=1571,UTC=11:33:11,Lat=23.106585,Lng=120.292627,Alt=18.70,Ax=-27.45,Ay=5.61,Az=1108.86,Gx=-4252.50,Gy=46987.50,Gz=178570.T=N/A,H=N/A,SAT=7"
,2025-09-21T03:59:46Z,COM6,,UTC=11:33:11,18.70,120.292627,23.106585,,,,,,,,,N/A,SAT=7,-30.74,-51.48,1028.70,-18865.00,17920.00,1295T=N/A,,"Package=1572,UTC=11:33:11,Lat=23.106585,Lng=120.292627,Alt=18.70,Ax=-30.74,Ay=-51.48,Az=1028.70,Gx=-18865.00,Gy=17920.00,Gz=1295T=N/A,H=N/A,SAT=7"
,2025-09-21T03:59:48Z,COM6,,UTC=11:33:11,18.70,120.292627,23.106585,,,,,,,,,N/A,SAT=7,-27.82,-76.13,1125.33,50067.50,55142.50,-1229T=N/A,,"Package=1573,UTC=11:33:11,Lat=23.106585,Lng=120.292627,Alt=18.70,Ax=-27.82,Ay=-76.13,Az=1125.33,Gx=50067.50,Gy=55142.50,Gz=-1229T=N/A,H=N/A,SAT=7"
,2025-09-21T03:59:49Z,COM6,,UTC=11:33:11,18.70,120.292627,23.106585,,,,,,,,,N/A,SAT=7,-20.62,-47.21,1033.22,50802.50,84105.00,-5923T=N/A,,"Package=1574,UTC=11:33:11,Lat=23.106585,Lng=120.292627,Alt=18.70,Ax=-20.62,Ay=-47.21,Az=1033.22,Gx=50802.50,Gy=84105.00,Gz=-5923T=N/A,H=N/A,SAT=7"
,2025-09-21T03:59:51Z,COM6,,UTC=11:33:11,18.70,120.292627,23.106585,,,,,,,,,N/A,SAT=7,-56.12,-20.50,1057.86,-22977.50,-16117.50,-39T=N/A,,"Package=1575,UTC=11:33:11,Lat=23.106585,Lng=120.292627,Alt=18.70,Ax=-56.12,Ay=-20.50,Az=1057.86,Gx=-22977.50,Gy=-16117.50,Gz=-39T=N/A,H=N/A,SAT=7"
,2025-09-21T03:59:53Z,COM6,,UTC=11:33:11,18.70,120.292627,23.106585,,,,,,,,,N/A,SAT=7,-33.67,-39.16,1045.42,26827.50,14052.50,97457T=N/A,,"Package=1576,UTC=11:33:11,Lat=23.106585,Lng=120.292627,Alt=18.70,Ax=-33.67,Ay=-39.16,Az=1045.42,Gx=26827.50,Gy=14052.50,Gz=97457T=N/A,H=N/A,SAT=7"
,2025-09-21T03:59:54Z,COM6,,UTC=11:33:11,18.70,120.292627,23.106585,,,,,,,,,N/A,SAT=7,-42.94,-52.46,998.69,22977.50,-34405.00,-1071T=N/A,,"Package=1577,UTC=11:33:11,Lat=23.106585,Lng=120.292627,Alt=18.70,Ax=-42.94,Ay=-52.46,Az=998.69,Gx=22977.50,Gy=-34405.00,Gz=-1071T=N/A,H=N/A,SAT=7"
,2025-09-21T03:59:56Z,COM6,,UTC=11:33:11,18.70,120.292627,23.106585,,,,,,,,,N/A,SAT=7,-51.97,-3.66,982.95,-18830.00,-24692.50,-1673T=N/A,,"Package=1578,UTC=11:33:11,Lat=23.106585,Lng=120.292627,Alt=18.70,Ax=-51.97,Ay=-3.66,Az=982.95,Gx=-18830.00,Gy=-24692.50,Gz=-1673T=N/A,H=N/A,SAT=7"
,2025-09-21T03:59:58Z,COM6,,UTC=11:33:11,18.70,120.292627,23.106585,,,,,,,,,N/A,SAT=7,-56.97,-25.86,1014.06,-8207.50,-27685.00,-283T=N/A,,"Package=1579,UTC=11:33:11,Lat=23.106585,Lng=120.292627,Alt=18.70,Ax=-56.97,Ay=-25.86,Az=1014.06,Gx=-8207.50,Gy=-27685.00,Gz=-283T=N/A,H=N/A,SAT=7"
,2025-09-21T03:59:59Z,COM6,,UTC=11:33:11,18.70,120.292627,23.106585,,,,,,,,,N/A,SAT=7,-20.25,13.91,1037.73,-19740.00,43487.50,10389T=N/A,,"Package=1580,UTC=11:33:11,Lat=23.106585,Lng=120.292627,Alt=18.70,Ax=-20.25,Ay=13.91,Az=1037.73,Gx=-19740.00,Gy=43487.50,Gz=10389T=N/A,H=N/A,SAT=7"
,2025-09-21T04:00:01Z,COM6,,UTC=11:33:11,18.70,120.292627,23.106585,,,,,,,,,N/A,SAT=7,-9.76,-23.91,1049.20,14070.00,76545.00,129202T=N/A,,"Package=1581,UTC=11:33:11,Lat=23.106585,Lng=120.292627,Alt=18.70,Ax=-9.76,Ay=-23.91,Az=1049.20,Gx=14070.00,Gy=76545.00,Gz=129202T=N/A,H=N/A,SAT=7"
,2025-09-21T04:00:03Z,COM6,,UTC=11:33:11,18.70,120.292627,23.106585,,,,,,,,,N/A,SAT=7,-9.03,-46.85,934.89,6877.50,43365.00,-6947.50T=N/A,,"Package=1582,UTC=11:33:11,Lat=23.106585,Lng=120.292627,Alt=18.70,Ax=-9.03,Ay=-46.85,Az=934.89,Gx=6877.50,Gy=43365.00,Gz=-6947.50T=N/A,H=N/A,SAT=7"
,2025-09-21T04:00:04Z,COM6,,UTC=11:33:11,18.70,120.292627,23.106585,,,,,,,,,N/A,SAT=7,-18.91,8.54,1072.62,-44187.50,20142.50,-60235T=N/A,,"Package=1583,UTC=11:33:11,Lat=23.106585,Lng=120.292627,Alt=18.70,Ax=-18.91,Ay=8.54,Az=1072.62,Gx=-44187.50,Gy=20142.50,Gz=-60235T=N/A,H=N/A,SAT=7"
,2025-09-21T04:00:06Z,COM6,,UTC=11:33:11,18.70,120.292627,23.106585,,,,,,,,,N/A,SAT=7,-52.83,-10.74,1021.26,14910.00,-43225.00,1172T=N/A,,"Package=1584,UTC=11:33:11,Lat=23.106585,Lng=120.292627,Alt=18.70,Ax=-52.83,Ay=-10.74,Az=1021.26,Gx=14910.00,Gy=-43225.00,Gz=1172T=N/A,H=N/A,SAT=7"
,2025-09-21T04:00:08Z,COM6,,UTC=11:33:11,18.70,120.292627,23.106585,,,,,,,,,N/A,SAT=7,-48.80,-82.72,1074.94,16677.50,-30152.50,-320T=N/A,,"Package=1585,UTC=11:33:11,Lat=23.106585,Lng=120.292627,Alt=18.70,Ax=-48.80,Ay=-82.72,Az=1074.94,Gx=16677.50,Gy=-30152.50,Gz=-320T=N/A,H=N/A,SAT=7"
,2025-09-21T04:00:09Z,COM6,,UTC=11:33:11,18.70,120.292627,23.106585,,,,,,,,,N/A,SAT=7,-66.00,-12.20,1066.28,48300.00,-13072.50,-130T=N/A,,"Package=1586,UTC=11:33:11,Lat=23.106585,Lng=120.292627,Alt=18.70,Ax=-66.00,Ay=-12.20,Az=1066.28,Gx=48300.00,Gy=-13072.50,Gz=-130T=N/A,H=N/A,SAT=7"
,2025-09-21T04:00:11Z,COM6,,UTC=11:33:11,18.70,120.292627,23.106585,,,,,,,,,N/A,SAT=7,-39.28,-51.12,1067.01,16677.50,-16712.50,-996T=N/A,,"Package=1587,UTC=11:33:11,Lat=23.106585,Lng=120.292627,Alt=18.70,Ax=-39.28,Ay=-51.12,Az=1067.01,Gx=16677.50,Gy=-16712.50,Gz=-996T=N/A,H=N/A,SAT=7"
,2025-09-21T04:00:13Z,COM6,,UTC=11:33:11,18.70,120.292627,23.106585,,,,,,,,,N/A,SAT=7,-34.89,-38.80,1031.63,23047.50,32410.00,-3291T=N/A,,"Package=1588,UTC=11:33:11,Lat=23.106585,Lng=120.292627,Alt=18.70,Ax=-34.89,Ay=-38.80,Az=1031.63,Gx=23047.50,Gy=32410.00,Gz=-3291T=N/A,H=N/A,SAT=7"
,2025-09-21T04:00:14Z,COM6,,UTC=11:33:11,18.70,120.292627,23.106585,,,,,,,,,N/A,SAT=7,-57.71,19.03,936.59,17920.00,24010.00,-207200T=N/A,,"Package=1589,UTC=11:33:11,Lat=23.106585,Lng=120.292627,Alt=18.70,Ax=-57.71,Ay=19.03,Az=936.59,Gx=17920.00,Gy=24010.00,Gz=-207200T=N/A,H=N/A,SAT=7"
,2025-09-21T04:00:16Z,COM6,,UTC=11:33:11,18.70,120.292627,23.106585,,,,,,,,,N/A,SAT=7,-39.28,-0.24,929.64,-25077.50,9572.50,-80990.T=N/A,,"Package=1590,UTC=11:33:11,Lat=23.106585,Lng=120.292627,Alt=18.70,Ax=-39.28,Ay=-0.24,Az=929.64,Gx=-25077.50,Gy=9572.50,Gz=-80990.T=N/A,H=N/A,SAT=7"
,2025-09-21T04:00:18Z,COM6,,UTC=11:33:11,18.70,120.292627,23.106585,,,,,,,,,N/A,SAT=7,-42.09,-38.55,895.85,24255.00,-26197.50,87797T=N/A,,"Package=1591,UTC=11:33:11,Lat=23.106585,Lng=120.292627,Alt=18.70,Ax=-42.09,Ay=-38.55,Az=895.85,Gx=24255.00,Gy=-26197.50,Gz=87797T=N/A,H=N/A,SAT=7"
,2025-09-21T04:00:19Z,COM6,,UTC=11:33:11,18.70,120.292627,23.106585,,,,,,,,,N/A,SAT=7,-56.12,-51.97,1006.99,-7875.00,-332.50,89512.T=N/A,,"Package=1592,UTC=11:33:11,Lat=23.106585,Lng=120.292627,Alt=18.70,Ax=-56.12,Ay=-51.97,Az=1006.99,Gx=-7875.00,Gy=-332.50,Gz=89512.T=N/A,H=N/A,SAT=7"
,2025-09-21T04:00:21Z,COM6,,UTC=11:33:11,18.70,120.292627,23.106585,,,,,,,,,N/A,SAT=7,-40.99,-24.28,1009.55,-9572.50,-4130.00,81655T=N/A,,"Package=1593,UTC=11:33:11,Lat=23.106585,Lng=120.292627,Alt=18.70,Ax=-40.99,Ay=-24.28,Az=1009.55,Gx=-9572.50,Gy=-4130.00,Gz=81655T=N/A,H=N/A,SAT=7"
,2025-09-21T04:00:23Z,COM6,,UTC=11:33:11,18.70,120.292627,23.106585,,,,,,,,,N/A,SAT=7,-35.50,-52.70,1232.44,4497.50,23765.00,114922T=N/A,,"Package=1594,UTC=11:33:11,Lat=23.106585,Lng=120.292627,Alt=18.70,Ax=-35.50,Ay=-52.70,Az=1232.44,Gx=4497.50,Gy=23765.00,Gz=114922T=N/A,H=N/A,SAT=7"
,2025-09-21T04:00:24Z,COM6,,UTC=11:33:11,18.70,120.292627,23.106585,,,,,,,,,N/A,SAT=7,-49.90,9.64,1179.98,-103215.00,2520.00,55142.T=N/A,,"Package=1595,UTC=11:33:11,Lat=23.106585,Lng=120.292627,Alt=18.70,Ax=-49.90,Ay=9.64,Az=1179.98,Gx=-103215.00,Gy=2520.00,Gz=55142.T=N/A,H=N/A,SAT=7"
,2025-09-21T04:00:26Z,COM6,,UTC=11:33:11,18.70,120.292627,23.106585,,,,,,,,,N/A,SAT=7,-38.55,0.00,1094.95,-29347.50,11497.50,171237T=N/A,,"Package=1596,UTC=11:33:11,Lat=23.106585,Lng=120.292627,Alt=18.70,Ax=-38.55,Ay=0.00,Az=1094.95,Gx=-29347.50,Gy=11497.50,Gz=171237T=N/A,H=N/A,SAT=7"
,2025-09-21T04:00:28Z,COM6,,UTC=11:33:11,18.70,120.292627,23.106585,,,,,,,,,N/A,SAT=7,-25.62,-14.76,1214.88,-11987.50,43400.00,9103T=N/A,,"Package=1597,UTC=11:33:11,Lat=23.106585,Lng=120.292627,Alt=18.70,Ax=-25.62,Ay=-14.76,Az=1214.88,Gx=-11987.50,Gy=43400.00,Gz=9103T=N/A,H=N/A,SAT=7"
,2025-09-21T04:00:29Z,COM6,,UTC=11:33:11,18.70,120.292627,23.106585,,,,,,,,,N/A,SAT=7,-21.96,-8.54,1220.73,-65257.50,14612.50,51555T=N/A,,"Package=1598,UTC=11:33:11,Lat=23.106585,Lng=120.292627,Alt=18.70,Ax=-21.96,Ay=-8.54,Az=1220.73,Gx=-65257.50,Gy=14612.50,Gz=51555T=N/A,H=N/A,SAT=7"
,2025-09-21T04:00:31Z,COM6,,UTC=11:33:11,18.70,120.292627,23.106585,,,,,,,,,N/A,SAT=7,-51.24,2.68,1110.44,-78697.50,-34947.50,10710T=N/A,,"Package=1599,UTC=11:33:11,Lat=23.106585,Lng=120.292627,Alt=18.70,Ax=-51.24,Ay=2.68,Az=1110.44,Gx=-78697.50,Gy=-34947.50,Gz=10710T=N/A,H=N/A,SAT=7"
,2025-09-21T04:00:33Z,COM6,,UTC=11:33:11,18.70,120.292627,23.106585,,,,,,,,,N/A,SAT=7,-56.12,52.70,951.11,-112612.50,21385.00,19076T=N/A,,"Package=1600,UTC=11:33:11,Lat=23.106585,Lng=120.292627,Alt=18.70,Ax=-56.12,Ay=52.70,Az=951.11,Gx=-112612.50,Gy=21385.00,Gz=19076T=N/A,H=N/A,SAT=7"
,2025-09-21T04:00:35Z,COM6,,UTC=11:33:11,18.70,120.292627,23.106585,,,,,,,,,N/A,SAT=7,-44.65,-42.94,1062.50,-56315.00,-2467.50,6422T=N/A,,"Package=1601,UTC=11:33:11,Lat=23.106585,Lng=120.292627,Alt=18.70,Ax=-44.65,Ay=-42.94,Az=1062.50,Gx=-56315.00,Gy=-2467.50,Gz=6422T=N/A,H=N/A,SAT=7"
,2025-09-21T04:00:36Z,COM6,,UTC=11:33:11,18.70,120.292627,23.106585,,,,,,,,,N/A,SAT=7,-12.69,-44.90,884.50,48807.50,9520.00,-41685.T=N/A,,"Package=1602,UTC=11:33:11,Lat=23.106585,Lng=120.292627,Alt=18.70,Ax=-12.69,Ay=-44.90,Az=884.50,Gx=48807.50,Gy=9520.00,Gz=-41685.T=N/A,H=N/A,SAT=7"
,2025-09-21T04:00:38Z,COM6,,UTC=11:33:11,18.70,120.292627,23.106585,,,,,,,,,N/A,SAT=7,-14.76,-5.00,949.28,23870.00,42262.50,-130130T=N/A,,"Package=1603,UTC=11:33:11,Lat=23.106585,Lng=120.292627,Alt=18.70,Ax=-14.76,Ay=-5.00,Az=949.28,Gx=23870.00,Gy=42262.50,Gz=-130130T=N/A,H=N/A,SAT=7"
,2025-09-21T04:00:40Z,COM6,,UTC=11:33:11,18.70,120.292627,23.106585,,,,,,,,,N/A,SAT=7,-16.47,-62.10,1050.54,60935.00,68547.50,-1501T=N/A,,"Package=1604,UTC=11:33:11,Lat=23.106585,Lng=120.292627,Alt=18.70,Ax=-16.47,Ay=-62.10,Az=1050.54,Gx=60935.00,Gy=68547.50,Gz=-1501T=N/A,H=N/A,SAT=7"
,2025-09-21T04:00:41Z,COM6,,UTC=11:33:11,18.70,120.292627,23.106585,,,,,,,,,N/A,SAT=7,-39.77,14.52,1049.20,-28017.50,18130.00,-1608T=N/A,,"Package=1605,UTC=11:33:11,Lat=23.106585,Lng=120.292627,Alt=18.70,Ax=-39.77,Ay=14.52,Az=1049.20,Gx=-28017.50,Gy=18130.00,Gz=-1608T=N/A,H=N/A,SAT=7"
,2025-09-21T04:00:43Z,COM6,,UTC=11:33:11,18.70,120.292627,23.106585,,,,,,,,,N/A,SAT=7,-42.21,7.32,1094.10,-27107.50,-16485.00,55090T=N/A,,"Package=1606,UTC=11:33:11,Lat=23.106585,Lng=120.292627,Alt=18.70,Ax=-42.21,Ay=7.32,Az=1094.10,Gx=-27107.50,Gy=-16485.00,Gz=55090T=N/A,H=N/A,SAT=7"
,2025-09-21T04:00:45Z,COM6,,UTC=11:33:11,18.70,120.292627,23.106585,,,,,,,,,N/A,SAT=7,-17.93,-17.20,1131.06,-21087.50,24692.50,8678T=N/A,,"Package=1607,UTC=11:33:11,Lat=23.106585,Lng=120.292627,Alt=18.70,Ax=-17.93,Ay=-17.20,Az=1131.06,Gx=-21087.50,Gy=24692.50,Gz=8678T=N/A,H=N/A,SAT=7"
,2025-09-21T04:00:46Z,COM6,,UTC=11:33:11,18.70,120.292627,23.106585,,,,,,,,,N/A,SAT=7,-7.69,-5.49,1020.04,-4340.00,54215.00,129010.T=N/A,,"Package=1608,UTC=11:33:11,Lat=23.106585,Lng=120.292627,Alt=18.70,Ax=-7.69,Ay=-5.49,Az=1020.04,Gx=-4340.00,Gy=54215.00,Gz=129010.T=N/A,H=N/A,SAT=7"
,2025-09-21T04:00:48Z,COM6,,UTC=11:33:11,18.70,120.292627,23.106585,,,,,,,,,N/A,SAT=7,-33.67,-16.96,1079.94,1172.50,19635.00,136395T=N/A,,"Package=1609,UTC=11:33:11,Lat=23.106585,Lng=120.292627,Alt=18.70,Ax=-33.67,Ay=-16.96,Az=1079.94,Gx=1172.50,Gy=19635.00,Gz=136395T=N/A,H=N/A,SAT=7"
,2025-09-21T04:00:50Z,COM6,,UTC=11:33:11,18.70,120.292627,23.106585,,,,,,,,,N/A,SAT=7,-21.96,-68.69,983.93,14787.50,6457.50,-26442.T=N/A,,"Package=1610,UTC=11:33:11,Lat=23.106585,Lng=120.292627,Alt=18.70,Ax=-21.96,Ay=-68.69,Az=983.93,Gx=14787.50,Gy=6457.50,Gz=-26442.T=N/A,H=N/A,SAT=7"
,2025-09-21T04:00:51Z,COM6,,UTC=11:33:11,18.70,120.292627,23.106585,,,,,,,,,N/A,SAT=7,-21.11,-10.37,948.43,-5162.50,24465.00,-5180.T=N/A,,"Package=1611,UTC=11:33:11,Lat=23.106585,Lng=120.292627,Alt=18.70,Ax=-21.11,Ay=-10.37,Az=948.43,Gx=-5162.50,Gy=24465.00,Gz=-5180.T=N/A,H=N/A,SAT=7"
,2025-09-21T04:00:53Z,COM6,,UTC=11:33:11,18.70,120.292627,23.106585,,,,,,,,,N/A,SAT=7,-39.65,-16.10,1069.33,-13825.00,-32322.50,427T=N/A,,"Package=1612,UTC=11:33:11,Lat=23.106585,Lng=120.292627,Alt=18.70,Ax=-39.65,Ay=-16.10,Az=1069.33,Gx=-13825.00,Gy=-32322.50,Gz=427T=N/A,H=N/A,SAT=7"
,2025-09-21T04:00:55Z,COM6,,UTC=11:33:11,18.70,120.292627,23.106585,,,,,,,,,N/A,SAT=7,-34.89,-54.78,1042.86,8960.00,-9817.50,60830.T=N/A,,"Package=1613,UTC=11:33:11,Lat=23.106585,Lng=120.292627,Alt=18.70,Ax=-34.89,Ay=-54.78,Az=1042.86,Gx=8960.00,Gy=-9817.50,Gz=60830.T=N/A,H=N/A,SAT=7"
,2025-09-21T04:00:56Z,COM6,,UTC=11:33:11,18.70,120.292627,23.106585,,,,,,,,,N/A,SAT=7,-25.25,-51.48,944.04,21997.50,-525.00,18375.0T=N/A,,"Package=1614,UTC=11:33:11,Lat=23.106585,Lng=120.292627,Alt=18.70,Ax=-25.25,Ay=-51.48,Az=944.04,Gx=21997.50,Gy=-525.00,Gz=18375.0T=N/A,H=N/A,SAT=7"
,2025-09-21T04:00:58Z,COM6,,UTC=11:33:11,18.70,120.292627,23.106585,,,,,,,,,N/A,SAT=7,-24.89,-0.98,1121.18,-36330.00,1592.50,4707.5T=N/A,,"Package=1615,UTC=11:33:11,Lat=23.106585,Lng=120.292627,Alt=18.70,Ax=-24.89,Ay=-0.98,Az=1121.18,Gx=-36330.00,Gy=1592.50,Gz=4707.5T=N/A,H=N/A,SAT=7"
,2025-09-21T04:01:00Z,COM6,,UTC=11:33:11,18.70,120.292627,23.106585,,,,,,,,,N/A,SAT=7,-50.26,-37.94,1061.64,-2450.00,-29662.50,7987T=N/A,,"Package=1616,UTC=11:33:11,Lat=23.106585,Lng=120.292627,Alt=18.70,Ax=-50.26,Ay=-37.94,Az=1061.64,Gx=-2450.00,Gy=-29662.50,Gz=7987T=N/A,H=N/A,SAT=7"
,2025-09-21T04:01:01Z,COM6,,UTC=11:33:11,18.70,120.292627,23.106585,,,,,,,,,N/A,SAT=7,-70.27,-25.62,1132.53,-16642.50,-53130.00,105T=N/A,,"Package=1617,UTC=11:33:11,Lat=23.106585,Lng=120.292627,Alt=18.70,Ax=-70.27,Ay=-25.62,Az=1132.53,Gx=-16642.50,Gy=-53130.00,Gz=105T=N/A,H=N/A,SAT=7"
,2025-09-21T04:01:03Z,COM6,,UTC=11:33:11,18.70,120.292627,23.106585,,,,,,,,,N/A,SAT=7,-92.60,-31.11,1063.60,-35210.00,-59535.00,714T=N/A,,"Package=1618,UTC=11:33:11,Lat=23.106585,Lng=120.292627,Alt=18.70,Ax=-92.60,Ay=-31.11,Az=1063.60,Gx=-35210.00,Gy=-59535.00,Gz=714T=N/A,H=N/A,SAT=7"
,2025-09-21T04:01:05Z,COM6,,UTC=11:33:11,18.70,120.292627,23.106585,,,,,,,,,N/A,SAT=7,-61.00,3.78,986.74,-68180.00,15015.00,176347.T=N/A,,"Package=1619,UTC=11:33:11,Lat=23.106585,Lng=120.292627,Alt=18.70,Ax=-61.00,Ay=3.78,Az=986.74,Gx=-68180.00,Gy=15015.00,Gz=176347.T=N/A,H=N/A,SAT=7"
,2025-09-21T04:01:06Z,COM6,,UTC=11:33:11,18.70,120.292627,23.106585,,,,,,,,,N/A,SAT=7,-47.09,-63.81,1096.05,52482.50,-23275.00,2041T=N/A,,"Package=1620,UTC=11:33:11,Lat=23.106585,Lng=120.292627,Alt=18.70,Ax=-47.09,Ay=-63.81,Az=1096.05,Gx=52482.50,Gy=-23275.00,Gz=2041T=N/A,H=N/A,SAT=7"
,2025-09-21T04:01:08Z,COM6,,UTC=11:33:11,18.70,120.292627,23.106585,,,,,,,,,N/A,SAT=7,-67.47,-19.40,1048.71,-27615.00,-57102.50,138T=N/A,,"Package=1621,UTC=11:33:11,Lat=23.106585,Lng=120.292627,Alt=18.70,Ax=-67.47,Ay=-19.40,Az=1048.71,Gx=-27615.00,Gy=-57102.50,Gz=138T=N/A,H=N/A,SAT=7"
,2025-09-21T04:01:10Z,COM6,,UTC=11:33:11,18.70,120.292627,23.106585,,,,,,,,,N/A,SAT=7,-58.56,13.54,1069.82,-33460.00,-9432.50,17986T=N/A,,"Package=1622,UTC=11:33:11,Lat=23.106585,Lng=120.292627,Alt=18.70,Ax=-58.56,Ay=13.54,Az=1069.82,Gx=-33460.00,Gy=-9432.50,Gz=17986T=N/A,H=N/A,SAT=7"
,2025-09-21T04:01:11Z,COM6,,UTC=11:33:11,18.70,120.292627,23.106585,,,,,,,,,N/A,SAT=7,-33.92,11.22,1002.35,-59622.50,16625.00,10008T=N/A,,"Package=1623,UTC=11:33:11,Lat=23.106585,Lng=120.292627,Alt=18.70,Ax=-33.92,Ay=11.22,Az=1002.35,Gx=-59622.50,Gy=16625.00,Gz=10008T=N/A,H=N/A,SAT=7"
,2025-09-21T04:01:13Z,COM6,,UTC=11:33:11,18.70,120.292627,23.106585,,,,,,,,,N/A,SAT=7,-48.56,-52.09,893.04,-1277.50,-38360.00,-5087T=N/A,,"Package=1624,UTC=11:33:11,Lat=23.106585,Lng=120.292627,Alt=18.70,Ax=-48.56,Ay=-52.09,Az=893.04,Gx=-1277.50,Gy=-38360.00,Gz=-5087T=N/A,H=N/A,SAT=7"
,2025-09-21T04:01:15Z,COM6,,UTC=11:33:11,18.70,120.292627,23.106585,,,,,,,,,N/A,SAT=7,-54.41,19.89,1053.59,-22645.00,5022.50,-15037T=N/A,,"Package=1625,UTC=11:33:11,Lat=23.106585,Lng=120.292627,Alt=18.70,Ax=-54.41,Ay=19.89,Az=1053.59,Gx=-22645.00,Gy=5022.50,Gz=-15037T=N/A,H=N/A,SAT=7"
,2025-09-21T04:01:16Z,COM6,,UTC=11:33:11,18.70,120.292627,23.106585,,,,,,,,,N/A,SAT=7,-55.14,-47.09,1085.68,-6825.00,-16135.00,-921T=N/A,,"Package=1626,UTC=11:33:11,Lat=23.106585,Lng=120.292627,Alt=18.70,Ax=-55.14,Ay=-47.09,Az=1085.68,Gx=-6825.00,Gy=-16135.00,Gz=-921T=N/A,H=N/A,SAT=7"
,2025-09-21T04:01:18Z,COM6,,UTC=11:33:11,18.70,120.292627,23.106585,,,,,,,,,N/A,SAT=7,-40.14,-44.77,1028.22,19617.50,11025.00,-1053T=N/A,,"Package=1627,UTC=11:33:11,Lat=23.106585,Lng=120.292627,Alt=18.70,Ax=-40.14,Ay=-44.77,Az=1028.22,Gx=19617.50,Gy=11025.00,Gz=-1053T=N/A,H=N/A,SAT=7"
,2025-09-21T04:01:20Z,COM6,,UTC=11:33:11,18.70,120.292627,23.106585,,,,,,,,,N/A,SAT=7,-26.72,-44.29,1163.27,32042.50,54215.00,-1691T=N/A,,"Package=1628,UTC=11:33:11,Lat=23.106585,Lng=120.292627,Alt=18.70,Ax=-26.72,Ay=-44.29,Az=1163.27,Gx=32042.50,Gy=54215.00,Gz=-1691T=N/A,H=N/A,SAT=7"
,2025-09-21T04:01:21Z,COM6,,UTC=11:33:11,18.70,120.292627,23.106585,,,,,,,,,N/A,SAT=7,-35.01,5.37,987.35,-24010.00,11497.50,-98770.T=N/A,,"Package=1629,UTC=11:33:11,Lat=23.106585,Lng=120.292627,Alt=18.70,Ax=-35.01,Ay=5.37,Az=987.35,Gx=-24010.00,Gy=11497.50,Gz=-98770.T=N/A,H=N/A,SAT=7"
,2025-09-21T04:01:23Z,COM6,,UTC=11:33:11,18.70,120.292627,23.106585,,,,,,,,,N/A,SAT=7,-52.22,0.00,1141.92,-5145.00,-17272.50,107310T=N/A,,"Package=1630,UTC=11:33:11,Lat=23.106585,Lng=120.292627,Alt=18.70,Ax=-52.22,Ay=0.00,Az=1141.92,Gx=-5145.00,Gy=-17272.50,Gz=107310T=N/A,H=N/A,SAT=7"
,2025-09-21T04:01:25Z,COM6,,UTC=11:33:11,18.70,120.292627,23.106585,,,,,,,,,N/A,SAT=7,-44.65,-40.99,1020.04,16240.00,-6352.50,96687T=N/A,,"Package=1631,UTC=11:33:11,Lat=23.106585,Lng=120.292627,Alt=18.70,Ax=-44.65,Ay=-40.99,Az=1020.04,Gx=16240.00,Gy=-6352.50,Gz=96687T=N/A,H=N/A,SAT=7"
,2025-09-21T04:01:26Z,COM6,,UTC=11:33:11,18.70,120.292627,23.106585,,,,,,,,,N/A,SAT=7,-90.04,-43.92,1025.78,21507.50,-55615.00,6525T=N/A,,"Package=1632,UTC=11:33:11,Lat=23.106585,Lng=120.292627,Alt=18.70,Ax=-90.04,Ay=-43.92,Az=1025.78,Gx=21507.50,Gy=-55615.00,Gz=6525T=N/A,H=N/A,SAT=7"
,2025-09-21T04:01:28Z,COM6,,UTC=11:33:11,18.70,120.292627,23.106585,,,,,,,,,N/A,SAT=7,-16.59,6.10,983.81,-76142.50,41457.50,141575.T=N/A,,"Package=1633,UTC=11:33:11,Lat=23.106585,Lng=120.292627,Alt=18.70,Ax=-16.59,Ay=6.10,Az=983.81,Gx=-76142.50,Gy=41457.50,Gz=141575.T=N/A,H=N/A,SAT=7"
,2025-09-21T04:01:30Z,COM6,,UTC=11:33:11,18.70,120.292627,23.106585,,,,,,,,,N/A,SAT=7,-49.04,26.96,1059.08,-23117.50,20475.00,16138T=N/A,,"Package=1634,UTC=11:33:11,Lat=23.106585,Lng=120.292627,Alt=18.70,Ax=-49.04,Ay=26.96,Az=1059.08,Gx=-23117.50,Gy=20475.00,Gz=16138T=N/A,H=N/A,SAT=7"
,2025-09-21T04:01:31Z,COM6,,UTC=11:33:11,18.70,120.292627,23.106585,,,,,,,,,N/A,SAT=7,-27.08,-39.53,1035.05,5110.00,46567.50,88375.T=N/A,,"Package=1635,UTC=11:33:11,Lat=23.106585,Lng=120.292627,Alt=18.70,Ax=-27.08,Ay=-39.53,Az=1035.05,Gx=5110.00,Gy=46567.50,Gz=88375.T=N/A,H=N/A,SAT=7"
,2025-09-21T04:01:33Z,COM6,,UTC=11:33:11,18.70,120.292627,23.106585,,,,,,,,,N/A,SAT=7,-48.56,9.03,961.73,-60672.50,5740.00,133700.0T=N/A,,"Package=1636,UTC=11:33:11,Lat=23.106585,Lng=120.292627,Alt=18.70,Ax=-48.56,Ay=9.03,Az=961.73,Gx=-60672.50,Gy=5740.00,Gz=133700.0T=N/A,H=N/A,SAT=7"
,2025-09-21T04:01:35Z,COM6,,UTC=11:33:11,18.70,120.292627,23.106585,,,,,,,,,N/A,SAT=7,-28.79,-51.85,1086.29,15522.50,23730.00,88760T=N/A,,"Package=1637,UTC=11:33:11,Lat=23.106585,Lng=120.292627,Alt=18.70,Ax=-28.79,Ay=-51.85,Az=1086.29,Gx=15522.50,Gy=23730.00,Gz=88760T=N/A,H=N/A,SAT=7"
,2025-09-21T04:01:36Z,COM6,,UTC=11:33:11,18.70,120.292627,23.106585,,,,,,,,,N/A,SAT=7,-43.19,-31.72,1003.69,-9887.50,-37730.00,-840T=N/A,,"Package=1638,UTC=11:33:11,Lat=23.106585,Lng=120.292627,Alt=18.70,Ax=-43.19,Ay=-31.72,Az=1003.69,Gx=-9887.50,Gy=-37730.00,Gz=-840T=N/A,H=N/A,SAT=7"
,2025-09-21T04:01:38Z,COM6,,UTC=11:33:11,18.70,120.292627,23.106585,,,,,,,,,N/A,SAT=7,-57.58,-10.74,1188.28,-13737.50,-25112.50,260T=N/A,,"Package=1639,UTC=11:33:11,Lat=23.106585,Lng=120.292627,Alt=18.70,Ax=-57.58,Ay=-10.74,Az=1188.28,Gx=-13737.50,Gy=-25112.50,Gz=260T=N/A,H=N/A,SAT=7"
,2025-09-21T04:01:40Z,COM6,,UTC=11:33:11,18.70,120.292627,23.106585,,,,,,,,,N/A,SAT=7,-49.53,17.57,1017.24,-10465.00,-3185.00,20798T=N/A,,"Package=1640,UTC=11:33:11,Lat=23.106585,Lng=120.292627,Alt=18.70,Ax=-49.53,Ay=17.57,Az=1017.24,Gx=-10465.00,Gy=-3185.00,Gz=20798T=N/A,H=N/A,SAT=7"
,2025-09-21T04:01:41Z,COM6,,UTC=11:33:11,18.70,120.292627,23.106585,,,,,,,,,N/A,SAT=7,-76.49,-43.80,1005.77,-14910.00,-21122.50,153T=N/A,,"Package=1641,UTC=11:33:11,Lat=23.106585,Lng=120.292627,Alt=18.70,Ax=-76.49,Ay=-43.80,Az=1005.77,Gx=-14910.00,Gy=-21122.50,Gz=153T=N/A,H=N/A,SAT=7"
,2025-09-21T04:01:43Z,COM6,,UTC=11:33:11,18.70,120.292627,23.106585,,,,,,,,,N/A,SAT=7,-63.20,-12.93,1037.98,-31937.50,-17815.00,916T=N/A,,"Package=1642,UTC=11:33:11,Lat=23.106585,Lng=120.292627,Alt=18.70,Ax=-63.20,Ay=-12.93,Az=1037.98,Gx=-31937.50,Gy=-17815.00,Gz=916T=N/A,H=N/A,SAT=7"
,2025-09-21T04:01:45Z,COM6,,UTC=11:33:11,18.70,120.292627,23.106585,,,,,,,,,N/A,SAT=7,-52.22,-42.94,952.58,-8242.50,-39392.50,79345T=N/A,,"Package=1643,UTC=11:33:11,Lat=23.106585,Lng=120.292627,Alt=18.70,Ax=-52.22,Ay=-42.94,Az=952.58,Gx=-8242.50,Gy=-39392.50,Gz=79345T=N/A,H=N/A,SAT=7"
,2025-09-21T04:01:46Z,COM6,,UTC=11:33:11,18.70,120.292627,23.106585,,,,,,,,,N/A,SAT=7,-2.07,-48.31,1127.04,49857.50,49752.50,64085.T=N/A,,"Package=1644,UTC=11:33:11,Lat=23.106585,Lng=120.292627,Alt=18.70,Ax=-2.07,Ay=-48.31,Az=1127.04,Gx=49857.50,Gy=49752.50,Gz=64085.T=N/A,H=N/A,SAT=7"
,2025-09-21T04:01:48Z,COM6,,UTC=11:33:11,18.70,120.292627,23.106585,,,,,,,,,N/A,SAT=7,-25.01,-16.59,981.98,10062.50,22365.00,-25375T=N/A,,"Package=1645,UTC=11:33:11,Lat=23.106585,Lng=120.292627,Alt=18.70,Ax=-25.01,Ay=-16.59,Az=981.98,Gx=10062.50,Gy=22365.00,Gz=-25375T=N/A,H=N/A,SAT=7"
,2025-09-21T04:01:50Z,COM6,,UTC=11:33:11,18.70,120.292627,23.106585,,,,,,,,,N/A,SAT=7,-49.53,-18.18,956.36,2642.50,-7857.50,144742.T=N/A,,"Package=1646,UTC=11:33:11,Lat=23.106585,Lng=120.292627,Alt=18.70,Ax=-49.53,Ay=-18.18,Az=956.36,Gx=2642.50,Gy=-7857.50,Gz=144742.T=N/A,H=N/A,SAT=7"
,2025-09-21T04:01:52Z,COM6,,UTC=11:33:11,18.70,120.292627,23.106585,,,,,,,,,N/A,SAT=7,-22.20,-43.43,1119.47,-15137.50,17377.50,3330T=N/A,,"Package=1647,UTC=11:33:11,Lat=23.106585,Lng=120.292627,Alt=18.70,Ax=-22.20,Ay=-43.43,Az=1119.47,Gx=-15137.50,Gy=17377.50,Gz=3330T=N/A,H=N/A,SAT=7"
,2025-09-21T04:01:53Z,COM6,,UTC=11:33:11,18.70,120.292627,23.106585,,,,,,,,,N/A,SAT=7,-42.70,-20.37,988.20,16152.50,-4777.50,-12516T=N/A,,"Package=1648,UTC=11:33:11,Lat=23.106585,Lng=120.292627,Alt=18.70,Ax=-42.70,Ay=-20.37,Az=988.20,Gx=16152.50,Gy=-4777.50,Gz=-12516T=N/A,H=N/A,SAT=7"
,2025-09-21T04:01:55Z,COM6,,UTC=11:33:11,18.70,120.292627,23.106585,,,,,,,,,N/A,SAT=7,-58.56,35.38,1350.30,-29102.50,40757.50,-2230T=N/A,,"Package=1649,UTC=11:33:11,Lat=23.106585,Lng=120.292627,Alt=18.70,Ax=-58.56,Ay=35.38,Az=1350.30,Gx=-29102.50,Gy=40757.50,Gz=-2230T=N/A,H=N/A,SAT=7"
,2025-09-21T04:01:57Z,COM6,,UTC=11:33:11,18.70,120.292627,23.106585,,,,,,,,,N/A,SAT=7,-44.65,14.40,1281.49,-37275.00,-4445.00,-5626T=N/A,,"Package=1650,UTC=11:33:11,Lat=23.106585,Lng=120.292627,Alt=18.70,Ax=-44.65,Ay=14.40,Az=1281.49,Gx=-37275.00,Gy=-4445.00,Gz=-5626T=N/A,H=N/A,SAT=7"
,2025-09-21T04:01:58Z,COM6,,UTC=11:33:11,18.70,120.292627,23.106585,,,,,,,,,N/A,SAT=7,-28.67,-30.13,1107.27,-11007.50,-5267.50,1027T=N/A,,"Package=1651,UTC=11:33:11,Lat=23.106585,Lng=120.292627,Alt=18.70,Ax=-28.67,Ay=-30.13,Az=1107.27,Gx=-11007.50,Gy=-5267.50,Gz=1027T=N/A,H=N/A,SAT=7"
,2025-09-21T04:02:00Z,COM6,,UTC=11:33:11,18.70,120.292627,23.106585,,,,,,,,,N/A,SAT=7,-60.39,-100.65,1049.69,80325.00,-28420.00,-77T=N/A,,"Package=1652,UTC=11:33:11,Lat=23.106585,Lng=120.292627,Alt=18.70,Ax=-60.39,Ay=-100.65,Az=1049.69,Gx=80325.00,Gy=-28420.00,Gz=-77T=N/A,H=N/A,SAT=7"
,2025-09-21T04:02:02Z,COM6,,UTC=11:33:11,18.70,120.292627,23.106585,,,,,,,,,N/A,SAT=7,-84.55,23.42,1063.11,41965.00,-8610.00,-21001T=N/A,,"Package=1653,UTC=11:33:11,Lat=23.106585,Lng=120.292627,Alt=18.70,Ax=-84.55,Ay=23.42,Az=1063.11,Gx=41965.00,Gy=-8610.00,Gz=-21001T=N/A,H=N/A,SAT=7"
,2025-09-21T04:02:03Z,COM6,,UTC=11:33:11,18.70,120.292627,23.106585,,,,,,,,,N/A,SAT=7,-56.73,-30.99,981.73,-14262.50,-7612.50,-1098T=N/A,,"Package=1654,UTC=11:33:11,Lat=23.106585,Lng=120.292627,Alt=18.70,Ax=-56.73,Ay=-30.99,Az=981.73,Gx=-14262.50,Gy=-7612.50,Gz=-1098T=N/A,H=N/A,SAT=7"
,2025-09-21T04:02:05Z,COM6,,UTC=11:33:11,18.70,120.292627,23.106585,,,,,,,,,N/A,SAT=7,-34.40,-1.95,934.28,9765.00,3815.00,-59325.00T=N/A,,"Package=1655,UTC=11:33:11,Lat=23.106585,Lng=120.292627,Alt=18.70,Ax=-34.40,Ay=-1.95,Az=934.28,Gx=9765.00,Gy=3815.00,Gz=-59325.00T=N/A,H=N/A,SAT=7"
,2025-09-21T04:02:07Z,COM6,,UTC=11:33:11,18.70,120.292627,23.106585,,,,,,,,,N/A,SAT=7,-16.96,-20.98,1086.78,1925.00,20387.50,22242.T=N/A,,"Package=1656,UTC=11:33:11,Lat=23.106585,Lng=120.292627,Alt=18.70,Ax=-16.96,Ay=-20.98,Az=1086.78,Gx=1925.00,Gy=20387.50,Gz=22242.T=N/A,H=N/A,SAT=7"
,2025-09-21T04:02:08Z,COM6,,UTC=11:33:11,18.70,120.292627,23.106585,,,,,,,,,N/A,SAT=7,-32.21,-9.39,1079.94,-15260.00,280.00,91840.0T=N/A,,"Package=1657,UTC=11:33:11,Lat=23.106585,Lng=120.292627,Alt=18.70,Ax=-32.21,Ay=-9.39,Az=1079.94,Gx=-15260.00,Gy=280.00,Gz=91840.0T=N/A,H=N/A,SAT=7"
,2025-09-21T04:02:10Z,COM6,,UTC=11:33:11,18.70,120.292627,23.106585,,,,,,,,,N/A,SAT=7,-41.97,-66.49,1075.06,43680.00,-6002.50,-7273T=N/A,,"Package=1658,UTC=11:33:11,Lat=23.106585,Lng=120.292627,Alt=18.70,Ax=-41.97,Ay=-66.49,Az=1075.06,Gx=43680.00,Gy=-6002.50,Gz=-7273T=N/A,H=N/A,SAT=7"
,2025-09-21T04:02:12Z,COM6,,UTC=11:33:11,18.70,120.292627,23.106585,,,,,,,,,N/A,SAT=7,-89.43,-76.13,1336.63,49262.50,-59412.50,-939T=N/A,,"Package=1659,UTC=11:33:11,Lat=23.106585,Lng=120.292627,Alt=18.70,Ax=-89.43,Ay=-76.13,Az=1336.63,Gx=49262.50,Gy=-59412.50,Gz=-939T=N/A,H=N/A,SAT=7"
,2025-09-21T04:02:13Z,COM6,,UTC=11:33:11,18.70,120.292627,23.106585,,,,,,,,,N/A,SAT=7,-90.52,31.96,1119.11,-40302.50,-17482.50,-212T=N/A,,"Package=1660,UTC=11:33:11,Lat=23.106585,Lng=120.292627,Alt=18.70,Ax=-90.52,Ay=31.96,Az=1119.11,Gx=-40302.50,Gy=-17482.50,Gz=-212T=N/A,H=N/A,SAT=7"
,2025-09-21T04:02:15Z,COM6,,UTC=11:33:11,18.70,120.292627,23.106585,,,,,,,,,N/A,SAT=7,-5.98,-78.69,1047.86,59430.00,45815.00,57540.T=N/A,,"Package=1661,UTC=11:33:11,Lat=23.106585,Lng=120.292627,Alt=18.70,Ax=-5.98,Ay=-78.69,Az=1047.86,Gx=59430.00,Gy=45815.00,Gz=57540.T=N/A,H=N/A,SAT=7"
,2025-09-21T04:02:17Z,COM6,,UTC=11:33:11,18.70,120.292627,23.106585,,,,,,,,,N/A,SAT=7,-37.94,-35.87,915.24,27107.50,-14070.00,-1359T=N/A,,"Package=1662,UTC=11:33:11,Lat=23.106585,Lng=120.292627,Alt=18.70,Ax=-37.94,Ay=-35.87,Az=915.24,Gx=27107.50,Gy=-14070.00,Gz=-1359T=N/A,H=N/A,SAT=7"
,2025-09-21T04:02:18Z,COM6,,UTC=11:33:11,18.70,120.292627,23.106585,,,,,,,,,N/A,SAT=7,-21.72,-23.18,974.78,50715.00,53445.00,-43260T=N/A,,"Package=1663,UTC=11:33:11,Lat=23.106585,Lng=120.292627,Alt=18.70,Ax=-21.72,Ay=-23.18,Az=974.78,Gx=50715.00,Gy=53445.00,Gz=-43260T=N/A,H=N/A,SAT=7"
,2025-09-21T04:02:20Z,COM6,,UTC=11:33:11,18.70,120.292627,23.106585,,,,,,,,,N/A,SAT=7,-33.18,-5.49,930.98,-21612.50,-13720.00,1400.T=N/A,,"Package=1664,UTC=11:33:11,Lat=23.106585,Lng=120.292627,Alt=18.70,Ax=-33.18,Ay=-5.49,Az=930.98,Gx=-21612.50,Gy=-13720.00,Gz=1400.T=N/A,H=N/A,SAT=7"
,2025-09-21T04:02:22Z,COM6,,UTC=11:33:11,18.70,120.292627,23.106585,,,,,,,,,N/A,SAT=7,-24.40,-49.41,926.47,24360.00,10395.00,98332.T=N/A,,"Package=1665,UTC=11:33:11,Lat=23.106585,Lng=120.292627,Alt=18.70,Ax=-24.40,Ay=-49.41,Az=926.47,Gx=24360.00,Gy=10395.00,Gz=98332.T=N/A,H=N/A,SAT=7"
,2025-09-21T04:02:23Z,COM6,,UTC=11:33:11,18.70,120.292627,23.106585,,,,,,,,,N/A,SAT=7,-69.54,-9.27,978.20,-47565.00,-37922.50,-1653T=N/A,,"Package=1666,UTC=11:33:11,Lat=23.106585,Lng=120.292627,Alt=18.70,Ax=-69.54,Ay=-9.27,Az=978.20,Gx=-47565.00,Gy=-37922.50,Gz=-1653T=N/A,H=N/A,SAT=7"
,2025-09-21T04:02:25Z,COM6,,UTC=11:33:11,18.70,120.292627,23.106585,,,,,,,,,N/A,SAT=7,-27.57,-74.54,1052.98,49227.50,27195.00,-6573T=N/A,,"Package=1667,UTC=11:33:11,Lat=23.106585,Lng=120.292627,Alt=18.70,Ax=-27.57,Ay=-74.54,Az=1052.98,Gx=49227.50,Gy=27195.00,Gz=-6573T=N/A,H=N/A,SAT=7"
,2025-09-21T04:02:27Z,COM6,,UTC=11:33:11,18.70,120.292627,23.106585,,,,,,,,,N/A,SAT=7,-44.65,28.43,1216.22,-24202.50,29347.50,-2227T=N/A,,"Package=1668,UTC=11:33:11,Lat=23.106585,Lng=120.292627,Alt=18.70,Ax=-44.65,Ay=28.43,Az=1216.22,Gx=-24202.50,Gy=29347.50,Gz=-2227T=N/A,H=N/A,SAT=7"
,2025-09-21T04:02:28Z,COM6,,UTC=11:33:11,18.70,120.292627,23.106585,,,,,,,,,N/A,SAT=7,-76.25,4.64,1047.13,-48860.00,-63577.50,-1013T=N/A,,"Package=1669,UTC=11:33:11,Lat=23.106585,Lng=120.292627,Alt=18.70,Ax=-76.25,Ay=4.64,Az=1047.13,Gx=-48860.00,Gy=-63577.50,Gz=-1013T=N/A,H=N/A,SAT=7"
,2025-09-21T04:02:30Z,COM6,,UTC=11:33:11,18.70,120.292627,23.106585,,,,,,,,,N/A,SAT=7,-48.56,35.62,1138.50,-82075.00,-40040.00,-138T=N/A,,"Package=1670,UTC=11:33:11,Lat=23.106585,Lng=120.292627,Alt=18.70,Ax=-48.56,Ay=35.62,Az=1138.50,Gx=-82075.00,Gy=-40040.00,Gz=-138T=N/A,H=N/A,SAT=7"
,2025-09-21T04:02:32Z,COM6,,UTC=11:33:11,18.70,120.292627,23.106585,,,,,,,,,N/A,SAT=7,-13.30,-23.42,1194.01,24360.00,30222.50,7017.T=N/A,,"Package=1671,UTC=11:33:11,Lat=23.106585,Lng=120.292627,Alt=18.70,Ax=-13.30,Ay=-23.42,Az=1194.01,Gx=24360.00,Gy=30222.50,Gz=7017.T=N/A,H=N/A,SAT=7"
,2025-09-21T04:02:33Z,COM6,,UTC=11:33:11,18.70,120.292627,23.106585,,,,,,,,,N/A,SAT=7,-33.06,-11.71,1015.77,5372.50,-22855.00,41650T=N/A,,"Package=1672,UTC=11:33:11,Lat=23.106585,Lng=120.292627,Alt=18.70,Ax=-33.06,Ay=-11.71,Az=1015.77,Gx=5372.50,Gy=-22855.00,Gz=41650T=N/A,H=N/A,SAT=7"
,2025-09-21T04:02:35Z,COM6,,UTC=11:33:11,18.70,120.292627,23.106585,,,,,,,,,N/A,SAT=7,-24.77,-77.84,931.96,39410.00,-13982.50,57015T=N/A,,"Package=1673,UTC=11:33:11,Lat=23.106585,Lng=120.292627,Alt=18.70,Ax=-24.77,Ay=-77.84,Az=931.96,Gx=39410.00,Gy=-13982.50,Gz=57015T=N/A,H=N/A,SAT=7"
,2025-09-21T04:02:37Z,COM6,,UTC=11:33:11,18.70,120.292627,23.106585,,,,,,,,,N/A,SAT=7,-20.37,-20.74,1020.16,4427.50,14332.50,-10206T=N/A,,"Package=1674,UTC=11:33:11,Lat=23.106585,Lng=120.292627,Alt=18.70,Ax=-20.37,Ay=-20.74,Az=1020.16,Gx=4427.50,Gy=14332.50,Gz=-10206T=N/A,H=N/A,SAT=7"
,2025-09-21T04:02:38Z,COM6,,UTC=11:33:11,18.70,120.292627,23.106585,,,,,,,,,N/A,SAT=7,-47.82,-6.10,1034.32,-22645.00,-18970.00,7318T=N/A,,"Package=1675,UTC=11:33:11,Lat=23.106585,Lng=120.292627,Alt=18.70,Ax=-47.82,Ay=-6.10,Az=1034.32,Gx=-22645.00,Gy=-18970.00,Gz=7318T=N/A,H=N/A,SAT=7"
,2025-09-21T04:02:40Z,COM6,,UTC=11:33:11,18.70,120.292627,23.106585,,,,,,,,,N/A,SAT=7,-29.16,-79.30,1083.73,26740.00,-6720.00,-1284T=N/A,,"Package=1676,UTC=11:33:11,Lat=23.106585,Lng=120.292627,Alt=18.70,Ax=-29.16,Ay=-79.30,Az=1083.73,Gx=26740.00,Gy=-6720.00,Gz=-1284T=N/A,H=N/A,SAT=7"
,2025-09-21T04:02:42Z,COM6,,UTC=11:33:11,18.70,120.292627,23.106585,,,,,,,,,N/A,SAT=7,-64.42,-12.93,982.59,48702.50,-23537.50,-1348T=N/A,,"Package=1677,UTC=11:33:11,Lat=23.106585,Lng=120.292627,Alt=18.70,Ax=-64.42,Ay=-12.93,Az=982.59,Gx=48702.50,Gy=-23537.50,Gz=-1348T=N/A,H=N/A,SAT=7"
,2025-09-21T04:02:43Z,COM6,,UTC=11:33:11,18.70,120.292627,23.106585,,,,,,,,,N/A,SAT=7,-59.29,3.17,1005.89,-34545.00,-39515.00,65432T=N/A,,"Package=1678,UTC=11:33:11,Lat=23.106585,Lng=120.292627,Alt=18.70,Ax=-59.29,Ay=3.17,Az=1005.89,Gx=-34545.00,Gy=-39515.00,Gz=65432T=N/A,H=N/A,SAT=7"
,2025-09-21T04:02:45Z,COM6,,UTC=11:33:11,18.70,120.292627,23.106585,,,,,,,,,N/A,SAT=7,-33.18,-41.72,1024.92,-11515.00,13265.00,6424T=N/A,,"Package=1679,UTC=11:33:11,Lat=23.106585,Lng=120.292627,Alt=18.70,Ax=-33.18,Ay=-41.72,Az=1024.92,Gx=-11515.00,Gy=13265.00,Gz=6424T=N/A,H=N/A,SAT=7"
,2025-09-21T04:02:47Z,COM6,,UTC=11:33:11,18.70,120.292627,23.106585,,,,,,,,,N/A,SAT=7,-44.04,-37.45,948.43,26302.50,-18375.00,-1310T=N/A,,"Package=1680,UTC=11:33:11,Lat=23.106585,Lng=120.292627,Alt=18.70,Ax=-44.04,Ay=-37.45,Az=948.43,Gx=26302.50,Gy=-18375.00,Gz=-1310T=N/A,H=N/A,SAT=7"
,2025-09-21T04:02:48Z,COM6,,UTC=11:33:11,18.70,120.292627,23.106585,,,,,,,,,N/A,SAT=7,-62.59,7.81,977.46,17010.00,-13457.50,-140052T=N/A,,"Package=1681,UTC=11:33:11,Lat=23.106585,Lng=120.292627,Alt=18.70,Ax=-62.59,Ay=7.81,Az=977.46,Gx=17010.00,Gy=-13457.50,Gz=-140052T=N/A,H=N/A,SAT=7"
,2025-09-21T04:02:50Z,COM6,,UTC=11:33:11,18.70,120.292627,23.106585,,,,,,,,,N/A,SAT=7,-45.02,-34.89,950.75,15242.50,14682.50,-76580T=N/A,,"Package=1682,UTC=11:33:11,Lat=23.106585,Lng=120.292627,Alt=18.70,Ax=-45.02,Ay=-34.89,Az=950.75,Gx=15242.50,Gy=14682.50,Gz=-76580T=N/A,H=N/A,SAT=7"
,2025-09-21T04:02:52Z,COM6,,UTC=11:33:11,18.70,120.292627,23.106585,,,,,,,,,N/A,SAT=7,-41.24,-42.09,1009.18,6055.00,-5705.00,-15482T=N/A,,"Package=1683,UTC=11:33:11,Lat=23.106585,Lng=120.292627,Alt=18.70,Ax=-41.24,Ay=-42.09,Az=1009.18,Gx=6055.00,Gy=-5705.00,Gz=-15482T=N/A,H=N/A,SAT=7"
,2025-09-21T04:02:53Z,COM6,,UTC=11:33:11,18.70,120.292627,23.106585,,,,,,,,,N/A,SAT=7,-87.23,-11.22,952.70,-5530.00,-16205.00,-2114T=N/A,,"Package=1684,UTC=11:33:11,Lat=23.106585,Lng=120.292627,Alt=18.70,Ax=-87.23,Ay=-11.22,Az=952.70,Gx=-5530.00,Gy=-16205.00,Gz=-2114T=N/A,H=N/A,SAT=7"
,2025-09-21T04:02:55Z,COM6,,UTC=11:33:11,18.70,120.292627,23.106585,,,,,,,,,N/A,SAT=7,-71.74,-9.03,1027.97,-1015.00,-33565.00,-1089T=N/A,,"Package=1685,UTC=11:33:11,Lat=23.106585,Lng=120.292627,Alt=18.70,Ax=-71.74,Ay=-9.03,Az=1027.97,Gx=-1015.00,Gy=-33565.00,Gz=-1089T=N/A,H=N/A,SAT=7"
,2025-09-21T04:02:57Z,COM6,,UTC=11:33:11,18.70,120.292627,23.106585,,,,,,,,,N/A,SAT=7,-33.92,23.91,952.94,-36732.50,32602.50,162802T=N/A,,"Package=1686,UTC=11:33:11,Lat=23.106585,Lng=120.292627,Alt=18.70,Ax=-33.92,Ay=23.91,Az=952.94,Gx=-36732.50,Gy=32602.50,Gz=162802T=N/A,H=N/A,SAT=7"
,2025-09-21T04:02:58Z,COM6,,UTC=11:33:11,18.70,120.292627,23.106585,,,,,,,,,N/A,SAT=7,-58.56,-58.56,1057.62,45675.00,-12407.50,7231T=N/A,,"Package=1687,UTC=11:33:11,Lat=23.106585,Lng=120.292627,Alt=18.70,Ax=-58.56,Ay=-58.56,Az=1057.62,Gx=45675.00,Gy=-12407.50,Gz=7231T=N/A,H=N/A,SAT=7"
,2025-09-21T04:03:00Z,COM6,,UTC=11:33:11,18.70,120.292627,23.106585,,,,,,,,,N/A,SAT=7,-41.85,-42.70,1023.70,30992.50,16835.00,16348T=N/A,,"Package=1688,UTC=11:33:11,Lat=23.106585,Lng=120.292627,Alt=18.70,Ax=-41.85,Ay=-42.70,Az=1023.70,Gx=30992.50,Gy=16835.00,Gz=16348T=N/A,H=N/A,SAT=7"
,2025-09-21T04:03:02Z,COM6,,UTC=11:33:11,18.70,120.292627,23.106585,,,,,,,,,N/A,SAT=7,-60.63,-52.46,977.95,51940.00,-33197.50,12601T=N/A,,"Package=1689,UTC=11:33:11,Lat=23.106585,Lng=120.292627,Alt=18.70,Ax=-60.63,Ay=-52.46,Az=977.95,Gx=51940.00,Gy=-33197.50,Gz=12601T=N/A,H=N/A,SAT=7"
,2025-09-21T04:03:04Z,COM6,,UTC=11:33:11,18.70,120.292627,23.106585,,,,,,,,,N/A,SAT=7,-74.91,-27.08,1025.53,-26495.00,-42612.50,735T=N/A,,"Package=1690,UTC=11:33:11,Lat=23.106585,Lng=120.292627,Alt=18.70,Ax=-74.91,Ay=-27.08,Az=1025.53,Gx=-26495.00,Gy=-42612.50,Gz=735T=N/A,H=N/A,SAT=7"
,2025-09-21T04:03:05Z,COM6,,UTC=11:33:11,18.70,120.292627,23.106585,,,,,,,,,N/A,SAT=7,-36.84,-48.56,996.25,44012.50,-10727.50,11236T=N/A,,"Package=1691,UTC=11:33:11,Lat=23.106585,Lng=120.292627,Alt=18.70,Ax=-36.84,Ay=-48.56,Az=996.25,Gx=44012.50,Gy=-10727.50,Gz=11236T=N/A,H=N/A,SAT=7"
,2025-09-21T04:03:07Z,COM6,,UTC=11:33:11,18.70,120.292627,23.106585,,,,,,,,,N/A,SAT=7,-46.12,-68.93,1010.65,23485.00,-8767.50,-6664T=N/A,,"Package=1692,UTC=11:33:11,Lat=23.106585,Lng=120.292627,Alt=18.70,Ax=-46.12,Ay=-68.93,Az=1010.65,Gx=23485.00,Gy=-8767.50,Gz=-6664T=N/A,H=N/A,SAT=7"
,2025-09-21T04:03:09Z,COM6,,UTC=11:33:11,18.70,120.292627,23.106585,,,,,,,,,N/A,SAT=7,-42.94,1.22,966.00,9712.50,13247.50,-128695.0T=N/A,,"Package=1693,UTC=11:33:11,Lat=23.106585,Lng=120.292627,Alt=18.70,Ax=-42.94,Ay=1.22,Az=966.00,Gx=9712.50,Gy=13247.50,Gz=-128695.0T=N/A,H=N/A,SAT=7"
,2025-09-21T04:03:10Z,COM6,,UTC=11:33:11,18.70,120.292627,23.106585,,,,,,,,,N/A,SAT=7,-46.48,4.64,1020.29,-8960.00,7280.00,115150.0T=N/A,,"Package=1694,UTC=11:33:11,Lat=23.106585,Lng=120.292627,Alt=18.70,Ax=-46.48,Ay=4.64,Az=1020.29,Gx=-8960.00,Gy=7280.00,Gz=115150.0T=N/A,H=N/A,SAT=7"
,2025-09-21T04:03:12Z,COM6,,UTC=11:33:11,18.70,120.292627,23.106585,,,,,,,,,N/A,SAT=7,-19.76,-47.70,1033.10,-9712.50,23747.50,60970T=N/A,,"Package=1695,UTC=11:33:11,Lat=23.106585,Lng=120.292627,Alt=18.70,Ax=-19.76,Ay=-47.70,Az=1033.10,Gx=-9712.50,Gy=23747.50,Gz=60970T=N/A,H=N/A,SAT=7"
,2025-09-21T04:03:14Z,COM6,,UTC=11:33:11,18.70,120.292627,23.106585,,,,,,,,,N/A,SAT=7,-32.45,-39.53,1031.27,3902.50,8820.00,-115115T=N/A,,"Package=1696,UTC=11:33:11,Lat=23.106585,Lng=120.292627,Alt=18.70,Ax=-32.45,Ay=-39.53,Az=1031.27,Gx=3902.50,Gy=8820.00,Gz=-115115T=N/A,H=N/A,SAT=7"
,2025-09-21T04:03:15Z,COM6,,UTC=11:33:11,18.70,120.292627,23.106585,,,,,,,,,N/A,SAT=7,-37.82,-41.60,972.58,27702.50,12267.50,18217.T=N/A,,"Package=1697,UTC=11:33:11,Lat=23.106585,Lng=120.292627,Alt=18.70,Ax=-37.82,Ay=-41.60,Az=972.58,Gx=27702.50,Gy=12267.50,Gz=18217.T=N/A,H=N/A,SAT=7"
,2025-09-21T04:03:17Z,COM6,,UTC=11:33:11,18.70,120.292627,23.106585,,,,,,,,,N/A,SAT=7,-39.41,-17.57,1057.50,10832.50,12512.50,67830T=N/A,,"Package=1698,UTC=11:33:11,Lat=23.106585,Lng=120.292627,Alt=18.70,Ax=-39.41,Ay=-17.57,Az=1057.50,Gx=10832.50,Gy=12512.50,Gz=67830T=N/A,H=N/A,SAT=7"
,2025-09-21T04:03:19Z,COM6,,UTC=11:33:11,18.70,120.292627,23.106585,,,,,,,,,N/A,SAT=7,-39.04,-32.21,1028.58,19915.00,13615.00,15148T=N/A,,"Package=1699,UTC=11:33:11,Lat=23.106585,Lng=120.292627,Alt=18.70,Ax=-39.04,Ay=-32.21,Az=1028.58,Gx=19915.00,Gy=13615.00,Gz=15148T=N/A,H=N/A,SAT=7"
,2025-09-21T04:03:20Z,COM6,,UTC=11:33:11,18.70,120.292627,23.106585,,,,,,,,,N/A,SAT=7,-57.46,-38.31,1062.01,9100.00,-33180.00,10055T=N/A,,"Package=1700,UTC=11:33:11,Lat=23.106585,Lng=120.292627,Alt=18.70,Ax=-57.46,Ay=-38.31,Az=1062.01,Gx=9100.00,Gy=-33180.00,Gz=10055T=N/A,H=N/A,SAT=7"
,2025-09-21T04:03:22Z,COM6,,UTC=11:33:11,18.70,120.292627,23.106585,,,,,,,,,N/A,SAT=7,-62.46,0.85,952.45,17570.00,-27055.00,189770.T=N/A,,"Package=1701,UTC=11:33:11,Lat=23.106585,Lng=120.292627,Alt=18.70,Ax=-62.46,Ay=0.85,Az=952.45,Gx=17570.00,Gy=-27055.00,Gz=189770.T=N/A,H=N/A,SAT=7"
,2025-09-21T04:03:24Z,COM6,,UTC=11:33:11,18.70,120.292627,23.106585,,,,,,,,,N/A,SAT=7,-52.46,-51.12,1026.87,3412.50,18917.50,92487.T=N/A,,"Package=1702,UTC=11:33:11,Lat=23.106585,Lng=120.292627,Alt=18.70,Ax=-52.46,Ay=-51.12,Az=1026.87,Gx=3412.50,Gy=18917.50,Gz=92487.T=N/A,H=N/A,SAT=7"
,2025-09-21T04:03:25Z,COM6,,UTC=11:33:11,18.70,120.292627,23.106585,,,,,,,,,N/A,SAT=7,-37.21,-30.26,1027.97,-1767.50,9695.00,150132T=N/A,,"Package=1703,UTC=11:33:11,Lat=23.106585,Lng=120.292627,Alt=18.70,Ax=-37.21,Ay=-30.26,Az=1027.97,Gx=-1767.50,Gy=9695.00,Gz=150132T=N/A,H=N/A,SAT=7"
,2025-09-21T04:03:27Z,COM6,,UTC=11:33:11,18.70,120.292627,23.106585,,,,,,,,,N/A,SAT=7,-33.43,-67.34,1067.62,27125.00,-6965.00,24727T=N/A,,"Package=1704,UTC=11:33:11,Lat=23.106585,Lng=120.292627,Alt=18.70,Ax=-33.43,Ay=-67.34,Az=1067.62,Gx=27125.00,Gy=-6965.00,Gz=24727T=N/A,H=N/A,SAT=7"
,2025-09-21T04:03:29Z,COM6,,UTC=11:33:11,18.70,120.292627,23.106585,,,,,,,,,N/A,SAT=7,-25.25,-20.01,876.20,16275.00,-4637.50,-53480T=N/A,,"Package=1705,UTC=11:33:11,Lat=23.106585,Lng=120.292627,Alt=18.70,Ax=-25.25,Ay=-20.01,Az=876.20,Gx=16275.00,Gy=-4637.50,Gz=-53480T=N/A,H=N/A,SAT=7"
,2025-09-21T04:03:30Z,COM6,,UTC=11:33:11,18.70,120.292627,23.106585,,,,,,,,,N/A,SAT=7,-22.94,-3.42,1092.75,-17412.50,-5757.50,20072T=N/A,,"Package=1706,UTC=11:33:11,Lat=23.106585,Lng=120.292627,Alt=18.70,Ax=-22.94,Ay=-3.42,Az=1092.75,Gx=-17412.50,Gy=-5757.50,Gz=20072T=N/A,H=N/A,SAT=7"
,2025-09-21T04:03:32Z,COM6,,UTC=11:33:11,18.70,120.292627,23.106585,,,,,,,,,N/A,SAT=7,-35.14,-37.82,1060.91,595.00,-16782.50,28927.T=N/A,,"Package=1707,UTC=11:33:11,Lat=23.106585,Lng=120.292627,Alt=18.70,Ax=-35.14,Ay=-37.82,Az=1060.91,Gx=595.00,Gy=-16782.50,Gz=28927.T=N/A,H=N/A,SAT=7"
,2025-09-21T04:03:34Z,COM6,,UTC=11:33:11,18.70,120.292627,23.106585,,,,,,,,,N/A,SAT=7,-9.03,-27.45,1044.69,-15942.50,17097.50,-9047T=N/A,,"Package=1708,UTC=11:33:11,Lat=23.106585,Lng=120.292627,Alt=18.70,Ax=-9.03,Ay=-27.45,Az=1044.69,Gx=-15942.50,Gy=17097.50,Gz=-9047T=N/A,H=N/A,SAT=7"
,2025-09-21T04:03:35Z,COM6,,UTC=11:33:11,18.70,120.292627,23.106585,,,,,,,,,N/A,SAT=7,-17.08,-10.74,1077.99,10727.50,26127.50,-4870T=N/A,,"Package=1709,UTC=11:33:11,Lat=23.106585,Lng=120.292627,Alt=18.70,Ax=-17.08,Ay=-10.74,Az=1077.99,Gx=10727.50,Gy=26127.50,Gz=-4870T=N/A,H=N/A,SAT=7"
,2025-09-21T04:03:37Z,COM6,,UTC=11:33:11,18.70,120.292627,23.106585,,,,,,,,,N/A,SAT=7,-45.63,-34.65,1106.66,31867.50,-560.00,-20177T=N/A,,"Package=1710,UTC=11:33:11,Lat=23.106585,Lng=120.292627,Alt=18.70,Ax=-45.63,Ay=-34.65,Az=1106.66,Gx=31867.50,Gy=-560.00,Gz=-20177T=N/A,H=N/A,SAT=7"
,2025-09-21T04:03:39Z,COM6,,UTC=11:33:11,18.70,120.292627,23.106585,,,,,,,,,N/A,SAT=7,-72.83,-1.95,1011.87,-29732.50,-32672.50,9397T=N/A,,"Package=1711,UTC=11:33:11,Lat=23.106585,Lng=120.292627,Alt=18.70,Ax=-72.83,Ay=-1.95,Az=1011.87,Gx=-29732.50,Gy=-32672.50,Gz=9397T=N/A,H=N/A,SAT=7"
,2025-09-21T04:03:40Z,COM6,,UTC=11:33:11,18.70,120.292627,23.106585,,,,,,,,,N/A,SAT=7,-27.57,-21.72,1090.56,-29085.00,-21700.00,547T=N/A,,"Package=1712,UTC=11:33:11,Lat=23.106585,Lng=120.292627,Alt=18.70,Ax=-27.57,Ay=-21.72,Az=1090.56,Gx=-29085.00,Gy=-21700.00,Gz=547T=N/A,H=N/A,SAT=7"
,2025-09-21T04:03:42Z,COM6,,UTC=11:33:11,18.70,120.292627,23.106585,,,,,,,,,N/A,SAT=7,-32.21,-48.19,1016.14,35665.00,16012.50,-9679T=N/A,,"Package=1713,UTC=11:33:11,Lat=23.106585,Lng=120.292627,Alt=18.70,Ax=-32.21,Ay=-48.19,Az=1016.14,Gx=35665.00,Gy=16012.50,Gz=-9679T=N/A,H=N/A,SAT=7"
,2025-09-21T04:03:44Z,COM6,,UTC=11:33:11,18.70,120.292627,23.106585,,,,,,,,,N/A,SAT=7,-49.04,-19.15,1093.12,-210.00,-9572.50,2677.5T=N/A,,"Package=1714,UTC=11:33:11,Lat=23.106585,Lng=120.292627,Alt=18.70,Ax=-49.04,Ay=-19.15,Az=1093.12,Gx=-210.00,Gy=-9572.50,Gz=2677.5T=N/A,H=N/A,SAT=7"
,2025-09-21T04:03:45Z,COM6,,UTC=11:33:11,18.70,120.292627,23.106585,,,,,,,,,N/A,SAT=7,-36.60,-78.69,944.04,60672.50,-24045.00,-8646T=N/A,,"Package=1715,UTC=11:33:11,Lat=23.106585,Lng=120.292627,Alt=18.70,Ax=-36.60,Ay=-78.69,Az=944.04,Gx=60672.50,Gy=-24045.00,Gz=-8646T=N/A,H=N/A,SAT=7"
,2025-09-21T04:03:47Z,COM6,,UTC=11:33:11,18.70,120.292627,23.106585,,,,,,,,,N/A,SAT=7,-37.09,-17.57,936.47,18725.00,34615.00,-72765T=N/A,,"Package=1716,UTC=11:33:11,Lat=23.106585,Lng=120.292627,Alt=18.70,Ax=-37.09,Ay=-17.57,Az=936.47,Gx=18725.00,Gy=34615.00,Gz=-72765T=N/A,H=N/A,SAT=7"
,2025-09-21T04:03:49Z,COM6,,UTC=11:33:11,18.70,120.292627,23.106585,,,,,,,,,N/A,SAT=7,-33.18,-1.22,1004.43,-12530.00,39445.00,14843T=N/A,,"Package=1717,UTC=11:33:11,Lat=23.106585,Lng=120.292627,Alt=18.70,Ax=-33.18,Ay=-1.22,Az=1004.43,Gx=-12530.00,Gy=39445.00,Gz=14843T=N/A,H=N/A,SAT=7"
,2025-09-21T04:03:50Z,COM6,,UTC=11:33:11,18.70,120.292627,23.106585,,,,,,,,,N/A,SAT=7,-43.07,-45.02,1044.69,19652.50,26390.00,85732T=N/A,,"Package=1718,UTC=11:33:11,Lat=23.106585,Lng=120.292627,Alt=18.70,Ax=-43.07,Ay=-45.02,Az=1044.69,Gx=19652.50,Gy=26390.00,Gz=85732T=N/A,H=N/A,SAT=7"
,2025-09-21T04:03:52Z,COM6,,UTC=11:33:11,18.70,120.292627,23.106585,,,,,,,,,N/A,SAT=7,-22.45,-50.75,985.03,39270.00,24990.00,130987T=N/A,,"Package=1719,UTC=11:33:11,Lat=23.106585,Lng=120.292627,Alt=18.70,Ax=-22.45,Ay=-50.75,Az=985.03,Gx=39270.00,Gy=24990.00,Gz=130987T=N/A,H=N/A,SAT=7"
,2025-09-21T04:03:54Z,COM6,,UTC=11:33:11,18.70,120.292627,23.106585,,,,,,,,,N/A,SAT=7,-33.92,-57.10,1016.75,39287.50,1540.00,44852.T=N/A,,"Package=1720,UTC=11:33:11,Lat=23.106585,Lng=120.292627,Alt=18.70,Ax=-33.92,Ay=-57.10,Az=1016.75,Gx=39287.50,Gy=1540.00,Gz=44852.T=N/A,H=N/A,SAT=7"
,2025-09-21T04:03:55Z,COM6,,UTC=11:33:11,18.70,120.292627,23.106585,,,,,,,,,N/A,SAT=7,-26.84,-27.94,1023.58,20492.50,8785.00,133490T=N/A,,"Package=1721,UTC=11:33:11,Lat=23.106585,Lng=120.292627,Alt=18.70,Ax=-26.84,Ay=-27.94,Az=1023.58,Gx=20492.50,Gy=8785.00,Gz=133490T=N/A,H=N/A,SAT=7"
,2025-09-21T04:03:57Z,COM6,,UTC=11:33:11,18.70,120.292627,23.106585,,,,,,,,,N/A,SAT=7,-50.51,-46.12,974.29,-19320.00,-10587.50,5115T=N/A,,"Package=1722,UTC=11:33:11,Lat=23.106585,Lng=120.292627,Alt=18.70,Ax=-50.51,Ay=-46.12,Az=974.29,Gx=-19320.00,Gy=-10587.50,Gz=5115T=N/A,H=N/A,SAT=7"
,2025-09-21T04:03:59Z,COM6,,UTC=11:33:11,18.70,120.292627,23.106585,,,,,,,,,N/A,SAT=7,-64.17,0.49,894.99,-14367.50,-24552.50,158812T=N/A,,"Package=1723,UTC=11:33:11,Lat=23.106585,Lng=120.292627,Alt=18.70,Ax=-64.17,Ay=0.49,Az=894.99,Gx=-14367.50,Gy=-24552.50,Gz=158812T=N/A,H=N/A,SAT=7"
,2025-09-21T04:04:00Z,COM6,,UTC=11:33:11,18.70,120.292627,23.106585,,,,,,,,,N/A,SAT=7,-26.47,-36.84,1035.05,-18060.00,14875.00,4072T=N/A,,"Package=1724,UTC=11:33:11,Lat=23.106585,Lng=120.292627,Alt=18.70,Ax=-26.47,Ay=-36.84,Az=1035.05,Gx=-18060.00,Gy=14875.00,Gz=4072T=N/A,H=N/A,SAT=7"
,2025-09-21T04:04:02Z,COM6,,UTC=11:33:11,18.70,120.292627,23.106585,,,,,,,,,N/A,SAT=7,-42.33,-55.75,1133.26,24762.50,-15802.50,-515T=N/A,,"Package=1725,UTC=11:33:11,Lat=23.106585,Lng=120.292627,Alt=18.70,Ax=-42.33,Ay=-55.75,Az=1133.26,Gx=24762.50,Gy=-15802.50,Gz=-515T=N/A,H=N/A,SAT=7"
,2025-09-21T04:04:04Z,COM6,,UTC=11:33:11,18.70,120.292627,23.106585,,,,,,,,,N/A,SAT=7,-45.26,-11.10,1055.79,-15732.50,-21420.00,-55T=N/A,,"Package=1726,UTC=11:33:11,Lat=23.106585,Lng=120.292627,Alt=18.70,Ax=-45.26,Ay=-11.10,Az=1055.79,Gx=-15732.50,Gy=-21420.00,Gz=-55T=N/A,H=N/A,SAT=7"
,2025-09-21T04:04:05Z,COM6,,UTC=11:33:11,18.70,120.292627,23.106585,,,,,,,,,N/A,SAT=7,-16.84,-27.94,1154.73,1032.50,25357.50,-10598T=N/A,,"Package=1727,UTC=11:33:11,Lat=23.106585,Lng=120.292627,Alt=18.70,Ax=-16.84,Ay=-27.94,Az=1154.73,Gx=1032.50,Gy=25357.50,Gz=-10598T=N/A,H=N/A,SAT=7"
,2025-09-21T04:04:07Z,COM6,,UTC=11:33:11,18.70,120.292627,23.106585,,,,,,,,,N/A,SAT=7,-29.16,-20.74,921.83,11480.00,4270.00,-17115.T=N/A,,"Package=1728,UTC=11:33:11,Lat=23.106585,Lng=120.292627,Alt=18.70,Ax=-29.16,Ay=-20.74,Az=921.83,Gx=11480.00,Gy=4270.00,Gz=-17115.T=N/A,H=N/A,SAT=7"
,2025-09-21T04:04:09Z,COM6,,UTC=11:33:11,18.70,120.292627,23.106585,,,,,,,,,N/A,SAT=7,-10.37,0.37,1135.33,-9922.50,20020.00,70402.5T=N/A,,"Package=1729,UTC=11:33:11,Lat=23.106585,Lng=120.292627,Alt=18.70,Ax=-10.37,Ay=0.37,Az=1135.33,Gx=-9922.50,Gy=20020.00,Gz=70402.5T=N/A,H=N/A,SAT=7"
,2025-09-21T04:04:10Z,COM6,,UTC=11:33:11,18.70,120.292627,23.106585,,,,,,,,,N/A,SAT=7,-38.31,-30.26,1042.73,7682.50,-23835.00,-1853T=N/A,,"Package=1730,UTC=11:33:11,Lat=23.106585,Lng=120.292627,Alt=18.70,Ax=-38.31,Ay=-30.26,Az=1042.73,Gx=7682.50,Gy=-23835.00,Gz=-1853T=N/A,H=N/A,SAT=7"
,2025-09-21T04:04:12Z,COM6,,UTC=11:33:11,18.70,120.292627,23.106585,,,,,,,,,N/A,SAT=7,-21.96,4.27,1194.01,-27720.00,14350.00,4340.0T=N/A,,"Package=1731,UTC=11:33:11,Lat=23.106585,Lng=120.292627,Alt=18.70,Ax=-21.96,Ay=4.27,Az=1194.01,Gx=-27720.00,Gy=14350.00,Gz=4340.0T=N/A,H=N/A,SAT=7"
,2025-09-21T04:04:14Z,COM6,,UTC=11:33:11,18.70,120.292627,23.106585,,,,,,,,,N/A,SAT=7,-28.79,1.22,999.79,-20177.50,-8435.00,53217.5T=N/A,,"Package=1732,UTC=11:33:11,Lat=23.106585,Lng=120.292627,Alt=18.70,Ax=-28.79,Ay=1.22,Az=999.79,Gx=-20177.50,Gy=-8435.00,Gz=53217.5T=N/A,H=N/A,SAT=7"
,2025-09-21T04:04:15Z,COM6,,UTC=11:33:11,18.70,120.292627,23.106585,,,,,,,,,N/A,SAT=7,-51.73,-52.34,987.71,-16852.50,-33145.00,3062T=N/A,,"Package=1733,UTC=11:33:11,Lat=23.106585,Lng=120.292627,Alt=18.70,Ax=-51.73,Ay=-52.34,Az=987.71,Gx=-16852.50,Gy=-33145.00,Gz=3062T=N/A,H=N/A,SAT=7"
,2025-09-21T04:04:17Z,COM6,,UTC=11:33:11,18.70,120.292627,23.106585,,,,,,,,,N/A,SAT=7,-38.55,-28.06,994.91,17710.00,-34090.00,-9793T=N/A,,"Package=1734,UTC=11:33:11,Lat=23.106585,Lng=120.292627,Alt=18.70,Ax=-38.55,Ay=-28.06,Az=994.91,Gx=17710.00,Gy=-34090.00,Gz=-9793T=N/A,H=N/A,SAT=7"
,2025-09-21T04:04:19Z,COM6,,UTC=11:33:11,18.70,120.292627,23.106585,,,,,,,,,N/A,SAT=7,-27.82,14.64,1043.10,-38342.50,16555.00,44765T=N/A,,"Package=1735,UTC=11:33:11,Lat=23.106585,Lng=120.292627,Alt=18.70,Ax=-27.82,Ay=14.64,Az=1043.10,Gx=-38342.50,Gy=16555.00,Gz=44765T=N/A,H=N/A,SAT=7"
,2025-09-21T04:04:21Z,COM6,,UTC=11:33:11,18.70,120.292627,23.106585,,,,,,,,,N/A,SAT=7,-20.13,-37.45,991.62,-8557.50,7157.50,7752.50T=N/A,,"Package=1736,UTC=11:33:11,Lat=23.106585,Lng=120.292627,Alt=18.70,Ax=-20.13,Ay=-37.45,Az=991.62,Gx=-8557.50,Gy=7157.50,Gz=7752.50T=N/A,H=N/A,SAT=7"
,2025-09-21T04:04:22Z,COM6,,UTC=11:33:11,18.70,120.292627,23.106585,,,,,,,,,N/A,SAT=7,-19.28,-10.74,999.91,-12530.00,3220.00,7962.5T=N/A,,"Package=1737,UTC=11:33:11,Lat=23.106585,Lng=120.292627,Alt=18.70,Ax=-19.28,Ay=-10.74,Az=999.91,Gx=-12530.00,Gy=3220.00,Gz=7962.5T=N/A,H=N/A,SAT=7"
,2025-09-21T04:04:24Z,COM6,,UTC=11:33:11,18.70,120.292627,23.106585,,,,,,,,,N/A,SAT=7,-23.67,-40.38,1035.66,20650.00,-2625.00,-5915T=N/A,,"Package=1738,UTC=11:33:11,Lat=23.106585,Lng=120.292627,Alt=18.70,Ax=-23.67,Ay=-40.38,Az=1035.66,Gx=20650.00,Gy=-2625.00,Gz=-5915T=N/A,H=N/A,SAT=7"
,2025-09-21T04:04:26Z,COM6,,UTC=11:33:11,18.70,120.292627,23.106585,,,,,,,,,N/A,SAT=7,-28.06,-4.39,1104.22,-30520.00,5477.50,38920.T=N/A,,"Package=1739,UTC=11:33:11,Lat=23.106585,Lng=120.292627,Alt=18.70,Ax=-28.06,Ay=-4.39,Az=1104.22,Gx=-30520.00,Gy=5477.50,Gz=38920.T=N/A,H=N/A,SAT=7"
,2025-09-21T04:04:27Z,COM6,,UTC=11:33:11,18.70,120.292627,23.106585,,,,,,,,,N/A,SAT=7,-34.65,-49.41,1045.30,7227.50,-19022.50,-1589T=N/A,,"Package=1740,UTC=11:33:11,Lat=23.106585,Lng=120.292627,Alt=18.70,Ax=-34.65,Ay=-49.41,Az=1045.30,Gx=7227.50,Gy=-19022.50,Gz=-1589T=N/A,H=N/A,SAT=7"
,2025-09-21T04:04:29Z,COM6,,UTC=11:33:11,18.70,120.292627,23.106585,,,,,,,,,N/A,SAT=7,-17.57,-8.91,962.21,-18252.50,3027.50,-22522.T=N/A,,"Package=1741,UTC=11:33:11,Lat=23.106585,Lng=120.292627,Alt=18.70,Ax=-17.57,Ay=-8.91,Az=962.21,Gx=-18252.50,Gy=3027.50,Gz=-22522.T=N/A,H=N/A,SAT=7"
,2025-09-21T04:04:31Z,COM6,,UTC=11:33:11,18.70,120.292627,23.106585,,,,,,,,,N/A,SAT=7,-15.98,-21.47,963.31,1382.50,-4112.50,35560.0T=N/A,,"Package=1742,UTC=11:33:11,Lat=23.106585,Lng=120.292627,Alt=18.70,Ax=-15.98,Ay=-21.47,Az=963.31,Gx=1382.50,Gy=-4112.50,Gz=35560.0T=N/A,H=N/A,SAT=7"
,2025-09-21T04:04:32Z,COM6,,UTC=11:33:11,18.70,120.292627,23.106585,,,,,,,,,N/A,SAT=7,-29.04,-15.13,1067.26,-7805.00,-8820.00,-6352T=N/A,,"Package=1743,UTC=11:33:11,Lat=23.106585,Lng=120.292627,Alt=18.70,Ax=-29.04,Ay=-15.13,Az=1067.26,Gx=-7805.00,Gy=-8820.00,Gz=-6352T=N/A,H=N/A,SAT=7"
,2025-09-21T04:04:34Z,COM6,,UTC=11:33:11,18.70,120.292627,23.106585,,,,,,,,N/A,N/A,SAT=7,-30.99,-35.50,985.52,7910.00,647.50,8172.50,,"Package=1744,UTC=11:33:11,Lat=23.106585,Lng=120.292627,Alt=18.70,Ax=-30.99,Ay=-35.50,Az=985.52,Gx=7910.00,Gy=647.50,Gz=8172.50,T=N/A,H=N/A,SAT=7"
,2025-09-21T04:04:36Z,COM6,,UTC=11:33:11,18.70,120.292627,23.106585,,,,,,,,,N/A,SAT=7,-27.57,-8.42,1187.06,-28437.50,245.00,70647.5T=N/A,,"Package=1745,UTC=11:33:11,Lat=23.106585,Lng=120.292627,Alt=18.70,Ax=-27.57,Ay=-8.42,Az=1187.06,Gx=-28437.50,Gy=245.00,Gz=70647.5T=N/A,H=N/A,SAT=7"
,2025-09-21T04:04:37Z,COM6,,UTC=11:33:11,18.70,120.292627,23.106585,,,,,,,,,N/A,SAT=7,-36.36,-39.41,976.61,3465.00,-18550.00,51905.T=N/A,,"Package=1746,UTC=11:33:11,Lat=23.106585,Lng=120.292627,Alt=18.70,Ax=-36.36,Ay=-39.41,Az=976.61,Gx=3465.00,Gy=-18550.00,Gz=51905.T=N/A,H=N/A,SAT=7"
,2025-09-21T04:04:39Z,COM6,,UTC=11:33:11,18.70,120.292627,23.106585,,,,,,,,,N/A,SAT=7,-27.21,-53.19,925.61,25270.00,19162.50,30170.T=N/A,,"Package=1747,UTC=11:33:11,Lat=23.106585,Lng=120.292627,Alt=18.70,Ax=-27.21,Ay=-53.19,Az=925.61,Gx=25270.00,Gy=19162.50,Gz=30170.T=N/A,H=N/A,SAT=7"
,2025-09-21T04:04:41Z,COM6,,UTC=11:33:11,18.70,120.292627,23.106585,,,,,,,,,N/A,SAT=7,-42.09,-16.59,1056.52,-5547.50,-23450.00,-351T=N/A,,"Package=1748,UTC=11:33:11,Lat=23.106585,Lng=120.292627,Alt=18.70,Ax=-42.09,Ay=-16.59,Az=1056.52,Gx=-5547.50,Gy=-23450.00,Gz=-351T=N/A,H=N/A,SAT=7"
,2025-09-21T04:04:42Z,COM6,,UTC=11:33:11,18.70,120.292627,23.106585,,,,,,,,,N/A,SAT=7,-32.82,-39.77,1015.04,8610.00,-9310.00,71347.T=N/A,,"Package=1749,UTC=11:33:11,Lat=23.106585,Lng=120.292627,Alt=18.70,Ax=-32.82,Ay=-39.77,Az=1015.04,Gx=8610.00,Gy=-9310.00,Gz=71347.T=N/A,H=N/A,SAT=7"
,2025-09-21T04:04:44Z,COM6,,UTC=11:33:11,18.70,120.292627,23.106585,,,,,,,,,N/A,SAT=7,-35.99,-42.94,979.42,10937.50,20860.00,66342.T=N/A,,"Package=1750,UTC=11:33:11,Lat=23.106585,Lng=120.292627,Alt=18.70,Ax=-35.99,Ay=-42.94,Az=979.42,Gx=10937.50,Gy=20860.00,Gz=66342.T=N/A,H=N/A,SAT=7"
,2025-09-21T04:04:46Z,COM6,,UTC=11:33:11,18.70,120.292627,23.106585,,,,,,,,,N/A,SAT=7,-58.32,-29.77,967.70,4340.00,-50435.00,-10927T=N/A,,"Package=1751,UTC=11:33:11,Lat=23.106585,Lng=120.292627,Alt=18.70,Ax=-58.32,Ay=-29.77,Az=967.70,Gx=4340.00,Gy=-50435.00,Gz=-10927T=N/A,H=N/A,SAT=7"
,2025-09-21T04:04:47Z,COM6,,UTC=11:33:11,18.70,120.292627,23.106585,,,,,,,,,N/A,SAT=7,-58.80,-42.09,1107.27,47040.00,-20755.00,-601T=N/A,,"Package=1752,UTC=11:33:11,Lat=23.106585,Lng=120.292627,Alt=18.70,Ax=-58.80,Ay=-42.09,Az=1107.27,Gx=47040.00,Gy=-20755.00,Gz=-601T=N/A,H=N/A,SAT=7"
,2025-09-21T04:04:49Z,COM6,,UTC=11:33:11,18.70,120.292627,23.106585,,,,,,,,,N/A,SAT=7,-36.23,-49.29,1039.20,21980.00,-7332.50,-9828T=N/A,,"Package=1753,UTC=11:33:11,Lat=23.106585,Lng=120.292627,Alt=18.70,Ax=-36.23,Ay=-49.29,Az=1039.20,Gx=21980.00,Gy=-7332.50,Gz=-9828T=N/A,H=N/A,SAT=7"
,2025-09-21T04:04:51Z,COM6,,UTC=11:33:11,18.70,120.292627,23.106585,,,,,,,,,N/A,SAT=7,-83.08,-42.70,1063.96,34877.50,-15347.50,-160T=N/A,,"Package=1754,UTC=11:33:11,Lat=23.106585,Lng=120.292627,Alt=18.70,Ax=-83.08,Ay=-42.70,Az=1063.96,Gx=34877.50,Gy=-15347.50,Gz=-160T=N/A,H=N/A,SAT=7"
,2025-09-21T04:04:52Z,COM6,,UTC=11:33:11,18.70,120.292627,23.106585,,,,,,,,,N/A,SAT=7,-55.39,-11.96,1003.33,-16205.00,-12285.00,-16T=N/A,,"Package=1755,UTC=11:33:11,Lat=23.106585,Lng=120.292627,Alt=18.70,Ax=-55.39,Ay=-11.96,Az=1003.33,Gx=-16205.00,Gy=-12285.00,Gz=-16T=N/A,H=N/A,SAT=7"
,2025-09-21T04:04:54Z,COM6,,UTC=11:33:11,18.70,120.292627,23.106585,,,,,,,,,N/A,SAT=7,-66.37,-10.61,1089.83,-23975.00,-33022.50,-16T=N/A,,"Package=1756,UTC=11:33:11,Lat=23.106585,Lng=120.292627,Alt=18.70,Ax=-66.37,Ay=-10.61,Az=1089.83,Gx=-23975.00,Gy=-33022.50,Gz=-16T=N/A,H=N/A,SAT=7"
,2025-09-21T04:04:56Z,COM6,,UTC=11:33:11,18.70,120.292627,23.106585,,,,,,,,,N/A,SAT=7,-71.00,-10.13,1073.72,-33792.50,-45640.00,139T=N/A,,"Package=1757,UTC=11:33:11,Lat=23.106585,Lng=120.292627,Alt=18.70,Ax=-71.00,Ay=-10.13,Az=1073.72,Gx=-33792.50,Gy=-45640.00,Gz=139T=N/A,H=N/A,SAT=7"
,2025-09-21T04:04:57Z,COM6,,UTC=11:33:11,18.70,120.292627,23.106585,,,,,,,,,N/A,SAT=7,-95.40,80.15,1063.84,-83440.00,-21315.00,2617T=N/A,,"Package=1758,UTC=11:33:11,Lat=23.106585,Lng=120.292627,Alt=18.70,Ax=-95.40,Ay=80.15,Az=1063.84,Gx=-83440.00,Gy=-21315.00,Gz=2617T=N/A,H=N/A,SAT=7"
,2025-09-21T04:04:59Z,COM6,,UTC=11:33:11,18.70,120.292627,23.106585,,,,,,,,,N/A,SAT=7,-28.55,32.09,1062.86,-98822.50,50242.50,64715T=N/A,,"Package=1759,UTC=11:33:11,Lat=23.106585,Lng=120.292627,Alt=18.70,Ax=-28.55,Ay=32.09,Az=1062.86,Gx=-98822.50,Gy=50242.50,Gz=64715T=N/A,H=N/A,SAT=7"
,2025-09-21T04:05:01Z,COM6,,UTC=11:33:11,18.70,120.292627,23.106585,,,,,,,,,N/A,SAT=7,-44.41,-63.81,1036.27,20107.50,-45517.50,-456T=N/A,,"Package=1760,UTC=11:33:11,Lat=23.106585,Lng=120.292627,Alt=18.70,Ax=-44.41,Ay=-63.81,Az=1036.27,Gx=20107.50,Gy=-45517.50,Gz=-456T=N/A,H=N/A,SAT=7"
,2025-09-21T04:05:02Z,COM6,,UTC=11:33:11,18.70,120.292627,23.106585,,,,,,,,,N/A,SAT=7,-62.10,-22.45,1233.42,43452.50,6230.00,-20727T=N/A,,"Package=1761,UTC=11:33:11,Lat=23.106585,Lng=120.292627,Alt=18.70,Ax=-62.10,Ay=-22.45,Az=1233.42,Gx=43452.50,Gy=6230.00,Gz=-20727T=N/A,H=N/A,SAT=7"
,2025-09-21T04:05:04Z,COM6,,UTC=11:33:11,18.70,120.292627,23.106585,,,,,,,,,N/A,SAT=7,-45.99,-44.04,1049.44,23152.50,2782.50,-44520T=N/A,,"Package=1762,UTC=11:33:11,Lat=23.106585,Lng=120.292627,Alt=18.70,Ax=-45.99,Ay=-44.04,Az=1049.44,Gx=23152.50,Gy=2782.50,Gz=-44520T=N/A,H=N/A,SAT=7"
,2025-09-21T04:05:06Z,COM6,,UTC=11:33:11,18.70,120.292627,23.106585,,,,,,,,,N/A,SAT=7,-48.80,-11.71,1084.82,-16870.00,-19180.00,387T=N/A,,"Package=1763,UTC=11:33:11,Lat=23.106585,Lng=120.292627,Alt=18.70,Ax=-48.80,Ay=-11.71,Az=1084.82,Gx=-16870.00,Gy=-19180.00,Gz=387T=N/A,H=N/A,SAT=7"
,2025-09-21T04:05:07Z,COM6,,UTC=11:33:11,18.70,120.292627,23.106585,,,,,,,,,N/A,SAT=7,-21.72,-35.38,966.61,-32462.50,22820.00,24640T=N/A,,"Package=1764,UTC=11:33:11,Lat=23.106585,Lng=120.292627,Alt=18.70,Ax=-21.72,Ay=-35.38,Az=966.61,Gx=-32462.50,Gy=22820.00,Gz=24640T=N/A,H=N/A,SAT=7"
,2025-09-21T04:05:09Z,COM6,,UTC=11:33:11,18.70,120.292627,23.106585,,,,,,,,,N/A,SAT=7,-9.27,-9.15,966.48,-40617.50,32812.50,-116410T=N/A,,"Package=1765,UTC=11:33:11,Lat=23.106585,Lng=120.292627,Alt=18.70,Ax=-9.27,Ay=-9.15,Az=966.48,Gx=-40617.50,Gy=32812.50,Gz=-116410T=N/A,H=N/A,SAT=7"
,2025-09-21T04:05:11Z,COM6,,UTC=11:33:11,18.70,120.292627,23.106585,,,,,,,,,N/A,SAT=7,-45.75,-19.52,1053.10,-15435.00,-11095.00,-42T=N/A,,"Package=1766,UTC=11:33:11,Lat=23.106585,Lng=120.292627,Alt=18.70,Ax=-45.75,Ay=-19.52,Az=1053.10,Gx=-15435.00,Gy=-11095.00,Gz=-42T=N/A,H=N/A,SAT=7"
,2025-09-21T04:05:12Z,COM6,,UTC=11:33:11,18.70,120.292627,23.106585,,,,,,,,,N/A,SAT=7,-55.27,-21.96,988.32,19880.00,-38325.00,11933T=N/A,,"Package=1767,UTC=11:33:11,Lat=23.106585,Lng=120.292627,Alt=18.70,Ax=-55.27,Ay=-21.96,Az=988.32,Gx=19880.00,Gy=-38325.00,Gz=11933T=N/A,H=N/A,SAT=7"
,2025-09-21T04:05:14Z,COM6,,UTC=11:33:11,18.70,120.292627,23.106585,,,,,,,,,N/A,SAT=7,-70.64,-54.90,1069.09,2187.50,-62685.00,81480T=N/A,,"Package=1768,UTC=11:33:11,Lat=23.106585,Lng=120.292627,Alt=18.70,Ax=-70.64,Ay=-54.90,Az=1069.09,Gx=2187.50,Gy=-62685.00,Gz=81480T=N/A,H=N/A,SAT=7"
,2025-09-21T04:05:16Z,COM6,,UTC=11:33:11,18.70,120.292627,23.106585,,,,,,,,,N/A,SAT=7,-75.15,-51.73,1093.61,16397.50,-55807.50,1746T=N/A,,"Package=1769,UTC=11:33:11,Lat=23.106585,Lng=120.292627,Alt=18.70,Ax=-75.15,Ay=-51.73,Az=1093.61,Gx=16397.50,Gy=-55807.50,Gz=1746T=N/A,H=N/A,SAT=7"
,2025-09-21T04:05:17Z,COM6,,UTC=11:33:11,18.70,120.292627,23.106585,,,,,,,,,N/A,SAT=7,-44.29,-3.05,954.53,-31097.50,-980.00,108027.T=N/A,,"Package=1770,UTC=11:33:11,Lat=23.106585,Lng=120.292627,Alt=18.70,Ax=-44.29,Ay=-3.05,Az=954.53,Gx=-31097.50,Gy=-980.00,Gz=108027.T=N/A,H=N/A,SAT=7"
,2025-09-21T04:05:19Z,COM6,,UTC=11:33:11,18.70,120.292627,23.106585,,,,,,,,,N/A,SAT=7,-50.26,-31.72,1058.47,-1277.50,-6335.00,13482T=N/A,,"Package=1771,UTC=11:33:11,Lat=23.106585,Lng=120.292627,Alt=18.70,Ax=-50.26,Ay=-31.72,Az=1058.47,Gx=-1277.50,Gy=-6335.00,Gz=13482T=N/A,H=N/A,SAT=7"
,2025-09-21T04:05:21Z,COM6,,UTC=11:33:11,18.70,120.292627,23.106585,,,,,,,,,N/A,SAT=7,-46.85,-34.77,996.25,-15592.50,-6947.50,50802T=N/A,,"Package=1772,UTC=11:33:11,Lat=23.106585,Lng=120.292627,Alt=18.70,Ax=-46.85,Ay=-34.77,Az=996.25,Gx=-15592.50,Gy=-6947.50,Gz=50802T=N/A,H=N/A,SAT=7"
,2025-09-21T04:05:22Z,COM6,,UTC=11:33:11,18.70,120.292627,23.106585,,,,,,,,,N/A,SAT=7,-48.56,28.55,1106.42,-45150.00,12110.00,19750T=N/A,,"Package=1773,UTC=11:33:11,Lat=23.106585,Lng=120.292627,Alt=18.70,Ax=-48.56,Ay=28.55,Az=1106.42,Gx=-45150.00,Gy=12110.00,Gz=19750T=N/A,H=N/A,SAT=7"
,2025-09-21T04:05:24Z,COM6,,UTC=11:33:11,18.70,120.292627,23.106585,,,,,,,,,N/A,SAT=7,-65.51,9.03,1074.09,-14700.00,-14245.00,17353T=N/A,,"Package=1774,UTC=11:33:11,Lat=23.106585,Lng=120.292627,Alt=18.70,Ax=-65.51,Ay=9.03,Az=1074.09,Gx=-14700.00,Gy=-14245.00,Gz=17353T=N/A,H=N/A,SAT=7"
,2025-09-21T04:05:26Z,COM6,,UTC=11:33:11,18.70,120.292627,23.106585,,,,,,,,,N/A,SAT=7,-69.54,2.07,1022.85,-57715.00,-2345.00,108587T=N/A,,"Package=1775,UTC=11:33:11,Lat=23.106585,Lng=120.292627,Alt=18.70,Ax=-69.54,Ay=2.07,Az=1022.85,Gx=-57715.00,Gy=-2345.00,Gz=108587T=N/A,H=N/A,SAT=7"
,2025-09-21T04:05:27Z,COM6,,UTC=11:33:11,18.70,120.292627,23.106585,,,,,,,,,N/A,SAT=7,-53.92,-80.89,1149.36,52097.50,4270.00,-6335.T=N/A,,"Package=1776,UTC=11:33:11,Lat=23.106585,Lng=120.292627,Alt=18.70,Ax=-53.92,Ay=-80.89,Az=1149.36,Gx=52097.50,Gy=4270.00,Gz=-6335.T=N/A,H=N/A,SAT=7"
,2025-09-21T04:05:29Z,COM6,,UTC=11:33:11,18.70,120.292627,23.106585,,,,,,,,,N/A,SAT=7,-71.37,-11.35,1046.76,62475.00,-20842.50,-195T=N/A,,"Package=1777,UTC=11:33:11,Lat=23.106585,Lng=120.292627,Alt=18.70,Ax=-71.37,Ay=-11.35,Az=1046.76,Gx=62475.00,Gy=-20842.50,Gz=-195T=N/A,H=N/A,SAT=7"
,2025-09-21T04:05:31Z,COM6,,UTC=11:33:11,18.70,120.292627,23.106585,,,,,,,,,N/A,SAT=7,-42.58,1.34,1017.97,-26302.50,32112.50,-21414T=N/A,,"Package=1778,UTC=11:33:11,Lat=23.106585,Lng=120.292627,Alt=18.70,Ax=-42.58,Ay=1.34,Az=1017.97,Gx=-26302.50,Gy=32112.50,Gz=-21414T=N/A,H=N/A,SAT=7"
,2025-09-21T04:05:32Z,COM6,,UTC=11:33:11,18.70,120.292627,23.106585,,,,,,,,,N/A,SAT=7,-53.44,-43.19,1073.23,140.00,2852.50,-132317.T=N/A,,"Package=1779,UTC=11:33:11,Lat=23.106585,Lng=120.292627,Alt=18.70,Ax=-53.44,Ay=-43.19,Az=1073.23,Gx=140.00,Gy=2852.50,Gz=-132317.T=N/A,H=N/A,SAT=7"
,2025-09-21T04:05:34Z,COM6,,UTC=11:33:11,18.70,120.292627,23.106585,,,,,,,,,N/A,SAT=7,-68.32,-3.29,1057.74,12915.00,-12950.00,-1615T=N/A,,"Package=1780,UTC=11:33:11,Lat=23.106585,Lng=120.292627,Alt=18.70,Ax=-68.32,Ay=-3.29,Az=1057.74,Gx=12915.00,Gy=-12950.00,Gz=-1615T=N/A,H=N/A,SAT=7"
,2025-09-21T04:05:36Z,COM6,,UTC=11:33:11,18.70,120.292627,23.106585,,,,,,,,,N/A,SAT=7,-55.63,-9.88,924.76,-10745.00,13930.00,-12381T=N/A,,"Package=1781,UTC=11:33:11,Lat=23.106585,Lng=120.292627,Alt=18.70,Ax=-55.63,Ay=-9.88,Az=924.76,Gx=-10745.00,Gy=13930.00,Gz=-12381T=N/A,H=N/A,SAT=7"
,2025-09-21T04:05:38Z,COM6,,UTC=11:33:11,18.70,120.292627,23.106585,,,,,,,,,N/A,SAT=7,-49.78,-20.74,1037.49,30572.50,-16100.00,-436T=N/A,,"Package=1782,UTC=11:33:11,Lat=23.106585,Lng=120.292627,Alt=18.70,Ax=-49.78,Ay=-20.74,Az=1037.49,Gx=30572.50,Gy=-16100.00,Gz=-436T=N/A,H=N/A,SAT=7"
,2025-09-21T04:05:39Z,COM6,,UTC=11:33:11,18.70,120.292627,23.106585,,,,,,,,,N/A,SAT=7,-13.05,-2.20,1021.14,-30485.00,26355.00,10764T=N/A,,"Package=1783,UTC=11:33:11,Lat=23.106585,Lng=120.292627,Alt=18.70,Ax=-13.05,Ay=-2.20,Az=1021.14,Gx=-30485.00,Gy=26355.00,Gz=10764T=N/A,H=N/A,SAT=7"
,2025-09-21T04:05:41Z,COM6,,UTC=11:33:11,18.70,120.292627,23.106585,,,,,,,,,N/A,SAT=7,-56.85,-65.39,909.75,45377.50,2275.00,59797.5T=N/A,,"Package=1784,UTC=11:33:11,Lat=23.106585,Lng=120.292627,Alt=18.70,Ax=-56.85,Ay=-65.39,Az=909.75,Gx=45377.50,Gy=2275.00,Gz=59797.5T=N/A,H=N/A,SAT=7"
,2025-09-21T04:05:43Z,COM6,,UTC=11:33:11,18.70,120.292627,23.106585,,,,,,,,,N/A,SAT=7,-40.14,-16.59,925.49,-53532.50,-1085.00,11884T=N/A,,"Package=1785,UTC=11:33:11,Lat=23.106585,Lng=120.292627,Alt=18.70,Ax=-40.14,Ay=-16.59,Az=925.49,Gx=-53532.50,Gy=-1085.00,Gz=11884T=N/A,H=N/A,SAT=7"
,2025-09-21T04:05:44Z,COM6,,UTC=11:33:11,18.70,120.292627,23.106585,,,,,,,,,N/A,SAT=7,-66.25,-16.96,1141.31,-4375.00,-28000.00,1155T=N/A,,"Package=1786,UTC=11:33:11,Lat=23.106585,Lng=120.292627,Alt=18.70,Ax=-66.25,Ay=-16.96,Az=1141.31,Gx=-4375.00,Gy=-28000.00,Gz=1155T=N/A,H=N/A,SAT=7"
,2025-09-21T04:05:46Z,COM6,,UTC=11:33:11,18.70,120.292627,23.106585,,,,,,,,,N/A,SAT=7,-29.89,-51.97,1054.45,18690.00,-4865.00,34597T=N/A,,"Package=1787,UTC=11:33:11,Lat=23.106585,Lng=120.292627,Alt=18.70,Ax=-29.89,Ay=-51.97,Az=1054.45,Gx=18690.00,Gy=-4865.00,Gz=34597T=N/A,H=N/A,SAT=7"
,2025-09-21T04:05:48Z,COM6,,UTC=11:33:11,18.70,120.292627,23.106585,,,,,,,,,N/A,SAT=7,-30.62,-11.83,942.33,-16537.50,-22855.00,7091T=N/A,,"Package=1788,UTC=11:33:11,Lat=23.106585,Lng=120.292627,Alt=18.70,Ax=-30.62,Ay=-11.83,Az=942.33,Gx=-16537.50,Gy=-22855.00,Gz=7091T=N/A,H=N/A,SAT=7"
,2025-09-21T04:05:49Z,COM6,,UTC=11:33:11,18.70,120.292627,23.106585,,,,,,,,,N/A,SAT=7,-46.73,-72.10,1085.56,18532.50,-33950.00,-264T=N/A,,"Package=1789,UTC=11:33:11,Lat=23.106585,Lng=120.292627,Alt=18.70,Ax=-46.73,Ay=-72.10,Az=1085.56,Gx=18532.50,Gy=-33950.00,Gz=-264T=N/A,H=N/A,SAT=7"
,2025-09-21T04:05:51Z,COM6,,UTC=11:33:11,18.70,120.292627,23.106585,,,,,,,,,N/A,SAT=7,-31.23,-4.15,995.15,7997.50,-9415.00,-77420.0T=N/A,,"Package=1790,UTC=11:33:11,Lat=23.106585,Lng=120.292627,Alt=18.70,Ax=-31.23,Ay=-4.15,Az=995.15,Gx=7997.50,Gy=-9415.00,Gz=-77420.0T=N/A,H=N/A,SAT=7"
,2025-09-21T04:05:53Z,COM6,,UTC=11:33:11,18.70,120.292627,23.106585,,,,,,,,,N/A,SAT=7,-37.33,-12.08,1110.81,-4550.00,10377.50,77665T=N/A,,"Package=1791,UTC=11:33:11,Lat=23.106585,Lng=120.292627,Alt=18.70,Ax=-37.33,Ay=-12.08,Az=1110.81,Gx=-4550.00,Gy=10377.50,Gz=77665T=N/A,H=N/A,SAT=7"
,2025-09-21T04:05:54Z,COM6,,UTC=11:33:11,18.70,120.292627,23.106585,,,,,,,,,N/A,SAT=7,-32.33,-31.72,1100.93,-6965.00,-10167.50,3650T=N/A,,"Package=1792,UTC=11:33:11,Lat=23.106585,Lng=120.292627,Alt=18.70,Ax=-32.33,Ay=-31.72,Az=1100.93,Gx=-6965.00,Gy=-10167.50,Gz=3650T=N/A,H=N/A,SAT=7"
,2025-09-21T04:05:56Z,COM6,,UTC=11:33:11,18.70,120.292627,23.106585,,,,,,,,,N/A,SAT=7,-27.57,-26.11,947.70,2362.50,-14927.50,4795.0T=N/A,,"Package=1793,UTC=11:33:11,Lat=23.106585,Lng=120.292627,Alt=18.70,Ax=-27.57,Ay=-26.11,Az=947.70,Gx=2362.50,Gy=-14927.50,Gz=4795.0T=N/A,H=N/A,SAT=7"
,2025-09-21T04:05:58Z,COM6,,UTC=11:33:11,18.70,120.292627,23.106585,,,,,,,,,N/A,SAT=7,-31.35,-17.08,996.86,-6842.50,-3360.00,106032T=N/A,,"Package=1794,UTC=11:33:11,Lat=23.106585,Lng=120.292627,Alt=18.70,Ax=-31.35,Ay=-17.08,Az=996.86,Gx=-6842.50,Gy=-3360.00,Gz=106032T=N/A,H=N/A,SAT=7"
,2025-09-21T04:05:59Z,COM6,,UTC=11:33:11,18.70,120.292627,23.106585,,,,,,,,,N/A,SAT=7,-32.82,-47.21,1027.00,4987.50,-19040.00,-4886T=N/A,,"Package=1795,UTC=11:33:11,Lat=23.106585,Lng=120.292627,Alt=18.70,Ax=-32.82,Ay=-47.21,Az=1027.00,Gx=4987.50,Gy=-19040.00,Gz=-4886T=N/A,H=N/A,SAT=7"
,2025-09-21T04:06:01Z,COM6,,UTC=11:33:11,18.70,120.292627,23.106585,,,,,,,,,N/A,SAT=7,-42.58,9.52,1140.21,-41492.50,-33040.00,-3433T=N/A,,"Package=1796,UTC=11:33:11,Lat=23.106585,Lng=120.292627,Alt=18.70,Ax=-42.58,Ay=9.52,Az=1140.21,Gx=-41492.50,Gy=-33040.00,Gz=-3433T=N/A,H=N/A,SAT=7"
,2025-09-21T04:06:03Z,COM6,,UTC=11:33:11,18.70,120.292627,23.106585,,,,,,,,,N/A,SAT=7,-15.74,-51.73,951.23,19407.50,6020.00,-49717.T=N/A,,"Package=1797,UTC=11:33:11,Lat=23.106585,Lng=120.292627,Alt=18.70,Ax=-15.74,Ay=-51.73,Az=951.23,Gx=19407.50,Gy=6020.00,Gz=-49717.T=N/A,H=N/A,SAT=7"
,2025-09-21T04:06:04Z,COM6,,UTC=11:33:11,18.70,120.292627,23.106585,,,,,,,,,N/A,SAT=7,-28.55,-10.00,988.57,-892.50,11585.00,-71400.T=N/A,,"Package=1798,UTC=11:33:11,Lat=23.106585,Lng=120.292627,Alt=18.70,Ax=-28.55,Ay=-10.00,Az=988.57,Gx=-892.50,Gy=11585.00,Gz=-71400.T=N/A,H=N/A,SAT=7"
,2025-09-21T04:06:06Z,COM6,,UTC=11:33:11,18.70,120.292627,23.106585,,,,,,,,,N/A,SAT=7,-56.85,-30.87,998.81,-3937.50,7315.00,10412.5T=N/A,,"Package=1799,UTC=11:33:11,Lat=23.106585,Lng=120.292627,Alt=18.70,Ax=-56.85,Ay=-30.87,Az=998.81,Gx=-3937.50,Gy=7315.00,Gz=10412.5T=N/A,H=N/A,SAT=7"
,2025-09-21T04:06:08Z,COM6,,UTC=11:33:11,18.70,120.292627,23.106585,,,,,,,,,N/A,SAT=7,-24.64,-1.59,1053.96,-35157.50,665.00,110932.T=N/A,,"Package=1800,UTC=11:33:11,Lat=23.106585,Lng=120.292627,Alt=18.70,Ax=-24.64,Ay=-1.59,Az=1053.96,Gx=-35157.50,Gy=665.00,Gz=110932.T=N/A,H=N/A,SAT=7"
,2025-09-21T04:06:09Z,COM6,,UTC=11:33:11,18.70,120.292627,23.106585,,,,,,,,,N/A,SAT=7,-36.97,-48.19,1009.18,-8382.50,-24202.50,-140T=N/A,,"Package=1801,UTC=11:33:11,Lat=23.106585,Lng=120.292627,Alt=18.70,Ax=-36.97,Ay=-48.19,Az=1009.18,Gx=-8382.50,Gy=-24202.50,Gz=-140T=N/A,H=N/A,SAT=7"
,2025-09-21T04:06:11Z,COM6,,UTC=11:33:11,18.70,120.292627,23.106585,,,,,,,,,N/A,SAT=7,-19.03,20.25,1012.72,-28297.50,25130.00,-9168T=N/A,,"Package=1802,UTC=11:33:11,Lat=23.106585,Lng=120.292627,Alt=18.70,Ax=-19.03,Ay=20.25,Az=1012.72,Gx=-28297.50,Gy=25130.00,Gz=-9168T=N/A,H=N/A,SAT=7"
,2025-09-21T04:06:13Z,COM6,,UTC=11:33:11,18.70,120.292627,23.106585,,,,,,,,,N/A,SAT=7,-55.39,14.88,1017.60,-18200.00,-2975.00,13391T=N/A,,"Package=1803,UTC=11:33:11,Lat=23.106585,Lng=120.292627,Alt=18.70,Ax=-55.39,Ay=14.88,Az=1017.60,Gx=-18200.00,Gy=-2975.00,Gz=13391T=N/A,H=N/A,SAT=7"
,2025-09-21T04:06:14Z,COM6,,UTC=11:33:11,18.70,120.292627,23.106585,,,,,,,,,N/A,SAT=7,-38.80,-62.71,964.29,35332.50,11777.50,68040.T=N/A,,"Package=1804,UTC=11:33:11,Lat=23.106585,Lng=120.292627,Alt=18.70,Ax=-38.80,Ay=-62.71,Az=964.29,Gx=35332.50,Gy=11777.50,Gz=68040.T=N/A,H=N/A,SAT=7"
,2025-09-21T04:06:16Z,COM6,,UTC=11:33:11,18.70,120.292627,23.106585,,,,,,,,,N/A,SAT=7,-49.65,18.30,1085.31,-28402.50,15400.00,20476T=N/A,,"Package=1805,UTC=11:33:11,Lat=23.106585,Lng=120.292627,Alt=18.70,Ax=-49.65,Ay=18.30,Az=1085.31,Gx=-28402.50,Gy=15400.00,Gz=20476T=N/A,H=N/A,SAT=7"
,2025-09-21T04:06:18Z,COM6,,UTC=11:33:11,18.70,120.292627,23.106585,,,,,,,,,N/A,SAT=7,-57.46,-39.04,986.61,-14595.00,-22155.00,1604T=N/A,,"Package=1806,UTC=11:33:11,Lat=23.106585,Lng=120.292627,Alt=18.70,Ax=-57.46,Ay=-39.04,Az=986.61,Gx=-14595.00,Gy=-22155.00,Gz=1604T=N/A,H=N/A,SAT=7"
,2025-09-21T04:06:19Z,COM6,,UTC=11:33:11,18.70,120.292627,23.106585,,,,,,,,,N/A,SAT=7,-34.04,5.12,1012.60,-9642.50,2975.00,164395.0T=N/A,,"Package=1807,UTC=11:33:11,Lat=23.106585,Lng=120.292627,Alt=18.70,Ax=-34.04,Ay=5.12,Az=1012.60,Gx=-9642.50,Gy=2975.00,Gz=164395.0T=N/A,H=N/A,SAT=7"
,2025-09-21T04:06:21Z,COM6,,UTC=11:33:11,18.70,120.292627,23.106585,,,,,,,,,N/A,SAT=7,-43.19,-40.87,904.26,-13090.00,-1417.50,26442T=N/A,,"Package=1808,UTC=11:33:11,Lat=23.106585,Lng=120.292627,Alt=18.70,Ax=-43.19,Ay=-40.87,Az=904.26,Gx=-13090.00,Gy=-1417.50,Gz=26442T=N/A,H=N/A,SAT=7"
,2025-09-21T04:06:23Z,COM6,,UTC=11:33:11,18.70,120.292627,23.106585,,,,,,,,,N/A,SAT=7,-24.89,-15.01,1088.00,-6142.50,17675.00,12608T=N/A,,"Package=1809,UTC=11:33:11,Lat=23.106585,Lng=120.292627,Alt=18.70,Ax=-24.89,Ay=-15.01,Az=1088.00,Gx=-6142.50,Gy=17675.00,Gz=12608T=N/A,H=N/A,SAT=7"
,2025-09-21T04:06:24Z,COM6,,UTC=11:33:11,18.70,120.292627,23.106585,,,,,,,,,N/A,SAT=7,-22.33,-43.31,972.22,-1557.50,5512.50,-16642.T=N/A,,"Package=1810,UTC=11:33:11,Lat=23.106585,Lng=120.292627,Alt=18.70,Ax=-22.33,Ay=-43.31,Az=972.22,Gx=-1557.50,Gy=5512.50,Gz=-16642.T=N/A,H=N/A,SAT=7"
,2025-09-21T04:06:26Z,COM6,,UTC=11:33:11,18.70,120.292627,23.106585,,,,,,,,,N/A,SAT=7,-28.91,6.83,1097.27,-15942.50,507.50,-94535.0T=N/A,,"Package=1811,UTC=11:33:11,Lat=23.106585,Lng=120.292627,Alt=18.70,Ax=-28.91,Ay=6.83,Az=1097.27,Gx=-15942.50,Gy=507.50,Gz=-94535.0T=N/A,H=N/A,SAT=7"
,2025-09-21T04:06:28Z,COM6,,UTC=11:33:11,18.70,120.292627,23.106585,,,,,,,,,N/A,SAT=7,-66.73,-26.84,1040.42,21945.00,-34125.00,1444T=N/A,,"Package=1812,UTC=11:33:11,Lat=23.106585,Lng=120.292627,Alt=18.70,Ax=-66.73,Ay=-26.84,Az=1040.42,Gx=21945.00,Gy=-34125.00,Gz=1444T=N/A,H=N/A,SAT=7"
,2025-09-21T04:06:29Z,COM6,,UTC=11:33:11,18.70,120.292627,23.106585,,,,,,,,,N/A,SAT=7,-35.75,-72.22,990.64,33530.00,-4112.50,90212.T=N/A,,"Package=1813,UTC=11:33:11,Lat=23.106585,Lng=120.292627,Alt=18.70,Ax=-35.75,Ay=-72.22,Az=990.64,Gx=33530.00,Gy=-4112.50,Gz=90212.T=N/A,H=N/A,SAT=7"
,2025-09-21T04:06:31Z,COM6,,UTC=11:33:11,18.70,120.292627,23.106585,,,,,,,,,N/A,SAT=7,-46.24,-59.29,1213.90,-7052.50,-7210.00,-9392T=N/A,,"Package=1814,UTC=11:33:11,Lat=23.106585,Lng=120.292627,Alt=18.70,Ax=-46.24,Ay=-59.29,Az=1213.90,Gx=-7052.50,Gy=-7210.00,Gz=-9392T=N/A,H=N/A,SAT=7"
,2025-09-21T04:06:33Z,COM6,,UTC=11:33:11,18.70,120.292627,23.106585,,,,,,,,,N/A,SAT=7,-44.04,-5.12,1109.71,-46305.00,11742.50,-7890T=N/A,,"Package=1815,UTC=11:33:11,Lat=23.106585,Lng=120.292627,Alt=18.70,Ax=-44.04,Ay=-5.12,Az=1109.71,Gx=-46305.00,Gy=11742.50,Gz=-7890T=N/A,H=N/A,SAT=7"
,2025-09-21T04:06:34Z,COM6,,UTC=11:33:11,18.70,120.292627,23.106585,,,,,,,,,N/A,SAT=7,-21.47,-9.88,1116.79,-2940.00,42770.00,-14911T=N/A,,"Package=1816,UTC=11:33:11,Lat=23.106585,Lng=120.292627,Alt=18.70,Ax=-21.47,Ay=-9.88,Az=1116.79,Gx=-2940.00,Gy=42770.00,Gz=-14911T=N/A,H=N/A,SAT=7"
,2025-09-21T04:06:36Z,COM6,,UTC=11:33:11,18.70,120.292627,23.106585,,,,,,,,,N/A,SAT=7,-32.70,-54.90,1005.04,-1417.50,43190.00,-1039T=N/A,,"Package=1817,UTC=11:33:11,Lat=23.106585,Lng=120.292627,Alt=18.70,Ax=-32.70,Ay=-54.90,Az=1005.04,Gx=-1417.50,Gy=43190.00,Gz=-1039T=N/A,H=N/A,SAT=7"
,2025-09-21T04:06:38Z,COM6,,UTC=11:33:11,18.70,120.292627,23.106585,,,,,,,,,N/A,SAT=7,-32.21,2.07,977.46,-22855.00,60462.50,-107782T=N/A,,"Package=1818,UTC=11:33:11,Lat=23.106585,Lng=120.292627,Alt=18.70,Ax=-32.21,Ay=2.07,Az=977.46,Gx=-22855.00,Gy=60462.50,Gz=-107782T=N/A,H=N/A,SAT=7"
,2025-09-21T04:06:39Z,COM6,,UTC=11:33:11,18.70,120.292627,23.106585,,,,,,,,,N/A,SAT=7,-39.53,-26.60,1070.79,9047.50,28962.50,71120.T=N/A,,"Package=1819,UTC=11:33:11,Lat=23.106585,Lng=120.292627,Alt=18.70,Ax=-39.53,Ay=-26.60,Az=1070.79,Gx=9047.50,Gy=28962.50,Gz=71120.T=N/A,H=N/A,SAT=7"
,2025-09-21T04:06:41Z,COM6,,UTC=11:33:11,18.70,120.292627,23.106585,,,,,,,,,N/A,SAT=7,-66.86,-19.28,1045.54,-31902.50,-38027.50,150T=N/A,,"Package=1820,UTC=11:33:11,Lat=23.106585,Lng=120.292627,Alt=18.70,Ax=-66.86,Ay=-19.28,Az=1045.54,Gx=-31902.50,Gy=-38027.50,Gz=150T=N/A,H=N/A,SAT=7"
,2025-09-21T04:06:43Z,COM6,,UTC=11:33:11,18.70,120.292627,23.106585,,,,,,,,,N/A,SAT=7,-67.71,13.42,969.41,-40425.00,-7735.00,185220T=N/A,,"Package=1821,UTC=11:33:11,Lat=23.106585,Lng=120.292627,Alt=18.70,Ax=-67.71,Ay=13.42,Az=969.41,Gx=-40425.00,Gy=-7735.00,Gz=185220T=N/A,H=N/A,SAT=7"
,2025-09-21T04:06:44Z,COM6,,UTC=11:33:11,18.70,120.292627,23.106585,,,,,,,,,N/A,SAT=7,-46.48,-45.14,896.09,-27877.50,-19302.50,1027T=N/A,,"Package=1822,UTC=11:33:11,Lat=23.106585,Lng=120.292627,Alt=18.70,Ax=-46.48,Ay=-45.14,Az=896.09,Gx=-27877.50,Gy=-19302.50,Gz=1027T=N/A,H=N/A,SAT=7"
,2025-09-21T04:06:46Z,COM6,,UTC=11:33:11,18.70,120.292627,23.106585,,,,,,,,,N/A,SAT=7,-33.55,1.22,1088.85,-7227.50,-10972.50,-67095T=N/A,,"Package=1823,UTC=11:33:11,Lat=23.106585,Lng=120.292627,Alt=18.70,Ax=-33.55,Ay=1.22,Az=1088.85,Gx=-7227.50,Gy=-10972.50,Gz=-67095T=N/A,H=N/A,SAT=7"
,2025-09-21T04:06:48Z,COM6,,UTC=11:33:11,18.70,120.292627,23.106585,,,,,,,,,N/A,SAT=7,-27.94,-17.08,1007.96,6860.00,-12705.00,48825T=N/A,,"Package=1824,UTC=11:33:11,Lat=23.106585,Lng=120.292627,Alt=18.70,Ax=-27.94,Ay=-17.08,Az=1007.96,Gx=6860.00,Gy=-12705.00,Gz=48825T=N/A,H=N/A,SAT=7"
,2025-09-21T04:06:49Z,COM6,,UTC=11:33:11,18.70,120.292627,23.106585,,,,,,,,,N/A,SAT=7,-15.37,-47.70,1075.80,3220.00,14122.50,-32462T=N/A,,"Package=1825,UTC=11:33:11,Lat=23.106585,Lng=120.292627,Alt=18.70,Ax=-15.37,Ay=-47.70,Az=1075.80,Gx=3220.00,Gy=14122.50,Gz=-32462T=N/A,H=N/A,SAT=7"
,2025-09-21T04:06:51Z,COM6,,UTC=11:33:11,18.70,120.292627,23.106585,,,,,,,,,N/A,SAT=7,-36.84,-12.69,1020.65,15750.00,-6160.00,-5274T=N/A,,"Package=1826,UTC=11:33:11,Lat=23.106585,Lng=120.292627,Alt=18.70,Ax=-36.84,Ay=-12.69,Az=1020.65,Gx=15750.00,Gy=-6160.00,Gz=-5274T=N/A,H=N/A,SAT=7"
,2025-09-21T04:06:53Z,COM6,,UTC=11:33:11,18.70,120.292627,23.106585,,,,,,,,,N/A,SAT=7,-31.23,-32.45,1009.55,6615.00,-21227.50,-2292T=N/A,,"Package=1827,UTC=11:33:11,Lat=23.106585,Lng=120.292627,Alt=18.70,Ax=-31.23,Ay=-32.45,Az=1009.55,Gx=6615.00,Gy=-21227.50,Gz=-2292T=N/A,H=N/A,SAT=7"
,2025-09-21T04:06:55Z,COM6,,UTC=11:33:11,18.70,120.292627,23.106585,,,,,,,,,N/A,SAT=7,-9.88,-26.72,1031.14,-16467.50,14682.50,28682T=N/A,,"Package=1828,UTC=11:33:11,Lat=23.106585,Lng=120.292627,Alt=18.70,Ax=-9.88,Ay=-26.72,Az=1031.14,Gx=-16467.50,Gy=14682.50,Gz=28682T=N/A,H=N/A,SAT=7"
,2025-09-21T04:06:56Z,COM6,,UTC=11:33:11,18.70,120.292627,23.106585,,,,,,,,,N/A,SAT=7,-19.15,-3.54,876.69,-20370.00,-2030.00,-99855T=N/A,,"Package=1829,UTC=11:33:11,Lat=23.106585,Lng=120.292627,Alt=18.70,Ax=-19.15,Ay=-3.54,Az=876.69,Gx=-20370.00,Gy=-2030.00,Gz=-99855T=N/A,H=N/A,SAT=7"
,2025-09-21T04:06:58Z,COM6,,UTC=11:33:11,18.70,120.292627,23.106585,,,,,,,,,N/A,SAT=7,-37.09,-10.25,1051.64,2327.50,-8102.50,121135T=N/A,,"Package=1830,UTC=11:33:11,Lat=23.106585,Lng=120.292627,Alt=18.70,Ax=-37.09,Ay=-10.25,Az=1051.64,Gx=2327.50,Gy=-8102.50,Gz=121135T=N/A,H=N/A,SAT=7"
,2025-09-21T04:07:00Z,COM6,,UTC=11:33:11,18.70,120.292627,23.106585,,,,,,,,,N/A,SAT=7,-52.95,-40.26,973.56,87.50,-14245.00,96180.00T=N/A,,"Package=1831,UTC=11:33:11,Lat=23.106585,Lng=120.292627,Alt=18.70,Ax=-52.95,Ay=-40.26,Az=973.56,Gx=87.50,Gy=-14245.00,Gz=96180.00T=N/A,H=N/A,SAT=7"
,2025-09-21T04:07:01Z,COM6,,UTC=11:33:11,18.70,120.292627,23.106585,,,,,,,,,N/A,SAT=7,-31.48,25.86,1037.98,-47530.00,26565.00,17176T=N/A,,"Package=1832,UTC=11:33:11,Lat=23.106585,Lng=120.292627,Alt=18.70,Ax=-31.48,Ay=25.86,Az=1037.98,Gx=-47530.00,Gy=26565.00,Gz=17176T=N/A,H=N/A,SAT=7"
,2025-09-21T04:07:03Z,COM6,,UTC=11:33:11,18.70,120.292627,23.106585,,,,,,,,,N/A,SAT=7,-44.65,-11.47,982.71,27457.50,15190.00,140525T=N/A,,"Package=1833,UTC=11:33:11,Lat=23.106585,Lng=120.292627,Alt=18.70,Ax=-44.65,Ay=-11.47,Az=982.71,Gx=27457.50,Gy=15190.00,Gz=140525T=N/A,H=N/A,SAT=7"
,2025-09-21T04:07:05Z,COM6,,UTC=11:33:11,18.70,120.292627,23.106585,,,,,,,,,N/A,SAT=7,-49.29,-38.19,1037.49,2415.00,16712.50,126367T=N/A,,"Package=1834,UTC=11:33:11,Lat=23.106585,Lng=120.292627,Alt=18.70,Ax=-49.29,Ay=-38.19,Az=1037.49,Gx=2415.00,Gy=16712.50,Gz=126367T=N/A,H=N/A,SAT=7"
,2025-09-21T04:07:06Z,COM6,,UTC=11:33:11,18.70,120.292627,23.106585,,,,,,,,,N/A,SAT=7,-58.56,-42.94,949.04,11462.50,-29575.00,14129T=N/A,,"Package=1835,UTC=11:33:11,Lat=23.106585,Lng=120.292627,Alt=18.70,Ax=-58.56,Ay=-42.94,Az=949.04,Gx=11462.50,Gy=-29575.00,Gz=14129T=N/A,H=N/A,SAT=7"
,2025-09-21T04:07:08Z,COM6,,UTC=11:33:11,18.70,120.292627,23.106585,,,,,,,,,N/A,SAT=7,-35.99,-52.34,1042.61,-8435.00,-2205.00,-8412T=N/A,,"Package=1836,UTC=11:33:11,Lat=23.106585,Lng=120.292627,Alt=18.70,Ax=-35.99,Ay=-52.34,Az=1042.61,Gx=-8435.00,Gy=-2205.00,Gz=-8412T=N/A,H=N/A,SAT=7"
,2025-09-21T04:07:10Z,COM6,,UTC=11:33:11,18.70,120.292627,23.106585,,,,,,,,,N/A,SAT=7,-47.58,-4.76,1042.12,-14017.50,7437.50,-10475T=N/A,,"Package=1837,UTC=11:33:11,Lat=23.106585,Lng=120.292627,Alt=18.70,Ax=-47.58,Ay=-4.76,Az=1042.12,Gx=-14017.50,Gy=7437.50,Gz=-10475T=N/A,H=N/A,SAT=7"
,2025-09-21T04:07:11Z,COM6,,UTC=11:33:11,18.70,120.292627,23.106585,,,,,,,,,N/A,SAT=7,-36.72,-34.65,974.90,25095.00,15085.00,27212.T=N/A,,"Package=1838,UTC=11:33:11,Lat=23.106585,Lng=120.292627,Alt=18.70,Ax=-36.72,Ay=-34.65,Az=974.90,Gx=25095.00,Gy=15085.00,Gz=27212.T=N/A,H=N/A,SAT=7"
,2025-09-21T04:07:13Z,COM6,,UTC=11:33:11,18.70,120.292627,23.106585,,,,,,,,,N/A,SAT=7,-15.25,-39.41,968.80,2572.50,27580.00,92137.5T=N/A,,"Package=1839,UTC=11:33:11,Lat=23.106585,Lng=120.292627,Alt=18.70,Ax=-15.25,Ay=-39.41,Az=968.80,Gx=2572.50,Gy=27580.00,Gz=92137.5T=N/A,H=N/A,SAT=7"
,2025-09-21T04:07:15Z,COM6,,UTC=11:33:11,18.70,120.292627,23.106585,,,,,,,,,N/A,SAT=7,-45.38,-21.35,999.18,-41055.00,-10570.00,1134T=N/A,,"Package=1840,UTC=11:33:11,Lat=23.106585,Lng=120.292627,Alt=18.70,Ax=-45.38,Ay=-21.35,Az=999.18,Gx=-41055.00,Gy=-10570.00,Gz=1134T=N/A,H=N/A,SAT=7"
,2025-09-21T04:07:16Z,COM6,,UTC=11:33:11,18.70,120.292627,23.106585,,,,,,,,,N/A,SAT=7,-62.22,-26.35,903.41,41107.50,-28910.00,19650T=N/A,,"Package=1841,UTC=11:33:11,Lat=23.106585,Lng=120.292627,Alt=18.70,Ax=-62.22,Ay=-26.35,Az=903.41,Gx=41107.50,Gy=-28910.00,Gz=19650T=N/A,H=N/A,SAT=7"
,2025-09-21T04:07:18Z,COM6,,UTC=11:33:11,18.70,120.292627,23.106585,,,,,,,,,N/A,SAT=7,-68.93,4.03,1108.98,-38202.50,-19582.50,14288T=N/A,,"Package=1842,UTC=11:33:11,Lat=23.106585,Lng=120.292627,Alt=18.70,Ax=-68.93,Ay=4.03,Az=1108.98,Gx=-38202.50,Gy=-19582.50,Gz=14288T=N/A,H=N/A,SAT=7"
,2025-09-21T04:07:20Z,COM6,,UTC=11:33:11,18.70,120.292627,23.106585,,,,,,,,,N/A,SAT=7,-40.02,-52.09,1104.22,11270.00,9310.00,51275.T=N/A,,"Package=1843,UTC=11:33:11,Lat=23.106585,Lng=120.292627,Alt=18.70,Ax=-40.02,Ay=-52.09,Az=1104.22,Gx=11270.00,Gy=9310.00,Gz=51275.T=N/A,H=N/A,SAT=7"
,2025-09-21T04:07:21Z,COM6,,UTC=11:33:11,18.70,120.292627,23.106585,,,,,,,,,N/A,SAT=7,-19.52,-5.37,983.08,-48667.50,6895.00,25760.0T=N/A,,"Package=1844,UTC=11:33:11,Lat=23.106585,Lng=120.292627,Alt=18.70,Ax=-19.52,Ay=-5.37,Az=983.08,Gx=-48667.50,Gy=6895.00,Gz=25760.0T=N/A,H=N/A,SAT=7"
,2025-09-21T04:07:23Z,COM6,,UTC=11:33:11,18.70,120.292627,23.106585,,,,,,,,,N/A,SAT=7,-5.00,-46.36,952.58,44940.00,15102.50,10185.0T=N/A,,"Package=1845,UTC=11:33:11,Lat=23.106585,Lng=120.292627,Alt=18.70,Ax=-5.00,Ay=-46.36,Az=952.58,Gx=44940.00,Gy=15102.50,Gz=10185.0T=N/A,H=N/A,SAT=7"
,2025-09-21T04:07:25Z,COM6,,UTC=11:33:11,18.70,120.292627,23.106585,,,,,,,,,N/A,SAT=7,-13.42,-17.45,977.10,5810.00,30222.50,-28105.T=N/A,,"Package=1846,UTC=11:33:11,Lat=23.106585,Lng=120.292627,Alt=18.70,Ax=-13.42,Ay=-17.45,Az=977.10,Gx=5810.00,Gy=30222.50,Gz=-28105.T=N/A,H=N/A,SAT=7"
,2025-09-21T04:07:26Z,COM6,,UTC=11:33:11,18.70,120.292627,23.106585,,,,,,,,,N/A,SAT=7,-25.50,-15.37,965.75,-3307.50,-3150.00,63105.T=N/A,,"Package=1847,UTC=11:33:11,Lat=23.106585,Lng=120.292627,Alt=18.70,Ax=-25.50,Ay=-15.37,Az=965.75,Gx=-3307.50,Gy=-3150.00,Gz=63105.T=N/A,H=N/A,SAT=7"
,2025-09-21T04:07:28Z,COM6,,UTC=11:33:11,18.70,120.292627,23.106585,,,,,,,,,N/A,SAT=7,-28.79,-39.04,1074.33,-3867.50,2520.00,-3762.T=N/A,,"Package=1848,UTC=11:33:11,Lat=23.106585,Lng=120.292627,Alt=18.70,Ax=-28.79,Ay=-39.04,Az=1074.33,Gx=-3867.50,Gy=2520.00,Gz=-3762.T=N/A,H=N/A,SAT=7"
,2025-09-21T04:07:30Z,COM6,,UTC=11:33:11,18.70,120.292627,23.106585,,,,,,,,,N/A,SAT=7,-24.03,-6.59,1023.82,-3832.50,17500.00,-10122T=N/A,,"Package=1849,UTC=11:33:11,Lat=23.106585,Lng=120.292627,Alt=18.70,Ax=-24.03,Ay=-6.59,Az=1023.82,Gx=-3832.50,Gy=17500.00,Gz=-10122T=N/A,H=N/A,SAT=7"
,2025-09-21T04:07:31Z,COM6,,UTC=11:33:11,18.70,120.292627,23.106585,,,,,,,,,N/A,SAT=7,-44.41,-22.20,980.15,17202.50,-12232.50,-6842T=N/A,,"Package=1850,UTC=11:33:11,Lat=23.106585,Lng=120.292627,Alt=18.70,Ax=-44.41,Ay=-22.20,Az=980.15,Gx=17202.50,Gy=-12232.50,Gz=-6842T=N/A,H=N/A,SAT=7"
,2025-09-21T04:07:33Z,COM6,,UTC=11:33:11,18.70,120.292627,23.106585,,,,,,,,,N/A,SAT=7,-26.23,-12.32,981.37,-2450.00,-4147.50,93380.T=N/A,,"Package=1851,UTC=11:33:11,Lat=23.106585,Lng=120.292627,Alt=18.70,Ax=-26.23,Ay=-12.32,Az=981.37,Gx=-2450.00,Gy=-4147.50,Gz=93380.T=N/A,H=N/A,SAT=7"
,2025-09-21T04:07:35Z,COM6,,UTC=11:33:11,18.70,120.292627,23.106585,,,,,,,,,N/A,SAT=7,-55.39,-26.35,1042.25,-32620.00,-27737.50,-92T=N/A,,"Package=1852,UTC=11:33:11,Lat=23.106585,Lng=120.292627,Alt=18.70,Ax=-55.39,Ay=-26.35,Az=1042.25,Gx=-32620.00,Gy=-27737.50,Gz=-92T=N/A,H=N/A,SAT=7"
,2025-09-21T04:07:36Z,COM6,,UTC=11:33:11,18.70,120.292627,23.106585,,,,,,,,,N/A,SAT=7,-68.08,-44.90,1056.64,31622.50,-28752.50,-257T=N/A,,"Package=1853,UTC=11:33:11,Lat=23.106585,Lng=120.292627,Alt=18.70,Ax=-68.08,Ay=-44.90,Az=1056.64,Gx=31622.50,Gy=-28752.50,Gz=-257T=N/A,H=N/A,SAT=7"
,2025-09-21T04:07:38Z,COM6,,UTC=11:33:11,18.70,120.292627,23.106585,,,,,,,,,N/A,SAT=7,-62.83,-3.17,1037.49,-6090.00,-37730.00,17363T=N/A,,"Package=1854,UTC=11:33:11,Lat=23.106585,Lng=120.292627,Alt=18.70,Ax=-62.83,Ay=-3.17,Az=1037.49,Gx=-6090.00,Gy=-37730.00,Gz=17363T=N/A,H=N/A,SAT=7"
,2025-09-21T04:07:40Z,COM6,,UTC=11:33:11,18.70,120.292627,23.106585,,,,,,,,,N/A,SAT=7,-62.83,-53.92,1023.21,46410.00,-15732.50,8788T=N/A,,"Package=1855,UTC=11:33:11,Lat=23.106585,Lng=120.292627,Alt=18.70,Ax=-62.83,Ay=-53.92,Az=1023.21,Gx=46410.00,Gy=-15732.50,Gz=8788T=N/A,H=N/A,SAT=7"
,2025-09-21T04:07:41Z,COM6,,UTC=11:33:11,18.70,120.292627,23.106585,,,,,,,,,N/A,SAT=7,-36.84,-17.45,949.40,-28472.50,-27230.00,1206T=N/A,,"Package=1856,UTC=11:33:11,Lat=23.106585,Lng=120.292627,Alt=18.70,Ax=-36.84,Ay=-17.45,Az=949.40,Gx=-28472.50,Gy=-27230.00,Gz=1206T=N/A,H=N/A,SAT=7"
,2025-09-21T04:07:43Z,COM6,,UTC=11:33:11,18.70,120.292627,23.106585,,,,,,,,,N/A,SAT=7,-55.63,-53.31,1060.67,24692.50,-21490.00,4880T=N/A,,"Package=1857,UTC=11:33:11,Lat=23.106585,Lng=120.292627,Alt=18.70,Ax=-55.63,Ay=-53.31,Az=1060.67,Gx=24692.50,Gy=-21490.00,Gz=4880T=N/A,H=N/A,SAT=7"
,2025-09-21T04:07:45Z,COM6,,UTC=11:33:11,18.70,120.292627,23.106585,,,,,,,,,N/A,SAT=7,-43.19,-22.20,1005.28,-1977.50,11672.50,11499T=N/A,,"Package=1858,UTC=11:33:11,Lat=23.106585,Lng=120.292627,Alt=18.70,Ax=-43.19,Ay=-22.20,Az=1005.28,Gx=-1977.50,Gy=11672.50,Gz=11499T=N/A,H=N/A,SAT=7"
,2025-09-21T04:07:46Z,COM6,,UTC=11:33:11,18.70,120.292627,23.106585,,,,,,,,,N/A,SAT=7,-19.28,-52.70,1006.87,2607.50,6720.00,-41405.T=N/A,,"Package=1859,UTC=11:33:11,Lat=23.106585,Lng=120.292627,Alt=18.70,Ax=-19.28,Ay=-52.70,Az=1006.87,Gx=2607.50,Gy=6720.00,Gz=-41405.T=N/A,H=N/A,SAT=7"
,2025-09-21T04:07:48Z,COM6,,UTC=11:33:11,18.70,120.292627,23.106585,,,,,,,,,N/A,SAT=7,-40.02,-3.54,961.73,-3920.00,-3482.50,2502.50T=N/A,,"Package=1860,UTC=11:33:11,Lat=23.106585,Lng=120.292627,Alt=18.70,Ax=-40.02,Ay=-3.54,Az=961.73,Gx=-3920.00,Gy=-3482.50,Gz=2502.50T=N/A,H=N/A,SAT=7"
,2025-09-21T04:07:50Z,COM6,,UTC=11:33:11,18.70,120.292627,23.106585,,,,,,,,,N/A,SAT=7,-10.37,-11.59,943.91,3850.00,7612.50,41562.50T=N/A,,"Package=1861,UTC=11:33:11,Lat=23.106585,Lng=120.292627,Alt=18.70,Ax=-10.37,Ay=-11.59,Az=943.91,Gx=3850.00,Gy=7612.50,Gz=41562.50T=N/A,H=N/A,SAT=7"
,2025-09-21T04:07:51Z,COM6,,UTC=11:33:11,18.70,120.292627,23.106585,,,,,,,,,N/A,SAT=7,-23.79,-12.08,1168.88,-19337.50,-5442.50,5943T=N/A,,"Package=1862,UTC=11:33:11,Lat=23.106585,Lng=120.292627,Alt=18.70,Ax=-23.79,Ay=-12.08,Az=1168.88,Gx=-19337.50,Gy=-5442.50,Gz=5943T=N/A,H=N/A,SAT=7"
,2025-09-21T04:07:53Z,COM6,,UTC=11:33:11,18.70,120.292627,23.106585,,,,,,,,,N/A,SAT=7,-36.36,-58.19,1180.84,13370.00,-18830.00,-212T=N/A,,"Package=1863,UTC=11:33:11,Lat=23.106585,Lng=120.292627,Alt=18.70,Ax=-36.36,Ay=-58.19,Az=1180.84,Gx=13370.00,Gy=-18830.00,Gz=-212T=N/A,H=N/A,SAT=7"
,2025-09-21T04:07:55Z,COM6,,UTC=11:33:11,18.70,120.292627,23.106585,,,,,,,,,N/A,SAT=7,-60.39,-15.98,1069.70,11252.50,-18830.00,-142T=N/A,,"Package=1864,UTC=11:33:11,Lat=23.106585,Lng=120.292627,Alt=18.70,Ax=-60.39,Ay=-15.98,Az=1069.70,Gx=11252.50,Gy=-18830.00,Gz=-142T=N/A,H=N/A,SAT=7"
,2025-09-21T04:07:56Z,COM6,,UTC=11:33:11,18.70,120.292627,23.106585,,,,,,,,,N/A,SAT=7,-33.55,-29.89,980.03,40845.00,23782.50,-85575T=N/A,,"Package=1865,UTC=11:33:11,Lat=23.106585,Lng=120.292627,Alt=18.70,Ax=-33.55,Ay=-29.89,Az=980.03,Gx=40845.00,Gy=23782.50,Gz=-85575T=N/A,H=N/A,SAT=7"
,2025-09-21T04:07:58Z,COM6,,UTC=11:33:11,18.70,120.292627,23.106585,,,,,,,,,N/A,SAT=7,-66.61,3.17,974.29,-73570.00,-44100.00,65992.T=N/A,,"Package=1866,UTC=11:33:11,Lat=23.106585,Lng=120.292627,Alt=18.70,Ax=-66.61,Ay=3.17,Az=974.29,Gx=-73570.00,Gy=-44100.00,Gz=65992.T=N/A,H=N/A,SAT=7"
,2025-09-21T04:08:00Z,COM6,,UTC=11:33:11,18.70,120.292627,23.106585,,,,,,,,,N/A,SAT=7,-51.85,-41.72,1086.29,-5600.00,-27755.00,8874T=N/A,,"Package=1867,UTC=11:33:11,Lat=23.106585,Lng=120.292627,Alt=18.70,Ax=-51.85,Ay=-41.72,Az=1086.29,Gx=-5600.00,Gy=-27755.00,Gz=8874T=N/A,H=N/A,SAT=7"
,2025-09-21T04:08:01Z,COM6,,UTC=11:33:11,18.70,120.292627,23.106585,,,,,,,,,N/A,SAT=7,-21.59,-40.26,1003.21,16187.50,-23922.50,-802T=N/A,,"Package=1868,UTC=11:33:11,Lat=23.106585,Lng=120.292627,Alt=18.70,Ax=-21.59,Ay=-40.26,Az=1003.21,Gx=16187.50,Gy=-23922.50,Gz=-802T=N/A,H=N/A,SAT=7"
,2025-09-21T04:08:03Z,COM6,,UTC=11:33:11,18.70,120.292627,23.106585,,,,,,,,,N/A,SAT=7,-44.04,-14.15,887.67,10640.00,7280.00,-88847.T=N/A,,"Package=1869,UTC=11:33:11,Lat=23.106585,Lng=120.292627,Alt=18.70,Ax=-44.04,Ay=-14.15,Az=887.67,Gx=10640.00,Gy=7280.00,Gz=-88847.T=N/A,H=N/A,SAT=7"
,2025-09-21T04:08:05Z,COM6,,UTC=11:33:11,18.70,120.292627,23.106585,,,,,,,,,N/A,SAT=7,-29.77,-4.51,1045.54,-1662.50,46900.00,135222T=N/A,,"Package=1870,UTC=11:33:11,Lat=23.106585,Lng=120.292627,Alt=18.70,Ax=-29.77,Ay=-4.51,Az=1045.54,Gx=-1662.50,Gy=46900.00,Gz=135222T=N/A,H=N/A,SAT=7"
,2025-09-21T04:08:06Z,COM6,,UTC=11:33:11,18.70,120.292627,23.106585,,,,,,,,,N/A,SAT=7,-54.90,-33.55,1152.17,-38762.50,13877.50,1084T=N/A,,"Package=1871,UTC=11:33:11,Lat=23.106585,Lng=120.292627,Alt=18.70,Ax=-54.90,Ay=-33.55,Az=1152.17,Gx=-38762.50,Gy=13877.50,Gz=1084T=N/A,H=N/A,SAT=7"
,2025-09-21T04:08:08Z,COM6,,UTC=11:33:11,18.70,120.292627,23.106585,,,,,,,,,N/A,SAT=7,-76.86,-7.56,1083.12,-23957.50,-42840.00,1390T=N/A,,"Package=1872,UTC=11:33:11,Lat=23.106585,Lng=120.292627,Alt=18.70,Ax=-76.86,Ay=-7.56,Az=1083.12,Gx=-23957.50,Gy=-42840.00,Gz=1390T=N/A,H=N/A,SAT=7"
,2025-09-21T04:08:10Z,COM6,,UTC=11:33:11,18.70,120.292627,23.106585,,,,,,,,,N/A,SAT=7,-69.78,-22.20,950.14,9117.50,-26985.00,145302T=N/A,,"Package=1873,UTC=11:33:11,Lat=23.106585,Lng=120.292627,Alt=18.70,Ax=-69.78,Ay=-22.20,Az=950.14,Gx=9117.50,Gy=-26985.00,Gz=145302T=N/A,H=N/A,SAT=7"
,2025-09-21T04:08:12Z,COM6,,UTC=11:33:11,18.70,120.292627,23.106585,,,,,,,,,N/A,SAT=7,-79.42,-1.22,1035.66,-62195.00,-19530.00,9840T=N/A,,"Package=1874,UTC=11:33:11,Lat=23.106585,Lng=120.292627,Alt=18.70,Ax=-79.42,Ay=-1.22,Az=1035.66,Gx=-62195.00,Gy=-19530.00,Gz=9840T=N/A,H=N/A,SAT=7"
,2025-09-21T04:08:13Z,COM6,,UTC=11:33:11,18.70,120.292627,23.106585,,,,,,,,,N/A,SAT=7,-25.01,-63.32,912.93,16905.00,27580.00,99592.T=N/A,,"Package=1875,UTC=11:33:11,Lat=23.106585,Lng=120.292627,Alt=18.70,Ax=-25.01,Ay=-63.32,Az=912.93,Gx=16905.00,Gy=27580.00,Gz=99592.T=N/A,H=N/A,SAT=7"
,2025-09-21T04:08:15Z,COM6,,UTC=11:33:11,18.70,120.292627,23.106585,,,,,,,,,N/A,SAT=7,-65.64,-32.70,1026.26,-1400.00,-28350.00,9388T=N/A,,"Package=1876,UTC=11:33:11,Lat=23.106585,Lng=120.292627,Alt=18.70,Ax=-65.64,Ay=-32.70,Az=1026.26,Gx=-1400.00,Gy=-28350.00,Gz=9388T=N/A,H=N/A,SAT=7"
,2025-09-21T04:08:17Z,COM6,,UTC=11:33:11,18.70,120.292627,23.106585,,,,,,,,,N/A,SAT=7,-52.70,-45.87,1033.34,3832.50,-9450.00,103775T=N/A,,"Package=1877,UTC=11:33:11,Lat=23.106585,Lng=120.292627,Alt=18.70,Ax=-52.70,Ay=-45.87,Az=1033.34,Gx=3832.50,Gy=-9450.00,Gz=103775T=N/A,H=N/A,SAT=7"
,2025-09-21T04:08:18Z,COM6,,UTC=11:33:11,18.70,120.292627,23.106585,,,,,,,,,N/A,SAT=7,-30.50,-47.09,1009.92,12057.50,-16327.50,-708T=N/A,,"Package=1878,UTC=11:33:11,Lat=23.106585,Lng=120.292627,Alt=18.70,Ax=-30.50,Ay=-47.09,Az=1009.92,Gx=12057.50,Gy=-16327.50,Gz=-708T=N/A,H=N/A,SAT=7"
,2025-09-21T04:08:20Z,COM6,,UTC=11:33:11,18.70,120.292627,23.106585,,,,,,,,,N/A,SAT=7,-45.87,-16.71,951.60,-3307.50,-10832.50,-4614T=N/A,,"Package=1879,UTC=11:33:11,Lat=23.106585,Lng=120.292627,Alt=18.70,Ax=-45.87,Ay=-16.71,Az=951.60,Gx=-3307.50,Gy=-10832.50,Gz=-4614T=N/A,H=N/A,SAT=7"
,2025-09-21T04:08:22Z,COM6,,UTC=11:33:11,18.70,120.292627,23.106585,,,,,,,,,N/A,SAT=7,-55.88,-47.09,947.57,18637.50,-2152.50,-5495.T=N/A,,"Package=1880,UTC=11:33:11,Lat=23.106585,Lng=120.292627,Alt=18.70,Ax=-55.88,Ay=-47.09,Az=947.57,Gx=18637.50,Gy=-2152.50,Gz=-5495.T=N/A,H=N/A,SAT=7"
,2025-09-21T04:08:23Z,COM6,,UTC=11:33:11,18.70,120.292627,23.106585,,,,,,,,,N/A,SAT=7,-38.67,-5.73,1045.30,-1505.00,9520.00,91647.5T=N/A,,"Package=1881,UTC=11:33:11,Lat=23.106585,Lng=120.292627,Alt=18.70,Ax=-38.67,Ay=-5.73,Az=1045.30,Gx=-1505.00,Gy=9520.00,Gz=91647.5T=N/A,H=N/A,SAT=7"
,2025-09-21T04:08:25Z,COM6,,UTC=11:33:11,18.70,120.292627,23.106585,,,,,,,,,N/A,SAT=7,-24.40,-50.63,969.17,2310.00,17937.50,30870.0T=N/A,,"Package=1882,UTC=11:33:11,Lat=23.106585,Lng=120.292627,Alt=18.70,Ax=-24.40,Ay=-50.63,Az=969.17,Gx=2310.00,Gy=17937.50,Gz=30870.0T=N/A,H=N/A,SAT=7"
,2025-09-21T04:08:27Z,COM6,,UTC=11:33:11,18.70,120.292627,23.106585,,,,,,,,,N/A,SAT=7,-23.06,-25.13,1008.94,-3780.00,24972.50,-9500T=N/A,,"Package=1883,UTC=11:33:11,Lat=23.106585,Lng=120.292627,Alt=18.70,Ax=-23.06,Ay=-25.13,Az=1008.94,Gx=-3780.00,Gy=24972.50,Gz=-9500T=N/A,H=N/A,SAT=7"
,2025-09-21T04:08:28Z,COM6,,UTC=11:33:11,18.70,120.292627,23.106585,,,,,,,,,N/A,SAT=7,-61.61,-14.40,1151.44,-4952.50,-35245.00,6931T=N/A,,"Package=1884,UTC=11:33:11,Lat=23.106585,Lng=120.292627,Alt=18.70,Ax=-61.61,Ay=-14.40,Az=1151.44,Gx=-4952.50,Gy=-35245.00,Gz=6931T=N/A,H=N/A,SAT=7"
,2025-09-21T04:08:30Z,COM6,,UTC=11:33:11,18.70,120.292627,23.106585,,,,,,,,,N/A,SAT=7,-41.24,-44.04,1039.68,7437.50,-21980.00,74515T=N/A,,"Package=1885,UTC=11:33:11,Lat=23.106585,Lng=120.292627,Alt=18.70,Ax=-41.24,Ay=-44.04,Az=1039.68,Gx=7437.50,Gy=-21980.00,Gz=74515T=N/A,H=N/A,SAT=7"
,2025-09-21T04:08:32Z,COM6,,UTC=11:33:11,18.70,120.292627,23.106585,,,,,,,,,N/A,SAT=7,-27.08,-69.54,1006.26,23065.00,18707.50,-5488T=N/A,,"Package=1886,UTC=11:33:11,Lat=23.106585,Lng=120.292627,Alt=18.70,Ax=-27.08,Ay=-69.54,Az=1006.26,Gx=23065.00,Gy=18707.50,Gz=-5488T=N/A,H=N/A,SAT=7"
,2025-09-21T04:08:33Z,COM6,,UTC=11:33:11,18.70,120.292627,23.106585,,,,,,,,,N/A,SAT=7,-65.39,-1.46,1008.94,-11795.00,-12110.00,-860T=N/A,,"Package=1887,UTC=11:33:11,Lat=23.106585,Lng=120.292627,Alt=18.70,Ax=-65.39,Ay=-1.46,Az=1008.94,Gx=-11795.00,Gy=-12110.00,Gz=-860T=N/A,H=N/A,SAT=7"
,2025-09-21T04:08:35Z,COM6,,UTC=11:33:11,18.70,120.292627,23.106585,,,,,,,,,N/A,SAT=7,-23.91,-54.29,1016.75,38325.00,27580.00,-1627T=N/A,,"Package=1888,UTC=11:33:11,Lat=23.106585,Lng=120.292627,Alt=18.70,Ax=-23.91,Ay=-54.29,Az=1016.75,Gx=38325.00,Gy=27580.00,Gz=-1627T=N/A,H=N/A,SAT=7"
,2025-09-21T04:08:37Z,COM6,,UTC=11:33:11,18.70,120.292627,23.106585,,,,,,,,,N/A,SAT=7,-68.69,-16.71,921.59,-15907.50,-4707.50,-1987T=N/A,,"Package=1889,UTC=11:33:11,Lat=23.106585,Lng=120.292627,Alt=18.70,Ax=-68.69,Ay=-16.71,Az=921.59,Gx=-15907.50,Gy=-4707.50,Gz=-1987T=N/A,H=N/A,SAT=7"
,2025-09-21T04:08:38Z,COM6,,UTC=11:33:11,18.70,120.292627,23.106585,,,,,,,,,N/A,SAT=7,-59.78,-32.21,1144.48,-24360.00,-9835.00,-131T=N/A,,"Package=1890,UTC=11:33:11,Lat=23.106585,Lng=120.292627,Alt=18.70,Ax=-59.78,Ay=-32.21,Az=1144.48,Gx=-24360.00,Gy=-9835.00,Gz=-131T=N/A,H=N/A,SAT=7"
,2025-09-21T04:08:40Z,COM6,,UTC=11:33:11,18.70,120.292627,23.106585,,,,,,,,,N/A,SAT=7,-92.23,32.94,1043.59,-23677.50,-29487.50,-203T=N/A,,"Package=1891,UTC=11:33:11,Lat=23.106585,Lng=120.292627,Alt=18.70,Ax=-92.23,Ay=32.94,Az=1043.59,Gx=-23677.50,Gy=-29487.50,Gz=-203T=N/A,H=N/A,SAT=7"
,2025-09-21T04:08:42Z,COM6,,UTC=11:33:11,18.70,120.292627,23.106585,,,,,,,,,N/A,SAT=7,-66.49,-23.91,993.32,28455.00,-4725.00,-20760T=N/A,,"Package=1892,UTC=11:33:11,Lat=23.106585,Lng=120.292627,Alt=18.70,Ax=-66.49,Ay=-23.91,Az=993.32,Gx=28455.00,Gy=-4725.00,Gz=-20760T=N/A,H=N/A,SAT=7"
,2025-09-21T04:08:43Z,COM6,,UTC=11:33:11,18.70,120.292627,23.106585,,,,,,,,,N/A,SAT=7,-19.76,-61.00,903.78,28035.00,59972.50,-13387T=N/A,,"Package=1893,UTC=11:33:11,Lat=23.106585,Lng=120.292627,Alt=18.70,Ax=-19.76,Ay=-61.00,Az=903.78,Gx=28035.00,Gy=59972.50,Gz=-13387T=N/A,H=N/A,SAT=7"
,2025-09-21T04:08:45Z,COM6,,UTC=11:33:11,18.70,120.292627,23.106585,,,,,,,,,N/A,SAT=7,-76.86,-27.69,1082.51,20457.50,-16397.50,-112T=N/A,,"Package=1894,UTC=11:33:11,Lat=23.106585,Lng=120.292627,Alt=18.70,Ax=-76.86,Ay=-27.69,Az=1082.51,Gx=20457.50,Gy=-16397.50,Gz=-112T=N/A,H=N/A,SAT=7"
,2025-09-21T04:08:47Z,COM6,,UTC=11:33:11,18.70,120.292627,23.106585,,,,,,,,,N/A,SAT=7,-53.68,-6.83,1011.62,-10867.50,-3150.00,-1929T=N/A,,"Package=1895,UTC=11:33:11,Lat=23.106585,Lng=120.292627,Alt=18.70,Ax=-53.68,Ay=-6.83,Az=1011.62,Gx=-10867.50,Gy=-3150.00,Gz=-1929T=N/A,H=N/A,SAT=7"
,2025-09-21T04:08:48Z,COM6,,UTC=11:33:11,18.70,120.292627,23.106585,,,,,,,,,N/A,SAT=7,-38.55,-13.42,1004.91,-31325.00,34090.00,-216T=N/A,,"Package=1896,UTC=11:33:11,Lat=23.106585,Lng=120.292627,Alt=18.70,Ax=-38.55,Ay=-13.42,Az=1004.91,Gx=-31325.00,Gy=34090.00,Gz=-216T=N/A,H=N/A,SAT=7"
,2025-09-21T04:08:50Z,COM6,,UTC=11:33:11,18.70,120.292627,23.106585,,,,,,,,,N/A,SAT=7,-29.89,-52.46,964.53,39252.50,18585.00,-6475.T=N/A,,"Package=1897,UTC=11:33:11,Lat=23.106585,Lng=120.292627,Alt=18.70,Ax=-29.89,Ay=-52.46,Az=964.53,Gx=39252.50,Gy=18585.00,Gz=-6475.T=N/A,H=N/A,SAT=7"
,2025-09-21T04:08:52Z,COM6,,UTC=11:33:11,18.70,120.292627,23.106585,,,,,,,,,N/A,SAT=7,-65.88,-30.01,1093.00,-26337.50,-37590.00,-98T=N/A,,"Package=1898,UTC=11:33:11,Lat=23.106585,Lng=120.292627,Alt=18.70,Ax=-65.88,Ay=-30.01,Az=1093.00,Gx=-26337.50,Gy=-37590.00,Gz=-98T=N/A,H=N/A,SAT=7"
,2025-09-21T04:08:53Z,COM6,,UTC=11:33:11,18.70,120.292627,23.106585,,,,,,,,,N/A,SAT=7,-43.92,-15.74,976.73,29417.50,-11112.50,-2518T=N/A,,"Package=1899,UTC=11:33:11,Lat=23.106585,Lng=120.292627,Alt=18.70,Ax=-43.92,Ay=-15.74,Az=976.73,Gx=29417.50,Gy=-11112.50,Gz=-2518T=N/A,H=N/A,SAT=7"
,2025-09-21T04:08:55Z,COM6,,UTC=11:33:11,18.70,120.292627,23.106585,,,,,,,,,N/A,SAT=7,-51.36,-46.12,1098.98,-15225.00,-15225.00,-53T=N/A,,"Package=1900,UTC=11:33:11,Lat=23.106585,Lng=120.292627,Alt=18.70,Ax=-51.36,Ay=-46.12,Az=1098.98,Gx=-15225.00,Gy=-15225.00,Gz=-53T=N/A,H=N/A,SAT=7"
,2025-09-21T04:08:57Z,COM6,,UTC=11:33:11,18.70,120.292627,23.106585,,,,,,,,,N/A,SAT=7,-41.72,-2.32,1092.51,-20580.00,29225.00,-1764T=N/A,,"Package=1901,UTC=11:33:11,Lat=23.106585,Lng=120.292627,Alt=18.70,Ax=-41.72,Ay=-2.32,Az=1092.51,Gx=-20580.00,Gy=29225.00,Gz=-1764T=N/A,H=N/A,SAT=7"
,2025-09-21T04:08:58Z,COM6,,UTC=11:33:11,18.70,120.292627,23.106585,,,,,,,,,N/A,SAT=7,-25.86,6.95,1182.67,-43697.50,34545.00,-19199T=N/A,,"Package=1902,UTC=11:33:11,Lat=23.106585,Lng=120.292627,Alt=18.70,Ax=-25.86,Ay=6.95,Az=1182.67,Gx=-43697.50,Gy=34545.00,Gz=-19199T=N/A,H=N/A,SAT=7"
,2025-09-21T04:09:00Z,COM6,,UTC=11:33:11,18.70,120.292627,23.106585,,,,,,,,,N/A,SAT=7,-50.75,-30.50,1035.54,-17115.00,17325.00,-652T=N/A,,"Package=1903,UTC=11:33:11,Lat=23.106585,Lng=120.292627,Alt=18.70,Ax=-50.75,Ay=-30.50,Az=1035.54,Gx=-17115.00,Gy=17325.00,Gz=-652T=N/A,H=N/A,SAT=7"
,2025-09-21T04:09:02Z,COM6,,UTC=11:33:11,18.70,120.292627,23.106585,,,,,,,,,N/A,SAT=7,-42.33,-62.22,1104.10,6492.50,11147.50,-86310T=N/A,,"Package=1904,UTC=11:33:11,Lat=23.106585,Lng=120.292627,Alt=18.70,Ax=-42.33,Ay=-62.22,Az=1104.10,Gx=6492.50,Gy=11147.50,Gz=-86310T=N/A,H=N/A,SAT=7"
,2025-09-21T04:09:03Z,COM6,,UTC=11:33:11,18.70,120.292627,23.106585,,,,,,,,,N/A,SAT=7,-56.61,1.22,1012.11,4655.00,23642.50,-152670.T=N/A,,"Package=1905,UTC=11:33:11,Lat=23.106585,Lng=120.292627,Alt=18.70,Ax=-56.61,Ay=1.22,Az=1012.11,Gx=4655.00,Gy=23642.50,Gz=-152670.T=N/A,H=N/A,SAT=7"
,2025-09-21T04:09:05Z,COM6,,UTC=11:33:11,18.70,120.292627,23.106585,,,,,,,,,N/A,SAT=7,-27.33,-82.47,967.09,91157.50,24622.50,-67655T=N/A,,"Package=1906,UTC=11:33:11,Lat=23.106585,Lng=120.292627,Alt=18.70,Ax=-27.33,Ay=-82.47,Az=967.09,Gx=91157.50,Gy=24622.50,Gz=-67655T=N/A,H=N/A,SAT=7"
,2025-09-21T04:09:07Z,COM6,,UTC=11:33:11,18.70,120.292627,23.106585,,,,,,,,,N/A,SAT=7,-60.15,-18.18,1011.87,-542.50,-9082.50,-15277T=N/A,,"Package=1907,UTC=11:33:11,Lat=23.106585,Lng=120.292627,Alt=18.70,Ax=-60.15,Ay=-18.18,Az=1011.87,Gx=-542.50,Gy=-9082.50,Gz=-15277T=N/A,H=N/A,SAT=7"
,2025-09-21T04:09:08Z,COM6,,UTC=11:33:11,18.70,120.292627,23.106585,,,,,,,,,N/A,SAT=7,-23.91,-10.98,848.14,-16782.50,13090.00,71277T=N/A,,"Package=1908,UTC=11:33:11,Lat=23.106585,Lng=120.292627,Alt=18.70,Ax=-23.91,Ay=-10.98,Az=848.14,Gx=-16782.50,Gy=13090.00,Gz=71277T=N/A,H=N/A,SAT=7"
,2025-09-21T04:09:10Z,COM6,,UTC=11:33:11,18.70,120.292627,23.106585,,,,,,,,,N/A,SAT=7,-21.84,-40.50,1043.59,-21472.50,-3360.00,2198T=N/A,,"Package=1909,UTC=11:33:11,Lat=23.106585,Lng=120.292627,Alt=18.70,Ax=-21.84,Ay=-40.50,Az=1043.59,Gx=-21472.50,Gy=-3360.00,Gz=2198T=N/A,H=N/A,SAT=7"
,2025-09-21T04:09:12Z,COM6,,UTC=11:33:11,18.70,120.292627,23.106585,,,,,,,,,N/A,SAT=7,-29.65,-29.28,1098.61,27282.50,1837.50,-88217T=N/A,,"Package=1910,UTC=11:33:11,Lat=23.106585,Lng=120.292627,Alt=18.70,Ax=-29.65,Ay=-29.28,Az=1098.61,Gx=27282.50,Gy=1837.50,Gz=-88217T=N/A,H=N/A,SAT=7"
,2025-09-21T04:09:13Z,COM6,,UTC=11:33:11,18.70,120.292627,23.106585,,,,,,,,,N/A,SAT=7,-58.44,5.61,1181.94,-15592.50,-35700.00,90300T=N/A,,"Package=1911,UTC=11:33:11,Lat=23.106585,Lng=120.292627,Alt=18.70,Ax=-58.44,Ay=5.61,Az=1181.94,Gx=-15592.50,Gy=-35700.00,Gz=90300T=N/A,H=N/A,SAT=7"
,2025-09-21T04:09:15Z,COM6,,UTC=11:33:11,18.70,120.292627,23.106585,,,,,,,,,N/A,SAT=7,-71.25,-15.49,1214.63,-41457.50,-34125.00,109T=N/A,,"Package=1912,UTC=11:33:11,Lat=23.106585,Lng=120.292627,Alt=18.70,Ax=-71.25,Ay=-15.49,Az=1214.63,Gx=-41457.50,Gy=-34125.00,Gz=109T=N/A,H=N/A,SAT=7"
,2025-09-21T04:09:17Z,COM6,,UTC=11:33:11,18.70,120.292627,23.106585,,,,,,,,,N/A,SAT=7,-56.00,-16.47,1026.63,-15820.00,15785.00,1623T=N/A,,"Package=1913,UTC=11:33:11,Lat=23.106585,Lng=120.292627,Alt=18.70,Ax=-56.00,Ay=-16.47,Az=1026.63,Gx=-15820.00,Gy=15785.00,Gz=1623T=N/A,H=N/A,SAT=7"
,2025-09-21T04:09:18Z,COM6,,UTC=11:33:11,18.70,120.292627,23.106585,,,,,,,,,N/A,SAT=7,-34.65,-62.34,1025.17,26652.50,-1960.00,89057T=N/A,,"Package=1914,UTC=11:33:11,Lat=23.106585,Lng=120.292627,Alt=18.70,Ax=-34.65,Ay=-62.34,Az=1025.17,Gx=26652.50,Gy=-1960.00,Gz=89057T=N/A,H=N/A,SAT=7"
,2025-09-21T04:09:20Z,COM6,,UTC=11:33:11,18.70,120.292627,23.106585,,,,,,,,,N/A,SAT=7,-10.37,-28.30,839.12,10587.50,20492.50,-12337T=N/A,,"Package=1915,UTC=11:33:11,Lat=23.106585,Lng=120.292627,Alt=18.70,Ax=-10.37,Ay=-28.30,Az=839.12,Gx=10587.50,Gy=20492.50,Gz=-12337T=N/A,H=N/A,SAT=7"
,2025-09-21T04:09:22Z,COM6,,UTC=11:33:11,18.70,120.292627,23.106585,,,,,,,,,N/A,SAT=7,-38.92,-24.52,1063.47,-8435.00,14385.00,-9380T=N/A,,"Package=1916,UTC=11:33:11,Lat=23.106585,Lng=120.292627,Alt=18.70,Ax=-38.92,Ay=-24.52,Az=1063.47,Gx=-8435.00,Gy=14385.00,Gz=-9380T=N/A,H=N/A,SAT=7"
,2025-09-21T04:09:23Z,COM6,,UTC=11:33:11,18.70,120.292627,23.106585,,,,,,,,,N/A,SAT=7,-40.26,-2.68,1067.74,-32462.50,-927.50,137252T=N/A,,"Package=1917,UTC=11:33:11,Lat=23.106585,Lng=120.292627,Alt=18.70,Ax=-40.26,Ay=-2.68,Az=1067.74,Gx=-32462.50,Gy=-927.50,Gz=137252T=N/A,H=N/A,SAT=7"
,2025-09-21T04:09:25Z,COM6,,UTC=11:33:11,18.70,120.292627,23.106585,,,,,,,,,N/A,SAT=7,-41.85,-53.68,979.05,22715.00,-28472.50,75932T=N/A,,"Package=1918,UTC=11:33:11,Lat=23.106585,Lng=120.292627,Alt=18.70,Ax=-41.85,Ay=-53.68,Az=979.05,Gx=22715.00,Gy=-28472.50,Gz=75932T=N/A,H=N/A,SAT=7"
,2025-09-21T04:09:27Z,COM6,,UTC=11:33:11,18.70,120.292627,23.106585,,,,,,,,,N/A,SAT=7,-25.38,-42.46,1017.24,4322.50,-10675.00,-6009T=N/A,,"Package=1919,UTC=11:33:11,Lat=23.106585,Lng=120.292627,Alt=18.70,Ax=-25.38,Ay=-42.46,Az=1017.24,Gx=4322.50,Gy=-10675.00,Gz=-6009T=N/A,H=N/A,SAT=7"
,2025-09-21T04:09:29Z,COM6,,UTC=11:33:11,18.70,120.292627,23.106585,,,,,,,,,N/A,SAT=7,-49.78,9.76,958.55,-23870.00,-29557.50,-50172T=N/A,,"Package=1920,UTC=11:33:11,Lat=23.106585,Lng=120.292627,Alt=18.70,Ax=-49.78,Ay=9.76,Az=958.55,Gx=-23870.00,Gy=-29557.50,Gz=-50172T=N/A,H=N/A,SAT=7"
,2025-09-21T04:09:30Z,COM6,,UTC=11:33:11,18.70,120.292627,23.106585,,,,,,,,,N/A,SAT=7,-20.25,0.73,1024.43,-27370.00,13842.50,98857.T=N/A,,"Package=1921,UTC=11:33:11,Lat=23.106585,Lng=120.292627,Alt=18.70,Ax=-20.25,Ay=0.73,Az=1024.43,Gx=-27370.00,Gy=13842.50,Gz=98857.T=N/A,H=N/A,SAT=7"
,2025-09-21T04:09:32Z,COM6,,UTC=11:33:11,18.70,120.292627,23.106585,,,,,,,,,N/A,SAT=7,-30.50,-49.65,1074.70,5512.50,-15715.00,-1814T=N/A,,"Package=1922,UTC=11:33:11,Lat=23.106585,Lng=120.292627,Alt=18.70,Ax=-30.50,Ay=-49.65,Az=1074.70,Gx=5512.50,Gy=-15715.00,Gz=-1814T=N/A,H=N/A,SAT=7"
,2025-09-21T04:09:34Z,COM6,,UTC=11:33:11,18.70,120.292627,23.106585,,,,,,,,,N/A,SAT=7,-39.89,-20.01,1031.27,8522.50,-16730.00,-2665T=N/A,,"Package=1923,UTC=11:33:11,Lat=23.106585,Lng=120.292627,Alt=18.70,Ax=-39.89,Ay=-20.01,Az=1031.27,Gx=8522.50,Gy=-16730.00,Gz=-2665T=N/A,H=N/A,SAT=7"
,2025-09-21T04:09:35Z,COM6,,UTC=11:33:11,18.70,120.292627,23.106585,,,,,,,,,N/A,SAT=7,-56.85,-17.08,1130.45,-11567.50,-32182.50,125T=N/A,,"Package=1924,UTC=11:33:11,Lat=23.106585,Lng=120.292627,Alt=18.70,Ax=-56.85,Ay=-17.08,Az=1130.45,Gx=-11567.50,Gy=-32182.50,Gz=125T=N/A,H=N/A,SAT=7"
,2025-09-21T04:09:37Z,COM6,,UTC=11:33:11,18.70,120.292627,23.106585,,,,,,,,,N/A,SAT=7,-69.54,2.68,1037.12,-22172.50,-34037.50,15568T=N/A,,"Package=1925,UTC=11:33:11,Lat=23.106585,Lng=120.292627,Alt=18.70,Ax=-69.54,Ay=2.68,Az=1037.12,Gx=-22172.50,Gy=-34037.50,Gz=15568T=N/A,H=N/A,SAT=7"
,2025-09-21T04:09:39Z,COM6,,UTC=11:33:11,18.70,120.292627,23.106585,,,,,,,,,N/A,SAT=7,-42.70,-26.84,1005.77,-46865.00,542.50,70787.T=N/A,,"Package=1926,UTC=11:33:11,Lat=23.106585,Lng=120.292627,Alt=18.70,Ax=-42.70,Ay=-26.84,Az=1005.77,Gx=-46865.00,Gy=542.50,Gz=70787.T=N/A,H=N/A,SAT=7"
,2025-09-21T04:09:40Z,COM6,,UTC=11:33:11,18.70,120.292627,23.106585,,,,,,,,,N/A,SAT=7,-36.60,-18.30,1058.11,-42735.00,-13387.50,112T=N/A,,"Package=1927,UTC=11:33:11,Lat=23.106585,Lng=120.292627,Alt=18.70,Ax=-36.60,Ay=-18.30,Az=1058.11,Gx=-42735.00,Gy=-13387.50,Gz=112T=N/A,H=N/A,SAT=7"
,2025-09-21T04:09:42Z,COM6,,UTC=11:33:11,18.70,120.292627,23.106585,,,,,,,,,N/A,SAT=7,-38.43,-49.65,973.19,23117.50,13352.50,25567.T=N/A,,"Package=1928,UTC=11:33:11,Lat=23.106585,Lng=120.292627,Alt=18.70,Ax=-38.43,Ay=-49.65,Az=973.19,Gx=23117.50,Gy=13352.50,Gz=25567.T=N/A,H=N/A,SAT=7"
,2025-09-21T04:09:44Z,COM6,,UTC=11:33:11,18.70,120.292627,23.106585,,,,,,,,,N/A,SAT=7,-52.70,45.14,941.23,-64697.50,-10552.50,15001T=N/A,,"Package=1929,UTC=11:33:11,Lat=23.106585,Lng=120.292627,Alt=18.70,Ax=-52.70,Ay=45.14,Az=941.23,Gx=-64697.50,Gy=-10552.50,Gz=15001T=N/A,H=N/A,SAT=7"
,2025-09-21T04:09:45Z,COM6,,UTC=11:33:11,18.70,120.292627,23.106585,,,,,,,,,N/A,SAT=7,-51.73,-45.51,938.79,22382.50,10465.00,135047T=N/A,,"Package=1930,UTC=11:33:11,Lat=23.106585,Lng=120.292627,Alt=18.70,Ax=-51.73,Ay=-45.51,Az=938.79,Gx=22382.50,Gy=10465.00,Gz=135047T=N/A,H=N/A,SAT=7"
,2025-09-21T04:09:47Z,COM6,,UTC=11:33:11,18.70,120.292627,23.106585,,,,,,,,,N/A,SAT=7,-56.12,-59.90,1137.89,53707.50,-6755.00,13571T=N/A,,"Package=1931,UTC=11:33:11,Lat=23.106585,Lng=120.292627,Alt=18.70,Ax=-56.12,Ay=-59.90,Az=1137.89,Gx=53707.50,Gy=-6755.00,Gz=13571T=N/A,H=N/A,SAT=7"
,2025-09-21T04:09:49Z,COM6,,UTC=11:33:11,18.70,120.292627,23.106585,,,,,,,,,N/A,SAT=7,-74.42,44.53,1091.90,4042.50,27177.50,289082.T=N/A,,"Package=1932,UTC=11:33:11,Lat=23.106585,Lng=120.292627,Alt=18.70,Ax=-74.42,Ay=44.53,Az=1091.90,Gx=4042.50,Gy=27177.50,Gz=289082.T=N/A,H=N/A,SAT=7"
,2025-09-21T04:09:50Z,COM6,,UTC=11:33:11,18.70,120.292627,23.106585,,,,,,,,,N/A,SAT=7,-84.91,-36.60,1030.41,62387.50,-61880.00,1345T=N/A,,"Package=1933,UTC=11:33:11,Lat=23.106585,Lng=120.292627,Alt=18.70,Ax=-84.91,Ay=-36.60,Az=1030.41,Gx=62387.50,Gy=-61880.00,Gz=1345T=N/A,H=N/A,SAT=7"
,2025-09-21T04:09:52Z,COM6,,UTC=11:33:11,18.70,120.292627,23.106585,,,,,,,,,N/A,SAT=7,-47.82,-28.55,1035.54,-59675.00,-8540.00,6237T=N/A,,"Package=1934,UTC=11:33:11,Lat=23.106585,Lng=120.292627,Alt=18.70,Ax=-47.82,Ay=-28.55,Az=1035.54,Gx=-59675.00,Gy=-8540.00,Gz=6237T=N/A,H=N/A,SAT=7"
,2025-09-21T04:09:54Z,COM6,,UTC=11:33:11,18.70,120.292627,23.106585,,,,,,,,,N/A,SAT=7,-61.49,-3.90,1032.85,14105.00,-10115.00,21257T=N/A,,"Package=1935,UTC=11:33:11,Lat=23.106585,Lng=120.292627,Alt=18.70,Ax=-61.49,Ay=-3.90,Az=1032.85,Gx=14105.00,Gy=-10115.00,Gz=21257T=N/A,H=N/A,SAT=7"
,2025-09-21T04:09:55Z,COM6,,UTC=11:33:11,18.70,120.292627,23.106585,,,,,,,,,N/A,SAT=7,-74.05,5.37,1047.49,15557.50,-12285.00,231577T=N/A,,"Package=1936,UTC=11:33:11,Lat=23.106585,Lng=120.292627,Alt=18.70,Ax=-74.05,Ay=5.37,Az=1047.49,Gx=15557.50,Gy=-12285.00,Gz=231577T=N/A,H=N/A,SAT=7"
,2025-09-21T04:09:57Z,COM6,,UTC=11:33:11,18.70,120.292627,23.106585,,,,,,,,,N/A,SAT=7,-91.99,-0.98,1039.56,-3867.50,-21192.50,24624T=N/A,,"Package=1937,UTC=11:33:11,Lat=23.106585,Lng=120.292627,Alt=18.70,Ax=-91.99,Ay=-0.98,Az=1039.56,Gx=-3867.50,Gy=-21192.50,Gz=24624T=N/A,H=N/A,SAT=7"
,2025-09-21T04:09:59Z,COM6,,UTC=11:33:11,18.70,120.292627,23.106585,,,,,,,,,N/A,SAT=7,-46.60,-43.68,913.54,10325.00,12372.50,125772T=N/A,,"Package=1938,UTC=11:33:11,Lat=23.106585,Lng=120.292627,Alt=18.70,Ax=-46.60,Ay=-43.68,Az=913.54,Gx=10325.00,Gy=12372.50,Gz=125772T=N/A,H=N/A,SAT=7"
,2025-09-21T04:10:00Z,COM6,,UTC=11:33:11,18.70,120.292627,23.106585,,,,,,,,,N/A,SAT=7,-32.09,-8.30,1025.78,-4935.00,9537.50,161157.T=N/A,,"Package=1939,UTC=11:33:11,Lat=23.106585,Lng=120.292627,Alt=18.70,Ax=-32.09,Ay=-8.30,Az=1025.78,Gx=-4935.00,Gy=9537.50,Gz=161157.T=N/A,H=N/A,SAT=7"
,2025-09-21T04:10:02Z,COM6,,UTC=11:33:11,18.70,120.292627,23.106585,,,,,,,,,N/A,SAT=7,-42.94,-55.39,910.49,46217.50,11375.00,55037.T=N/A,,"Package=1940,UTC=11:33:11,Lat=23.106585,Lng=120.292627,Alt=18.70,Ax=-42.94,Ay=-55.39,Az=910.49,Gx=46217.50,Gy=11375.00,Gz=55037.T=N/A,H=N/A,SAT=7"
,2025-09-21T04:10:04Z,COM6,,UTC=11:33:11,18.70,120.292627,23.106585,,,,,,,,,N/A,SAT=7,-39.41,-15.49,1079.46,-4060.00,-2537.50,15083T=N/A,,"Package=1941,UTC=11:33:11,Lat=23.106585,Lng=120.292627,Alt=18.70,Ax=-39.41,Ay=-15.49,Az=1079.46,Gx=-4060.00,Gy=-2537.50,Gz=15083T=N/A,H=N/A,SAT=7"
,2025-09-21T04:10:05Z,COM6,,UTC=11:33:11,18.70,120.292627,23.106585,,,,,,,,,N/A,SAT=7,-44.16,-20.01,969.17,-23502.50,-1522.50,93222T=N/A,,"Package=1942,UTC=11:33:11,Lat=23.106585,Lng=120.292627,Alt=18.70,Ax=-44.16,Ay=-20.01,Az=969.17,Gx=-23502.50,Gy=-1522.50,Gz=93222T=N/A,H=N/A,SAT=7"
,2025-09-21T04:10:07Z,COM6,,UTC=11:33:11,18.70,120.292627,23.106585,,,,,,,,,N/A,SAT=7,-71.00,21.23,1090.56,-25725.00,-12617.50,1998T=N/A,,"Package=1943,UTC=11:33:11,Lat=23.106585,Lng=120.292627,Alt=18.70,Ax=-71.00,Ay=21.23,Az=1090.56,Gx=-25725.00,Gy=-12617.50,Gz=1998T=N/A,H=N/A,SAT=7"
,2025-09-21T04:10:09Z,COM6,,UTC=11:33:11,18.70,120.292627,23.106585,,,,,,,,,N/A,SAT=7,-53.92,-17.93,932.20,-7717.50,-4742.50,137165T=N/A,,"Package=1944,UTC=11:33:11,Lat=23.106585,Lng=120.292627,Alt=18.70,Ax=-53.92,Ay=-17.93,Az=932.20,Gx=-7717.50,Gy=-4742.50,Gz=137165T=N/A,H=N/A,SAT=7"
,2025-09-21T04:10:10Z,COM6,,UTC=11:33:11,18.70,120.292627,23.106585,,,,,,,,,N/A,SAT=7,-22.94,-56.36,963.31,16362.50,-5740.00,-1382.T=N/A,,"Package=1945,UTC=11:33:11,Lat=23.106585,Lng=120.292627,Alt=18.70,Ax=-22.94,Ay=-56.36,Az=963.31,Gx=16362.50,Gy=-5740.00,Gz=-1382.T=N/A,H=N/A,SAT=7"
,2025-09-21T04:10:12Z,COM6,,UTC=11:33:11,18.70,120.292627,23.106585,,,,,,,,,N/A,SAT=7,-41.11,-11.35,1036.88,7525.00,-9730.00,-77717T=N/A,,"Package=1946,UTC=11:33:11,Lat=23.106585,Lng=120.292627,Alt=18.70,Ax=-41.11,Ay=-11.35,Az=1036.88,Gx=7525.00,Gy=-9730.00,Gz=-77717T=N/A,H=N/A,SAT=7"
,2025-09-21T04:10:14Z,COM6,,UTC=11:33:11,18.70,120.292627,23.106585,,,,,,,,,N/A,SAT=7,-54.29,-28.55,1123.86,-13737.50,-16817.50,887T=N/A,,"Package=1947,UTC=11:33:11,Lat=23.106585,Lng=120.292627,Alt=18.70,Ax=-54.29,Ay=-28.55,Az=1123.86,Gx=-13737.50,Gy=-16817.50,Gz=887T=N/A,H=N/A,SAT=7"
,2025-09-21T04:10:15Z,COM6,,UTC=11:33:11,18.70,120.292627,23.106585,,,,,,,,,N/A,SAT=7,-57.83,-4.64,1078.97,-19110.00,-9485.00,14147T=N/A,,"Package=1948,UTC=11:33:11,Lat=23.106585,Lng=120.292627,Alt=18.70,Ax=-57.83,Ay=-4.64,Az=1078.97,Gx=-19110.00,Gy=-9485.00,Gz=14147T=N/A,H=N/A,SAT=7"
,2025-09-21T04:10:17Z,COM6,,UTC=11:33:11,18.70,120.292627,23.106585,,,,,,,,,N/A,SAT=7,-33.79,-40.75,984.91,-24955.00,262.50,73780.0T=N/A,,"Package=1949,UTC=11:33:11,Lat=23.106585,Lng=120.292627,Alt=18.70,Ax=-33.79,Ay=-40.75,Az=984.91,Gx=-24955.00,Gy=262.50,Gz=73780.0T=N/A,H=N/A,SAT=7"
,2025-09-21T04:10:19Z,COM6,,UTC=11:33:11,18.70,120.292627,23.106585,,,,,,,,,N/A,SAT=7,-26.47,-34.65,986.13,875.00,-16240.00,-106330T=N/A,,"Package=1950,UTC=11:33:11,Lat=23.106585,Lng=120.292627,Alt=18.70,Ax=-26.47,Ay=-34.65,Az=986.13,Gx=875.00,Gy=-16240.00,Gz=-106330T=N/A,H=N/A,SAT=7"
,2025-09-21T04:10:20Z,COM6,,UTC=11:33:11,18.70,120.292627,23.106585,,,,,,,,,N/A,SAT=7,-57.22,-8.05,1035.66,-21735.00,-17850.00,-181T=N/A,,"Package=1951,UTC=11:33:11,Lat=23.106585,Lng=120.292627,Alt=18.70,Ax=-57.22,Ay=-8.05,Az=1035.66,Gx=-21735.00,Gy=-17850.00,Gz=-181T=N/A,H=N/A,SAT=7"
,2025-09-21T04:10:22Z,COM6,,UTC=11:33:11,18.70,120.292627,23.106585,,,,,,,,,N/A,SAT=7,-45.26,4.15,1047.25,-33110.00,14927.50,132352T=N/A,,"Package=1952,UTC=11:33:11,Lat=23.106585,Lng=120.292627,Alt=18.70,Ax=-45.26,Ay=4.15,Az=1047.25,Gx=-33110.00,Gy=14927.50,Gz=132352T=N/A,H=N/A,SAT=7"
,2025-09-21T04:10:24Z,COM6,,UTC=11:33:11,18.70,120.292627,23.106585,,,,,,,,,N/A,SAT=7,-46.73,-64.17,953.80,21017.50,-33617.50,-4516T=N/A,,"Package=1953,UTC=11:33:11,Lat=23.106585,Lng=120.292627,Alt=18.70,Ax=-46.73,Ay=-64.17,Az=953.80,Gx=21017.50,Gy=-33617.50,Gz=-4516T=N/A,H=N/A,SAT=7"
,2025-09-21T04:10:25Z,COM6,,UTC=11:33:11,18.70,120.292627,23.106585,,,,,,,,,N/A,SAT=7,-53.92,-24.03,1070.92,18462.50,-10815.00,-135T=N/A,,"Package=1954,UTC=11:33:11,Lat=23.106585,Lng=120.292627,Alt=18.70,Ax=-53.92,Ay=-24.03,Az=1070.92,Gx=18462.50,Gy=-10815.00,Gz=-135T=N/A,H=N/A,SAT=7"
,2025-09-21T04:10:27Z,COM6,,UTC=11:33:11,18.70,120.292627,23.106585,,,,,,,,,N/A,SAT=7,-54.29,-63.93,1111.79,14997.50,-9992.50,-4471T=N/A,,"Package=1955,UTC=11:33:11,Lat=23.106585,Lng=120.292627,Alt=18.70,Ax=-54.29,Ay=-63.93,Az=1111.79,Gx=14997.50,Gy=-9992.50,Gz=-4471T=N/A,H=N/A,SAT=7"
,2025-09-21T04:10:29Z,COM6,,UTC=11:33:11,18.70,120.292627,23.106585,,,,,,,,,N/A,SAT=7,-53.92,-42.46,999.79,-13580.00,-42997.50,-101T=N/A,,"Package=1956,UTC=11:33:11,Lat=23.106585,Lng=120.292627,Alt=18.70,Ax=-53.92,Ay=-42.46,Az=999.79,Gx=-13580.00,Gy=-42997.50,Gz=-101T=N/A,H=N/A,SAT=7"
,2025-09-21T04:10:30Z,COM6,,UTC=11:33:11,18.70,120.292627,23.106585,,,,,,,,,N/A,SAT=7,-85.28,15.86,1004.43,-14980.00,-42472.50,-107T=N/A,,"Package=1957,UTC=11:33:11,Lat=23.106585,Lng=120.292627,Alt=18.70,Ax=-85.28,Ay=15.86,Az=1004.43,Gx=-14980.00,Gy=-42472.50,Gz=-107T=N/A,H=N/A,SAT=7"
,2025-09-21T04:10:32Z,COM6,,UTC=11:33:11,18.70,120.292627,23.106585,,,,,,,,,N/A,SAT=7,-47.09,-45.99,1060.55,-13982.50,19232.50,-118T=N/A,,"Package=1958,UTC=11:33:11,Lat=23.106585,Lng=120.292627,Alt=18.70,Ax=-47.09,Ay=-45.99,Az=1060.55,Gx=-13982.50,Gy=19232.50,Gz=-118T=N/A,H=N/A,SAT=7"
,2025-09-21T04:10:34Z,COM6,,UTC=11:33:11,18.70,120.292627,23.106585,,,,,,,,,N/A,SAT=7,-39.89,-46.24,1059.94,21105.00,53200.00,-1490T=N/A,,"Package=1959,UTC=11:33:11,Lat=23.106585,Lng=120.292627,Alt=18.70,Ax=-39.89,Ay=-46.24,Az=1059.94,Gx=21105.00,Gy=53200.00,Gz=-1490T=N/A,H=N/A,SAT=7"
,2025-09-21T04:10:35Z,COM6,,UTC=11:33:11,18.70,120.292627,23.106585,,,,,,,,,N/A,SAT=7,-55.02,-16.59,1005.65,15470.00,12477.50,-1230T=N/A,,"Package=1960,UTC=11:33:11,Lat=23.106585,Lng=120.292627,Alt=18.70,Ax=-55.02,Ay=-16.59,Az=1005.65,Gx=15470.00,Gy=12477.50,Gz=-1230T=N/A,H=N/A,SAT=7"
,2025-09-21T04:10:37Z,COM6,,UTC=11:33:11,18.70,120.292627,23.106585,,,,,,,,,N/A,SAT=7,-62.71,-6.71,1084.82,11917.50,-21367.50,-1118T=N/A,,"Package=1961,UTC=11:33:11,Lat=23.106585,Lng=120.292627,Alt=18.70,Ax=-62.71,Ay=-6.71,Az=1084.82,Gx=11917.50,Gy=-21367.50,Gz=-1118T=N/A,H=N/A,SAT=7"
,2025-09-21T04:10:39Z,COM6,,UTC=11:33:11,18.70,120.292627,23.106585,,,,,,,,,N/A,SAT=7,-55.39,16.59,921.59,-58135.00,-10447.50,11212T=N/A,,"Package=1962,UTC=11:33:11,Lat=23.106585,Lng=120.292627,Alt=18.70,Ax=-55.39,Ay=16.59,Az=921.59,Gx=-58135.00,Gy=-10447.50,Gz=11212T=N/A,H=N/A,SAT=7"
,2025-09-21T04:10:40Z,COM6,,UTC=11:33:11,18.70,120.292627,23.106585,,,,,,,,,N/A,SAT=7,-42.82,-56.61,1142.90,-5320.00,10307.50,36382T=N/A,,"Package=1963,UTC=11:33:11,Lat=23.106585,Lng=120.292627,Alt=18.70,Ax=-42.82,Ay=-56.61,Az=1142.90,Gx=-5320.00,Gy=10307.50,Gz=36382T=N/A,H=N/A,SAT=7"
,2025-09-21T04:10:42Z,COM6,,UTC=11:33:11,18.70,120.292627,23.106585,,,,,,,,,N/A,SAT=7,-56.97,-63.20,1044.32,28385.00,-24132.50,-282T=N/A,,"Package=1964,UTC=11:33:11,Lat=23.106585,Lng=120.292627,Alt=18.70,Ax=-56.97,Ay=-63.20,Az=1044.32,Gx=28385.00,Gy=-24132.50,Gz=-282T=N/A,H=N/A,SAT=7"
,2025-09-21T04:10:44Z,COM6,,UTC=11:33:11,18.70,120.292627,23.106585,,,,,,,,,N/A,SAT=7,-76.62,-55.88,1050.66,8365.00,-66202.50,-1921T=N/A,,"Package=1965,UTC=11:33:11,Lat=23.106585,Lng=120.292627,Alt=18.70,Ax=-76.62,Ay=-55.88,Az=1050.66,Gx=8365.00,Gy=-66202.50,Gz=-1921T=N/A,H=N/A,SAT=7"
,2025-09-21T04:10:46Z,COM6,,UTC=11:33:11,18.70,120.292627,23.106585,,,,,,,,,N/A,SAT=7,-32.70,12.44,825.21,50907.50,110775.00,-25445T=N/A,,"Package=1966,UTC=11:33:11,Lat=23.106585,Lng=120.292627,Alt=18.70,Ax=-32.70,Ay=12.44,Az=825.21,Gx=50907.50,Gy=110775.00,Gz=-25445T=N/A,H=N/A,SAT=7"
,2025-09-21T04:10:47Z,COM6,,UTC=11:33:11,18.70,120.292627,23.106585,,,,,,,,,N/A,SAT=7,-106.14,33.92,991.62,3815.00,-49122.50,-25884T=N/A,,"Package=1967,UTC=11:33:11,Lat=23.106585,Lng=120.292627,Alt=18.70,Ax=-106.14,Ay=33.92,Az=991.62,Gx=3815.00,Gy=-49122.50,Gz=-25884T=N/A,H=N/A,SAT=7"
,2025-09-21T04:10:49Z,COM6,,UTC=11:33:11,18.70,120.292627,23.106585,,,,,,,,,N/A,SAT=7,-45.87,-7.08,1046.88,20597.50,25305.00,-19489T=N/A,,"Package=1968,UTC=11:33:11,Lat=23.106585,Lng=120.292627,Alt=18.70,Ax=-45.87,Ay=-7.08,Az=1046.88,Gx=20597.50,Gy=25305.00,Gz=-19489T=N/A,H=N/A,SAT=7"
,2025-09-21T04:10:51Z,COM6,,UTC=11:33:11,18.70,120.292627,23.106585,,,,,,,,,N/A,SAT=7,-25.99,-47.58,1095.56,14857.50,40985.00,-1185T=N/A,,"Package=1969,UTC=11:33:11,Lat=23.106585,Lng=120.292627,Alt=18.70,Ax=-25.99,Ay=-47.58,Az=1095.56,Gx=14857.50,Gy=40985.00,Gz=-1185T=N/A,H=N/A,SAT=7"
,2025-09-21T04:10:52Z,COM6,,UTC=11:33:11,18.70,120.292627,23.106585,,,,,,,,,N/A,SAT=7,-24.28,-30.01,955.02,-26127.50,34247.50,-2737T=N/A,,"Package=1970,UTC=11:33:11,Lat=23.106585,Lng=120.292627,Alt=18.70,Ax=-24.28,Ay=-30.01,Az=955.02,Gx=-26127.50,Gy=34247.50,Gz=-2737T=N/A,H=N/A,SAT=7"
,2025-09-21T04:10:54Z,COM6,,UTC=11:33:11,18.70,120.292627,23.106585,,,,,,,,,N/A,SAT=7,-22.94,-16.10,868.15,25970.00,4900.00,-48947.T=N/A,,"Package=1971,UTC=11:33:11,Lat=23.106585,Lng=120.292627,Alt=18.70,Ax=-22.94,Ay=-16.10,Az=868.15,Gx=25970.00,Gy=4900.00,Gz=-48947.T=N/A,H=N/A,SAT=7"
,2025-09-21T04:10:56Z,COM6,,UTC=11:33:11,18.70,120.292627,23.106585,,,,,,,,,N/A,SAT=7,-22.81,-12.93,1032.00,-17115.00,21892.50,3237T=N/A,,"Package=1972,UTC=11:33:11,Lat=23.106585,Lng=120.292627,Alt=18.70,Ax=-22.81,Ay=-12.93,Az=1032.00,Gx=-17115.00,Gy=21892.50,Gz=3237T=N/A,H=N/A,SAT=7"
,2025-09-21T04:10:57Z,COM6,,UTC=11:33:11,18.70,120.292627,23.106585,,,,,,,,,N/A,SAT=7,-31.48,-21.59,1048.96,-21507.50,-9257.50,7269T=N/A,,"Package=1973,UTC=11:33:11,Lat=23.106585,Lng=120.292627,Alt=18.70,Ax=-31.48,Ay=-21.59,Az=1048.96,Gx=-21507.50,Gy=-9257.50,Gz=7269T=N/A,H=N/A,SAT=7"
,2025-09-21T04:10:59Z,COM6,,UTC=11:33:11,18.70,120.292627,23.106585,,,,,,,,,N/A,SAT=7,-50.39,-44.04,1106.17,9870.00,-20055.00,9082.T=N/A,,"Package=1974,UTC=11:33:11,Lat=23.106585,Lng=120.292627,Alt=18.70,Ax=-50.39,Ay=-44.04,Az=1106.17,Gx=9870.00,Gy=-20055.00,Gz=9082.T=N/A,H=N/A,SAT=7"
,2025-09-21T04:11:01Z,COM6,,UTC=11:33:11,18.70,120.292627,23.106585,,,,,,,,,N/A,SAT=7,-38.06,-23.67,939.16,33775.00,7507.50,94447.5T=N/A,,"Package=1975,UTC=11:33:11,Lat=23.106585,Lng=120.292627,Alt=18.70,Ax=-38.06,Ay=-23.67,Az=939.16,Gx=33775.00,Gy=7507.50,Gz=94447.5T=N/A,H=N/A,SAT=7"
,2025-09-21T04:11:02Z,COM6,,UTC=11:33:11,18.70,120.292627,23.106585,,,,,,,,,N/A,SAT=7,-16.10,-34.89,1123.62,-5635.00,11865.00,13947T=N/A,,"Package=1976,UTC=11:33:11,Lat=23.106585,Lng=120.292627,Alt=18.70,Ax=-16.10,Ay=-34.89,Az=1123.62,Gx=-5635.00,Gy=11865.00,Gz=13947T=N/A,H=N/A,SAT=7"
,2025-09-21T04:11:04Z,COM6,,UTC=11:33:11,18.70,120.292627,23.106585,,,,,,,,,N/A,SAT=7,-32.82,-37.21,1020.90,20072.50,6982.50,-10785T=N/A,,"Package=1977,UTC=11:33:11,Lat=23.106585,Lng=120.292627,Alt=18.70,Ax=-32.82,Ay=-37.21,Az=1020.90,Gx=20072.50,Gy=6982.50,Gz=-10785T=N/A,H=N/A,SAT=7"
,2025-09-21T04:11:06Z,COM6,,UTC=11:33:11,18.70,120.292627,23.106585,,,,,,,,,N/A,SAT=7,-36.97,-15.25,886.45,13387.50,2310.00,-65170.T=N/A,,"Package=1978,UTC=11:33:11,Lat=23.106585,Lng=120.292627,Alt=18.70,Ax=-36.97,Ay=-15.25,Az=886.45,Gx=13387.50,Gy=2310.00,Gz=-65170.T=N/A,H=N/A,SAT=7"
,2025-09-21T04:11:07Z,COM6,,UTC=11:33:11,18.70,120.292627,23.106585,,,,,,,,,N/A,SAT=7,-37.33,-18.67,1008.45,-10185.00,21280.00,5731T=N/A,,"Package=1979,UTC=11:33:11,Lat=23.106585,Lng=120.292627,Alt=18.70,Ax=-37.33,Ay=-18.67,Az=1008.45,Gx=-10185.00,Gy=21280.00,Gz=5731T=N/A,H=N/A,SAT=7"
,2025-09-21T04:11:09Z,COM6,,UTC=11:33:11,18.70,120.292627,23.106585,,,,,,,,,N/A,SAT=7,-20.86,-45.63,931.35,-12530.00,-11322.50,1365T=N/A,,"Package=1980,UTC=11:33:11,Lat=23.106585,Lng=120.292627,Alt=18.70,Ax=-20.86,Ay=-45.63,Az=931.35,Gx=-12530.00,Gy=-11322.50,Gz=1365T=N/A,H=N/A,SAT=7"
,2025-09-21T04:11:11Z,COM6,,UTC=11:33:11,18.70,120.292627,23.106585,,,,,,,,,N/A,SAT=7,-32.21,-18.54,965.02,-612.50,-37747.50,-18847T=N/A,,"Package=1981,UTC=11:33:11,Lat=23.106585,Lng=120.292627,Alt=18.70,Ax=-32.21,Ay=-18.54,Az=965.02,Gx=-612.50,Gy=-37747.50,Gz=-18847T=N/A,H=N/A,SAT=7"
,2025-09-21T04:11:12Z,COM6,,UTC=11:33:11,18.70,120.292627,23.106585,,,,,,,,,N/A,SAT=7,0.00,-6.95,1312.48,-16625.00,61407.50,-75250.T=N/A,,"Package=1982,UTC=11:33:11,Lat=23.106585,Lng=120.292627,Alt=18.70,Ax=0.00,Ay=-6.95,Az=1312.48,Gx=-16625.00,Gy=61407.50,Gz=-75250.T=N/A,H=N/A,SAT=7"
,2025-09-21T04:11:14Z,COM6,,UTC=11:33:11,18.70,120.292627,23.106585,,,,,,,,,N/A,SAT=7,-32.21,-45.63,1230.49,43085.00,41020.00,-6693T=N/A,,"Package=1983,UTC=11:33:11,Lat=23.106585,Lng=120.292627,Alt=18.70,Ax=-32.21,Ay=-45.63,Az=1230.49,Gx=43085.00,Gy=41020.00,Gz=-6693T=N/A,H=N/A,SAT=7"
,2025-09-21T04:11:16Z,COM6,,UTC=11:33:11,18.70,120.292627,23.106585,,,,,,,,,N/A,SAT=7,-56.97,-41.60,1255.38,-28507.50,-4077.50,3325T=N/A,,"Package=1984,UTC=11:33:11,Lat=23.106585,Lng=120.292627,Alt=18.70,Ax=-56.97,Ay=-41.60,Az=1255.38,Gx=-28507.50,Gy=-4077.50,Gz=3325T=N/A,H=N/A,SAT=7"
,2025-09-21T04:11:17Z,COM6,,UTC=11:33:11,18.70,120.292627,23.106585,,,,,,,,,N/A,SAT=7,-17.45,-18.18,947.21,-8767.50,68075.00,102095T=N/A,,"Package=1985,UTC=11:33:11,Lat=23.106585,Lng=120.292627,Alt=18.70,Ax=-17.45,Ay=-18.18,Az=947.21,Gx=-8767.50,Gy=68075.00,Gz=102095T=N/A,H=N/A,SAT=7"
,2025-09-21T04:11:19Z,COM6,,UTC=11:33:11,18.70,120.292627,23.106585,,,,,,,,,N/A,SAT=7,-39.89,-36.36,1174.37,-24535.00,-13685.00,663T=N/A,,"Package=1986,UTC=11:33:11,Lat=23.106585,Lng=120.292627,Alt=18.70,Ax=-39.89,Ay=-36.36,Az=1174.37,Gx=-24535.00,Gy=-13685.00,Gz=663T=N/A,H=N/A,SAT=7"
,2025-09-21T04:11:21Z,COM6,,UTC=11:33:11,18.70,120.292627,23.106585,,,,,,,,,N/A,SAT=7,-82.84,-0.37,1029.56,-60042.50,-100485.00,-14T=N/A,,"Package=1987,UTC=11:33:11,Lat=23.106585,Lng=120.292627,Alt=18.70,Ax=-82.84,Ay=-0.37,Az=1029.56,Gx=-60042.50,Gy=-100485.00,Gz=-14T=N/A,H=N/A,SAT=7"
,2025-09-21T04:11:22Z,COM6,,UTC=11:33:11,18.70,120.292627,23.106585,,,,,,,,,N/A,SAT=7,-57.22,-21.47,926.10,-31727.50,-41335.00,-741T=N/A,,"Package=1988,UTC=11:33:11,Lat=23.106585,Lng=120.292627,Alt=18.70,Ax=-57.22,Ay=-21.47,Az=926.10,Gx=-31727.50,Gy=-41335.00,Gz=-741T=N/A,H=N/A,SAT=7"
,2025-09-21T04:11:24Z,COM6,,UTC=11:33:11,18.70,120.292627,23.106585,,,,,,,,,N/A,SAT=7,-50.75,-15.62,981.25,-5897.50,-59885.00,-1369T=N/A,,"Package=1989,UTC=11:33:11,Lat=23.106585,Lng=120.292627,Alt=18.70,Ax=-50.75,Ay=-15.62,Az=981.25,Gx=-5897.50,Gy=-59885.00,Gz=-1369T=N/A,H=N/A,SAT=7"
,2025-09-21T04:11:26Z,COM6,,UTC=11:33:11,18.70,120.292627,23.106585,,,,,,,,,N/A,SAT=7,-47.09,-32.33,972.58,57697.50,53795.00,-24920T=N/A,,"Package=1990,UTC=11:33:11,Lat=23.106585,Lng=120.292627,Alt=18.70,Ax=-47.09,Ay=-32.33,Az=972.58,Gx=57697.50,Gy=53795.00,Gz=-24920T=N/A,H=N/A,SAT=7"
,2025-09-21T04:11:27Z,COM6,,UTC=11:33:11,18.70,120.292627,23.106585,,,,,,,,,N/A,SAT=7,-33.18,-35.50,1030.90,31080.00,25882.50,-1991T=N/A,,"Package=1991,UTC=11:33:11,Lat=23.106585,Lng=120.292627,Alt=18.70,Ax=-33.18,Ay=-35.50,Az=1030.90,Gx=31080.00,Gy=25882.50,Gz=-1991T=N/A,H=N/A,SAT=7"
,2025-09-21T04:11:29Z,COM6,,UTC=11:33:11,18.70,120.292627,23.106585,,,,,,,,,N/A,SAT=7,-57.46,-64.42,1212.92,28612.50,22977.50,-1435T=N/A,,"Package=1992,UTC=11:33:11,Lat=23.106585,Lng=120.292627,Alt=18.70,Ax=-57.46,Ay=-64.42,Az=1212.92,Gx=28612.50,Gy=22977.50,Gz=-1435T=N/A,H=N/A,SAT=7"
,2025-09-21T04:11:31Z,COM6,,UTC=11:33:11,18.70,120.292627,23.106585,,,,,,,,,N/A,SAT=7,-75.76,0.73,1254.65,-53042.50,-11130.00,-1044T=N/A,,"Package=1993,UTC=11:33:11,Lat=23.106585,Lng=120.292627,Alt=18.70,Ax=-75.76,Ay=0.73,Az=1254.65,Gx=-53042.50,Gy=-11130.00,Gz=-1044T=N/A,H=N/A,SAT=7"
,2025-09-21T04:11:32Z,COM6,,UTC=11:33:11,18.70,120.292627,23.106585,,,,,,,,,N/A,SAT=7,-66.73,-33.79,1191.09,-6580.00,-16660.00,-357T=N/A,,"Package=1994,UTC=11:33:11,Lat=23.106585,Lng=120.292627,Alt=18.70,Ax=-66.73,Ay=-33.79,Az=1191.09,Gx=-6580.00,Gy=-16660.00,Gz=-357T=N/A,H=N/A,SAT=7"
,2025-09-21T04:11:34Z,COM6,,UTC=11:33:11,18.70,120.292627,23.106585,,,,,,,,,N/A,SAT=7,-69.17,11.96,999.91,29890.00,-31955.00,-19747T=N/A,,"Package=1995,UTC=11:33:11,Lat=23.106585,Lng=120.292627,Alt=18.70,Ax=-69.17,Ay=11.96,Az=999.91,Gx=29890.00,Gy=-31955.00,Gz=-19747T=N/A,H=N/A,SAT=7"
,2025-09-21T04:11:36Z,COM6,,UTC=11:33:11,18.70,120.292627,23.106585,,,,,,,,,N/A,SAT=7,-41.72,-51.73,964.04,45045.00,857.50,-150570.T=N/A,,"Package=1996,UTC=11:33:11,Lat=23.106585,Lng=120.292627,Alt=18.70,Ax=-41.72,Ay=-51.73,Az=964.04,Gx=45045.00,Gy=857.50,Gz=-150570.T=N/A,H=N/A,SAT=7"
,2025-09-21T04:11:37Z,COM6,,UTC=11:33:11,18.70,120.292627,23.106585,,,,,,,,,N/A,SAT=7,-43.31,1.59,847.90,-14227.50,-9100.00,50435.0T=N/A,,"Package=1997,UTC=11:33:11,Lat=23.106585,Lng=120.292627,Alt=18.70,Ax=-43.31,Ay=1.59,Az=847.90,Gx=-14227.50,Gy=-9100.00,Gz=50435.0T=N/A,H=N/A,SAT=7"
,2025-09-21T04:11:39Z,COM6,,UTC=11:33:11,18.70,120.292627,23.106585,,,,,,,,,N/A,SAT=7,-36.97,-42.46,1079.21,2065.00,-11602.50,91262T=N/A,,"Package=1998,UTC=11:33:11,Lat=23.106585,Lng=120.292627,Alt=18.70,Ax=-36.97,Ay=-42.46,Az=1079.21,Gx=2065.00,Gy=-11602.50,Gz=91262T=N/A,H=N/A,SAT=7"
,2025-09-21T04:11:41Z,COM6,,UTC=11:33:11,18.70,120.292627,23.106585,,,,,,,,,N/A,SAT=7,-24.52,-61.73,1071.28,26390.00,6212.50,-86940T=N/A,,"Package=1999,UTC=11:33:11,Lat=23.106585,Lng=120.292627,Alt=18.70,Ax=-24.52,Ay=-61.73,Az=1071.28,Gx=26390.00,Gy=6212.50,Gz=-86940T=N/A,H=N/A,SAT=7"
,2025-09-21T04:11:42Z,COM6,,UTC=11:33:11,18.70,120.292627,23.106585,,,,,,,,,N/A,SAT=7,-46.36,-10.49,1121.18,-18130.00,19635.00,-185T=N/A,,"Package=2000,UTC=11:33:11,Lat=23.106585,Lng=120.292627,Alt=18.70,Ax=-46.36,Ay=-10.49,Az=1121.18,Gx=-18130.00,Gy=19635.00,Gz=-185T=N/A,H=N/A,SAT=7"
,2025-09-21T04:11:44Z,COM6,,UTC=11:33:11,18.70,120.292627,23.106585,,,,,,,,,N/A,SAT=7,-51.97,-36.36,1057.25,-4585.00,-14822.50,-789T=N/A,,"Package=2001,UTC=11:33:11,Lat=23.106585,Lng=120.292627,Alt=18.70,Ax=-51.97,Ay=-36.36,Az=1057.25,Gx=-4585.00,Gy=-14822.50,Gz=-789T=N/A,H=N/A,SAT=7"
,2025-09-21T04:11:46Z,COM6,,UTC=11:33:11,18.70,120.292627,23.106585,,,,,,,,,N/A,SAT=7,-27.82,-28.55,1091.17,19950.00,21490.00,-1524T=N/A,,"Package=2002,UTC=11:33:11,Lat=23.106585,Lng=120.292627,Alt=18.70,Ax=-27.82,Ay=-28.55,Az=1091.17,Gx=19950.00,Gy=21490.00,Gz=-1524T=N/A,H=N/A,SAT=7"
,2025-09-21T04:11:47Z,COM6,,UTC=11:33:11,18.70,120.292627,23.106585,,,,,,,,,N/A,SAT=7,-40.02,-26.60,1085.68,-46095.00,16362.50,-214T=N/A,,"Package=2003,UTC=11:33:11,Lat=23.106585,Lng=120.292627,Alt=18.70,Ax=-40.02,Ay=-26.60,Az=1085.68,Gx=-46095.00,Gy=16362.50,Gz=-214T=N/A,H=N/A,SAT=7"
,2025-09-21T04:11:49Z,COM6,,UTC=11:33:11,18.70,120.292627,23.106585,,,,,,,,,N/A,SAT=7,-28.79,-49.65,892.43,43662.50,15855.00,-10900T=N/A,,"Package=2004,UTC=11:33:11,Lat=23.106585,Lng=120.292627,Alt=18.70,Ax=-28.79,Ay=-49.65,Az=892.43,Gx=43662.50,Gy=15855.00,Gz=-10900T=N/A,H=N/A,SAT=7"
,2025-09-21T04:11:51Z,COM6,,UTC=11:33:11,18.70,120.292627,23.106585,,,,,,,,,N/A,SAT=7,-56.49,-8.54,986.98,-455.00,-16047.50,-4462.5T=N/A,,"Package=2005,UTC=11:33:11,Lat=23.106585,Lng=120.292627,Alt=18.70,Ax=-56.49,Ay=-8.54,Az=986.98,Gx=-455.00,Gy=-16047.50,Gz=-4462.5T=N/A,H=N/A,SAT=7"
,2025-09-21T04:11:52Z,COM6,,UTC=11:33:11,18.70,120.292627,23.106585,,,,,,,,,N/A,SAT=7,-38.43,-5.98,1066.77,-23450.00,-5337.50,15709T=N/A,,"Package=2006,UTC=11:33:11,Lat=23.106585,Lng=120.292627,Alt=18.70,Ax=-38.43,Ay=-5.98,Az=1066.77,Gx=-23450.00,Gy=-5337.50,Gz=15709T=N/A,H=N/A,SAT=7"
,2025-09-21T04:11:54Z,COM6,,UTC=11:33:11,18.70,120.292627,23.106585,,,,,,,,,N/A,SAT=7,-51.24,7.81,1036.76,1067.50,36627.50,219415.0T=N/A,,"Package=2007,UTC=11:33:11,Lat=23.106585,Lng=120.292627,Alt=18.70,Ax=-51.24,Ay=7.81,Az=1036.76,Gx=1067.50,Gy=36627.50,Gz=219415.0T=N/A,H=N/A,SAT=7"
,2025-09-21T04:11:56Z,COM6,,UTC=11:33:11,18.70,120.292627,23.106585,,,,,,,,,N/A,SAT=7,-56.49,-8.91,963.68,-6685.00,-12687.50,178675T=N/A,,"Package=2008,UTC=11:33:11,Lat=23.106585,Lng=120.292627,Alt=18.70,Ax=-56.49,Ay=-8.91,Az=963.68,Gx=-6685.00,Gy=-12687.50,Gz=178675T=N/A,H=N/A,SAT=7"
,2025-09-21T04:11:58Z,COM6,,UTC=11:33:11,18.70,120.292627,23.106585,,,,,,,,,N/A,SAT=7,-64.05,13.91,1117.03,-26810.00,10920.00,21826T=N/A,,"Package=2009,UTC=11:33:11,Lat=23.106585,Lng=120.292627,Alt=18.70,Ax=-64.05,Ay=13.91,Az=1117.03,Gx=-26810.00,Gy=10920.00,Gz=21826T=N/A,H=N/A,SAT=7"
,2025-09-21T04:11:59Z,COM6,,UTC=11:33:11,18.70,120.292627,23.106585,,,,,,,,,N/A,SAT=7,-35.99,-37.45,1018.94,18550.00,-6422.50,77577T=N/A,,"Package=2010,UTC=11:33:11,Lat=23.106585,Lng=120.292627,Alt=18.70,Ax=-35.99,Ay=-37.45,Az=1018.94,Gx=18550.00,Gy=-6422.50,Gz=77577T=N/A,H=N/A,SAT=7"
,2025-09-21T04:12:01Z,COM6,,UTC=11:33:11,18.70,120.292627,23.106585,,,,,,,,,N/A,SAT=7,-48.56,-17.93,985.88,3570.00,-57067.50,-76580T=N/A,,"Package=2011,UTC=11:33:11,Lat=23.106585,Lng=120.292627,Alt=18.70,Ax=-48.56,Ay=-17.93,Az=985.88,Gx=3570.00,Gy=-57067.50,Gz=-76580T=N/A,H=N/A,SAT=7"
,2025-09-21T04:12:03Z,COM6,,UTC=11:33:11,18.70,120.292627,23.106585,,,,,,,,,N/A,SAT=7,-36.36,-5.12,1146.92,-34142.50,-4760.00,-1897T=N/A,,"Package=2012,UTC=11:33:11,Lat=23.106585,Lng=120.292627,Alt=18.70,Ax=-36.36,Ay=-5.12,Az=1146.92,Gx=-34142.50,Gy=-4760.00,Gz=-1897T=N/A,H=N/A,SAT=7"
,2025-09-21T04:12:04Z,COM6,,UTC=11:33:11,18.70,120.292627,23.106585,,,,,,,,,N/A,SAT=7,-16.96,-36.36,976.49,8820.00,-157.50,35595.00T=N/A,,"Package=2013,UTC=11:33:11,Lat=23.106585,Lng=120.292627,Alt=18.70,Ax=-16.96,Ay=-36.36,Az=976.49,Gx=8820.00,Gy=-157.50,Gz=35595.00T=N/A,H=N/A,SAT=7"
,2025-09-21T04:12:06Z,COM6,,UTC=11:33:11,18.70,120.292627,23.106585,,,,,,,,,N/A,SAT=7,-46.60,-45.99,1102.27,-367.50,-4357.50,-11355T=N/A,,"Package=2014,UTC=11:33:11,Lat=23.106585,Lng=120.292627,Alt=18.70,Ax=-46.60,Ay=-45.99,Az=1102.27,Gx=-367.50,Gy=-4357.50,Gz=-11355T=N/A,H=N/A,SAT=7"
,2025-09-21T04:12:08Z,COM6,,UTC=11:33:11,18.70,120.292627,23.106585,,,,,,,,,N/A,SAT=7,-38.55,-25.38,1003.57,20930.00,14910.00,-1165T=N/A,,"Package=2015,UTC=11:33:11,Lat=23.106585,Lng=120.292627,Alt=18.70,Ax=-38.55,Ay=-25.38,Az=1003.57,Gx=20930.00,Gy=14910.00,Gz=-1165T=N/A,H=N/A,SAT=7"
,2025-09-21T04:12:09Z,COM6,,UTC=11:33:11,18.70,120.292627,23.106585,,,,,,,,,N/A,SAT=7,-70.76,-40.02,1139.97,24902.50,-46007.50,857.T=N/A,,"Package=2016,UTC=11:33:11,Lat=23.106585,Lng=120.292627,Alt=18.70,Ax=-70.76,Ay=-40.02,Az=1139.97,Gx=24902.50,Gy=-46007.50,Gz=857.T=N/A,H=N/A,SAT=7"
,2025-09-21T04:12:11Z,COM6,,UTC=11:33:11,18.70,120.292627,23.106585,,,,,,,,,N/A,SAT=7,-15.25,-68.81,1145.58,61022.50,13755.00,32690T=N/A,,"Package=2017,UTC=11:33:11,Lat=23.106585,Lng=120.292627,Alt=18.70,Ax=-15.25,Ay=-68.81,Az=1145.58,Gx=61022.50,Gy=13755.00,Gz=32690T=N/A,H=N/A,SAT=7"
,2025-09-21T04:12:13Z,COM6,,UTC=11:33:11,18.70,120.292627,23.106585,,,,,,,,,N/A,SAT=7,-25.62,-15.37,1179.50,25235.00,-18567.50,1463T=N/A,,"Package=2018,UTC=11:33:11,Lat=23.106585,Lng=120.292627,Alt=18.70,Ax=-25.62,Ay=-15.37,Az=1179.50,Gx=25235.00,Gy=-18567.50,Gz=1463T=N/A,H=N/A,SAT=7"
,2025-09-21T04:12:14Z,COM6,,UTC=11:33:11,18.70,120.292627,23.106585,,,,,,,,,N/A,SAT=7,-27.69,-63.20,1056.28,16695.00,-16887.50,2037T=N/A,,"Package=2019,UTC=11:33:11,Lat=23.106585,Lng=120.292627,Alt=18.70,Ax=-27.69,Ay=-63.20,Az=1056.28,Gx=16695.00,Gy=-16887.50,Gz=2037T=N/A,H=N/A,SAT=7"
,2025-09-21T04:12:16Z,COM6,,UTC=11:33:11,18.70,120.292627,23.106585,,,,,,,,,N/A,SAT=7,-17.20,-1.10,794.34,-11375.00,7210.00,-152197T=N/A,,"Package=2020,UTC=11:33:11,Lat=23.106585,Lng=120.292627,Alt=18.70,Ax=-17.20,Ay=-1.10,Az=794.34,Gx=-11375.00,Gy=7210.00,Gz=-152197T=N/A,H=N/A,SAT=7"
,2025-09-21T04:12:18Z,COM6,,UTC=11:33:11,18.70,120.292627,23.106585,,,,,,,,,N/A,SAT=7,-42.70,-50.87,1105.56,9152.50,43417.50,-10680T=N/A,,"Package=2021,UTC=11:33:11,Lat=23.106585,Lng=120.292627,Alt=18.70,Ax=-42.70,Ay=-50.87,Az=1105.56,Gx=9152.50,Gy=43417.50,Gz=-10680T=N/A,H=N/A,SAT=7"
,2025-09-21T04:12:19Z,COM6,,UTC=11:33:11,18.70,120.292627,23.106585,,,,,,,,,N/A,SAT=7,-53.92,5.86,1211.70,11690.00,20510.00,-201372T=N/A,,"Package=2022,UTC=11:33:11,Lat=23.106585,Lng=120.292627,Alt=18.70,Ax=-53.92,Ay=5.86,Az=1211.70,Gx=11690.00,Gy=20510.00,Gz=-201372T=N/A,H=N/A,SAT=7"
,2025-09-21T04:12:21Z,COM6,,UTC=11:33:11,18.70,120.292627,23.106585,,,,,,,,,N/A,SAT=7,-55.02,3.78,1186.82,-49507.50,-26670.00,-7542T=N/A,,"Package=2023,UTC=11:33:11,Lat=23.106585,Lng=120.292627,Alt=18.70,Ax=-55.02,Ay=3.78,Az=1186.82,Gx=-49507.50,Gy=-26670.00,Gz=-7542T=N/A,H=N/A,SAT=7"
,2025-09-21T04:12:23Z,COM6,,UTC=11:33:11,18.70,120.292627,23.106585,,,,,,,,,N/A,SAT=7,-63.32,-43.19,1046.64,42490.00,-80062.50,1203T=N/A,,"Package=2024,UTC=11:33:11,Lat=23.106585,Lng=120.292627,Alt=18.70,Ax=-63.32,Ay=-43.19,Az=1046.64,Gx=42490.00,Gy=-80062.50,Gz=1203T=N/A,H=N/A,SAT=7"
,2025-09-21T04:12:24Z,COM6,,UTC=11:33:11,18.70,120.292627,23.106585,,,,,,,,,N/A,SAT=7,-93.82,0.98,1194.62,-64207.50,-49507.50,12423T=N/A,,"Package=2025,UTC=11:33:11,Lat=23.106585,Lng=120.292627,Alt=18.70,Ax=-93.82,Ay=0.98,Az=1194.62,Gx=-64207.50,Gy=-49507.50,Gz=12423T=N/A,H=N/A,SAT=7"
,2025-09-21T04:12:26Z,COM6,,UTC=11:33:11,18.70,120.292627,23.106585,,,,,,,,,N/A,SAT=7,-113.70,45.87,1017.97,-55650.00,27440.00,2525T=N/A,,"Package=2026,UTC=11:33:11,Lat=23.106585,Lng=120.292627,Alt=18.70,Ax=-113.70,Ay=45.87,Az=1017.97,Gx=-55650.00,Gy=27440.00,Gz=2525T=N/A,H=N/A,SAT=7"
,2025-09-21T04:12:28Z,COM6,,UTC=11:33:11,18.70,120.292627,23.106585,,,,,,,,,N/A,SAT=7,-76.98,19.76,979.66,19530.00,-8767.50,257565.T=N/A,,"Package=2027,UTC=11:33:11,Lat=23.106585,Lng=120.292627,Alt=18.70,Ax=-76.98,Ay=19.76,Az=979.66,Gx=19530.00,Gy=-8767.50,Gz=257565.T=N/A,H=N/A,SAT=7"
,2025-09-21T04:12:29Z,COM6,,UTC=11:33:11,18.70,120.292627,23.106585,,,,,,,,,N/A,SAT=7,-40.26,-27.94,891.09,41720.00,13685.00,134242T=N/A,,"Package=2028,UTC=11:33:11,Lat=23.106585,Lng=120.292627,Alt=18.70,Ax=-40.26,Ay=-27.94,Az=891.09,Gx=41720.00,Gy=13685.00,Gz=134242T=N/A,H=N/A,SAT=7"
,2025-09-21T04:12:31Z,COM6,,UTC=11:33:11,18.70,120.292627,23.106585,,,,,,,,,N/A,SAT=7,-79.79,-19.64,988.81,22907.50,-1032.50,220605T=N/A,,"Package=2029,UTC=11:33:11,Lat=23.106585,Lng=120.292627,Alt=18.70,Ax=-79.79,Ay=-19.64,Az=988.81,Gx=22907.50,Gy=-1032.50,Gz=220605T=N/A,H=N/A,SAT=7"
,2025-09-21T04:12:33Z,COM6,,UTC=11:33:11,18.70,120.292627,23.106585,,,,,,,,,N/A,SAT=7,-66.12,-61.49,968.44,-21857.50,-26985.00,4198T=N/A,,"Package=2030,UTC=11:33:11,Lat=23.106585,Lng=120.292627,Alt=18.70,Ax=-66.12,Ay=-61.49,Az=968.44,Gx=-21857.50,Gy=-26985.00,Gz=4198T=N/A,H=N/A,SAT=7"
,2025-09-21T04:12:34Z,COM6,,UTC=11:33:11,18.70,120.292627,23.106585,,,,,,,,,N/A,SAT=7,-54.17,-41.60,1044.69,7577.50,-36732.50,62300T=N/A,,"Package=2031,UTC=11:33:11,Lat=23.106585,Lng=120.292627,Alt=18.70,Ax=-54.17,Ay=-41.60,Az=1044.69,Gx=7577.50,Gy=-36732.50,Gz=62300T=N/A,H=N/A,SAT=7"
,2025-09-21T04:12:36Z,COM6,,UTC=11:33:11,18.70,120.292627,23.106585,,,,,,,,,N/A,SAT=7,-49.78,-38.19,1150.46,11620.00,-29225.00,1043T=N/A,,"Package=2032,UTC=11:33:11,Lat=23.106585,Lng=120.292627,Alt=18.70,Ax=-49.78,Ay=-38.19,Az=1150.46,Gx=11620.00,Gy=-29225.00,Gz=1043T=N/A,H=N/A,SAT=7"
,2025-09-21T04:12:38Z,COM6,,UTC=11:33:11,18.70,120.292627,23.106585,,,,,,,,,N/A,SAT=7,-35.14,-28.30,1065.55,29470.00,-2135.00,-9782T=N/A,,"Package=2033,UTC=11:33:11,Lat=23.106585,Lng=120.292627,Alt=18.70,Ax=-35.14,Ay=-28.30,Az=1065.55,Gx=29470.00,Gy=-2135.00,Gz=-9782T=N/A,H=N/A,SAT=7"
,2025-09-21T04:12:39Z,COM6,,UTC=11:33:11,18.70,120.292627,23.106585,,,,,,,,,N/A,SAT=7,-74.42,-36.84,1009.43,28980.00,-53200.00,-148T=N/A,,"Package=2034,UTC=11:33:11,Lat=23.106585,Lng=120.292627,Alt=18.70,Ax=-74.42,Ay=-36.84,Az=1009.43,Gx=28980.00,Gy=-53200.00,Gz=-148T=N/A,H=N/A,SAT=7"
,2025-09-21T04:12:41Z,COM6,,UTC=11:33:11,18.70,120.292627,23.106585,,,,,,,,,N/A,SAT=7,-30.74,-19.76,914.39,-26320.00,20877.50,-6809T=N/A,,"Package=2035,UTC=11:33:11,Lat=23.106585,Lng=120.292627,Alt=18.70,Ax=-30.74,Ay=-19.76,Az=914.39,Gx=-26320.00,Gy=20877.50,Gz=-6809T=N/A,H=N/A,SAT=7"
,2025-09-21T04:12:43Z,COM6,,UTC=11:33:11,18.70,120.292627,23.106585,,,,,,,,,N/A,SAT=7,-38.31,-1.71,964.53,12967.50,-2992.50,-132755T=N/A,,"Package=2036,UTC=11:33:11,Lat=23.106585,Lng=120.292627,Alt=18.70,Ax=-38.31,Ay=-1.71,Az=964.53,Gx=12967.50,Gy=-2992.50,Gz=-132755T=N/A,H=N/A,SAT=7"
,2025-09-21T04:12:44Z,COM6,,UTC=11:33:11,18.70,120.292627,23.106585,,,,,,,,,N/A,SAT=7,-75.27,-13.79,1103.98,-59115.00,-46567.50,-11T=N/A,,"Package=2037,UTC=11:33:11,Lat=23.106585,Lng=120.292627,Alt=18.70,Ax=-75.27,Ay=-13.79,Az=1103.98,Gx=-59115.00,Gy=-46567.50,Gz=-11T=N/A,H=N/A,SAT=7"
,2025-09-21T04:12:46Z,COM6,,UTC=11:33:11,18.70,120.292627,23.106585,,,,,,,,,N/A,SAT=7,-77.96,31.48,1201.21,-66552.50,-11497.50,1834T=N/A,,"Package=2038,UTC=11:33:11,Lat=23.106585,Lng=120.292627,Alt=18.70,Ax=-77.96,Ay=31.48,Az=1201.21,Gx=-66552.50,Gy=-11497.50,Gz=1834T=N/A,H=N/A,SAT=7"
,2025-09-21T04:12:48Z,COM6,,UTC=11:33:11,18.70,120.292627,23.106585,,,,,,,,,N/A,SAT=7,-44.41,-33.43,1237.81,-17045.00,30677.50,1240T=N/A,,"Package=2039,UTC=11:33:11,Lat=23.106585,Lng=120.292627,Alt=18.70,Ax=-44.41,Ay=-33.43,Az=1237.81,Gx=-17045.00,Gy=30677.50,Gz=1240T=N/A,H=N/A,SAT=7"
,2025-09-21T04:12:49Z,COM6,,UTC=11:33:11,18.70,120.292627,23.106585,,,,,,,,,N/A,SAT=7,-58.07,26.35,1104.10,-78732.50,-24500.00,6723T=N/A,,"Package=2040,UTC=11:33:11,Lat=23.106585,Lng=120.292627,Alt=18.70,Ax=-58.07,Ay=26.35,Az=1104.10,Gx=-78732.50,Gy=-24500.00,Gz=6723T=N/A,H=N/A,SAT=7"
,2025-09-21T04:12:51Z,COM6,,UTC=11:33:11,18.70,120.292627,23.106585,,,,,,,,,N/A,SAT=7,-12.57,-52.34,872.54,-14280.00,10430.00,46900T=N/A,,"Package=2041,UTC=11:33:11,Lat=23.106585,Lng=120.292627,Alt=18.70,Ax=-12.57,Ay=-52.34,Az=872.54,Gx=-14280.00,Gy=10430.00,Gz=46900T=N/A,H=N/A,SAT=7"
,2025-09-21T04:12:53Z,COM6,,UTC=11:33:11,18.70,120.292627,23.106585,,,,,,,,,N/A,SAT=7,-37.94,-30.99,1026.26,5792.50,-35945.00,-2609T=N/A,,"Package=2042,UTC=11:33:11,Lat=23.106585,Lng=120.292627,Alt=18.70,Ax=-37.94,Ay=-30.99,Az=1026.26,Gx=5792.50,Gy=-35945.00,Gz=-2609T=N/A,H=N/A,SAT=7"
,2025-09-21T04:12:54Z,COM6,,UTC=11:33:11,18.70,120.292627,23.106585,,,,,,,,,N/A,SAT=7,-27.94,-7.81,1105.69,-17272.50,2222.50,-86257T=N/A,,"Package=2043,UTC=11:33:11,Lat=23.106585,Lng=120.292627,Alt=18.70,Ax=-27.94,Ay=-7.81,Az=1105.69,Gx=-17272.50,Gy=2222.50,Gz=-86257T=N/A,H=N/A,SAT=7"
,2025-09-21T04:12:56Z,COM6,,UTC=11:33:11,18.70,120.292627,23.106585,,,,,,,,,N/A,SAT=7,-70.15,16.10,1134.60,-17570.00,-42122.50,1702T=N/A,,"Package=2044,UTC=11:33:11,Lat=23.106585,Lng=120.292627,Alt=18.70,Ax=-70.15,Ay=16.10,Az=1134.60,Gx=-17570.00,Gy=-42122.50,Gz=1702T=N/A,H=N/A,SAT=7"
,2025-09-21T04:12:58Z,COM6,,UTC=11:33:11,18.70,120.292627,23.106585,,,,,,,,,N/A,SAT=7,-46.36,-34.89,1275.02,-11392.50,44152.50,1467T=N/A,,"Package=2045,UTC=11:33:11,Lat=23.106585,Lng=120.292627,Alt=18.70,Ax=-46.36,Ay=-34.89,Az=1275.02,Gx=-11392.50,Gy=44152.50,Gz=1467T=N/A,H=N/A,SAT=7"
,2025-09-21T04:12:59Z,COM6,,UTC=11:33:11,18.70,120.292627,23.106585,,,,,,,,,N/A,SAT=7,-22.20,35.50,1259.41,-88340.00,-805.00,27650.T=N/A,,"Package=2046,UTC=11:33:11,Lat=23.106585,Lng=120.292627,Alt=18.70,Ax=-22.20,Ay=35.50,Az=1259.41,Gx=-88340.00,Gy=-805.00,Gz=27650.T=N/A,H=N/A,SAT=7"
,2025-09-21T04:13:01Z,COM6,,UTC=11:33:11,18.70,120.292627,23.106585,,,,,,,,,N/A,SAT=7,-30.74,-22.94,1060.91,1855.00,-43172.50,49175T=N/A,,"Package=2047,UTC=11:33:11,Lat=23.106585,Lng=120.292627,Alt=18.70,Ax=-30.74,Ay=-22.94,Az=1060.91,Gx=1855.00,Gy=-43172.50,Gz=49175T=N/A,H=N/A,SAT=7"
,2025-09-21T04:13:03Z,COM6,,UTC=11:33:11,18.70,120.292627,23.106585,,,,,,,,,N/A,SAT=7,-35.87,-62.95,965.63,21997.50,-23432.50,-3622T=N/A,,"Package=2048,UTC=11:33:11,Lat=23.106585,Lng=120.292627,Alt=18.70,Ax=-35.87,Ay=-62.95,Az=965.63,Gx=21997.50,Gy=-23432.50,Gz=-3622T=N/A,H=N/A,SAT=7"
,2025-09-21T04:13:04Z,COM6,,UTC=11:33:11,18.70,120.292627,23.106585,,,,,,,,,N/A,SAT=7,-38.92,8.05,974.78,-1942.50,9730.00,-109147.5T=N/A,,"Package=2049,UTC=11:33:11,Lat=23.106585,Lng=120.292627,Alt=18.70,Ax=-38.92,Ay=8.05,Az=974.78,Gx=-1942.50,Gy=9730.00,Gz=-109147.5T=N/A,H=N/A,SAT=7"
,2025-09-21T04:13:06Z,COM6,,UTC=11:33:11,18.70,120.292627,23.106585,,,,,,,,,N/A,SAT=7,-30.26,-20.50,997.96,-16905.00,35997.50,-8890T=N/A,,"Package=2050,UTC=11:33:11,Lat=23.106585,Lng=120.292627,Alt=18.70,Ax=-30.26,Ay=-20.50,Az=997.96,Gx=-16905.00,Gy=35997.50,Gz=-8890T=N/A,H=N/A,SAT=7"
,2025-09-21T04:13:08Z,COM6,,UTC=11:33:11,18.70,120.292627,23.106585,,,,,,,,,N/A,SAT=7,-37.58,-0.85,1094.83,-23660.00,-8032.50,97212T=N/A,,"Package=2051,UTC=11:33:11,Lat=23.106585,Lng=120.292627,Alt=18.70,Ax=-37.58,Ay=-0.85,Az=1094.83,Gx=-23660.00,Gy=-8032.50,Gz=97212T=N/A,H=N/A,SAT=7"
,2025-09-21T04:13:09Z,COM6,,UTC=11:33:11,18.70,120.292627,23.106585,,,,,,,,,N/A,SAT=7,-55.14,-61.00,1149.97,38885.00,-26040.00,-162T=N/A,,"Package=2052,UTC=11:33:11,Lat=23.106585,Lng=120.292627,Alt=18.70,Ax=-55.14,Ay=-61.00,Az=1149.97,Gx=38885.00,Gy=-26040.00,Gz=-162T=N/A,H=N/A,SAT=7"
,2025-09-21T04:13:11Z,COM6,,UTC=11:33:11,18.70,120.292627,23.106585,,,,,,,,,N/A,SAT=7,-27.57,-47.58,1297.71,-24990.00,25270.00,-496T=N/A,,"Package=2053,UTC=11:33:11,Lat=23.106585,Lng=120.292627,Alt=18.70,Ax=-27.57,Ay=-47.58,Az=1297.71,Gx=-24990.00,Gy=25270.00,Gz=-496T=N/A,H=N/A,SAT=7"
,2025-09-21T04:13:13Z,COM6,,UTC=11:33:11,18.70,120.292627,23.106585,,,,,,,,,N/A,SAT=7,-23.67,-17.20,1115.45,15960.00,55912.50,-1121T=N/A,,"Package=2054,UTC=11:33:11,Lat=23.106585,Lng=120.292627,Alt=18.70,Ax=-23.67,Ay=-17.20,Az=1115.45,Gx=15960.00,Gy=55912.50,Gz=-1121T=N/A,H=N/A,SAT=7"
,2025-09-21T04:13:15Z,COM6,,UTC=11:33:11,18.70,120.292627,23.106585,,,,,,,,,N/A,SAT=7,-34.28,-46.60,889.26,32410.00,6107.50,-22837.T=N/A,,"Package=2055,UTC=11:33:11,Lat=23.106585,Lng=120.292627,Alt=18.70,Ax=-34.28,Ay=-46.60,Az=889.26,Gx=32410.00,Gy=6107.50,Gz=-22837.T=N/A,H=N/A,SAT=7"
,2025-09-21T04:13:16Z,COM6,,UTC=11:33:11,18.70,120.292627,23.106585,,,,,,,,,N/A,SAT=7,-20.98,-52.70,818.38,385.00,44695.00,-104580.T=N/A,,"Package=2056,UTC=11:33:11,Lat=23.106585,Lng=120.292627,Alt=18.70,Ax=-20.98,Ay=-52.70,Az=818.38,Gx=385.00,Gy=44695.00,Gz=-104580.T=N/A,H=N/A,SAT=7"
,2025-09-21T04:13:18Z,COM6,,UTC=11:33:11,18.70,120.292627,23.106585,,,,,,,,,N/A,SAT=7,-51.61,25.74,1113.86,-33442.50,54285.00,-2232T=N/A,,"Package=2057,UTC=11:33:11,Lat=23.106585,Lng=120.292627,Alt=18.70,Ax=-51.61,Ay=25.74,Az=1113.86,Gx=-33442.50,Gy=54285.00,Gz=-2232T=N/A,H=N/A,SAT=7"
,2025-09-21T04:13:20Z,COM6,,UTC=11:33:11,18.70,120.292627,23.106585,,,,,,,,,N/A,SAT=7,-81.25,19.28,1358.35,87.50,-16782.50,-97335.0T=N/A,,"Package=2058,UTC=11:33:11,Lat=23.106585,Lng=120.292627,Alt=18.70,Ax=-81.25,Ay=19.28,Az=1358.35,Gx=87.50,Gy=-16782.50,Gz=-97335.0T=N/A,H=N/A,SAT=7"
,2025-09-21T04:13:21Z,COM6,,UTC=11:33:11,18.70,120.292627,23.106585,,,,,,,,,N/A,SAT=7,-15.49,-29.04,1230.98,-30730.00,41685.00,-573T=N/A,,"Package=2059,UTC=11:33:11,Lat=23.106585,Lng=120.292627,Alt=18.70,Ax=-15.49,Ay=-29.04,Az=1230.98,Gx=-30730.00,Gy=41685.00,Gz=-573T=N/A,H=N/A,SAT=7"
,2025-09-21T04:13:23Z,COM6,,UTC=11:33:11,18.70,120.292627,23.106585,,,,,,,,,N/A,SAT=7,-14.88,11.35,1314.92,-52010.00,53830.00,-1514T=N/A,,"Package=2060,UTC=11:33:11,Lat=23.106585,Lng=120.292627,Alt=18.70,Ax=-14.88,Ay=11.35,Az=1314.92,Gx=-52010.00,Gy=53830.00,Gz=-1514T=N/A,H=N/A,SAT=7"
,2025-09-21T04:13:25Z,COM6,,UTC=11:33:11,18.70,120.292627,23.106585,,,,,,,,,N/A,SAT=7,-19.28,-45.14,918.42,49000.00,-14997.50,32847T=N/A,,"Package=2061,UTC=11:33:11,Lat=23.106585,Lng=120.292627,Alt=18.70,Ax=-19.28,Ay=-45.14,Az=918.42,Gx=49000.00,Gy=-14997.50,Gz=32847T=N/A,H=N/A,SAT=7"
,2025-09-21T04:13:26Z,COM6,,UTC=11:33:11,18.70,120.292627,23.106585,,,,,,,,,N/A,SAT=7,-36.84,-56.61,923.17,4165.00,13580.00,-61915.T=N/A,,"Package=2062,UTC=11:33:11,Lat=23.106585,Lng=120.292627,Alt=18.70,Ax=-36.84,Ay=-56.61,Az=923.17,Gx=4165.00,Gy=13580.00,Gz=-61915.T=N/A,H=N/A,SAT=7"
,2025-09-21T04:13:28Z,COM6,,UTC=11:33:11,18.70,120.292627,23.106585,,,,,,,,,N/A,SAT=7,-35.75,-7.20,847.17,-12442.50,-6475.00,-16765T=N/A,,"Package=2063,UTC=11:33:11,Lat=23.106585,Lng=120.292627,Alt=18.70,Ax=-35.75,Ay=-7.20,Az=847.17,Gx=-12442.50,Gy=-6475.00,Gz=-16765T=N/A,H=N/A,SAT=7"
,2025-09-21T04:13:30Z,COM6,,UTC=11:33:11,18.70,120.292627,23.106585,,,,,,,,,N/A,SAT=7,-21.84,-12.57,1200.11,-18812.50,34510.00,-928T=N/A,,"Package=2064,UTC=11:33:11,Lat=23.106585,Lng=120.292627,Alt=18.70,Ax=-21.84,Ay=-12.57,Az=1200.11,Gx=-18812.50,Gy=34510.00,Gz=-928T=N/A,H=N/A,SAT=7"
,2025-09-21T04:13:31Z,COM6,,UTC=11:33:11,18.70,120.292627,23.106585,,,,,,,,,N/A,SAT=7,-87.11,-3.90,1307.47,-15260.00,-45727.50,1617T=N/A,,"Package=2065,UTC=11:33:11,Lat=23.106585,Lng=120.292627,Alt=18.70,Ax=-87.11,Ay=-3.90,Az=1307.47,Gx=-15260.00,Gy=-45727.50,Gz=1617T=N/A,H=N/A,SAT=7"
,2025-09-21T04:13:33Z,COM6,,UTC=11:33:11,18.70,120.292627,23.106585,,,,,,,,,N/A,SAT=7,-51.36,-11.96,1162.66,-35052.50,38587.50,1579T=N/A,,"Package=2066,UTC=11:33:11,Lat=23.106585,Lng=120.292627,Alt=18.70,Ax=-51.36,Ay=-11.96,Az=1162.66,Gx=-35052.50,Gy=38587.50,Gz=1579T=N/A,H=N/A,SAT=7"
,2025-09-21T04:13:35Z,COM6,,UTC=11:33:11,18.70,120.292627,23.106585,,,,,,,,,N/A,SAT=7,-13.42,-53.44,992.47,-24972.50,53112.50,-3524T=N/A,,"Package=2067,UTC=11:33:11,Lat=23.106585,Lng=120.292627,Alt=18.70,Ax=-13.42,Ay=-53.44,Az=992.47,Gx=-24972.50,Gy=53112.50,Gz=-3524T=N/A,H=N/A,SAT=7"
,2025-09-21T04:13:36Z,COM6,,UTC=11:33:11,18.70,120.292627,23.106585,,,,,,,,,N/A,SAT=7,-31.11,10.37,968.92,-17745.00,-41912.50,97457T=N/A,,"Package=2068,UTC=11:33:11,Lat=23.106585,Lng=120.292627,Alt=18.70,Ax=-31.11,Ay=10.37,Az=968.92,Gx=-17745.00,Gy=-41912.50,Gz=97457T=N/A,H=N/A,SAT=7"
,2025-09-21T04:13:38Z,COM6,,UTC=11:33:11,18.70,120.292627,23.106585,,,,,,,,,N/A,SAT=7,-64.42,7.69,1133.14,-31237.50,-402.50,185517.T=N/A,,"Package=2069,UTC=11:33:11,Lat=23.106585,Lng=120.292627,Alt=18.70,Ax=-64.42,Ay=7.69,Az=1133.14,Gx=-31237.50,Gy=-402.50,Gz=185517.T=N/A,H=N/A,SAT=7"
,2025-09-21T04:13:40Z,COM6,,UTC=11:33:11,18.70,120.292627,23.106585,,,,,,,,,N/A,SAT=7,-29.28,-59.05,1010.77,16292.50,13055.00,12687T=N/A,,"Package=2070,UTC=11:33:11,Lat=23.106585,Lng=120.292627,Alt=18.70,Ax=-29.28,Ay=-59.05,Az=1010.77,Gx=16292.50,Gy=13055.00,Gz=12687T=N/A,H=N/A,SAT=7"
,2025-09-21T04:13:41Z,COM6,,UTC=11:33:11,18.70,120.292627,23.106585,,,,,,,,,N/A,SAT=7,-41.48,33.92,1274.41,-72187.50,-5145.00,14059T=N/A,,"Package=2071,UTC=11:33:11,Lat=23.106585,Lng=120.292627,Alt=18.70,Ax=-41.48,Ay=33.92,Az=1274.41,Gx=-72187.50,Gy=-5145.00,Gz=14059T=N/A,H=N/A,SAT=7"
,2025-09-21T04:13:43Z,COM6,,UTC=11:33:11,18.70,120.292627,23.106585,,,,,,,,,N/A,SAT=7,-29.16,-29.89,1183.40,-5215.00,50085.00,77997T=N/A,,"Package=2072,UTC=11:33:11,Lat=23.106585,Lng=120.292627,Alt=18.70,Ax=-29.16,Ay=-29.89,Az=1183.40,Gx=-5215.00,Gy=50085.00,Gz=77997T=N/A,H=N/A,SAT=7"
,2025-09-21T04:13:45Z,COM6,,UTC=11:33:11,18.70,120.292627,23.106585,,,,,,,,,N/A,SAT=7,-10.98,-28.55,1052.49,-30992.50,18952.50,2593T=N/A,,"Package=2073,UTC=11:33:11,Lat=23.106585,Lng=120.292627,Alt=18.70,Ax=-10.98,Ay=-28.55,Az=1052.49,Gx=-30992.50,Gy=18952.50,Gz=2593T=N/A,H=N/A,SAT=7"
,2025-09-21T04:13:46Z,COM6,,UTC=11:33:11,18.70,120.292627,23.106585,,,,,,,,,N/A,SAT=7,-36.11,-46.12,915.24,6125.00,-37362.50,-18165T=N/A,,"Package=2074,UTC=11:33:11,Lat=23.106585,Lng=120.292627,Alt=18.70,Ax=-36.11,Ay=-46.12,Az=915.24,Gx=6125.00,Gy=-37362.50,Gz=-18165T=N/A,H=N/A,SAT=7"
,2025-09-21T04:13:48Z,COM6,,UTC=11:33:11,18.70,120.292627,23.106585,,,,,,,,,N/A,SAT=7,-50.02,48.19,774.21,-38972.50,3622.50,-225225T=N/A,,"Package=2075,UTC=11:33:11,Lat=23.106585,Lng=120.292627,Alt=18.70,Ax=-50.02,Ay=48.19,Az=774.21,Gx=-38972.50,Gy=3622.50,Gz=-225225T=N/A,H=N/A,SAT=7"
,2025-09-21T04:13:50Z,COM6,,UTC=11:33:11,18.70,120.292627,23.106585,,,,,,,,,N/A,SAT=7,-46.12,-10.74,1209.75,5180.00,-45412.50,-7444T=N/A,,"Package=2076,UTC=11:33:11,Lat=23.106585,Lng=120.292627,Alt=18.70,Ax=-46.12,Ay=-10.74,Az=1209.75,Gx=5180.00,Gy=-45412.50,Gz=-7444T=N/A,H=N/A,SAT=7"
,2025-09-21T04:13:51Z,COM6,,UTC=11:33:11,18.70,120.292627,23.106585,,,,,,,,,N/A,SAT=7,7.56,-7.08,1444.48,-48597.50,78575.00,2292.50T=N/A,,"Package=2077,UTC=11:33:11,Lat=23.106585,Lng=120.292627,Alt=18.70,Ax=7.56,Ay=-7.08,Az=1444.48,Gx=-48597.50,Gy=78575.00,Gz=2292.50T=N/A,H=N/A,SAT=7"
,2025-09-21T04:13:53Z,COM6,,UTC=11:33:11,18.70,120.292627,23.106585,,,,,,,,,N/A,SAT=7,-56.61,-54.17,1067.26,29925.00,700.00,-109567T=N/A,,"Package=2078,UTC=11:33:11,Lat=23.106585,Lng=120.292627,Alt=18.70,Ax=-56.61,Ay=-54.17,Az=1067.26,Gx=29925.00,Gy=700.00,Gz=-109567T=N/A,H=N/A,SAT=7"
,2025-09-21T04:13:55Z,COM6,,UTC=11:33:11,18.70,120.292627,23.106585,,,,,,,,,N/A,SAT=7,-48.80,-1.83,890.84,4655.00,37415.00,-164745.T=N/A,,"Package=2079,UTC=11:33:11,Lat=23.106585,Lng=120.292627,Alt=18.70,Ax=-48.80,Ay=-1.83,Az=890.84,Gx=4655.00,Gy=37415.00,Gz=-164745.T=N/A,H=N/A,SAT=7"
,2025-09-21T04:13:56Z,COM6,,UTC=11:33:11,18.70,120.292627,23.106585,,,,,,,,,N/A,SAT=7,-42.46,-4.88,959.90,17552.50,10605.00,121345.T=N/A,,"Package=2080,UTC=11:33:11,Lat=23.106585,Lng=120.292627,Alt=18.70,Ax=-42.46,Ay=-4.88,Az=959.90,Gx=17552.50,Gy=10605.00,Gz=121345.T=N/A,H=N/A,SAT=7"
,2025-09-21T04:13:58Z,COM6,,UTC=11:33:11,18.70,120.292627,23.106585,,,,,,,,,N/A,SAT=7,-21.35,-60.76,1026.02,45342.50,13002.50,62930T=N/A,,"Package=2081,UTC=11:33:11,Lat=23.106585,Lng=120.292627,Alt=18.70,Ax=-21.35,Ay=-60.76,Az=1026.02,Gx=45342.50,Gy=13002.50,Gz=62930T=N/A,H=N/A,SAT=7"
,2025-09-21T04:14:00Z,COM6,,UTC=11:33:11,18.70,120.292627,23.106585,,,,,,,,,N/A,SAT=7,-49.53,-30.50,1378.60,-19512.50,-37695.00,-64T=N/A,,"Package=2082,UTC=11:33:11,Lat=23.106585,Lng=120.292627,Alt=18.70,Ax=-49.53,Ay=-30.50,Az=1378.60,Gx=-19512.50,Gy=-37695.00,Gz=-64T=N/A,H=N/A,SAT=7"
,2025-09-21T04:14:01Z,COM6,,UTC=11:33:11,18.70,120.292627,23.106585,,,,,,,,,N/A,SAT=7,14.64,-28.67,936.47,12057.50,57050.00,-40530.T=N/A,,"Package=2083,UTC=11:33:11,Lat=23.106585,Lng=120.292627,Alt=18.70,Ax=14.64,Ay=-28.67,Az=936.47,Gx=12057.50,Gy=57050.00,Gz=-40530.T=N/A,H=N/A,SAT=7"
,2025-09-21T04:14:03Z,COM6,,UTC=11:33:11,18.70,120.292627,23.106585,,,,,,,,,N/A,SAT=7,-48.43,3.66,951.36,-30905.00,-52902.50,99645.T=N/A,,"Package=2084,UTC=11:33:11,Lat=23.106585,Lng=120.292627,Alt=18.70,Ax=-48.43,Ay=3.66,Az=951.36,Gx=-30905.00,Gy=-52902.50,Gz=99645.T=N/A,H=N/A,SAT=7"
,2025-09-21T04:14:05Z,COM6,,UTC=11:33:11,18.70,120.292627,23.106585,,,,,,,,,N/A,SAT=7,-58.68,-37.94,847.29,2292.50,-23590.00,118212T=N/A,,"Package=2085,UTC=11:33:11,Lat=23.106585,Lng=120.292627,Alt=18.70,Ax=-58.68,Ay=-37.94,Az=847.29,Gx=2292.50,Gy=-23590.00,Gz=118212T=N/A,H=N/A,SAT=7"
,2025-09-21T04:14:06Z,COM6,,UTC=11:33:11,18.70,120.292627,23.106585,,,,,,,,,N/A,SAT=7,-9.88,-51.97,1167.78,15382.50,20667.50,45185.T=N/A,,"Package=2086,UTC=11:33:11,Lat=23.106585,Lng=120.292627,Alt=18.70,Ax=-9.88,Ay=-51.97,Az=1167.78,Gx=15382.50,Gy=20667.50,Gz=45185.T=N/A,H=N/A,SAT=7"
,2025-09-21T04:14:08Z,COM6,,UTC=11:33:11,18.70,120.292627,23.106585,,,,,,,,,N/A,SAT=7,-29.52,-16.84,1149.00,8085.00,-15260.00,-4046T=N/A,,"Package=2087,UTC=11:33:11,Lat=23.106585,Lng=120.292627,Alt=18.70,Ax=-29.52,Ay=-16.84,Az=1149.00,Gx=8085.00,Gy=-15260.00,Gz=-4046T=N/A,H=N/A,SAT=7"
,2025-09-21T04:14:10Z,COM6,,UTC=11:33:11,18.70,120.292627,23.106585,,,,,,,,,N/A,SAT=7,-28.06,-26.11,1187.79,9415.00,31675.00,-27440T=N/A,,"Package=2088,UTC=11:33:11,Lat=23.106585,Lng=120.292627,Alt=18.70,Ax=-28.06,Ay=-26.11,Az=1187.79,Gx=9415.00,Gy=31675.00,Gz=-27440T=N/A,H=N/A,SAT=7"
,2025-09-21T04:14:11Z,COM6,,UTC=11:33:11,18.70,120.292627,23.106585,,,,,,,,,N/A,SAT=7,-41.60,-4.03,999.42,13422.50,-16642.50,78925.T=N/A,,"Package=2089,UTC=11:33:11,Lat=23.106585,Lng=120.292627,Alt=18.70,Ax=-41.60,Ay=-4.03,Az=999.42,Gx=13422.50,Gy=-16642.50,Gz=78925.T=N/A,H=N/A,SAT=7"
,2025-09-21T04:14:13Z,COM6,,UTC=11:33:11,18.70,120.292627,23.106585,,,,,,,,,N/A,SAT=7,-46.48,-12.81,899.14,-56122.50,-7910.00,14470T=N/A,,"Package=2090,UTC=11:33:11,Lat=23.106585,Lng=120.292627,Alt=18.70,Ax=-46.48,Ay=-12.81,Az=899.14,Gx=-56122.50,Gy=-7910.00,Gz=14470T=N/A,H=N/A,SAT=7"
,2025-09-21T04:14:15Z,COM6,,UTC=11:33:11,18.70,120.292627,23.106585,,,,,,,,,N/A,SAT=7,-36.11,-19.76,1070.55,-30327.50,5302.50,12524T=N/A,,"Package=2091,UTC=11:33:11,Lat=23.106585,Lng=120.292627,Alt=18.70,Ax=-36.11,Ay=-19.76,Az=1070.55,Gx=-30327.50,Gy=5302.50,Gz=12524T=N/A,H=N/A,SAT=7"
,2025-09-21T04:14:16Z,COM6,,UTC=11:33:11,18.70,120.292627,23.106585,,,,,,,,,N/A,SAT=7,-27.33,-32.70,1175.96,-6265.00,3797.50,-99697T=N/A,,"Package=2092,UTC=11:33:11,Lat=23.106585,Lng=120.292627,Alt=18.70,Ax=-27.33,Ay=-32.70,Az=1175.96,Gx=-6265.00,Gy=3797.50,Gz=-99697T=N/A,H=N/A,SAT=7"
,2025-09-21T04:14:18Z,COM6,,UTC=11:33:11,18.70,120.292627,23.106585,,,,,,,,,N/A,SAT=7,-53.19,-11.59,1209.63,-21280.00,-5110.00,-153T=N/A,,"Package=2093,UTC=11:33:11,Lat=23.106585,Lng=120.292627,Alt=18.70,Ax=-53.19,Ay=-11.59,Az=1209.63,Gx=-21280.00,Gy=-5110.00,Gz=-153T=N/A,H=N/A,SAT=7"
,2025-09-21T04:14:20Z,COM6,,UTC=11:33:11,18.70,120.292627,23.106585,,,,,,,,,N/A,SAT=7,-38.43,0.98,1068.48,-17045.00,10290.00,5285.0T=N/A,,"Package=2094,UTC=11:33:11,Lat=23.106585,Lng=120.292627,Alt=18.70,Ax=-38.43,Ay=0.98,Az=1068.48,Gx=-17045.00,Gy=10290.00,Gz=5285.0T=N/A,H=N/A,SAT=7"
,2025-09-21T04:14:21Z,COM6,,UTC=11:33:11,18.70,120.292627,23.106585,,,,,,,,,N/A,SAT=7,-24.40,-22.08,984.91,-55527.50,-20842.50,3304T=N/A,,"Package=2095,UTC=11:33:11,Lat=23.106585,Lng=120.292627,Alt=18.70,Ax=-24.40,Ay=-22.08,Az=984.91,Gx=-55527.50,Gy=-20842.50,Gz=3304T=N/A,H=N/A,SAT=7"
,2025-09-21T04:14:23Z,COM6,,UTC=11:33:11,18.70,120.292627,23.106585,,,,,,,,N/A,N/A,SAT=7,-16.10,-48.43,868.03,23835.00,5005.00,262.50,,"Package=2096,UTC=11:33:11,Lat=23.106585,Lng=120.292627,Alt=18.70,Ax=-16.10,Ay=-48.43,Az=868.03,Gx=23835.00,Gy=5005.00,Gz=262.50,T=N/A,H=N/A,SAT=7"
,2025-09-21T04:14:25Z,COM6,,UTC=11:33:11,18.70,120.292627,23.106585,,,,,,,,,N/A,SAT=7,-54.29,17.69,888.04,10710.00,-39830.00,-17496T=N/A,,"Package=2097,UTC=11:33:11,Lat=23.106585,Lng=120.292627,Alt=18.70,Ax=-54.29,Ay=17.69,Az=888.04,Gx=10710.00,Gy=-39830.00,Gz=-17496T=N/A,H=N/A,SAT=7"
,2025-09-21T04:14:26Z,COM6,,UTC=11:33:11,18.70,120.292627,23.106585,,,,,,,,,N/A,SAT=7,-32.94,-37.94,928.30,7770.00,23852.50,-99417.T=N/A,,"Package=2098,UTC=11:33:11,Lat=23.106585,Lng=120.292627,Alt=18.70,Ax=-32.94,Ay=-37.94,Az=928.30,Gx=7770.00,Gy=23852.50,Gz=-99417.T=N/A,H=N/A,SAT=7"
,2025-09-21T04:14:28Z,COM6,,UTC=11:33:11,18.70,120.292627,23.106585,,,,,,,,,N/A,SAT=7,-49.04,2.68,1288.32,-32550.00,-6265.00,-16028T=N/A,,"Package=2099,UTC=11:33:11,Lat=23.106585,Lng=120.292627,Alt=18.70,Ax=-49.04,Ay=2.68,Az=1288.32,Gx=-32550.00,Gy=-6265.00,Gz=-16028T=N/A,H=N/A,SAT=7"
,2025-09-21T04:14:30Z,COM6,,UTC=11:33:11,18.70,120.292627,23.106585,,,,,,,,,N/A,SAT=7,-26.47,-18.54,927.44,8785.00,10027.50,-8977.5T=N/A,,"Package=2100,UTC=11:33:11,Lat=23.106585,Lng=120.292627,Alt=18.70,Ax=-26.47,Ay=-18.54,Az=927.44,Gx=8785.00,Gy=10027.50,Gz=-8977.5T=N/A,H=N/A,SAT=7"
,2025-09-21T04:14:32Z,COM6,,UTC=11:33:11,18.70,120.292627,23.106585,,,,,,,,,N/A,SAT=7,-43.55,-15.98,1144.85,-11672.50,-31745.00,103T=N/A,,"Package=2101,UTC=11:33:11,Lat=23.106585,Lng=120.292627,Alt=18.70,Ax=-43.55,Ay=-15.98,Az=1144.85,Gx=-11672.50,Gy=-31745.00,Gz=103T=N/A,H=N/A,SAT=7"
,2025-09-21T04:14:33Z,COM6,,UTC=11:33:11,18.70,120.292627,23.106585,,,,,,,,,N/A,SAT=7,-58.80,-20.01,994.30,12897.50,-36645.00,11579T=N/A,,"Package=2102,UTC=11:33:11,Lat=23.106585,Lng=120.292627,Alt=18.70,Ax=-58.80,Ay=-20.01,Az=994.30,Gx=12897.50,Gy=-36645.00,Gz=11579T=N/A,H=N/A,SAT=7"
,2025-09-21T04:14:35Z,COM6,,UTC=11:33:11,18.70,120.292627,23.106585,,,,,,,,,N/A,SAT=7,-57.83,-29.04,893.04,227.50,-5162.50,142345.0T=N/A,,"Package=2103,UTC=11:33:11,Lat=23.106585,Lng=120.292627,Alt=18.70,Ax=-57.83,Ay=-29.04,Az=893.04,Gx=227.50,Gy=-5162.50,Gz=142345.0T=N/A,H=N/A,SAT=7"
,2025-09-21T04:14:37Z,COM6,,UTC=11:33:11,18.70,120.292627,23.106585,,,,,,,,,N/A,SAT=7,-39.53,-49.04,1068.11,31010.00,-7945.00,95777T=N/A,,"Package=2104,UTC=11:33:11,Lat=23.106585,Lng=120.292627,Alt=18.70,Ax=-39.53,Ay=-49.04,Az=1068.11,Gx=31010.00,Gy=-7945.00,Gz=95777T=N/A,H=N/A,SAT=7"
,2025-09-21T04:14:38Z,COM6,,UTC=11:33:11,18.70,120.292627,23.106585,,,,,,,,,N/A,SAT=7,-25.62,-5.86,1236.35,-44380.00,-1557.50,-3860T=N/A,,"Package=2105,UTC=11:33:11,Lat=23.106585,Lng=120.292627,Alt=18.70,Ax=-25.62,Ay=-5.86,Az=1236.35,Gx=-44380.00,Gy=-1557.50,Gz=-3860T=N/A,H=N/A,SAT=7"
,2025-09-21T04:14:40Z,COM6,,UTC=11:33:11,18.70,120.292627,23.106585,,,,,,,,,N/A,SAT=7,-51.61,-1.34,1237.45,4410.00,-35892.50,113907T=N/A,,"Package=2106,UTC=11:33:11,Lat=23.106585,Lng=120.292627,Alt=18.70,Ax=-51.61,Ay=-1.34,Az=1237.45,Gx=4410.00,Gy=-35892.50,Gz=113907T=N/A,H=N/A,SAT=7"
,2025-09-21T04:14:42Z,COM6,,UTC=11:33:11,18.70,120.292627,23.106585,,,,,,,,,N/A,SAT=7,-82.23,-5.49,1107.76,-12022.50,-31762.50,1679T=N/A,,"Package=2107,UTC=11:33:11,Lat=23.106585,Lng=120.292627,Alt=18.70,Ax=-82.23,Ay=-5.49,Az=1107.76,Gx=-12022.50,Gy=-31762.50,Gz=1679T=N/A,H=N/A,SAT=7"
,2025-09-21T04:14:43Z,COM6,,UTC=11:33:11,18.70,120.292627,23.106585,,,,,,,,,N/A,SAT=7,-59.17,-30.26,905.61,-7262.50,14017.50,78960.T=N/A,,"Package=2108,UTC=11:33:11,Lat=23.106585,Lng=120.292627,Alt=18.70,Ax=-59.17,Ay=-30.26,Az=905.61,Gx=-7262.50,Gy=14017.50,Gz=78960.T=N/A,H=N/A,SAT=7"
,2025-09-21T04:14:45Z,COM6,,UTC=11:33:11,18.70,120.292627,23.106585,,,,,,,,,N/A,SAT=7,-49.78,-48.80,976.73,-25147.50,-39392.50,6527T=N/A,,"Package=2109,UTC=11:33:11,Lat=23.106585,Lng=120.292627,Alt=18.70,Ax=-49.78,Ay=-48.80,Az=976.73,Gx=-25147.50,Gy=-39392.50,Gz=6527T=N/A,H=N/A,SAT=7"
,2025-09-21T04:14:47Z,COM6,,UTC=11:33:11,18.70,120.292627,23.106585,,,,,,,,,N/A,SAT=7,-9.88,7.56,1005.52,-24745.00,6282.50,18987.50T=N/A,,"Package=2110,UTC=11:33:11,Lat=23.106585,Lng=120.292627,Alt=18.70,Ax=-9.88,Ay=7.56,Az=1005.52,Gx=-24745.00,Gy=6282.50,Gz=18987.50T=N/A,H=N/A,SAT=7"
,2025-09-21T04:14:48Z,COM6,,UTC=11:33:11,18.70,120.292627,23.106585,,,,,,,,,N/A,SAT=7,-39.16,-74.54,1248.30,39252.50,-23345.00,-747T=N/A,,"Package=2111,UTC=11:33:11,Lat=23.106585,Lng=120.292627,Alt=18.70,Ax=-39.16,Ay=-74.54,Az=1248.30,Gx=39252.50,Gy=-23345.00,Gz=-747T=N/A,H=N/A,SAT=7"
,2025-09-21T04:14:50Z,COM6,,UTC=11:33:11,18.70,120.292627,23.106585,,,,,,,,,N/A,SAT=7,-46.24,-94.06,1379.45,101482.50,72765.00,-837T=N/A,,"Package=2112,UTC=11:33:11,Lat=23.106585,Lng=120.292627,Alt=18.70,Ax=-46.24,Ay=-94.06,Az=1379.45,Gx=101482.50,Gy=72765.00,Gz=-837T=N/A,H=N/A,SAT=7"
,2025-09-21T04:14:52Z,COM6,,UTC=11:33:11,18.70,120.292627,23.106585,,,,,,,,,N/A,SAT=7,-34.28,15.13,1111.91,-40145.00,63980.00,-2109T=N/A,,"Package=2113,UTC=11:33:11,Lat=23.106585,Lng=120.292627,Alt=18.70,Ax=-34.28,Ay=15.13,Az=1111.91,Gx=-40145.00,Gy=63980.00,Gz=-2109T=N/A,H=N/A,SAT=7"
,2025-09-21T04:14:53Z,COM6,,UTC=11:33:11,18.70,120.292627,23.106585,,,,,,,,,N/A,SAT=7,-20.98,-15.62,835.94,-19337.50,88410.00,-2476T=N/A,,"Package=2114,UTC=11:33:11,Lat=23.106585,Lng=120.292627,Alt=18.70,Ax=-20.98,Ay=-15.62,Az=835.94,Gx=-19337.50,Gy=88410.00,Gz=-2476T=N/A,H=N/A,SAT=7"
,2025-09-21T04:14:55Z,COM6,,UTC=11:33:11,18.70,120.292627,23.106585,,,,,,,,,N/A,SAT=7,-22.45,-12.44,787.63,-9660.00,23765.00,41947.T=N/A,,"Package=2115,UTC=11:33:11,Lat=23.106585,Lng=120.292627,Alt=18.70,Ax=-22.45,Ay=-12.44,Az=787.63,Gx=-9660.00,Gy=23765.00,Gz=41947.T=N/A,H=N/A,SAT=7"
,2025-09-21T04:14:57Z,COM6,,UTC=11:33:11,18.70,120.292627,23.106585,,,,,,,,,N/A,SAT=7,-27.08,-7.08,1458.88,-78837.50,30380.00,81200T=N/A,,"Package=2116,UTC=11:33:11,Lat=23.106585,Lng=120.292627,Alt=18.70,Ax=-27.08,Ay=-7.08,Az=1458.88,Gx=-78837.50,Gy=30380.00,Gz=81200T=N/A,H=N/A,SAT=7"
,2025-09-21T04:14:58Z,COM6,,UTC=11:33:11,18.70,120.292627,23.106585,,,,,,,,,N/A,SAT=7,-49.29,-42.21,1288.81,24150.00,-7700.00,54250T=N/A,,"Package=2117,UTC=11:33:11,Lat=23.106585,Lng=120.292627,Alt=18.70,Ax=-49.29,Ay=-42.21,Az=1288.81,Gx=24150.00,Gy=-7700.00,Gz=54250T=N/A,H=N/A,SAT=7"
,2025-09-21T04:15:00Z,COM6,,UTC=11:33:11,18.70,120.292627,23.106585,,,,,,,,,N/A,SAT=7,-60.76,-52.70,1020.04,33530.00,-22942.50,1181T=N/A,,"Package=2118,UTC=11:33:11,Lat=23.106585,Lng=120.292627,Alt=18.70,Ax=-60.76,Ay=-52.70,Az=1020.04,Gx=33530.00,Gy=-22942.50,Gz=1181T=N/A,H=N/A,SAT=7"
,2025-09-21T04:15:02Z,COM6,,UTC=11:33:11,18.70,120.292627,23.106585,,,,,,,,,N/A,SAT=7,-50.51,-34.65,922.20,-14000.00,-3797.50,12929T=N/A,,"Package=2119,UTC=11:33:11,Lat=23.106585,Lng=120.292627,Alt=18.70,Ax=-50.51,Ay=-34.65,Az=922.20,Gx=-14000.00,Gy=-3797.50,Gz=12929T=N/A,H=N/A,SAT=7"
,2025-09-21T04:15:03Z,COM6,,UTC=11:33:11,18.70,120.292627,23.106585,,,,,,,,,N/A,SAT=7,-24.52,-58.32,1090.07,27265.00,24762.50,-1255T=N/A,,"Package=2120,UTC=11:33:11,Lat=23.106585,Lng=120.292627,Alt=18.70,Ax=-24.52,Ay=-58.32,Az=1090.07,Gx=27265.00,Gy=24762.50,Gz=-1255T=N/A,H=N/A,SAT=7"
,2025-09-21T04:15:05Z,COM6,,UTC=11:33:11,18.70,120.292627,23.106585,,,,,,,,,N/A,SAT=7,-46.60,18.79,1054.69,-27160.00,9607.50,-11467T=N/A,,"Package=2121,UTC=11:33:11,Lat=23.106585,Lng=120.292627,Alt=18.70,Ax=-46.60,Ay=18.79,Az=1054.69,Gx=-27160.00,Gy=9607.50,Gz=-11467T=N/A,H=N/A,SAT=7"
,2025-09-21T04:15:07Z,COM6,,UTC=11:33:11,18.70,120.292627,23.106585,,,,,,,,,N/A,SAT=7,-21.84,-22.69,1258.31,4515.00,28000.00,-3990.T=N/A,,"Package=2122,UTC=11:33:11,Lat=23.106585,Lng=120.292627,Alt=18.70,Ax=-21.84,Ay=-22.69,Az=1258.31,Gx=4515.00,Gy=28000.00,Gz=-3990.T=N/A,H=N/A,SAT=7"
,2025-09-21T04:15:08Z,COM6,,UTC=11:33:11,18.70,120.292627,23.106585,,,,,,,,,N/A,SAT=7,-43.07,0.24,1418.74,-41352.50,4550.00,61512.5T=N/A,,"Package=2123,UTC=11:33:11,Lat=23.106585,Lng=120.292627,Alt=18.70,Ax=-43.07,Ay=0.24,Az=1418.74,Gx=-41352.50,Gy=4550.00,Gz=61512.5T=N/A,H=N/A,SAT=7"
,2025-09-21T04:15:10Z,COM6,,UTC=11:33:11,18.70,120.292627,23.106585,,,,,,,,,N/A,SAT=7,-36.60,-52.70,1106.54,-7997.50,-15925.00,2791T=N/A,,"Package=2124,UTC=11:33:11,Lat=23.106585,Lng=120.292627,Alt=18.70,Ax=-36.60,Ay=-52.70,Az=1106.54,Gx=-7997.50,Gy=-15925.00,Gz=2791T=N/A,H=N/A,SAT=7"
,2025-09-21T04:15:12Z,COM6,,UTC=11:33:11,18.70,120.292627,23.106585,,,,,,,,,N/A,SAT=7,-40.26,-20.98,826.43,17885.00,-4305.00,144410T=N/A,,"Package=2125,UTC=11:33:11,Lat=23.106585,Lng=120.292627,Alt=18.70,Ax=-40.26,Ay=-20.98,Az=826.43,Gx=17885.00,Gy=-4305.00,Gz=144410T=N/A,H=N/A,SAT=7"
,2025-09-21T04:15:13Z,COM6,,UTC=11:33:11,18.70,120.292627,23.106585,,,,,,,,,N/A,SAT=7,-53.44,-37.33,974.29,18392.50,4655.00,86957.5T=N/A,,"Package=2126,UTC=11:33:11,Lat=23.106585,Lng=120.292627,Alt=18.70,Ax=-53.44,Ay=-37.33,Az=974.29,Gx=18392.50,Gy=4655.00,Gz=86957.5T=N/A,H=N/A,SAT=7"
,2025-09-21T04:15:15Z,COM6,,UTC=11:33:11,18.70,120.292627,23.106585,,,,,,,,,N/A,SAT=7,-29.77,-9.52,1166.93,-4305.00,-15067.50,-3981T=N/A,,"Package=2127,UTC=11:33:11,Lat=23.106585,Lng=120.292627,Alt=18.70,Ax=-29.77,Ay=-9.52,Az=1166.93,Gx=-4305.00,Gy=-15067.50,Gz=-3981T=N/A,H=N/A,SAT=7"
,2025-09-21T04:15:17Z,COM6,,UTC=11:33:11,18.70,120.292627,23.106585,,,,,,,,,N/A,SAT=7,-40.99,-35.14,1245.50,42017.50,50645.00,-1304T=N/A,,"Package=2128,UTC=11:33:11,Lat=23.106585,Lng=120.292627,Alt=18.70,Ax=-40.99,Ay=-35.14,Az=1245.50,Gx=42017.50,Gy=50645.00,Gz=-1304T=N/A,H=N/A,SAT=7"
,2025-09-21T04:15:18Z,COM6,,UTC=11:33:11,18.70,120.292627,23.106585,,,,,,,,,N/A,SAT=7,-85.52,49.78,1194.38,-7000.00,-46200.00,-1932T=N/A,,"Package=2129,UTC=11:33:11,Lat=23.106585,Lng=120.292627,Alt=18.70,Ax=-85.52,Ay=49.78,Az=1194.38,Gx=-7000.00,Gy=-46200.00,Gz=-1932T=N/A,H=N/A,SAT=7"
,2025-09-21T04:15:20Z,COM6,,UTC=11:33:11,18.70,120.292627,23.106585,,,,,,,,,N/A,SAT=7,-99.06,-16.71,938.42,41125.00,-74252.50,19243T=N/A,,"Package=2130,UTC=11:33:11,Lat=23.106585,Lng=120.292627,Alt=18.70,Ax=-99.06,Ay=-16.71,Az=938.42,Gx=41125.00,Gy=-74252.50,Gz=19243T=N/A,H=N/A,SAT=7"
,2025-09-21T04:15:22Z,COM6,,UTC=11:33:11,18.70,120.292627,23.106585,,,,,,,,,N/A,SAT=7,-66.86,39.89,905.97,-131180.00,17762.50,17307T=N/A,,"Package=2131,UTC=11:33:11,Lat=23.106585,Lng=120.292627,Alt=18.70,Ax=-66.86,Ay=39.89,Az=905.97,Gx=-131180.00,Gy=17762.50,Gz=17307T=N/A,H=N/A,SAT=7"
,2025-09-21T04:15:23Z,COM6,,UTC=11:33:11,18.70,120.292627,23.106585,,,,,,,,,N/A,SAT=7,-42.33,-90.52,1087.75,44660.00,5950.00,-7087.T=N/A,,"Package=2132,UTC=11:33:11,Lat=23.106585,Lng=120.292627,Alt=18.70,Ax=-42.33,Ay=-90.52,Az=1087.75,Gx=44660.00,Gy=5950.00,Gz=-7087.T=N/A,H=N/A,SAT=7"
,2025-09-21T04:15:25Z,COM6,,UTC=11:33:11,18.70,120.292627,23.106585,,,,,,,,,N/A,SAT=7,-60.76,6.83,1311.26,-68862.50,-44100.00,2975.T=N/A,,"Package=2133,UTC=11:33:11,Lat=23.106585,Lng=120.292627,Alt=18.70,Ax=-60.76,Ay=6.83,Az=1311.26,Gx=-68862.50,Gy=-44100.00,Gz=2975.T=N/A,H=N/A,SAT=7"
,2025-09-21T04:15:27Z,COM6,,UTC=11:33:11,18.70,120.292627,23.106585,,,,,,,,,N/A,SAT=7,-62.71,-98.09,1326.51,54425.00,-8820.00,32742T=N/A,,"Package=2134,UTC=11:33:11,Lat=23.106585,Lng=120.292627,Alt=18.70,Ax=-62.71,Ay=-98.09,Az=1326.51,Gx=54425.00,Gy=-8820.00,Gz=32742T=N/A,H=N/A,SAT=7"
,2025-09-21T04:15:28Z,COM6,,UTC=11:33:11,18.70,120.292627,23.106585,,,,,,,,,N/A,SAT=7,-47.34,-49.90,1037.37,76510.00,-21735.00,-121T=N/A,,"Package=2135,UTC=11:33:11,Lat=23.106585,Lng=120.292627,Alt=18.70,Ax=-47.34,Ay=-49.90,Az=1037.37,Gx=76510.00,Gy=-21735.00,Gz=-121T=N/A,H=N/A,SAT=7"
,2025-09-21T04:15:30Z,COM6,,UTC=11:33:11,18.70,120.292627,23.106585,,,,,,,,,N/A,SAT=7,-34.40,-17.81,727.61,-4147.50,-280.00,-101027T=N/A,,"Package=2136,UTC=11:33:11,Lat=23.106585,Lng=120.292627,Alt=18.70,Ax=-34.40,Ay=-17.81,Az=727.61,Gx=-4147.50,Gy=-280.00,Gz=-101027T=N/A,H=N/A,SAT=7"
,2025-09-21T04:15:32Z,COM6,,UTC=11:33:11,18.70,120.292627,23.106585,,,,,,,,,N/A,SAT=7,-48.68,-12.20,937.08,45185.00,-27860.00,-1238T=N/A,,"Package=2137,UTC=11:33:11,Lat=23.106585,Lng=120.292627,Alt=18.70,Ax=-48.68,Ay=-12.20,Az=937.08,Gx=45185.00,Gy=-27860.00,Gz=-1238T=N/A,H=N/A,SAT=7"
,2025-09-21T04:15:33Z,COM6,,UTC=11:33:11,18.70,120.292627,23.106585,,,,,,,,,N/A,SAT=7,-67.83,-22.33,1150.22,-24867.50,-38745.00,-68T=N/A,,"Package=2138,UTC=11:33:11,Lat=23.106585,Lng=120.292627,Alt=18.70,Ax=-67.83,Ay=-22.33,Az=1150.22,Gx=-24867.50,Gy=-38745.00,Gz=-68T=N/A,H=N/A,SAT=7"
,2025-09-21T04:15:35Z,COM6,,UTC=11:33:11,18.70,120.292627,23.106585,,,,,,,,,N/A,SAT=7,-22.81,-78.08,1441.67,18830.00,59902.50,-1119T=N/A,,"Package=2139,UTC=11:33:11,Lat=23.106585,Lng=120.292627,Alt=18.70,Ax=-22.81,Ay=-78.08,Az=1441.67,Gx=18830.00,Gy=59902.50,Gz=-1119T=N/A,H=N/A,SAT=7"
,2025-09-21T04:15:37Z,COM6,,UTC=11:33:11,18.70,120.292627,23.106585,,,,,,,,,N/A,SAT=7,-43.19,-30.13,1018.70,14735.00,41300.00,-1010T=N/A,,"Package=2140,UTC=11:33:11,Lat=23.106585,Lng=120.292627,Alt=18.70,Ax=-43.19,Ay=-30.13,Az=1018.70,Gx=14735.00,Gy=41300.00,Gz=-1010T=N/A,H=N/A,SAT=7"
,2025-09-21T04:15:38Z,COM6,,UTC=11:33:11,18.70,120.292627,23.106585,,,,,,,,,N/A,SAT=7,-25.38,-24.89,909.63,21665.00,7875.00,99330.0T=N/A,,"Package=2141,UTC=11:33:11,Lat=23.106585,Lng=120.292627,Alt=18.70,Ax=-25.38,Ay=-24.89,Az=909.63,Gx=21665.00,Gy=7875.00,Gz=99330.0T=N/A,H=N/A,SAT=7"
,2025-09-21T04:15:40Z,COM6,,UTC=11:33:11,18.70,120.292627,23.106585,,,,,,,,,N/A,SAT=7,-51.73,-17.08,844.12,-16362.50,29890.00,17648T=N/A,,"Package=2142,UTC=11:33:11,Lat=23.106585,Lng=120.292627,Alt=18.70,Ax=-51.73,Ay=-17.08,Az=844.12,Gx=-16362.50,Gy=29890.00,Gz=17648T=N/A,H=N/A,SAT=7"
,2025-09-21T04:15:42Z,COM6,,UTC=11:33:11,18.70,120.292627,23.106585,,,,,,,,,N/A,SAT=7,-5.12,-14.15,1239.76,-65415.00,23520.00,-5094T=N/A,,"Package=2143,UTC=11:33:11,Lat=23.106585,Lng=120.292627,Alt=18.70,Ax=-5.12,Ay=-14.15,Az=1239.76,Gx=-65415.00,Gy=23520.00,Gz=-5094T=N/A,H=N/A,SAT=7"
,2025-09-21T04:15:43Z,COM6,,UTC=11:33:11,18.70,120.292627,23.106585,,,,,,,,,N/A,SAT=7,-39.53,-12.57,971.24,-45587.50,-43190.00,1289T=N/A,,"Package=2144,UTC=11:33:11,Lat=23.106585,Lng=120.292627,Alt=18.70,Ax=-39.53,Ay=-12.57,Az=971.24,Gx=-45587.50,Gy=-43190.00,Gz=1289T=N/A,H=N/A,SAT=7"
,2025-09-21T04:15:45Z,COM6,,UTC=11:33:11,18.70,120.292627,23.106585,,,,,,,,,N/A,SAT=7,-23.18,-50.63,988.20,32620.00,2240.00,-18882.T=N/A,,"Package=2145,UTC=11:33:11,Lat=23.106585,Lng=120.292627,Alt=18.70,Ax=-23.18,Ay=-50.63,Az=988.20,Gx=32620.00,Gy=2240.00,Gz=-18882.T=N/A,H=N/A,SAT=7"
,2025-09-21T04:15:47Z,COM6,,UTC=11:33:11,18.70,120.292627,23.106585,,,,,,,,,N/A,SAT=7,-18.42,-26.72,1070.67,1540.00,-2642.50,-21525T=N/A,,"Package=2146,UTC=11:33:11,Lat=23.106585,Lng=120.292627,Alt=18.70,Ax=-18.42,Ay=-26.72,Az=1070.67,Gx=1540.00,Gy=-2642.50,Gz=-21525T=N/A,H=N/A,SAT=7"
,2025-09-21T04:15:49Z,COM6,,UTC=11:33:11,18.70,120.292627,23.106585,,,,,,,,,N/A,SAT=7,-19.76,-59.29,1272.70,14017.50,47775.00,-1446T=N/A,,"Package=2147,UTC=11:33:11,Lat=23.106585,Lng=120.292627,Alt=18.70,Ax=-19.76,Ay=-59.29,Az=1272.70,Gx=14017.50,Gy=47775.00,Gz=-1446T=N/A,H=N/A,SAT=7"
,2025-09-21T04:15:50Z,COM6,,UTC=11:33:11,18.70,120.292627,23.106585,,,,,,,,,N/A,SAT=7,-60.88,26.23,1121.55,-68932.50,-5530.00,-1674T=N/A,,"Package=2148,UTC=11:33:11,Lat=23.106585,Lng=120.292627,Alt=18.70,Ax=-60.88,Ay=26.23,Az=1121.55,Gx=-68932.50,Gy=-5530.00,Gz=-1674T=N/A,H=N/A,SAT=7"
,2025-09-21T04:15:52Z,COM6,,UTC=11:33:11,18.70,120.292627,23.106585,,,,,,,,,N/A,SAT=7,-5.12,-21.84,971.36,18935.00,39322.50,-106067T=N/A,,"Package=2149,UTC=11:33:11,Lat=23.106585,Lng=120.292627,Alt=18.70,Ax=-5.12,Ay=-21.84,Az=971.36,Gx=18935.00,Gy=39322.50,Gz=-106067T=N/A,H=N/A,SAT=7"
,2025-09-21T04:15:54Z,COM6,,UTC=11:33:11,18.70,120.292627,23.106585,,,,,,,,,N/A,SAT=7,-42.46,-34.65,843.87,50207.50,-34912.50,65187T=N/A,,"Package=2150,UTC=11:33:11,Lat=23.106585,Lng=120.292627,Alt=18.70,Ax=-42.46,Ay=-34.65,Az=843.87,Gx=50207.50,Gy=-34912.50,Gz=65187T=N/A,H=N/A,SAT=7"
,2025-09-21T04:15:55Z,COM6,,UTC=11:33:11,18.70,120.292627,23.106585,,,,,,,,,N/A,SAT=7,-17.93,-41.48,907.80,14525.00,24640.00,-58782T=N/A,,"Package=2151,UTC=11:33:11,Lat=23.106585,Lng=120.292627,Alt=18.70,Ax=-17.93,Ay=-41.48,Az=907.80,Gx=14525.00,Gy=24640.00,Gz=-58782T=N/A,H=N/A,SAT=7"
,2025-09-21T04:15:57Z,COM6,,UTC=11:33:11,18.70,120.292627,23.106585,,,,,,,,,N/A,SAT=7,-104.68,7.81,1428.86,-33250.00,-121555.00,752T=N/A,,"Package=2152,UTC=11:33:11,Lat=23.106585,Lng=120.292627,Alt=18.70,Ax=-104.68,Ay=7.81,Az=1428.86,Gx=-33250.00,Gy=-121555.00,Gz=752T=N/A,H=N/A,SAT=7"
,2025-09-21T04:15:59Z,COM6,,UTC=11:33:11,18.70,120.292627,23.106585,,,,,,,,,N/A,SAT=7,-100.28,14.40,1222.07,-24570.00,-30800.00,243T=N/A,,"Package=2153,UTC=11:33:11,Lat=23.106585,Lng=120.292627,Alt=18.70,Ax=-100.28,Ay=14.40,Az=1222.07,Gx=-24570.00,Gy=-30800.00,Gz=243T=N/A,H=N/A,SAT=7"
,2025-09-21T04:16:00Z,COM6,,UTC=11:33:11,18.70,120.292627,23.106585,,,,,,,,,N/A,SAT=7,-29.89,-13.05,1047.25,19932.50,58380.00,15751T=N/A,,"Package=2154,UTC=11:33:11,Lat=23.106585,Lng=120.292627,Alt=18.70,Ax=-29.89,Ay=-13.05,Az=1047.25,Gx=19932.50,Gy=58380.00,Gz=15751T=N/A,H=N/A,SAT=7"
,2025-09-21T04:16:02Z,COM6,,UTC=11:33:11,18.70,120.292627,23.106585,,,,,,,,,N/A,SAT=7,-75.40,18.06,839.85,27720.00,-43120.00,245175T=N/A,,"Package=2155,UTC=11:33:11,Lat=23.106585,Lng=120.292627,Alt=18.70,Ax=-75.40,Ay=18.06,Az=839.85,Gx=27720.00,Gy=-43120.00,Gz=245175T=N/A,H=N/A,SAT=7"
,2025-09-21T04:16:04Z,COM6,,UTC=11:33:11,18.70,120.292627,23.106585,,,,,,,,,N/A,SAT=7,-66.25,-2.07,825.82,16852.50,-40740.00,193322T=N/A,,"Package=2156,UTC=11:33:11,Lat=23.106585,Lng=120.292627,Alt=18.70,Ax=-66.25,Ay=-2.07,Az=825.82,Gx=16852.50,Gy=-40740.00,Gz=193322T=N/A,H=N/A,SAT=7"
,2025-09-21T04:16:05Z,COM6,,UTC=11:33:11,18.70,120.292627,23.106585,,,,,,,,,N/A,SAT=7,-57.22,71.86,1225.25,-34492.50,71015.00,28656T=N/A,,"Package=2157,UTC=11:33:11,Lat=23.106585,Lng=120.292627,Alt=18.70,Ax=-57.22,Ay=71.86,Az=1225.25,Gx=-34492.50,Gy=71015.00,Gz=28656T=N/A,H=N/A,SAT=7"
,2025-09-21T04:16:07Z,COM6,,UTC=11:33:11,18.70,120.292627,23.106585,,,,,,,,,N/A,SAT=7,-42.46,-24.28,1174.86,-18340.00,26320.00,1609T=N/A,,"Package=2158,UTC=11:33:11,Lat=23.106585,Lng=120.292627,Alt=18.70,Ax=-42.46,Ay=-24.28,Az=1174.86,Gx=-18340.00,Gy=26320.00,Gz=1609T=N/A,H=N/A,SAT=7"
,2025-09-21T04:16:09Z,COM6,,UTC=11:33:11,18.70,120.292627,23.106585,,,,,,,,,N/A,SAT=7,-71.49,6.71,1486.45,-25007.50,16012.50,152600T=N/A,,"Package=2159,UTC=11:33:11,Lat=23.106585,Lng=120.292627,Alt=18.70,Ax=-71.49,Ay=6.71,Az=1486.45,Gx=-25007.50,Gy=16012.50,Gz=152600T=N/A,H=N/A,SAT=7"
,2025-09-21T04:16:10Z,COM6,,UTC=11:33:11,18.70,120.292627,23.106585,,,,,,,,,N/A,SAT=7,-65.15,9.03,1176.32,-118842.50,-12022.50,1410T=N/A,,"Package=2160,UTC=11:33:11,Lat=23.106585,Lng=120.292627,Alt=18.70,Ax=-65.15,Ay=9.03,Az=1176.32,Gx=-118842.50,Gy=-12022.50,Gz=1410T=N/A,H=N/A,SAT=7"
,2025-09-21T04:16:12Z,COM6,,UTC=11:33:11,18.70,120.292627,23.106585,,,,,,,,,N/A,SAT=7,-58.44,-53.19,783.24,35945.00,-37065.00,10424T=N/A,,"Package=2161,UTC=11:33:11,Lat=23.106585,Lng=120.292627,Alt=18.70,Ax=-58.44,Ay=-53.19,Az=783.24,Gx=35945.00,Gy=-37065.00,Gz=10424T=N/A,H=N/A,SAT=7"
,2025-09-21T04:16:14Z,COM6,,UTC=11:33:11,18.70,120.292627,23.106585,,,,,,,,,N/A,SAT=7,-10.00,-60.27,1122.89,40022.50,69230.00,-3036T=N/A,,"Package=2162,UTC=11:33:11,Lat=23.106585,Lng=120.292627,Alt=18.70,Ax=-10.00,Ay=-60.27,Az=1122.89,Gx=40022.50,Gy=69230.00,Gz=-3036T=N/A,H=N/A,SAT=7"
,2025-09-21T04:16:15Z,COM6,,UTC=11:33:11,18.70,120.292627,23.106585,,,,,,,,,N/A,SAT=7,-81.74,-79.91,1480.84,54372.50,-24045.00,-126T=N/A,,"Package=2163,UTC=11:33:11,Lat=23.106585,Lng=120.292627,Alt=18.70,Ax=-81.74,Ay=-79.91,Az=1480.84,Gx=54372.50,Gy=-24045.00,Gz=-126T=N/A,H=N/A,SAT=7"
,2025-09-21T04:16:17Z,COM6,,UTC=11:33:11,18.70,120.292627,23.106585,,,,,,,,,N/A,SAT=7,-63.44,-26.11,1441.31,-19757.50,-10167.50,-17T=N/A,,"Package=2164,UTC=11:33:11,Lat=23.106585,Lng=120.292627,Alt=18.70,Ax=-63.44,Ay=-26.11,Az=1441.31,Gx=-19757.50,Gy=-10167.50,Gz=-17T=N/A,H=N/A,SAT=7"
,2025-09-21T04:16:19Z,COM6,,UTC=11:33:11,18.70,120.292627,23.106585,,,,,,,,,N/A,SAT=7,-34.53,-18.91,965.51,-36785.00,35455.00,-2572T=N/A,,"Package=2165,UTC=11:33:11,Lat=23.106585,Lng=120.292627,Alt=18.70,Ax=-34.53,Ay=-18.91,Az=965.51,Gx=-36785.00,Gy=35455.00,Gz=-2572T=N/A,H=N/A,SAT=7"
,2025-09-21T04:16:20Z,COM6,,UTC=11:33:11,18.70,120.292627,23.106585,,,,,,,,,N/A,SAT=7,-16.47,-25.86,561.81,14472.50,9625.00,59307.5T=N/A,,"Package=2166,UTC=11:33:11,Lat=23.106585,Lng=120.292627,Alt=18.70,Ax=-16.47,Ay=-25.86,Az=561.81,Gx=14472.50,Gy=9625.00,Gz=59307.5T=N/A,H=N/A,SAT=7"
,2025-09-21T04:16:22Z,COM6,,UTC=11:33:11,18.70,120.292627,23.106585,,,,,,,,,N/A,SAT=7,-41.97,20.50,1678.23,-109007.50,45430.00,1272T=N/A,,"Package=2167,UTC=11:33:11,Lat=23.106585,Lng=120.292627,Alt=18.70,Ax=-41.97,Ay=20.50,Az=1678.23,Gx=-109007.50,Gy=45430.00,Gz=1272T=N/A,H=N/A,SAT=7"
,2025-09-21T04:16:24Z,COM6,,UTC=11:33:11,18.70,120.292627,23.106585,,,,,,,,,N/A,SAT=7,-67.10,-6.59,1234.15,-39305.00,-35647.50,1009T=N/A,,"Package=2168,UTC=11:33:11,Lat=23.106585,Lng=120.292627,Alt=18.70,Ax=-67.10,Ay=-6.59,Az=1234.15,Gx=-39305.00,Gy=-35647.50,Gz=1009T=N/A,H=N/A,SAT=7"
,2025-09-21T04:16:25Z,COM6,,UTC=11:33:11,18.70,120.292627,23.106585,,,,,,,,,N/A,SAT=7,-101.50,-11.83,1225.86,-67672.50,-74952.50,-7T=N/A,,"Package=2169,UTC=11:33:11,Lat=23.106585,Lng=120.292627,Alt=18.70,Ax=-101.50,Ay=-11.83,Az=1225.86,Gx=-67672.50,Gy=-74952.50,Gz=-7T=N/A,H=N/A,SAT=7"
,2025-09-21T04:16:27Z,COM6,,UTC=11:33:11,18.70,120.292627,23.106585,,,,,,,,,N/A,SAT=7,-7.93,-1.71,747.86,-28420.00,54250.00,84997.5T=N/A,,"Package=2170,UTC=11:33:11,Lat=23.106585,Lng=120.292627,Alt=18.70,Ax=-7.93,Ay=-1.71,Az=747.86,Gx=-28420.00,Gy=54250.00,Gz=84997.5T=N/A,H=N/A,SAT=7"
,2025-09-21T04:16:29Z,COM6,,UTC=11:33:11,18.70,120.292627,23.106585,,,,,,,,,N/A,SAT=7,-32.33,-37.09,853.02,35052.50,-42682.50,-9282T=N/A,,"Package=2171,UTC=11:33:11,Lat=23.106585,Lng=120.292627,Alt=18.70,Ax=-32.33,Ay=-37.09,Az=853.02,Gx=35052.50,Gy=-42682.50,Gz=-9282T=N/A,H=N/A,SAT=7"
,2025-09-21T04:16:30Z,COM6,,UTC=11:33:11,18.70,120.292627,23.106585,,,,,,,,,N/A,SAT=7,-70.27,65.27,1355.18,-75530.00,-31465.00,-214T=N/A,,"Package=2172,UTC=11:33:11,Lat=23.106585,Lng=120.292627,Alt=18.70,Ax=-70.27,Ay=65.27,Az=1355.18,Gx=-75530.00,Gy=-31465.00,Gz=-214T=N/A,H=N/A,SAT=7"
,2025-09-21T04:16:32Z,COM6,,UTC=11:33:11,18.70,120.292627,23.106585,,,,,,,,,N/A,SAT=7,-48.43,1.71,1365.55,-52447.50,3447.50,-20457.T=N/A,,"Package=2173,UTC=11:33:11,Lat=23.106585,Lng=120.292627,Alt=18.70,Ax=-48.43,Ay=1.71,Az=1365.55,Gx=-52447.50,Gy=3447.50,Gz=-20457.T=N/A,H=N/A,SAT=7"
,2025-09-21T04:16:34Z,COM6,,UTC=11:33:11,18.70,120.292627,23.106585,,,,,,,,,N/A,SAT=7,-40.14,-12.69,894.75,-33110.00,-33250.00,9999T=N/A,,"Package=2174,UTC=11:33:11,Lat=23.106585,Lng=120.292627,Alt=18.70,Ax=-40.14,Ay=-12.69,Az=894.75,Gx=-33110.00,Gy=-33250.00,Gz=9999T=N/A,H=N/A,SAT=7"
,2025-09-21T04:16:35Z,COM6,,UTC=11:33:11,18.70,120.292627,23.106585,,,,,,,,,N/A,SAT=7,-21.11,-40.14,874.98,-36365.00,-2677.50,-6496T=N/A,,"Package=2175,UTC=11:33:11,Lat=23.106585,Lng=120.292627,Alt=18.70,Ax=-21.11,Ay=-40.14,Az=874.98,Gx=-36365.00,Gy=-2677.50,Gz=-6496T=N/A,H=N/A,SAT=7"
,2025-09-21T04:16:37Z,COM6,,UTC=11:33:11,18.70,120.292627,23.106585,,,,,,,,,N/A,SAT=7,-71.98,-50.14,947.57,-6125.00,-45815.00,-1202T=N/A,,"Package=2176,UTC=11:33:11,Lat=23.106585,Lng=120.292627,Alt=18.70,Ax=-71.98,Ay=-50.14,Az=947.57,Gx=-6125.00,Gy=-45815.00,Gz=-1202T=N/A,H=N/A,SAT=7"
,2025-09-21T04:16:39Z,COM6,,UTC=11:33:11,18.70,120.292627,23.106585,,,,,,,,,N/A,SAT=7,-24.52,-12.69,1751.92,-49875.00,17447.50,-415T=N/A,,"Package=2177,UTC=11:33:11,Lat=23.106585,Lng=120.292627,Alt=18.70,Ax=-24.52,Ay=-12.69,Az=1751.92,Gx=-49875.00,Gy=17447.50,Gz=-415T=N/A,H=N/A,SAT=7"
,2025-09-21T04:16:40Z,COM6,,UTC=11:33:11,18.70,120.292627,23.106585,,,,,,,,,N/A,SAT=7,-36.11,6.34,805.20,-51397.50,1435.00,130217.5T=N/A,,"Package=2178,UTC=11:33:11,Lat=23.106585,Lng=120.292627,Alt=18.70,Ax=-36.11,Ay=6.34,Az=805.20,Gx=-51397.50,Gy=1435.00,Gz=130217.5T=N/A,H=N/A,SAT=7"
,2025-09-21T04:16:42Z,COM6,,UTC=11:33:11,18.70,120.292627,23.106585,,,,,,,,,N/A,SAT=7,-28.79,-35.99,996.86,-31062.50,945.00,56717.5T=N/A,,"Package=2179,UTC=11:33:11,Lat=23.106585,Lng=120.292627,Alt=18.70,Ax=-28.79,Ay=-35.99,Az=996.86,Gx=-31062.50,Gy=945.00,Gz=56717.5T=N/A,H=N/A,SAT=7"
,2025-09-21T04:16:44Z,COM6,,UTC=11:33:11,18.70,120.292627,23.106585,,,,,,,,,N/A,SAT=7,-66.61,-30.99,1276.36,2642.50,-16275.00,10372T=N/A,,"Package=2180,UTC=11:33:11,Lat=23.106585,Lng=120.292627,Alt=18.70,Ax=-66.61,Ay=-30.99,Az=1276.36,Gx=2642.50,Gy=-16275.00,Gz=10372T=N/A,H=N/A,SAT=7"
,2025-09-21T04:16:45Z,COM6,,UTC=11:33:11,18.70,120.292627,23.106585,,,,,,,,,N/A,SAT=7,-69.30,-30.38,1256.11,-53690.00,62072.50,1471T=N/A,,"Package=2181,UTC=11:33:11,Lat=23.106585,Lng=120.292627,Alt=18.70,Ax=-69.30,Ay=-30.38,Az=1256.11,Gx=-53690.00,Gy=62072.50,Gz=1471T=N/A,H=N/A,SAT=7"
,2025-09-21T04:16:47Z,COM6,,UTC=11:33:11,18.70,120.292627,23.106585,,,,,,,,,N/A,SAT=7,-6.22,0.73,1100.68,-73045.00,68775.00,7437.50T=N/A,,"Package=2182,UTC=11:33:11,Lat=23.106585,Lng=120.292627,Alt=18.70,Ax=-6.22,Ay=0.73,Az=1100.68,Gx=-73045.00,Gy=68775.00,Gz=7437.50T=N/A,H=N/A,SAT=7"
,2025-09-21T04:16:49Z,COM6,,UTC=11:33:11,18.70,120.292627,23.106585,,,,,,,,,N/A,SAT=7,-21.11,-12.32,768.84,-21052.50,8190.00,109497T=N/A,,"Package=2183,UTC=11:33:11,Lat=23.106585,Lng=120.292627,Alt=18.70,Ax=-21.11,Ay=-12.32,Az=768.84,Gx=-21052.50,Gy=8190.00,Gz=109497T=N/A,H=N/A,SAT=7"
,2025-09-21T04:16:50Z,COM6,,UTC=11:33:11,18.70,120.292627,23.106585,,,,,,,,,N/A,SAT=7,-19.52,-26.11,878.16,-34895.00,46200.00,48177T=N/A,,"Package=2184,UTC=11:33:11,Lat=23.106585,Lng=120.292627,Alt=18.70,Ax=-19.52,Ay=-26.11,Az=878.16,Gx=-34895.00,Gy=46200.00,Gz=48177T=N/A,H=N/A,SAT=7"
,2025-09-21T04:16:52Z,COM6,,UTC=11:33:11,18.70,120.292627,23.106585,,,,,,,,,N/A,SAT=7,-50.75,8.05,1229.64,-36610.00,10710.00,194670T=N/A,,"Package=2185,UTC=11:33:11,Lat=23.106585,Lng=120.292627,Alt=18.70,Ax=-50.75,Ay=8.05,Az=1229.64,Gx=-36610.00,Gy=10710.00,Gz=194670T=N/A,H=N/A,SAT=7"
,2025-09-21T04:16:54Z,COM6,,UTC=11:33:11,18.70,120.292627,23.106585,,,,,,,,,N/A,SAT=7,-53.31,-50.39,1343.83,13632.50,-10045.00,5062T=N/A,,"Package=2186,UTC=11:33:11,Lat=23.106585,Lng=120.292627,Alt=18.70,Ax=-53.31,Ay=-50.39,Az=1343.83,Gx=13632.50,Gy=-10045.00,Gz=5062T=N/A,H=N/A,SAT=7"
,2025-09-21T04:16:55Z,COM6,,UTC=11:33:11,18.70,120.292627,23.106585,,,,,,,,,N/A,SAT=7,-29.52,-17.45,918.90,-46077.50,-22750.00,-496T=N/A,,"Package=2187,UTC=11:33:11,Lat=23.106585,Lng=120.292627,Alt=18.70,Ax=-29.52,Ay=-17.45,Az=918.90,Gx=-46077.50,Gy=-22750.00,Gz=-496T=N/A,H=N/A,SAT=7"
,2025-09-21T04:16:57Z,COM6,,UTC=11:33:11,18.70,120.292627,23.106585,,,,,,,,,N/A,SAT=7,-25.86,-46.12,976.37,37940.00,5320.00,-39305.T=N/A,,"Package=2188,UTC=11:33:11,Lat=23.106585,Lng=120.292627,Alt=18.70,Ax=-25.86,Ay=-46.12,Az=976.37,Gx=37940.00,Gy=5320.00,Gz=-39305.T=N/A,H=N/A,SAT=7"
,2025-09-21T04:16:59Z,COM6,,UTC=11:33:11,18.70,120.292627,23.106585,,,,,,,,,N/A,SAT=7,-32.45,-14.52,849.36,10010.00,-17727.50,33425T=N/A,,"Package=2189,UTC=11:33:11,Lat=23.106585,Lng=120.292627,Alt=18.70,Ax=-32.45,Ay=-14.52,Az=849.36,Gx=10010.00,Gy=-17727.50,Gz=33425T=N/A,H=N/A,SAT=7"
,2025-09-21T04:17:00Z,COM6,,UTC=11:33:11,18.70,120.292627,23.106585,,,,,,,,,N/A,SAT=7,-39.77,4.88,807.15,-40617.50,16852.50,159215.T=N/A,,"Package=2190,UTC=11:33:11,Lat=23.106585,Lng=120.292627,Alt=18.70,Ax=-39.77,Ay=4.88,Az=807.15,Gx=-40617.50,Gy=16852.50,Gz=159215.T=N/A,H=N/A,SAT=7"
,2025-09-21T04:17:02Z,COM6,,UTC=11:33:11,18.70,120.292627,23.106585,,,,,,,,,N/A,SAT=7,-67.34,56.73,1138.38,-61582.50,21367.50,24178T=N/A,,"Package=2191,UTC=11:33:11,Lat=23.106585,Lng=120.292627,Alt=18.70,Ax=-67.34,Ay=56.73,Az=1138.38,Gx=-61582.50,Gy=21367.50,Gz=24178T=N/A,H=N/A,SAT=7"
,2025-09-21T04:17:04Z,COM6,,UTC=11:33:11,18.70,120.292627,23.106585,,,,,,,,,N/A,SAT=7,-42.21,-50.51,1252.21,16957.50,63262.50,67760T=N/A,,"Package=2192,UTC=11:33:11,Lat=23.106585,Lng=120.292627,Alt=18.70,Ax=-42.21,Ay=-50.51,Az=1252.21,Gx=16957.50,Gy=63262.50,Gz=67760T=N/A,H=N/A,SAT=7"
,2025-09-21T04:17:06Z,COM6,,UTC=11:33:11,18.70,120.292627,23.106585,,,,,,,,,N/A,SAT=7,-29.16,-15.86,902.31,-63140.00,23467.50,2222.T=N/A,,"Package=2193,UTC=11:33:11,Lat=23.106585,Lng=120.292627,Alt=18.70,Ax=-29.16,Ay=-15.86,Az=902.31,Gx=-63140.00,Gy=23467.50,Gz=2222.T=N/A,H=N/A,SAT=7"
,2025-09-21T04:17:07Z,COM6,,UTC=11:33:11,18.70,120.292627,23.106585,,,,,,,,,N/A,SAT=7,-23.91,-54.05,813.01,27317.50,3622.50,73325.0T=N/A,,"Package=2194,UTC=11:33:11,Lat=23.106585,Lng=120.292627,Alt=18.70,Ax=-23.91,Ay=-54.05,Az=813.01,Gx=27317.50,Gy=3622.50,Gz=73325.0T=N/A,H=N/A,SAT=7"
,2025-09-21T04:17:09Z,COM6,,UTC=11:33:11,18.70,120.292627,23.106585,,,,,,,,,N/A,SAT=7,-35.99,-28.06,1084.82,17237.50,22242.50,16103T=N/A,,"Package=2195,UTC=11:33:11,Lat=23.106585,Lng=120.292627,Alt=18.70,Ax=-35.99,Ay=-28.06,Az=1084.82,Gx=17237.50,Gy=22242.50,Gz=16103T=N/A,H=N/A,SAT=7"
,2025-09-21T04:17:11Z,COM6,,UTC=11:33:11,18.70,120.292627,23.106585,,,,,,,,,N/A,SAT=7,-54.17,-81.50,1917.96,5460.00,-23782.50,-1783T=N/A,,"Package=2196,UTC=11:33:11,Lat=23.106585,Lng=120.292627,Alt=18.70,Ax=-54.17,Ay=-81.50,Az=1917.96,Gx=5460.00,Gy=-23782.50,Gz=-1783T=N/A,H=N/A,SAT=7"
,2025-09-21T04:17:12Z,COM6,,UTC=11:33:11,18.70,120.292627,23.106585,,,,,,,,,N/A,SAT=7,-16.71,-11.47,1293.93,-10150.00,100747.50,-10T=N/A,,"Package=2197,UTC=11:33:11,Lat=23.106585,Lng=120.292627,Alt=18.70,Ax=-16.71,Ay=-11.47,Az=1293.93,Gx=-10150.00,Gy=100747.50,Gz=-10T=N/A,H=N/A,SAT=7"
,2025-09-21T04:17:14Z,COM6,,UTC=11:33:11,18.70,120.292627,23.106585,,,,,,,,,N/A,SAT=7,-45.51,-22.94,875.35,17202.50,-31465.00,75407T=N/A,,"Package=2198,UTC=11:33:11,Lat=23.106585,Lng=120.292627,Alt=18.70,Ax=-45.51,Ay=-22.94,Az=875.35,Gx=17202.50,Gy=-31465.00,Gz=75407T=N/A,H=N/A,SAT=7"
,2025-09-21T04:17:16Z,COM6,,UTC=11:33:11,18.70,120.292627,23.106585,,,,,,,,,N/A,SAT=7,-57.95,33.67,790.93,-35962.50,21805.00,208180T=N/A,,"Package=2199,UTC=11:33:11,Lat=23.106585,Lng=120.292627,Alt=18.70,Ax=-57.95,Ay=33.67,Az=790.93,Gx=-35962.50,Gy=21805.00,Gz=208180T=N/A,H=N/A,SAT=7"
,2025-09-21T04:17:17Z,COM6,,UTC=11:33:11,18.70,120.292627,23.106585,,,,,,,,,N/A,SAT=7,-102.85,-2.68,1718.00,26425.00,-21350.00,2145T=N/A,,"Package=2200,UTC=11:33:11,Lat=23.106585,Lng=120.292627,Alt=18.70,Ax=-102.85,Ay=-2.68,Az=1718.00,Gx=26425.00,Gy=-21350.00,Gz=2145T=N/A,H=N/A,SAT=7"
,2025-09-21T04:17:19Z,COM6,,UTC=11:33:11,18.70,120.292627,23.106585,,,,,,,,,N/A,SAT=7,-106.87,-15.13,1004.79,65607.50,-56087.50,240T=N/A,,"Package=2201,UTC=11:33:11,Lat=23.106585,Lng=120.292627,Alt=18.70,Ax=-106.87,Ay=-15.13,Az=1004.79,Gx=65607.50,Gy=-56087.50,Gz=240T=N/A,H=N/A,SAT=7"
,2025-09-21T04:17:21Z,COM6,,UTC=11:33:11,18.70,120.292627,23.106585,,,,,,,,,N/A,SAT=7,-27.45,9.03,718.34,-67847.50,36400.00,104055.T=N/A,,"Package=2202,UTC=11:33:11,Lat=23.106585,Lng=120.292627,Alt=18.70,Ax=-27.45,Ay=9.03,Az=718.34,Gx=-67847.50,Gy=36400.00,Gz=104055.T=N/A,H=N/A,SAT=7"
,2025-09-21T04:17:22Z,COM6,,UTC=11:33:11,18.70,120.292627,23.106585,,,,,,,,,N/A,SAT=7,-0.49,-93.21,1140.21,47215.00,91787.50,-8102.T=N/A,,"Package=2203,UTC=11:33:11,Lat=23.106585,Lng=120.292627,Alt=18.70,Ax=-0.49,Ay=-93.21,Az=1140.21,Gx=47215.00,Gy=91787.50,Gz=-8102.T=N/A,H=N/A,SAT=7"
,2025-09-21T04:17:24Z,COM6,,UTC=11:33:11,18.70,120.292627,23.106585,,,,,,,,,N/A,SAT=7,-71.49,-30.38,1399.58,-35.00,-19687.50,-22137T=N/A,,"Package=2204,UTC=11:33:11,Lat=23.106585,Lng=120.292627,Alt=18.70,Ax=-71.49,Ay=-30.38,Az=1399.58,Gx=-35.00,Gy=-19687.50,Gz=-22137T=N/A,H=N/A,SAT=7"
,2025-09-21T04:17:26Z,COM6,,UTC=11:33:11,18.70,120.292627,23.106585,,,,,,,,,N/A,SAT=7,-62.83,-65.39,1221.34,67322.50,18042.50,-1709T=N/A,,"Package=2205,UTC=11:33:11,Lat=23.106585,Lng=120.292627,Alt=18.70,Ax=-62.83,Ay=-65.39,Az=1221.34,Gx=67322.50,Gy=18042.50,Gz=-1709T=N/A,H=N/A,SAT=7"
,2025-09-21T04:17:27Z,COM6,,UTC=11:33:11,18.70,120.292627,23.106585,,,,,,,,,N/A,SAT=7,-31.35,21.96,779.58,-57312.50,117565.00,-2452T=N/A,,"Package=2206,UTC=11:33:11,Lat=23.106585,Lng=120.292627,Alt=18.70,Ax=-31.35,Ay=21.96,Az=779.58,Gx=-57312.50,Gy=117565.00,Gz=-2452T=N/A,H=N/A,SAT=7"
,2025-09-21T04:17:29Z,COM6,,UTC=11:33:11,18.70,120.292627,23.106585,,,,,,,,,N/A,SAT=7,-52.95,39.41,865.71,-58240.00,36487.50,-27681T=N/A,,"Package=2207,UTC=11:33:11,Lat=23.106585,Lng=120.292627,Alt=18.70,Ax=-52.95,Ay=39.41,Az=865.71,Gx=-58240.00,Gy=36487.50,Gz=-27681T=N/A,H=N/A,SAT=7"
,2025-09-21T04:17:31Z,COM6,,UTC=11:33:11,18.70,120.292627,23.106585,,,,,,,,,N/A,SAT=7,-74.66,8.54,1247.94,-32007.50,78540.00,-29947T=N/A,,"Package=2208,UTC=11:33:11,Lat=23.106585,Lng=120.292627,Alt=18.70,Ax=-74.66,Ay=8.54,Az=1247.94,Gx=-32007.50,Gy=78540.00,Gz=-29947T=N/A,H=N/A,SAT=7"
,2025-09-21T04:17:32Z,COM6,,UTC=11:33:11,18.70,120.292627,23.106585,,,,,,,,,N/A,SAT=7,-112.73,11.96,1310.65,2047.50,-87640.00,-1690T=N/A,,"Package=2209,UTC=11:33:11,Lat=23.106585,Lng=120.292627,Alt=18.70,Ax=-112.73,Ay=11.96,Az=1310.65,Gx=2047.50,Gy=-87640.00,Gz=-1690T=N/A,H=N/A,SAT=7"
,2025-09-21T04:17:34Z,COM6,,UTC=11:33:11,18.70,120.292627,23.106585,,,,,,,,,N/A,SAT=7,-42.70,-7.56,1105.81,-41527.50,-49525.00,-600T=N/A,,"Package=2210,UTC=11:33:11,Lat=23.106585,Lng=120.292627,Alt=18.70,Ax=-42.70,Ay=-7.56,Az=1105.81,Gx=-41527.50,Gy=-49525.00,Gz=-600T=N/A,H=N/A,SAT=7"
,2025-09-21T04:17:36Z,COM6,,UTC=11:33:11,18.70,120.292627,23.106585,,,,,,,,,N/A,SAT=7,-21.59,1.95,1093.61,-6387.50,-11952.50,-60952T=N/A,,"Package=2211,UTC=11:33:11,Lat=23.106585,Lng=120.292627,Alt=18.70,Ax=-21.59,Ay=1.95,Az=1093.61,Gx=-6387.50,Gy=-11952.50,Gz=-60952T=N/A,H=N/A,SAT=7"
,2025-09-21T04:17:37Z,COM6,,UTC=11:33:11,18.70,120.292627,23.106585,,,,,,,,,N/A,SAT=7,-74.91,14.64,988.93,-67690.00,-80202.50,14885T=N/A,,"Package=2212,UTC=11:33:11,Lat=23.106585,Lng=120.292627,Alt=18.70,Ax=-74.91,Ay=14.64,Az=988.93,Gx=-67690.00,Gy=-80202.50,Gz=14885T=N/A,H=N/A,SAT=7"
,2025-09-21T04:17:39Z,COM6,,UTC=11:33:11,18.70,120.292627,23.106585,,,,,,,,,N/A,SAT=7,-18.91,-79.18,1310.65,69562.50,59185.00,73640T=N/A,,"Package=2213,UTC=11:33:11,Lat=23.106585,Lng=120.292627,Alt=18.70,Ax=-18.91,Ay=-79.18,Az=1310.65,Gx=69562.50,Gy=59185.00,Gz=73640T=N/A,H=N/A,SAT=7"
,2025-09-21T04:17:41Z,COM6,,UTC=11:33:11,18.70,120.292627,23.106585,,,,,,,,,N/A,SAT=7,-65.64,-16.35,1321.99,-11060.00,-24290.00,614T=N/A,,"Package=2214,UTC=11:33:11,Lat=23.106585,Lng=120.292627,Alt=18.70,Ax=-65.64,Ay=-16.35,Az=1321.99,Gx=-11060.00,Gy=-24290.00,Gz=614T=N/A,H=N/A,SAT=7"
,2025-09-21T04:17:42Z,COM6,,UTC=11:33:11,18.70,120.292627,23.106585,,,,,,,,,N/A,SAT=7,-41.85,-44.53,1105.93,-7070.00,32077.50,13804T=N/A,,"Package=2215,UTC=11:33:11,Lat=23.106585,Lng=120.292627,Alt=18.70,Ax=-41.85,Ay=-44.53,Az=1105.93,Gx=-7070.00,Gy=32077.50,Gz=13804T=N/A,H=N/A,SAT=7"
,2025-09-21T04:17:44Z,COM6,,UTC=11:33:11,18.70,120.292627,23.106585,,,,,,,,,N/A,SAT=7,-14.88,7.56,1034.32,-80850.00,-17045.00,-4632T=N/A,,"Package=2216,UTC=11:33:11,Lat=23.106585,Lng=120.292627,Alt=18.70,Ax=-14.88,Ay=7.56,Az=1034.32,Gx=-80850.00,Gy=-17045.00,Gz=-4632T=N/A,H=N/A,SAT=7"
,2025-09-21T04:17:46Z,COM6,,UTC=11:33:11,18.70,120.292627,23.106585,,,,,,,,,N/A,SAT=7,-20.98,-28.55,895.60,3010.00,11375.00,98665.0T=N/A,,"Package=2217,UTC=11:33:11,Lat=23.106585,Lng=120.292627,Alt=18.70,Ax=-20.98,Ay=-28.55,Az=895.60,Gx=3010.00,Gy=11375.00,Gz=98665.0T=N/A,H=N/A,SAT=7"
,2025-09-21T04:17:47Z,COM6,,UTC=11:33:11,18.70,120.292627,23.106585,,,,,,,,,N/A,SAT=7,-90.65,48.80,1278.19,-87272.50,-34667.50,2183T=N/A,,"Package=2218,UTC=11:33:11,Lat=23.106585,Lng=120.292627,Alt=18.70,Ax=-90.65,Ay=48.80,Az=1278.19,Gx=-87272.50,Gy=-34667.50,Gz=2183T=N/A,H=N/A,SAT=7"
,2025-09-21T04:17:49Z,COM6,,UTC=11:33:11,18.70,120.292627,23.106585,,,,,,,,,N/A,SAT=7,-55.75,-31.72,1292.96,-12617.50,-8295.00,1329T=N/A,,"Package=2219,UTC=11:33:11,Lat=23.106585,Lng=120.292627,Alt=18.70,Ax=-55.75,Ay=-31.72,Az=1292.96,Gx=-12617.50,Gy=-8295.00,Gz=1329T=N/A,H=N/A,SAT=7"
,2025-09-21T04:17:51Z,COM6,,UTC=11:33:11,18.70,120.292627,23.106585,,,,,,,,,N/A,SAT=7,-56.49,-13.79,1042.73,-69230.00,-27895.00,-83T=N/A,,"Package=2220,UTC=11:33:11,Lat=23.106585,Lng=120.292627,Alt=18.70,Ax=-56.49,Ay=-13.79,Az=1042.73,Gx=-69230.00,Gy=-27895.00,Gz=-83T=N/A,H=N/A,SAT=7"
,2025-09-21T04:17:52Z,COM6,,UTC=11:33:11,18.70,120.292627,23.106585,,,,,,,,,N/A,SAT=7,-64.05,6.34,851.80,420.00,-48265.00,136430.00T=N/A,,"Package=2221,UTC=11:33:11,Lat=23.106585,Lng=120.292627,Alt=18.70,Ax=-64.05,Ay=6.34,Az=851.80,Gx=420.00,Gy=-48265.00,Gz=136430.00T=N/A,H=N/A,SAT=7"
,2025-09-21T04:17:54Z,COM6,,UTC=11:33:11,18.70,120.292627,23.106585,,,,,,,,,N/A,SAT=7,-50.51,-13.05,970.02,-33320.00,50242.50,12820T=N/A,,"Package=2222,UTC=11:33:11,Lat=23.106585,Lng=120.292627,Alt=18.70,Ax=-50.51,Ay=-13.05,Az=970.02,Gx=-33320.00,Gy=50242.50,Gz=12820T=N/A,H=N/A,SAT=7"
,2025-09-21T04:17:56Z,COM6,,UTC=11:33:11,18.70,120.292627,23.106585,,,,,,,,,N/A,SAT=7,-6.10,-61.98,1455.22,30257.50,53130.00,-17972T=N/A,,"Package=2223,UTC=11:33:11,Lat=23.106585,Lng=120.292627,Alt=18.70,Ax=-6.10,Ay=-61.98,Az=1455.22,Gx=30257.50,Gy=53130.00,Gz=-17972T=N/A,H=N/A,SAT=7"
,2025-09-21T04:17:57Z,COM6,,UTC=11:33:11,18.70,120.292627,23.106585,,,,,,,,,N/A,SAT=7,-51.61,-30.26,1461.32,11392.50,-20912.50,-130T=N/A,,"Package=2224,UTC=11:33:11,Lat=23.106585,Lng=120.292627,Alt=18.70,Ax=-51.61,Ay=-30.26,Az=1461.32,Gx=11392.50,Gy=-20912.50,Gz=-130T=N/A,H=N/A,SAT=7"
,2025-09-21T04:17:59Z,COM6,,UTC=11:33:11,18.70,120.292627,23.106585,,,,,,,,,N/A,SAT=7,-46.12,-32.82,945.74,31255.00,-15015.00,7840.T=N/A,,"Package=2225,UTC=11:33:11,Lat=23.106585,Lng=120.292627,Alt=18.70,Ax=-46.12,Ay=-32.82,Az=945.74,Gx=31255.00,Gy=-15015.00,Gz=7840.T=N/A,H=N/A,SAT=7"
,2025-09-21T04:18:01Z,COM6,,UTC=11:33:11,18.70,120.292627,23.106585,,,,,,,,,N/A,SAT=7,-46.48,-9.76,777.26,-38062.50,6492.50,-121747T=N/A,,"Package=2226,UTC=11:33:11,Lat=23.106585,Lng=120.292627,Alt=18.70,Ax=-46.48,Ay=-9.76,Az=777.26,Gx=-38062.50,Gy=6492.50,Gz=-121747T=N/A,H=N/A,SAT=7"
,2025-09-21T04:18:02Z,COM6,,UTC=11:33:11,18.70,120.292627,23.106585,,,,,,,,,N/A,SAT=7,-81.50,75.88,1439.60,-92627.50,-43942.50,-175T=N/A,,"Package=2227,UTC=11:33:11,Lat=23.106585,Lng=120.292627,Alt=18.70,Ax=-81.50,Ay=75.88,Az=1439.60,Gx=-92627.50,Gy=-43942.50,Gz=-175T=N/A,H=N/A,SAT=7"
,2025-09-21T04:18:04Z,COM6,,UTC=11:33:11,18.70,120.292627,23.106585,,,,,,,,,N/A,SAT=7,-35.14,-47.21,1332.61,5005.00,19862.50,-10699T=N/A,,"Package=2228,UTC=11:33:11,Lat=23.106585,Lng=120.292627,Alt=18.70,Ax=-35.14,Ay=-47.21,Az=1332.61,Gx=5005.00,Gy=19862.50,Gz=-10699T=N/A,H=N/A,SAT=7"
,2025-09-21T04:18:06Z,COM6,,UTC=11:33:11,18.70,120.292627,23.106585,,,,,,,,,N/A,SAT=7,-116.39,10.74,1241.23,-22855.00,-82652.50,120T=N/A,,"Package=2229,UTC=11:33:11,Lat=23.106585,Lng=120.292627,Alt=18.70,Ax=-116.39,Ay=10.74,Az=1241.23,Gx=-22855.00,Gy=-82652.50,Gz=120T=N/A,H=N/A,SAT=7"
,2025-09-21T04:18:07Z,COM6,,UTC=11:33:11,18.70,120.292627,23.106585,,,,,,,,,N/A,SAT=7,-71.61,38.06,1118.25,-41300.00,35700.00,23733T=N/A,,"Package=2230,UTC=11:33:11,Lat=23.106585,Lng=120.292627,Alt=18.70,Ax=-71.61,Ay=38.06,Az=1118.25,Gx=-41300.00,Gy=35700.00,Gz=23733T=N/A,H=N/A,SAT=7"
,2025-09-21T04:18:09Z,COM6,,UTC=11:33:11,18.70,120.292627,23.106585,,,,,,,,,N/A,SAT=7,-109.19,52.70,1165.34,8382.50,95585.00,340375T=N/A,,"Package=2231,UTC=11:33:11,Lat=23.106585,Lng=120.292627,Alt=18.70,Ax=-109.19,Ay=52.70,Az=1165.34,Gx=8382.50,Gy=95585.00,Gz=340375T=N/A,H=N/A,SAT=7"
,2025-09-21T04:18:11Z,COM6,,UTC=11:33:11,18.70,120.292627,23.106585,,,,,,,,,N/A,SAT=7,-126.03,123.34,1336.27,-159722.50,-47845.00,2T=N/A,,"Package=2232,UTC=11:33:11,Lat=23.106585,Lng=120.292627,Alt=18.70,Ax=-126.03,Ay=123.34,Az=1336.27,Gx=-159722.50,Gy=-47845.00,Gz=2T=N/A,H=N/A,SAT=7"
,2025-09-21T04:18:12Z,COM6,,UTC=11:33:11,18.70,120.292627,23.106585,,,,,,,,,N/A,SAT=7,-86.01,19.40,1364.08,4287.50,-35437.50,212782T=N/A,,"Package=2233,UTC=11:33:11,Lat=23.106585,Lng=120.292627,Alt=18.70,Ax=-86.01,Ay=19.40,Az=1364.08,Gx=4287.50,Gy=-35437.50,Gz=212782T=N/A,H=N/A,SAT=7"
,2025-09-21T04:18:14Z,COM6,,UTC=11:33:11,18.70,120.292627,23.106585,,,,,,,,,N/A,SAT=7,-76.25,-35.14,1283.20,31465.00,30065.00,19652T=N/A,,"Package=2234,UTC=11:33:11,Lat=23.106585,Lng=120.292627,Alt=18.70,Ax=-76.25,Ay=-35.14,Az=1283.20,Gx=31465.00,Gy=30065.00,Gz=19652T=N/A,H=N/A,SAT=7"
,2025-09-21T04:18:16Z,COM6,,UTC=11:33:11,18.70,120.292627,23.106585,,,,,,,,,N/A,SAT=7,-36.11,-9.52,975.27,-9082.50,17990.00,-144462T=N/A,,"Package=2235,UTC=11:33:11,Lat=23.106585,Lng=120.292627,Alt=18.70,Ax=-36.11,Ay=-9.52,Az=975.27,Gx=-9082.50,Gy=17990.00,Gz=-144462T=N/A,H=N/A,SAT=7"
,2025-09-21T04:18:17Z,COM6,,UTC=11:33:11,18.70,120.292627,23.106585,,,,,,,,,N/A,SAT=7,-44.90,9.76,1192.92,6737.50,12250.00,-68372.5T=N/A,,"Package=2236,UTC=11:33:11,Lat=23.106585,Lng=120.292627,Alt=18.70,Ax=-44.90,Ay=9.76,Az=1192.92,Gx=6737.50,Gy=12250.00,Gz=-68372.5T=N/A,H=N/A,SAT=7"
,2025-09-21T04:18:19Z,COM6,,UTC=11:33:11,18.70,120.292627,23.106585,,,,,,,,,N/A,SAT=7,-75.88,-8.30,1217.32,-7770.00,-63332.50,14752T=N/A,,"Package=2237,UTC=11:33:11,Lat=23.106585,Lng=120.292627,Alt=18.70,Ax=-75.88,Ay=-8.30,Az=1217.32,Gx=-7770.00,Gy=-63332.50,Gz=14752T=N/A,H=N/A,SAT=7"
,2025-09-21T04:18:21Z,COM6,,UTC=11:33:11,18.70,120.292627,23.106585,,,,,,,,,N/A,SAT=7,-63.44,8.05,1003.45,-63980.00,-11725.00,18009T=N/A,,"Package=2238,UTC=11:33:11,Lat=23.106585,Lng=120.292627,Alt=18.70,Ax=-63.44,Ay=8.05,Az=1003.45,Gx=-63980.00,Gy=-11725.00,Gz=18009T=N/A,H=N/A,SAT=7"
,2025-09-21T04:18:23Z,COM6,,UTC=11:33:11,18.70,120.292627,23.106585,,,,,,,,,N/A,SAT=7,-33.43,-40.26,1137.04,23870.00,54197.50,11287T=N/A,,"Package=2239,UTC=11:33:11,Lat=23.106585,Lng=120.292627,Alt=18.70,Ax=-33.43,Ay=-40.26,Az=1137.04,Gx=23870.00,Gy=54197.50,Gz=11287T=N/A,H=N/A,SAT=7"
,2025-09-21T04:18:24Z,COM6,,UTC=11:33:11,18.70,120.292627,23.106585,,,,,,,,,N/A,SAT=7,-37.82,-17.20,1080.55,-3290.00,-19180.00,-999T=N/A,,"Package=2240,UTC=11:33:11,Lat=23.106585,Lng=120.292627,Alt=18.70,Ax=-37.82,Ay=-17.20,Az=1080.55,Gx=-3290.00,Gy=-19180.00,Gz=-999T=N/A,H=N/A,SAT=7"
,2025-09-21T04:18:26Z,COM6,,UTC=11:33:11,18.70,120.292627,23.106585,,,,,,,,,N/A,SAT=7,-35.01,-19.03,1161.93,-25252.50,21455.00,-151T=N/A,,"Package=2241,UTC=11:33:11,Lat=23.106585,Lng=120.292627,Alt=18.70,Ax=-35.01,Ay=-19.03,Az=1161.93,Gx=-25252.50,Gy=21455.00,Gz=-151T=N/A,H=N/A,SAT=7"
,2025-09-21T04:18:28Z,COM6,,UTC=11:33:11,18.70,120.292627,23.106585,,,,,,,,,N/A,SAT=7,-46.12,-33.67,1026.51,35210.00,-28227.50,7973T=N/A,,"Package=2242,UTC=11:33:11,Lat=23.106585,Lng=120.292627,Alt=18.70,Ax=-46.12,Ay=-33.67,Az=1026.51,Gx=35210.00,Gy=-28227.50,Gz=7973T=N/A,H=N/A,SAT=7"
,2025-09-21T04:18:29Z,COM6,,UTC=11:33:11,18.70,120.292627,23.106585,,,,,,,,,N/A,SAT=7,-11.59,-76.37,1265.38,26372.50,60287.50,-6578T=N/A,,"Package=2243,UTC=11:33:11,Lat=23.106585,Lng=120.292627,Alt=18.70,Ax=-11.59,Ay=-76.37,Az=1265.38,Gx=26372.50,Gy=60287.50,Gz=-6578T=N/A,H=N/A,SAT=7"
,2025-09-21T04:18:31Z,COM6,,UTC=11:33:11,18.70,120.292627,23.106585,,,,,,,,,N/A,SAT=7,-46.60,-50.39,1057.37,58835.00,-6912.50,-4443T=N/A,,"Package=2244,UTC=11:33:11,Lat=23.106585,Lng=120.292627,Alt=18.70,Ax=-46.60,Ay=-50.39,Az=1057.37,Gx=58835.00,Gy=-6912.50,Gz=-4443T=N/A,H=N/A,SAT=7"
,2025-09-21T04:18:33Z,COM6,,UTC=11:33:11,18.70,120.292627,23.106585,,,,,,,,,N/A,SAT=7,-79.79,-13.91,1258.43,-4900.00,-66937.50,-244T=N/A,,"Package=2245,UTC=11:33:11,Lat=23.106585,Lng=120.292627,Alt=18.70,Ax=-79.79,Ay=-13.91,Az=1258.43,Gx=-4900.00,Gy=-66937.50,Gz=-244T=N/A,H=N/A,SAT=7"
,2025-09-21T04:18:34Z,COM6,,UTC=11:33:11,18.70,120.292627,23.106585,,,,,,,,,N/A,SAT=7,-30.99,-39.28,1164.98,7735.00,-10220.00,-4312T=N/A,,"Package=2246,UTC=11:33:11,Lat=23.106585,Lng=120.292627,Alt=18.70,Ax=-30.99,Ay=-39.28,Az=1164.98,Gx=7735.00,Gy=-10220.00,Gz=-4312T=N/A,H=N/A,SAT=7"
,2025-09-21T04:18:36Z,COM6,,UTC=11:33:11,18.70,120.292627,23.106585,,,,,,,,,N/A,SAT=7,-11.59,-16.71,858.39,-38657.50,-6090.00,52132T=N/A,,"Package=2247,UTC=11:33:11,Lat=23.106585,Lng=120.292627,Alt=18.70,Ax=-11.59,Ay=-16.71,Az=858.39,Gx=-38657.50,Gy=-6090.00,Gz=52132T=N/A,H=N/A,SAT=7"
,2025-09-21T04:18:38Z,COM6,,UTC=11:33:11,18.70,120.292627,23.106585,,,,,,,,,N/A,SAT=7,-42.21,-5.00,1085.80,-28630.00,-5652.50,16243T=N/A,,"Package=2248,UTC=11:33:11,Lat=23.106585,Lng=120.292627,Alt=18.70,Ax=-42.21,Ay=-5.00,Az=1085.80,Gx=-28630.00,Gy=-5652.50,Gz=16243T=N/A,H=N/A,SAT=7"
,2025-09-21T04:18:39Z,COM6,,UTC=11:33:11,18.70,120.292627,23.106585,,,,,,,,,N/A,SAT=7,-29.40,-29.77,1122.77,-13055.00,12425.00,2121T=N/A,,"Package=2249,UTC=11:33:11,Lat=23.106585,Lng=120.292627,Alt=18.70,Ax=-29.40,Ay=-29.77,Az=1122.77,Gx=-13055.00,Gy=12425.00,Gz=2121T=N/A,H=N/A,SAT=7"
,2025-09-21T04:18:41Z,COM6,,UTC=11:33:11,18.70,120.292627,23.106585,,,,,,,,,N/A,SAT=7,-11.83,-17.20,959.65,-12477.50,29767.50,93257T=N/A,,"Package=2250,UTC=11:33:11,Lat=23.106585,Lng=120.292627,Alt=18.70,Ax=-11.83,Ay=-17.20,Az=959.65,Gx=-12477.50,Gy=29767.50,Gz=93257T=N/A,H=N/A,SAT=7"
,2025-09-21T04:18:43Z,COM6,,UTC=11:33:11,18.70,120.292627,23.106585,,,,,,,,,N/A,SAT=7,-61.00,1.83,1281.73,-34405.00,-20247.50,12631T=N/A,,"Package=2251,UTC=11:33:11,Lat=23.106585,Lng=120.292627,Alt=18.70,Ax=-61.00,Ay=1.83,Az=1281.73,Gx=-34405.00,Gy=-20247.50,Gz=12631T=N/A,H=N/A,SAT=7"
,2025-09-21T04:18:44Z,COM6,,UTC=11:33:11,18.70,120.292627,23.106585,,,,,,,,,N/A,SAT=7,-33.67,-23.67,1128.50,-22610.00,44537.50,1333T=N/A,,"Package=2252,UTC=11:33:11,Lat=23.106585,Lng=120.292627,Alt=18.70,Ax=-33.67,Ay=-23.67,Az=1128.50,Gx=-22610.00,Gy=44537.50,Gz=1333T=N/A,H=N/A,SAT=7"
,2025-09-21T04:18:46Z,COM6,,UTC=11:33:11,18.70,120.292627,23.106585,,,,,,,,,N/A,SAT=7,-22.81,-4.03,1088.36,-58957.50,3745.00,-27895T=N/A,,"Package=2253,UTC=11:33:11,Lat=23.106585,Lng=120.292627,Alt=18.70,Ax=-22.81,Ay=-4.03,Az=1088.36,Gx=-58957.50,Gy=3745.00,Gz=-27895T=N/A,H=N/A,SAT=7"
,2025-09-21T04:18:48Z,COM6,,UTC=11:33:11,18.70,120.292627,23.106585,,,,,,,,,N/A,SAT=7,-47.09,-53.80,1101.42,42297.50,-4707.50,48300T=N/A,,"Package=2254,UTC=11:33:11,Lat=23.106585,Lng=120.292627,Alt=18.70,Ax=-47.09,Ay=-53.80,Az=1101.42,Gx=42297.50,Gy=-4707.50,Gz=48300T=N/A,H=N/A,SAT=7"
,2025-09-21T04:18:49Z,COM6,,UTC=11:33:11,18.70,120.292627,23.106585,,,,,,,,,N/A,SAT=7,-47.34,11.59,1163.64,-81602.50,-15925.00,-191T=N/A,,"Package=2255,UTC=11:33:11,Lat=23.106585,Lng=120.292627,Alt=18.70,Ax=-47.34,Ay=11.59,Az=1163.64,Gx=-81602.50,Gy=-15925.00,Gz=-191T=N/A,H=N/A,SAT=7"
,2025-09-21T04:18:51Z,COM6,,UTC=11:33:11,18.70,120.292627,23.106585,,,,,,,,,N/A,SAT=7,-36.72,3.29,1142.77,-22820.00,4217.50,-168367T=N/A,,"Package=2256,UTC=11:33:11,Lat=23.106585,Lng=120.292627,Alt=18.70,Ax=-36.72,Ay=3.29,Az=1142.77,Gx=-22820.00,Gy=4217.50,Gz=-168367T=N/A,H=N/A,SAT=7"
,2025-09-21T04:18:53Z,COM6,,UTC=11:33:11,18.70,120.292627,23.106585,,,,,,,,,N/A,SAT=7,-58.44,-9.27,1041.03,-55947.50,-12232.50,-143T=N/A,,"Package=2257,UTC=11:33:11,Lat=23.106585,Lng=120.292627,Alt=18.70,Ax=-58.44,Ay=-9.27,Az=1041.03,Gx=-55947.50,Gy=-12232.50,Gz=-143T=N/A,H=N/A,SAT=7"
,2025-09-21T04:18:54Z,COM6,,UTC=11:33:11,18.70,120.292627,23.106585,,,,,,,,,N/A,SAT=7,-56.00,-89.43,1340.05,46970.00,9870.00,-67130T=N/A,,"Package=2258,UTC=11:33:11,Lat=23.106585,Lng=120.292627,Alt=18.70,Ax=-56.00,Ay=-89.43,Az=1340.05,Gx=46970.00,Gy=9870.00,Gz=-67130T=N/A,H=N/A,SAT=7"
,2025-09-21T04:18:56Z,COM6,,UTC=11:33:11,18.70,120.292627,23.106585,,,,,,,,,N/A,SAT=7,-25.13,-31.72,1098.49,45727.50,82617.50,-1076T=N/A,,"Package=2259,UTC=11:33:11,Lat=23.106585,Lng=120.292627,Alt=18.70,Ax=-25.13,Ay=-31.72,Az=1098.49,Gx=45727.50,Gy=82617.50,Gz=-1076T=N/A,H=N/A,SAT=7"
,2025-09-21T04:18:58Z,COM6,,UTC=11:33:11,18.70,120.292627,23.106585,,,,,,,,,N/A,SAT=7,-92.84,5.00,1145.82,-24832.50,-90912.50,88410T=N/A,,"Package=2260,UTC=11:33:11,Lat=23.106585,Lng=120.292627,Alt=18.70,Ax=-92.84,Ay=5.00,Az=1145.82,Gx=-24832.50,Gy=-90912.50,Gz=88410T=N/A,H=N/A,SAT=7"
,2025-09-21T04:18:59Z,COM6,,UTC=11:33:11,18.70,120.292627,23.106585,,,,,,,,,N/A,SAT=7,-53.80,41.97,1106.30,-53042.50,15662.50,22253T=N/A,,"Package=2261,UTC=11:33:11,Lat=23.106585,Lng=120.292627,Alt=18.70,Ax=-53.80,Ay=41.97,Az=1106.30,Gx=-53042.50,Gy=15662.50,Gz=22253T=N/A,H=N/A,SAT=7"
,2025-09-21T04:19:01Z,COM6,,UTC=11:33:11,18.70,120.292627,23.106585,,,,,,,,,N/A,SAT=7,-22.33,-64.66,1168.27,-192.50,49892.50,2905.0T=N/A,,"Package=2262,UTC=11:33:11,Lat=23.106585,Lng=120.292627,Alt=18.70,Ax=-22.33,Ay=-64.66,Az=1168.27,Gx=-192.50,Gy=49892.50,Gz=2905.0T=N/A,H=N/A,SAT=7"
,2025-09-21T04:19:03Z,COM6,,UTC=11:33:11,18.70,120.292627,23.106585,,,,,,,,,N/A,SAT=7,-74.79,-44.04,1296.74,15120.00,-40600.00,245.T=N/A,,"Package=2263,UTC=11:33:11,Lat=23.106585,Lng=120.292627,Alt=18.70,Ax=-74.79,Ay=-44.04,Az=1296.74,Gx=15120.00,Gy=-40600.00,Gz=245.T=N/A,H=N/A,SAT=7"
,2025-09-21T04:19:04Z,COM6,,UTC=11:33:11,18.70,120.292627,23.106585,,,,,,,,,N/A,SAT=7,-78.93,15.13,906.22,-64505.00,-39777.50,21232T=N/A,,"Package=2264,UTC=11:33:11,Lat=23.106585,Lng=120.292627,Alt=18.70,Ax=-78.93,Ay=15.13,Az=906.22,Gx=-64505.00,Gy=-39777.50,Gz=21232T=N/A,H=N/A,SAT=7"
,2025-09-21T04:19:06Z,COM6,,UTC=11:33:11,18.70,120.292627,23.106585,,,,,,,,,N/A,SAT=7,-68.08,-36.23,1038.83,-13545.00,-23660.00,-16T=N/A,,"Package=2265,UTC=11:33:11,Lat=23.106585,Lng=120.292627,Alt=18.70,Ax=-68.08,Ay=-36.23,Az=1038.83,Gx=-13545.00,Gy=-23660.00,Gz=-16T=N/A,H=N/A,SAT=7"
,2025-09-21T04:19:08Z,COM6,,UTC=11:33:11,18.70,120.292627,23.106585,,,,,,,,,N/A,SAT=7,-26.72,-13.54,1078.97,-14577.50,6755.00,-7085T=N/A,,"Package=2266,UTC=11:33:11,Lat=23.106585,Lng=120.292627,Alt=18.70,Ax=-26.72,Ay=-13.54,Az=1078.97,Gx=-14577.50,Gy=6755.00,Gz=-7085T=N/A,H=N/A,SAT=7"
,2025-09-21T04:19:09Z,COM6,,UTC=11:33:11,18.70,120.292627,23.106585,,,,,,,,,N/A,SAT=7,-42.46,-13.91,1212.92,-8400.00,-2362.50,-3857T=N/A,,"Package=2267,UTC=11:33:11,Lat=23.106585,Lng=120.292627,Alt=18.70,Ax=-42.46,Ay=-13.91,Az=1212.92,Gx=-8400.00,Gy=-2362.50,Gz=-3857T=N/A,H=N/A,SAT=7"
,2025-09-21T04:19:11Z,COM6,,UTC=11:33:11,18.70,120.292627,23.106585,,,,,,,,,N/A,SAT=7,-16.35,-51.73,1093.12,60200.00,37397.50,23555T=N/A,,"Package=2268,UTC=11:33:11,Lat=23.106585,Lng=120.292627,Alt=18.70,Ax=-16.35,Ay=-51.73,Az=1093.12,Gx=60200.00,Gy=37397.50,Gz=23555T=N/A,H=N/A,SAT=7"
,2025-09-21T04:19:13Z,COM6,,UTC=11:33:11,18.70,120.292627,23.106585,,,,,,,,,N/A,SAT=7,-51.97,-36.23,1038.46,7297.50,-36820.00,-9262T=N/A,,"Package=2269,UTC=11:33:11,Lat=23.106585,Lng=120.292627,Alt=18.70,Ax=-51.97,Ay=-36.23,Az=1038.46,Gx=7297.50,Gy=-36820.00,Gz=-9262T=N/A,H=N/A,SAT=7"
,2025-09-21T04:19:14Z,COM6,,UTC=11:33:11,18.70,120.292627,23.106585,,,,,,,,,N/A,SAT=7,-57.83,17.57,905.48,-24622.50,-7927.50,-18802T=N/A,,"Package=2270,UTC=11:33:11,Lat=23.106585,Lng=120.292627,Alt=18.70,Ax=-57.83,Ay=17.57,Az=905.48,Gx=-24622.50,Gy=-7927.50,Gz=-18802T=N/A,H=N/A,SAT=7"
,2025-09-21T04:19:16Z,COM6,,UTC=11:33:11,18.70,120.292627,23.106585,,,,,,,,,N/A,SAT=7,-73.32,14.27,1128.99,27842.50,-27387.50,-1658T=N/A,,"Package=2271,UTC=11:33:11,Lat=23.106585,Lng=120.292627,Alt=18.70,Ax=-73.32,Ay=14.27,Az=1128.99,Gx=27842.50,Gy=-27387.50,Gz=-1658T=N/A,H=N/A,SAT=7"
,2025-09-21T04:19:18Z,COM6,,UTC=11:33:11,18.70,120.292627,23.106585,,,,,,,,,N/A,SAT=7,-54.78,-50.51,1312.60,31692.50,-12390.00,-150T=N/A,,"Package=2272,UTC=11:33:11,Lat=23.106585,Lng=120.292627,Alt=18.70,Ax=-54.78,Ay=-50.51,Az=1312.60,Gx=31692.50,Gy=-12390.00,Gz=-150T=N/A,H=N/A,SAT=7"
,2025-09-21T04:19:19Z,COM6,,UTC=11:33:11,18.70,120.292627,23.106585,,,,,,,,,N/A,SAT=7,-38.55,-23.55,1050.66,560.00,48002.50,-126927T=N/A,,"Package=2273,UTC=11:33:11,Lat=23.106585,Lng=120.292627,Alt=18.70,Ax=-38.55,Ay=-23.55,Az=1050.66,Gx=560.00,Gy=48002.50,Gz=-126927T=N/A,H=N/A,SAT=7"
,2025-09-21T04:19:21Z,COM6,,UTC=11:33:11,18.70,120.292627,23.106585,,,,,,,,,N/A,SAT=7,-32.21,-46.73,811.42,72450.00,-11025.00,57750T=N/A,,"Package=2274,UTC=11:33:11,Lat=23.106585,Lng=120.292627,Alt=18.70,Ax=-32.21,Ay=-46.73,Az=811.42,Gx=72450.00,Gy=-11025.00,Gz=57750T=N/A,H=N/A,SAT=7"
,2025-09-21T04:19:23Z,COM6,,UTC=11:33:11,18.70,120.292627,23.106585,,,,,,,,,N/A,SAT=7,-46.24,5.61,1051.15,-56507.50,-7752.50,175472T=N/A,,"Package=2275,UTC=11:33:11,Lat=23.106585,Lng=120.292627,Alt=18.70,Ax=-46.24,Ay=5.61,Az=1051.15,Gx=-56507.50,Gy=-7752.50,Gz=175472T=N/A,H=N/A,SAT=7"
,2025-09-21T04:19:24Z,COM6,,UTC=11:33:11,18.70,120.292627,23.106585,,,,,,,,,N/A,SAT=7,-12.20,-34.04,1292.71,-5040.00,52587.50,11047T=N/A,,"Package=2276,UTC=11:33:11,Lat=23.106585,Lng=120.292627,Alt=18.70,Ax=-12.20,Ay=-34.04,Az=1292.71,Gx=-5040.00,Gy=52587.50,Gz=11047T=N/A,H=N/A,SAT=7"
,2025-09-21T04:19:26Z,COM6,,UTC=11:33:11,18.70,120.292627,23.106585,,,,,,,,,N/A,SAT=7,-29.52,-36.36,1081.16,-875.00,-7787.50,-2152.T=N/A,,"Package=2277,UTC=11:33:11,Lat=23.106585,Lng=120.292627,Alt=18.70,Ax=-29.52,Ay=-36.36,Az=1081.16,Gx=-875.00,Gy=-7787.50,Gz=-2152.T=N/A,H=N/A,SAT=7"
,2025-09-21T04:19:28Z,COM6,,UTC=11:33:11,18.70,120.292627,23.106585,,,,,,,,,N/A,SAT=7,-24.52,24.89,1058.11,-13685.00,14542.50,17482T=N/A,,"Package=2278,UTC=11:33:11,Lat=23.106585,Lng=120.292627,Alt=18.70,Ax=-24.52,Ay=24.89,Az=1058.11,Gx=-13685.00,Gy=14542.50,Gz=17482T=N/A,H=N/A,SAT=7"
,2025-09-21T04:19:29Z,COM6,,UTC=11:33:11,18.70,120.292627,23.106585,,,,,,,,,N/A,SAT=7,-41.97,-6.47,1054.45,-49700.00,19320.00,93660T=N/A,,"Package=2279,UTC=11:33:11,Lat=23.106585,Lng=120.292627,Alt=18.70,Ax=-41.97,Ay=-6.47,Az=1054.45,Gx=-49700.00,Gy=19320.00,Gz=93660T=N/A,H=N/A,SAT=7"
,2025-09-21T04:19:31Z,COM6,,UTC=11:33:11,18.70,120.292627,23.106585,,,,,,,,,N/A,SAT=7,-19.89,-31.48,873.03,-8505.00,9117.50,-14052.T=N/A,,"Package=2280,UTC=11:33:11,Lat=23.106585,Lng=120.292627,Alt=18.70,Ax=-19.89,Ay=-31.48,Az=873.03,Gx=-8505.00,Gy=9117.50,Gz=-14052.T=N/A,H=N/A,SAT=7"
,2025-09-21T04:19:33Z,COM6,,UTC=11:33:11,18.70,120.292627,23.106585,,,,,,,,,N/A,SAT=7,-47.34,-67.71,1355.91,49962.50,34632.50,-7696T=N/A,,"Package=2281,UTC=11:33:11,Lat=23.106585,Lng=120.292627,Alt=18.70,Ax=-47.34,Ay=-67.71,Az=1355.91,Gx=49962.50,Gy=34632.50,Gz=-7696T=N/A,H=N/A,SAT=7"
,2025-09-21T04:19:35Z,COM6,,UTC=11:33:11,18.70,120.292627,23.106585,,,,,,,,,N/A,SAT=7,-43.07,-51.97,1174.49,47547.50,2922.50,-13840T=N/A,,"Package=2282,UTC=11:33:11,Lat=23.106585,Lng=120.292627,Alt=18.70,Ax=-43.07,Ay=-51.97,Az=1174.49,Gx=47547.50,Gy=2922.50,Gz=-13840T=N/A,H=N/A,SAT=7"
,2025-09-21T04:19:36Z,COM6,,UTC=11:33:11,18.70,120.292627,23.106585,,,,,,,,,N/A,SAT=7,5.73,-33.79,888.04,-1820.00,90247.50,-42735.0T=N/A,,"Package=2283,UTC=11:33:11,Lat=23.106585,Lng=120.292627,Alt=18.70,Ax=5.73,Ay=-33.79,Az=888.04,Gx=-1820.00,Gy=90247.50,Gz=-42735.0T=N/A,H=N/A,SAT=7"
,2025-09-21T04:19:38Z,COM6,,UTC=11:33:11,18.70,120.292627,23.106585,,,,,,,,,N/A,SAT=7,-50.63,-24.64,916.95,17535.00,-54897.50,10395T=N/A,,"Package=2284,UTC=11:33:11,Lat=23.106585,Lng=120.292627,Alt=18.70,Ax=-50.63,Ay=-24.64,Az=916.95,Gx=17535.00,Gy=-54897.50,Gz=10395T=N/A,H=N/A,SAT=7"
,2025-09-21T04:19:40Z,COM6,,UTC=11:33:11,18.70,120.292627,23.106585,,,,,,,,,N/A,SAT=7,-88.57,-74.91,1261.24,83930.00,-42297.50,5285T=N/A,,"Package=2285,UTC=11:33:11,Lat=23.106585,Lng=120.292627,Alt=18.70,Ax=-88.57,Ay=-74.91,Az=1261.24,Gx=83930.00,Gy=-42297.50,Gz=5285T=N/A,H=N/A,SAT=7"
,2025-09-21T04:19:41Z,COM6,,UTC=11:33:11,18.70,120.292627,23.106585,,,,,,,,,N/A,SAT=7,-80.28,26.47,1482.91,-75775.00,-50470.00,3253T=N/A,,"Package=2286,UTC=11:33:11,Lat=23.106585,Lng=120.292627,Alt=18.70,Ax=-80.28,Ay=26.47,Az=1482.91,Gx=-75775.00,Gy=-50470.00,Gz=3253T=N/A,H=N/A,SAT=7"
,2025-09-21T04:19:43Z,COM6,,UTC=11:33:11,18.70,120.292627,23.106585,,,,,,,,,N/A,SAT=7,-28.06,0.73,1177.54,-73745.00,55125.00,167370T=N/A,,"Package=2287,UTC=11:33:11,Lat=23.106585,Lng=120.292627,Alt=18.70,Ax=-28.06,Ay=0.73,Az=1177.54,Gx=-73745.00,Gy=55125.00,Gz=167370T=N/A,H=N/A,SAT=7"
,2025-09-21T04:19:45Z,COM6,,UTC=11:33:11,18.70,120.292627,23.106585,,,,,,,,,N/A,SAT=7,-42.46,-2.20,1058.96,-75355.00,-35717.50,1949T=N/A,,"Package=2288,UTC=11:33:11,Lat=23.106585,Lng=120.292627,Alt=18.70,Ax=-42.46,Ay=-2.20,Az=1058.96,Gx=-75355.00,Gy=-35717.50,Gz=1949T=N/A,H=N/A,SAT=7"
,2025-09-21T04:19:46Z,COM6,,UTC=11:33:11,18.70,120.292627,23.106585,,,,,,,,,N/A,SAT=7,-16.84,-37.58,833.50,-7280.00,18025.00,108080T=N/A,,"Package=2289,UTC=11:33:11,Lat=23.106585,Lng=120.292627,Alt=18.70,Ax=-16.84,Ay=-37.58,Az=833.50,Gx=-7280.00,Gy=18025.00,Gz=108080T=N/A,H=N/A,SAT=7"
,2025-09-21T04:19:48Z,COM6,,UTC=11:33:11,18.70,120.292627,23.106585,,,,,,,,,N/A,SAT=7,-35.38,-18.42,1336.02,-35315.00,-30467.50,188T=N/A,,"Package=2290,UTC=11:33:11,Lat=23.106585,Lng=120.292627,Alt=18.70,Ax=-35.38,Ay=-18.42,Az=1336.02,Gx=-35315.00,Gy=-30467.50,Gz=188T=N/A,H=N/A,SAT=7"
,2025-09-21T04:19:50Z,COM6,,UTC=11:33:11,18.70,120.292627,23.106585,,,,,,,,,N/A,SAT=7,-62.22,39.04,1618.33,-60252.50,-19880.00,1843T=N/A,,"Package=2291,UTC=11:33:11,Lat=23.106585,Lng=120.292627,Alt=18.70,Ax=-62.22,Ay=39.04,Az=1618.33,Gx=-60252.50,Gy=-19880.00,Gz=1843T=N/A,H=N/A,SAT=7"
,2025-09-21T04:19:51Z,COM6,,UTC=11:33:11,18.70,120.292627,23.106585,,,,,,,,,N/A,SAT=7,-15.01,-7.08,1126.18,-37730.00,33880.00,94395T=N/A,,"Package=2292,UTC=11:33:11,Lat=23.106585,Lng=120.292627,Alt=18.70,Ax=-15.01,Ay=-7.08,Az=1126.18,Gx=-37730.00,Gy=33880.00,Gz=94395T=N/A,H=N/A,SAT=7"
,2025-09-21T04:19:53Z,COM6,,UTC=11:33:11,18.70,120.292627,23.106585,,,,,,,,,N/A,SAT=7,-22.08,-37.09,756.28,35035.00,-6510.00,-10844T=N/A,,"Package=2293,UTC=11:33:11,Lat=23.106585,Lng=120.292627,Alt=18.70,Ax=-22.08,Ay=-37.09,Az=756.28,Gx=35035.00,Gy=-6510.00,Gz=-10844T=N/A,H=N/A,SAT=7"
,2025-09-21T04:19:55Z,COM6,,UTC=11:33:11,18.70,120.292627,23.106585,,,,,,,,,N/A,SAT=7,-38.55,25.74,1078.72,-47810.00,11270.00,-1034T=N/A,,"Package=2294,UTC=11:33:11,Lat=23.106585,Lng=120.292627,Alt=18.70,Ax=-38.55,Ay=25.74,Az=1078.72,Gx=-47810.00,Gy=11270.00,Gz=-1034T=N/A,H=N/A,SAT=7"
,2025-09-21T04:19:56Z,COM6,,UTC=11:33:11,18.70,120.292627,23.106585,,,,,,,,,N/A,SAT=7,-40.63,-29.52,1688.48,-4200.00,8312.50,-22540T=N/A,,"Package=2295,UTC=11:33:11,Lat=23.106585,Lng=120.292627,Alt=18.70,Ax=-40.63,Ay=-29.52,Az=1688.48,Gx=-4200.00,Gy=8312.50,Gz=-22540T=N/A,H=N/A,SAT=7"
,2025-09-21T04:19:58Z,COM6,,UTC=11:33:11,18.70,120.292627,23.106585,,,,,,,,,N/A,SAT=7,-68.08,-38.92,1304.30,18847.50,17815.00,-1194T=N/A,,"Package=2296,UTC=11:33:11,Lat=23.106585,Lng=120.292627,Alt=18.70,Ax=-68.08,Ay=-38.92,Az=1304.30,Gx=18847.50,Gy=17815.00,Gz=-1194T=N/A,H=N/A,SAT=7"
,2025-09-21T04:20:00Z,COM6,,UTC=11:33:11,18.70,120.292627,23.106585,,,,,,,,,N/A,SAT=7,-21.23,-16.35,682.71,227.50,31832.50,-52710.0T=N/A,,"Package=2297,UTC=11:33:11,Lat=23.106585,Lng=120.292627,Alt=18.70,Ax=-21.23,Ay=-16.35,Az=682.71,Gx=227.50,Gy=31832.50,Gz=-52710.0T=N/A,H=N/A,SAT=7"
,2025-09-21T04:20:01Z,COM6,,UTC=11:33:11,18.70,120.292627,23.106585,,,,,,,,,N/A,SAT=7,-10.98,11.47,1195.23,-26442.50,44572.50,-6980T=N/A,,"Package=2298,UTC=11:33:11,Lat=23.106585,Lng=120.292627,Alt=18.70,Ax=-10.98,Ay=11.47,Az=1195.23,Gx=-26442.50,Gy=44572.50,Gz=-6980T=N/A,H=N/A,SAT=7"
,2025-09-21T04:20:03Z,COM6,,UTC=11:33:11,18.70,120.292627,23.106585,,,,,,,,,N/A,SAT=7,-44.53,-45.87,1550.86,-9257.50,10675.00,7822.T=N/A,,"Package=2299,UTC=11:33:11,Lat=23.106585,Lng=120.292627,Alt=18.70,Ax=-44.53,Ay=-45.87,Az=1550.86,Gx=-9257.50,Gy=10675.00,Gz=7822.T=N/A,H=N/A,SAT=7"
,2025-09-21T04:20:05Z,COM6,,UTC=11:33:11,18.70,120.292627,23.106585,,,,,,,,,N/A,SAT=7,-59.66,32.09,1259.65,-25480.00,45237.50,-2052T=N/A,,"Package=2300,UTC=11:33:11,Lat=23.106585,Lng=120.292627,Alt=18.70,Ax=-59.66,Ay=32.09,Az=1259.65,Gx=-25480.00,Gy=45237.50,Gz=-2052T=N/A,H=N/A,SAT=7"
,2025-09-21T04:20:06Z,COM6,,UTC=11:33:11,18.70,120.292627,23.106585,,,,,,,,,N/A,SAT=7,-28.18,2.68,985.03,-51975.00,37257.50,-55422.T=N/A,,"Package=2301,UTC=11:33:11,Lat=23.106585,Lng=120.292627,Alt=18.70,Ax=-28.18,Ay=2.68,Az=985.03,Gx=-51975.00,Gy=37257.50,Gz=-55422.T=N/A,H=N/A,SAT=7"
,2025-09-21T04:20:08Z,COM6,,UTC=11:33:11,18.70,120.292627,23.106585,,,,,,,,,N/A,SAT=7,-12.32,-47.34,896.58,44135.00,13002.50,-30677T=N/A,,"Package=2302,UTC=11:33:11,Lat=23.106585,Lng=120.292627,Alt=18.70,Ax=-12.32,Ay=-47.34,Az=896.58,Gx=44135.00,Gy=13002.50,Gz=-30677T=N/A,H=N/A,SAT=7"
,2025-09-21T04:20:10Z,COM6,,UTC=11:33:11,18.70,120.292627,23.106585,,,,,,,,,N/A,SAT=7,-71.98,-56.49,1271.48,53795.00,-17990.00,-143T=N/A,,"Package=2303,UTC=11:33:11,Lat=23.106585,Lng=120.292627,Alt=18.70,Ax=-71.98,Ay=-56.49,Az=1271.48,Gx=53795.00,Gy=-17990.00,Gz=-143T=N/A,H=N/A,SAT=7"
,2025-09-21T04:20:11Z,COM6,,UTC=11:33:11,18.70,120.292627,23.106585,,,,,,,,,N/A,SAT=7,-112.36,31.48,1568.80,-45272.50,-57872.50,-16T=N/A,,"Package=2304,UTC=11:33:11,Lat=23.106585,Lng=120.292627,Alt=18.70,Ax=-112.36,Ay=31.48,Az=1568.80,Gx=-45272.50,Gy=-57872.50,Gz=-16T=N/A,H=N/A,SAT=7"
,2025-09-21T04:20:13Z,COM6,,UTC=11:33:11,18.70,120.292627,23.106585,,,,,,,,,N/A,SAT=7,-32.82,-7.20,692.47,-41510.00,26022.50,58415.T=N/A,,"Package=2305,UTC=11:33:11,Lat=23.106585,Lng=120.292627,Alt=18.70,Ax=-32.82,Ay=-7.20,Az=692.47,Gx=-41510.00,Gy=26022.50,Gz=58415.T=N/A,H=N/A,SAT=7"
,2025-09-21T04:20:15Z,COM6,,UTC=11:33:11,18.70,120.292627,23.106585,,,,,,,,,N/A,SAT=7,-31.35,32.21,708.33,11392.50,-6422.50,-164010T=N/A,,"Package=2306,UTC=11:33:11,Lat=23.106585,Lng=120.292627,Alt=18.70,Ax=-31.35,Ay=32.21,Az=708.33,Gx=11392.50,Gy=-6422.50,Gz=-164010T=N/A,H=N/A,SAT=7"
,2025-09-21T04:20:16Z,COM6,,UTC=11:33:11,18.70,120.292627,23.106585,,,,,,,,,N/A,SAT=7,-40.50,61.61,1318.82,-71767.50,12565.00,5932.T=N/A,,"Package=2307,UTC=11:33:11,Lat=23.106585,Lng=120.292627,Alt=18.70,Ax=-40.50,Ay=61.61,Az=1318.82,Gx=-71767.50,Gy=12565.00,Gz=5932.T=N/A,H=N/A,SAT=7"
,2025-09-21T04:20:18Z,COM6,,UTC=11:33:11,18.70,120.292627,23.106585,,,,,,,,,N/A,SAT=7,-67.71,-33.67,1446.19,-30135.00,-19932.50,558T=N/A,,"Package=2308,UTC=11:33:11,Lat=23.106585,Lng=120.292627,Alt=18.70,Ax=-67.71,Ay=-33.67,Az=1446.19,Gx=-30135.00,Gy=-19932.50,Gz=558T=N/A,H=N/A,SAT=7"
,2025-09-21T04:20:20Z,COM6,,UTC=11:33:11,18.70,120.292627,23.106585,,,,,,,,,N/A,SAT=7,-19.89,-13.18,562.66,-140.00,2292.50,90282.50T=N/A,,"Package=2309,UTC=11:33:11,Lat=23.106585,Lng=120.292627,Alt=18.70,Ax=-19.89,Ay=-13.18,Az=562.66,Gx=-140.00,Gy=2292.50,Gz=90282.50T=N/A,H=N/A,SAT=7"
,2025-09-21T04:20:21Z,COM6,,UTC=11:33:11,18.70,120.292627,23.106585,,,,,,,,,N/A,SAT=7,-1.22,-81.13,916.59,63297.50,11095.00,20352.5T=N/A,,"Package=2310,UTC=11:33:11,Lat=23.106585,Lng=120.292627,Alt=18.70,Ax=-1.22,Ay=-81.13,Az=916.59,Gx=63297.50,Gy=11095.00,Gz=20352.5T=N/A,H=N/A,SAT=7"
,2025-09-21T04:20:23Z,COM6,,UTC=11:33:11,18.70,120.292627,23.106585,,,,,,,,,N/A,SAT=7,-59.29,24.16,1616.26,-76090.00,-20825.00,6917T=N/A,,"Package=2311,UTC=11:33:11,Lat=23.106585,Lng=120.292627,Alt=18.70,Ax=-59.29,Ay=24.16,Az=1616.26,Gx=-76090.00,Gy=-20825.00,Gz=6917T=N/A,H=N/A,SAT=7"
,2025-09-21T04:20:25Z,COM6,,UTC=11:33:11,18.70,120.292627,23.106585,,,,,,,,,N/A,SAT=7,-70.52,-11.10,1150.58,-74725.00,-8470.00,1224T=N/A,,"Package=2312,UTC=11:33:11,Lat=23.106585,Lng=120.292627,Alt=18.70,Ax=-70.52,Ay=-11.10,Az=1150.58,Gx=-74725.00,Gy=-8470.00,Gz=1224T=N/A,H=N/A,SAT=7"
,2025-09-21T04:20:26Z,COM6,,UTC=11:33:11,18.70,120.292627,23.106585,,,,,,,,,N/A,SAT=7,-36.23,-38.31,755.91,-11095.00,-30275.00,8702T=N/A,,"Package=2313,UTC=11:33:11,Lat=23.106585,Lng=120.292627,Alt=18.70,Ax=-36.23,Ay=-38.31,Az=755.91,Gx=-11095.00,Gy=-30275.00,Gz=8702T=N/A,H=N/A,SAT=7"
,2025-09-21T04:20:28Z,COM6,,UTC=11:33:11,18.70,120.292627,23.106585,,,,,,,,,N/A,SAT=7,-32.70,-68.44,952.21,47915.00,7192.50,-114835T=N/A,,"Package=2314,UTC=11:33:11,Lat=23.106585,Lng=120.292627,Alt=18.70,Ax=-32.70,Ay=-68.44,Az=952.21,Gx=47915.00,Gy=7192.50,Gz=-114835T=N/A,H=N/A,SAT=7"
,2025-09-21T04:20:30Z,COM6,,UTC=11:33:11,18.70,120.292627,23.106585,,,,,,,,,N/A,SAT=7,-88.57,18.91,1824.75,22067.50,34790.00,-19295T=N/A,,"Package=2315,UTC=11:33:11,Lat=23.106585,Lng=120.292627,Alt=18.70,Ax=-88.57,Ay=18.91,Az=1824.75,Gx=22067.50,Gy=34790.00,Gz=-19295T=N/A,H=N/A,SAT=7"
,2025-09-21T04:20:31Z,COM6,,UTC=11:33:11,18.70,120.292627,23.106585,,,,,,,,,N/A,SAT=7,-30.74,-15.86,1018.82,-51835.00,22260.00,-216T=N/A,,"Package=2316,UTC=11:33:11,Lat=23.106585,Lng=120.292627,Alt=18.70,Ax=-30.74,Ay=-15.86,Az=1018.82,Gx=-51835.00,Gy=22260.00,Gz=-216T=N/A,H=N/A,SAT=7"
,2025-09-21T04:20:33Z,COM6,,UTC=11:33:11,18.70,120.292627,23.106585,,,,,,,,,N/A,SAT=7,-13.54,-44.41,745.42,46497.50,-9432.50,-35262T=N/A,,"Package=2317,UTC=11:33:11,Lat=23.106585,Lng=120.292627,Alt=18.70,Ax=-13.54,Ay=-44.41,Az=745.42,Gx=46497.50,Gy=-9432.50,Gz=-35262T=N/A,H=N/A,SAT=7"
,2025-09-21T04:20:35Z,COM6,,UTC=11:33:11,18.70,120.292627,23.106585,,,,,,,,,N/A,SAT=7,-104.31,-16.84,2563.22,-37940.00,14927.50,507T=N/A,,"Package=2318,UTC=11:33:11,Lat=23.106585,Lng=120.292627,Alt=18.70,Ax=-104.31,Ay=-16.84,Az=2563.22,Gx=-37940.00,Gy=14927.50,Gz=507T=N/A,H=N/A,SAT=7"
,2025-09-21T04:20:36Z,COM6,,UTC=11:33:11,18.70,120.292627,23.106585,,,,,,,,,N/A,SAT=7,10.25,62.22,1096.54,-89775.00,83177.50,116060T=N/A,,"Package=2319,UTC=11:33:11,Lat=23.106585,Lng=120.292627,Alt=18.70,Ax=10.25,Ay=62.22,Az=1096.54,Gx=-89775.00,Gy=83177.50,Gz=116060T=N/A,H=N/A,SAT=7"
,2025-09-21T04:20:38Z,COM6,,UTC=11:33:11,18.70,120.292627,23.106585,,,,,,,,,N/A,SAT=7,-18.06,-101.26,870.84,57715.00,6142.50,11147.T=N/A,,"Package=2320,UTC=11:33:11,Lat=23.106585,Lng=120.292627,Alt=18.70,Ax=-18.06,Ay=-101.26,Az=870.84,Gx=57715.00,Gy=6142.50,Gz=11147.T=N/A,H=N/A,SAT=7"
,2025-09-21T04:20:40Z,COM6,,UTC=11:33:11,18.70,120.292627,23.106585,,,,,,,,,N/A,SAT=7,-6.22,-28.67,733.46,45447.50,12705.00,4655.00T=N/A,,"Package=2321,UTC=11:33:11,Lat=23.106585,Lng=120.292627,Alt=18.70,Ax=-6.22,Ay=-28.67,Az=733.46,Gx=45447.50,Gy=12705.00,Gz=4655.00T=N/A,H=N/A,SAT=7"
,2025-09-21T04:20:41Z,COM6,,UTC=11:33:11,18.70,120.292627,23.106585,,,,,,,,,N/A,SAT=7,-18.79,-23.30,1146.68,89915.00,98875.00,-1292T=N/A,,"Package=2322,UTC=11:33:11,Lat=23.106585,Lng=120.292627,Alt=18.70,Ax=-18.79,Ay=-23.30,Az=1146.68,Gx=89915.00,Gy=98875.00,Gz=-1292T=N/A,H=N/A,SAT=7"
,2025-09-21T04:20:43Z,COM6,,UTC=11:33:11,18.70,120.292627,23.106585,,,,,,,,,N/A,SAT=7,-42.46,-63.56,837.53,121240.00,-25462.50,-102T=N/A,,"Package=2323,UTC=11:33:11,Lat=23.106585,Lng=120.292627,Alt=18.70,Ax=-42.46,Ay=-63.56,Az=837.53,Gx=121240.00,Gy=-25462.50,Gz=-102T=N/A,H=N/A,SAT=7"
,2025-09-21T04:20:45Z,COM6,,UTC=11:33:11,18.70,120.292627,23.106585,,,,,,,,,N/A,SAT=7,-66.37,29.52,847.17,-49700.00,-55597.50,-6707T=N/A,,"Package=2324,UTC=11:33:11,Lat=23.106585,Lng=120.292627,Alt=18.70,Ax=-66.37,Ay=29.52,Az=847.17,Gx=-49700.00,Gy=-55597.50,Gz=-6707T=N/A,H=N/A,SAT=7"
,2025-09-21T04:20:46Z,COM6,,UTC=11:33:11,18.70,120.292627,23.106585,,,,,,,,,N/A,SAT=7,-72.47,48.56,1142.90,-32760.00,-11095.00,2563T=N/A,,"Package=2325,UTC=11:33:11,Lat=23.106585,Lng=120.292627,Alt=18.70,Ax=-72.47,Ay=48.56,Az=1142.90,Gx=-32760.00,Gy=-11095.00,Gz=2563T=N/A,H=N/A,SAT=7"
,2025-09-21T04:20:48Z,COM6,,UTC=11:33:11,18.70,120.292627,23.106585,,,,,,,,,N/A,SAT=7,-57.10,13.42,1194.62,16695.00,50242.50,214340T=N/A,,"Package=2326,UTC=11:33:11,Lat=23.106585,Lng=120.292627,Alt=18.70,Ax=-57.10,Ay=13.42,Az=1194.62,Gx=16695.00,Gy=50242.50,Gz=214340T=N/A,H=N/A,SAT=7"
,2025-09-21T04:20:50Z,COM6,,UTC=11:33:11,18.70,120.292627,23.106585,,,,,,,,,N/A,SAT=7,-66.00,24.16,1089.09,-2590.00,52062.50,248937T=N/A,,"Package=2327,UTC=11:33:11,Lat=23.106585,Lng=120.292627,Alt=18.70,Ax=-66.00,Ay=24.16,Az=1089.09,Gx=-2590.00,Gy=52062.50,Gz=248937T=N/A,H=N/A,SAT=7"
,2025-09-21T04:20:52Z,COM6,,UTC=11:33:11,18.70,120.292627,23.106585,,,,,,,,,N/A,SAT=7,-68.20,-17.69,1053.59,21052.50,-30922.50,1391T=N/A,,"Package=2328,UTC=11:33:11,Lat=23.106585,Lng=120.292627,Alt=18.70,Ax=-68.20,Ay=-17.69,Az=1053.59,Gx=21052.50,Gy=-30922.50,Gz=1391T=N/A,H=N/A,SAT=7"
,2025-09-21T04:20:53Z,COM6,,UTC=11:33:11,18.70,120.292627,23.106585,,,,,,,,,N/A,SAT=7,-77.59,34.28,1142.90,-43627.50,53532.50,26237T=N/A,,"Package=2329,UTC=11:33:11,Lat=23.106585,Lng=120.292627,Alt=18.70,Ax=-77.59,Ay=34.28,Az=1142.90,Gx=-43627.50,Gy=53532.50,Gz=26237T=N/A,H=N/A,SAT=7"
,2025-09-21T04:20:55Z,COM6,,UTC=11:33:11,18.70,120.292627,23.106585,,,,,,,,,N/A,SAT=7,-72.59,75.64,1333.22,-52097.50,28017.50,27550T=N/A,,"Package=2330,UTC=11:33:11,Lat=23.106585,Lng=120.292627,Alt=18.70,Ax=-72.59,Ay=75.64,Az=1333.22,Gx=-52097.50,Gy=28017.50,Gz=27550T=N/A,H=N/A,SAT=7"
,2025-09-21T04:20:57Z,COM6,,UTC=11:33:11,18.70,120.292627,23.106585,,,,,,,,,N/A,SAT=7,-52.46,-117.97,1187.55,105927.50,32707.50,-10T=N/A,,"Package=2331,UTC=11:33:11,Lat=23.106585,Lng=120.292627,Alt=18.70,Ax=-52.46,Ay=-117.97,Az=1187.55,Gx=105927.50,Gy=32707.50,Gz=-10T=N/A,H=N/A,SAT=7"
,2025-09-21T04:20:58Z,COM6,,UTC=11:33:11,18.70,120.292627,23.106585,,,,,,,,,N/A,SAT=7,-118.58,16.47,1230.13,-19477.50,-153422.50,17T=N/A,,"Package=2332,UTC=11:33:11,Lat=23.106585,Lng=120.292627,Alt=18.70,Ax=-118.58,Ay=16.47,Az=1230.13,Gx=-19477.50,Gy=-153422.50,Gz=17T=N/A,H=N/A,SAT=7"
,2025-09-21T04:21:00Z,COM6,,UTC=11:33:11,18.70,120.292627,23.106585,,,,,,,,,N/A,SAT=7,-88.82,-27.08,1039.32,27300.00,-89880.00,1685T=N/A,,"Package=2333,UTC=11:33:11,Lat=23.106585,Lng=120.292627,Alt=18.70,Ax=-88.82,Ay=-27.08,Az=1039.32,Gx=27300.00,Gy=-89880.00,Gz=1685T=N/A,H=N/A,SAT=7"
,2025-09-21T04:21:02Z,COM6,,UTC=11:33:11,18.70,120.292627,23.106585,,,,,,,,,N/A,SAT=7,-41.11,-42.58,934.03,22277.50,33110.00,107782T=N/A,,"Package=2334,UTC=11:33:11,Lat=23.106585,Lng=120.292627,Alt=18.70,Ax=-41.11,Ay=-42.58,Az=934.03,Gx=22277.50,Gy=33110.00,Gz=107782T=N/A,H=N/A,SAT=7"
,2025-09-21T04:21:03Z,COM6,,UTC=11:33:11,18.70,120.292627,23.106585,,,,,,,,,N/A,SAT=7,-22.20,-58.19,1542.81,-23572.50,48912.50,-872T=N/A,,"Package=2335,UTC=11:33:11,Lat=23.106585,Lng=120.292627,Alt=18.70,Ax=-22.20,Ay=-58.19,Az=1542.81,Gx=-23572.50,Gy=48912.50,Gz=-872T=N/A,H=N/A,SAT=7"
,2025-09-21T04:21:05Z,COM6,,UTC=11:33:11,18.70,120.292627,23.106585,,,,,,,,,N/A,SAT=7,-43.43,-27.57,1235.37,41825.00,41702.50,-2273T=N/A,,"Package=2336,UTC=11:33:11,Lat=23.106585,Lng=120.292627,Alt=18.70,Ax=-43.43,Ay=-27.57,Az=1235.37,Gx=41825.00,Gy=41702.50,Gz=-2273T=N/A,H=N/A,SAT=7"
,2025-09-21T04:21:07Z,COM6,,UTC=11:33:11,18.70,120.292627,23.106585,,,,,,,,,N/A,SAT=7,-35.26,9.52,825.09,-44415.00,-47355.00,-46672T=N/A,,"Package=2337,UTC=11:33:11,Lat=23.106585,Lng=120.292627,Alt=18.70,Ax=-35.26,Ay=9.52,Az=825.09,Gx=-44415.00,Gy=-47355.00,Gz=-46672T=N/A,H=N/A,SAT=7"
,2025-09-21T04:21:08Z,COM6,,UTC=11:33:11,18.70,120.292627,23.106585,,,,,,,,,N/A,SAT=7,-26.35,-14.40,1048.59,-3832.50,-4340.00,73587T=N/A,,"Package=2338,UTC=11:33:11,Lat=23.106585,Lng=120.292627,Alt=18.70,Ax=-26.35,Ay=-14.40,Az=1048.59,Gx=-3832.50,Gy=-4340.00,Gz=73587T=N/A,H=N/A,SAT=7"
,2025-09-21T04:21:10Z,COM6,,UTC=11:33:11,18.70,120.292627,23.106585,,,,,,,,,N/A,SAT=7,-35.14,-56.97,1169.37,-11060.00,6667.50,-4210T=N/A,,"Package=2339,UTC=11:33:11,Lat=23.106585,Lng=120.292627,Alt=18.70,Ax=-35.14,Ay=-56.97,Az=1169.37,Gx=-11060.00,Gy=6667.50,Gz=-4210T=N/A,H=N/A,SAT=7"
,2025-09-21T04:21:12Z,COM6,,UTC=11:33:11,18.70,120.292627,23.106585,,,,,,,,,N/A,SAT=7,-48.31,-59.29,1558.92,39847.50,25917.50,-1260T=N/A,,"Package=2340,UTC=11:33:11,Lat=23.106585,Lng=120.292627,Alt=18.70,Ax=-48.31,Ay=-59.29,Az=1558.92,Gx=39847.50,Gy=25917.50,Gz=-1260T=N/A,H=N/A,SAT=7"
,2025-09-21T04:21:13Z,COM6,,UTC=11:33:11,18.70,120.292627,23.106585,,,,,,,,,N/A,SAT=7,-49.04,-17.32,1249.89,-12110.00,71872.50,-166T=N/A,,"Package=2341,UTC=11:33:11,Lat=23.106585,Lng=120.292627,Alt=18.70,Ax=-49.04,Ay=-17.32,Az=1249.89,Gx=-12110.00,Gy=71872.50,Gz=-166T=N/A,H=N/A,SAT=7"
,2025-09-21T04:21:15Z,COM6,,UTC=11:33:11,18.70,120.292627,23.106585,,,,,,,,,N/A,SAT=7,-35.14,-6.47,964.53,-8697.50,13492.50,36050.0T=N/A,,"Package=2342,UTC=11:33:11,Lat=23.106585,Lng=120.292627,Alt=18.70,Ax=-35.14,Ay=-6.47,Az=964.53,Gx=-8697.50,Gy=13492.50,Gz=36050.0T=N/A,H=N/A,SAT=7"
,2025-09-21T04:21:17Z,COM6,,UTC=11:33:11,18.70,120.292627,23.106585,,,,,,,,,N/A,SAT=7,-31.35,-63.68,1050.66,51030.00,-7052.50,-7420T=N/A,,"Package=2343,UTC=11:33:11,Lat=23.106585,Lng=120.292627,Alt=18.70,Ax=-31.35,Ay=-63.68,Az=1050.66,Gx=51030.00,Gy=-7052.50,Gz=-7420T=N/A,H=N/A,SAT=7"
,2025-09-21T04:21:18Z,COM6,,UTC=11:33:11,18.70,120.292627,23.106585,,,,,,,,,N/A,SAT=7,-45.38,-39.53,1245.25,-6982.50,45745.00,-1779T=N/A,,"Package=2344,UTC=11:33:11,Lat=23.106585,Lng=120.292627,Alt=18.70,Ax=-45.38,Ay=-39.53,Az=1245.25,Gx=-6982.50,Gy=45745.00,Gz=-1779T=N/A,H=N/A,SAT=7"
,2025-09-21T04:21:20Z,COM6,,UTC=11:33:11,18.70,120.292627,23.106585,,,,,,,,,N/A,SAT=7,-42.21,20.50,1070.18,-52080.00,25200.00,-2038T=N/A,,"Package=2345,UTC=11:33:11,Lat=23.106585,Lng=120.292627,Alt=18.70,Ax=-42.21,Ay=20.50,Az=1070.18,Gx=-52080.00,Gy=25200.00,Gz=-2038T=N/A,H=N/A,SAT=7"
,2025-09-21T04:21:22Z,COM6,,UTC=11:33:11,18.70,120.292627,23.106585,,,,,,,,,N/A,SAT=7,-78.81,20.37,1011.50,-10605.00,-40705.00,-201T=N/A,,"Package=2346,UTC=11:33:11,Lat=23.106585,Lng=120.292627,Alt=18.70,Ax=-78.81,Ay=20.37,Az=1011.50,Gx=-10605.00,Gy=-40705.00,Gz=-201T=N/A,H=N/A,SAT=7"
,2025-09-21T04:21:23Z,COM6,,UTC=11:33:11,18.70,120.292627,23.106585,,,,,,,,,N/A,SAT=7,-81.13,-8.66,963.43,-14875.00,-21857.50,-1177T=N/A,,"Package=2347,UTC=11:33:11,Lat=23.106585,Lng=120.292627,Alt=18.70,Ax=-81.13,Ay=-8.66,Az=963.43,Gx=-14875.00,Gy=-21857.50,Gz=-1177T=N/A,H=N/A,SAT=7"
,2025-09-21T04:21:25Z,COM6,,UTC=11:33:11,18.70,120.292627,23.106585,,,,,,,,,N/A,SAT=7,-68.08,23.18,1024.80,-86695.00,-37240.00,5733T=N/A,,"Package=2348,UTC=11:33:11,Lat=23.106585,Lng=120.292627,Alt=18.70,Ax=-68.08,Ay=23.18,Az=1024.80,Gx=-86695.00,Gy=-37240.00,Gz=5733T=N/A,H=N/A,SAT=7"
,2025-09-21T04:21:27Z,COM6,,UTC=11:33:11,18.70,120.292627,23.106585,,,,,,,,,N/A,SAT=7,-36.11,28.55,913.29,-23222.50,962.50,144217.5T=N/A,,"Package=2349,UTC=11:33:11,Lat=23.106585,Lng=120.292627,Alt=18.70,Ax=-36.11,Ay=28.55,Az=913.29,Gx=-23222.50,Gy=962.50,Gz=144217.5T=N/A,H=N/A,SAT=7"
,2025-09-21T04:21:28Z,COM6,,UTC=11:33:11,18.70,120.292627,23.106585,,,,,,,,,N/A,SAT=7,-51.24,-33.79,1023.95,-3535.00,28997.50,13062T=N/A,,"Package=2350,UTC=11:33:11,Lat=23.106585,Lng=120.292627,Alt=18.70,Ax=-51.24,Ay=-33.79,Az=1023.95,Gx=-3535.00,Gy=28997.50,Gz=13062T=N/A,H=N/A,SAT=7"
,2025-09-21T04:21:30Z,COM6,,UTC=11:33:11,18.70,120.292627,23.106585,,,,,,,,,N/A,SAT=7,-66.00,4.39,1117.15,-41772.50,21647.50,186007T=N/A,,"Package=2351,UTC=11:33:11,Lat=23.106585,Lng=120.292627,Alt=18.70,Ax=-66.00,Ay=4.39,Az=1117.15,Gx=-41772.50,Gy=21647.50,Gz=186007T=N/A,H=N/A,SAT=7"
,2025-09-21T04:21:32Z,COM6,,UTC=11:33:11,18.70,120.292627,23.106585,,,,,,,,,N/A,SAT=7,-66.61,-9.15,1167.66,-22610.00,-8627.50,11879T=N/A,,"Package=2352,UTC=11:33:11,Lat=23.106585,Lng=120.292627,Alt=18.70,Ax=-66.61,Ay=-9.15,Az=1167.66,Gx=-22610.00,Gy=-8627.50,Gz=11879T=N/A,H=N/A,SAT=7"
,2025-09-21T04:21:33Z,COM6,,UTC=11:33:11,18.70,120.292627,23.106585,,,,,,,,N/A,N/A,SAT=7,-48.19,-18.18,972.71,227.50,420.00,168227.50,,"Package=2353,UTC=11:33:11,Lat=23.106585,Lng=120.292627,Alt=18.70,Ax=-48.19,Ay=-18.18,Az=972.71,Gx=227.50,Gy=420.00,Gz=168227.50,T=N/A,H=N/A,SAT=7"
,2025-09-21T04:21:35Z,COM6,,UTC=11:33:11,18.70,120.292627,23.106585,,,,,,,,,N/A,SAT=7,-60.27,19.64,982.10,-35000.00,-8750.00,212992T=N/A,,"Package=2354,UTC=11:33:11,Lat=23.106585,Lng=120.292627,Alt=18.70,Ax=-60.27,Ay=19.64,Az=982.10,Gx=-35000.00,Gy=-8750.00,Gz=212992T=N/A,H=N/A,SAT=7"
,2025-09-21T04:21:37Z,COM6,,UTC=11:33:11,18.70,120.292627,23.106585,,,,,,,,,N/A,SAT=7,-45.87,-23.42,997.96,-12425.00,-12425.00,5661T=N/A,,"Package=2355,UTC=11:33:11,Lat=23.106585,Lng=120.292627,Alt=18.70,Ax=-45.87,Ay=-23.42,Az=997.96,Gx=-12425.00,Gy=-12425.00,Gz=5661T=N/A,H=N/A,SAT=7"
,2025-09-21T04:21:38Z,COM6,,UTC=11:33:11,18.70,120.292627,23.106585,,,,,,,,,N/A,SAT=7,-31.72,-70.39,952.21,30205.00,-14927.50,11760T=N/A,,"Package=2356,UTC=11:33:11,Lat=23.106585,Lng=120.292627,Alt=18.70,Ax=-31.72,Ay=-70.39,Az=952.21,Gx=30205.00,Gy=-14927.50,Gz=11760T=N/A,H=N/A,SAT=7"
,2025-09-21T04:21:40Z,COM6,,UTC=11:33:11,18.70,120.292627,23.106585,,,,,,,,,N/A,SAT=7,-26.96,-25.38,1016.99,-8715.00,22190.00,-1129T=N/A,,"Package=2357,UTC=11:33:11,Lat=23.106585,Lng=120.292627,Alt=18.70,Ax=-26.96,Ay=-25.38,Az=1016.99,Gx=-8715.00,Gy=22190.00,Gz=-1129T=N/A,H=N/A,SAT=7"
,2025-09-21T04:21:42Z,COM6,,UTC=11:33:11,18.70,120.292627,23.106585,,,,,,,,,N/A,SAT=7,-40.99,-41.48,1078.72,15155.00,-5740.00,-7091T=N/A,,"Package=2358,UTC=11:33:11,Lat=23.106585,Lng=120.292627,Alt=18.70,Ax=-40.99,Ay=-41.48,Az=1078.72,Gx=15155.00,Gy=-5740.00,Gz=-7091T=N/A,H=N/A,SAT=7"
,2025-09-21T04:21:43Z,COM6,,UTC=11:33:11,18.70,120.292627,23.106585,,,,,,,,,N/A,SAT=7,-17.81,-25.13,906.70,24255.00,25147.50,-10556T=N/A,,"Package=2359,UTC=11:33:11,Lat=23.106585,Lng=120.292627,Alt=18.70,Ax=-17.81,Ay=-25.13,Az=906.70,Gx=24255.00,Gy=25147.50,Gz=-10556T=N/A,H=N/A,SAT=7"
,2025-09-21T04:21:45Z,COM6,,UTC=11:33:11,18.70,120.292627,23.106585,,,,,,,,,N/A,SAT=7,-43.43,-36.60,1076.16,1785.00,36540.00,-17388T=N/A,,"Package=2360,UTC=11:33:11,Lat=23.106585,Lng=120.292627,Alt=18.70,Ax=-43.43,Ay=-36.60,Az=1076.16,Gx=1785.00,Gy=36540.00,Gz=-17388T=N/A,H=N/A,SAT=7"
,2025-09-21T04:21:47Z,COM6,,UTC=11:33:11,18.70,120.292627,23.106585,,,,,,,,,N/A,SAT=7,-80.52,11.22,1326.75,-5880.00,-33967.50,-1586T=N/A,,"Package=2361,UTC=11:33:11,Lat=23.106585,Lng=120.292627,Alt=18.70,Ax=-80.52,Ay=11.22,Az=1326.75,Gx=-5880.00,Gy=-33967.50,Gz=-1586T=N/A,H=N/A,SAT=7"
,2025-09-21T04:21:48Z,COM6,,UTC=11:33:11,18.70,120.292627,23.106585,,,,,,,,,N/A,SAT=7,-32.33,-23.18,1006.01,-18672.50,10342.50,3010T=N/A,,"Package=2362,UTC=11:33:11,Lat=23.106585,Lng=120.292627,Alt=18.70,Ax=-32.33,Ay=-23.18,Az=1006.01,Gx=-18672.50,Gy=10342.50,Gz=3010T=N/A,H=N/A,SAT=7"
,2025-09-21T04:21:50Z,COM6,,UTC=11:33:11,18.70,120.292627,23.106585,,,,,,,,,N/A,SAT=7,-17.81,-16.23,888.40,-10622.50,-3500.00,38885T=N/A,,"Package=2363,UTC=11:33:11,Lat=23.106585,Lng=120.292627,Alt=18.70,Ax=-17.81,Ay=-16.23,Az=888.40,Gx=-10622.50,Gy=-3500.00,Gz=38885T=N/A,H=N/A,SAT=7"
,2025-09-21T04:21:52Z,COM6,,UTC=11:33:11,18.70,120.292627,23.106585,,,,,,,,,N/A,SAT=7,-42.70,-30.87,906.46,-23782.50,-3132.50,88165T=N/A,,"Package=2364,UTC=11:33:11,Lat=23.106585,Lng=120.292627,Alt=18.70,Ax=-42.70,Ay=-30.87,Az=906.46,Gx=-23782.50,Gy=-3132.50,Gz=88165T=N/A,H=N/A,SAT=7"
,2025-09-21T04:21:53Z,COM6,,UTC=11:33:11,18.70,120.292627,23.106585,,,,,,,,,N/A,SAT=7,-72.96,11.22,1641.14,-41090.00,-37677.50,1029T=N/A,,"Package=2365,UTC=11:33:11,Lat=23.106585,Lng=120.292627,Alt=18.70,Ax=-72.96,Ay=11.22,Az=1641.14,Gx=-41090.00,Gy=-37677.50,Gz=1029T=N/A,H=N/A,SAT=7"
,2025-09-21T04:21:55Z,COM6,,UTC=11:33:11,18.70,120.292627,23.106585,,,,,,,,,N/A,SAT=7,-36.60,7.08,1039.56,-86432.50,12635.00,117407T=N/A,,"Package=2366,UTC=11:33:11,Lat=23.106585,Lng=120.292627,Alt=18.70,Ax=-36.60,Ay=7.08,Az=1039.56,Gx=-86432.50,Gy=12635.00,Gz=117407T=N/A,H=N/A,SAT=7"
,2025-09-21T04:21:57Z,COM6,,UTC=11:33:11,18.70,120.292627,23.106585,,,,,,,,,N/A,SAT=7,-16.10,-22.08,896.58,-14560.00,3430.00,-21682T=N/A,,"Package=2367,UTC=11:33:11,Lat=23.106585,Lng=120.292627,Alt=18.70,Ax=-16.10,Ay=-22.08,Az=896.58,Gx=-14560.00,Gy=3430.00,Gz=-21682T=N/A,H=N/A,SAT=7"
,2025-09-21T04:21:58Z,COM6,,UTC=11:33:11,18.70,120.292627,23.106585,,,,,,,,,N/A,SAT=7,-60.27,4.88,999.06,-62125.00,-49245.00,113627T=N/A,,"Package=2368,UTC=11:33:11,Lat=23.106585,Lng=120.292627,Alt=18.70,Ax=-60.27,Ay=4.88,Az=999.06,Gx=-62125.00,Gy=-49245.00,Gz=113627T=N/A,H=N/A,SAT=7"
,2025-09-21T04:22:00Z,COM6,,UTC=11:33:11,18.70,120.292627,23.106585,,,,,,,,,N/A,SAT=7,-84.67,40.87,1620.40,-78137.50,8522.50,219205T=N/A,,"Package=2369,UTC=11:33:11,Lat=23.106585,Lng=120.292627,Alt=18.70,Ax=-84.67,Ay=40.87,Az=1620.40,Gx=-78137.50,Gy=8522.50,Gz=219205T=N/A,H=N/A,SAT=7"
,2025-09-21T04:22:02Z,COM6,,UTC=11:33:11,18.70,120.292627,23.106585,,,,,,,,,N/A,SAT=7,-32.94,-37.82,923.17,-32392.50,-507.50,-49175T=N/A,,"Package=2370,UTC=11:33:11,Lat=23.106585,Lng=120.292627,Alt=18.70,Ax=-32.94,Ay=-37.82,Az=923.17,Gx=-32392.50,Gy=-507.50,Gz=-49175T=N/A,H=N/A,SAT=7"
,2025-09-21T04:22:03Z,COM6,,UTC=11:33:11,18.70,120.292627,23.106585,,,,,,,,,N/A,SAT=7,-39.04,47.58,1117.89,-55527.50,-22295.00,1423T=N/A,,"Package=2371,UTC=11:33:11,Lat=23.106585,Lng=120.292627,Alt=18.70,Ax=-39.04,Ay=47.58,Az=1117.89,Gx=-55527.50,Gy=-22295.00,Gz=1423T=N/A,H=N/A,SAT=7"
,2025-09-21T04:22:05Z,COM6,,UTC=11:33:11,18.70,120.292627,23.106585,,,,,,,,,N/A,SAT=7,-73.32,-18.54,1274.29,-16502.50,-8470.00,1252T=N/A,,"Package=2372,UTC=11:33:11,Lat=23.106585,Lng=120.292627,Alt=18.70,Ax=-73.32,Ay=-18.54,Az=1274.29,Gx=-16502.50,Gy=-8470.00,Gz=1252T=N/A,H=N/A,SAT=7"
,2025-09-21T04:22:07Z,COM6,,UTC=11:33:11,18.70,120.292627,23.106585,,,,,,,,,N/A,SAT=7,-26.84,-48.07,1517.19,10377.50,18602.50,28420T=N/A,,"Package=2373,UTC=11:33:11,Lat=23.106585,Lng=120.292627,Alt=18.70,Ax=-26.84,Ay=-48.07,Az=1517.19,Gx=10377.50,Gy=18602.50,Gz=28420T=N/A,H=N/A,SAT=7"
,2025-09-21T04:22:09Z,COM6,,UTC=11:33:11,18.70,120.292627,23.106585,,,,,,,,,N/A,SAT=7,-41.48,-36.11,1093.61,44222.50,-36785.00,-354T=N/A,,"Package=2374,UTC=11:33:11,Lat=23.106585,Lng=120.292627,Alt=18.70,Ax=-41.48,Ay=-36.11,Az=1093.61,Gx=44222.50,Gy=-36785.00,Gz=-354T=N/A,H=N/A,SAT=7"
,2025-09-21T04:22:10Z,COM6,,UTC=11:33:11,18.70,120.292627,23.106585,,,,,,,,,N/A,SAT=7,-26.23,4.64,768.36,-40250.00,12967.50,-103897T=N/A,,"Package=2375,UTC=11:33:11,Lat=23.106585,Lng=120.292627,Alt=18.70,Ax=-26.23,Ay=4.64,Az=768.36,Gx=-40250.00,Gy=12967.50,Gz=-103897T=N/A,H=N/A,SAT=7"
,2025-09-21T04:22:12Z,COM6,,UTC=11:33:11,18.70,120.292627,23.106585,,,,,,,,,N/A,SAT=7,-88.21,-97.48,1730.94,97947.50,-17115.00,-830T=N/A,,"Package=2376,UTC=11:33:11,Lat=23.106585,Lng=120.292627,Alt=18.70,Ax=-88.21,Ay=-97.48,Az=1730.94,Gx=97947.50,Gy=-17115.00,Gz=-830T=N/A,H=N/A,SAT=7"
,2025-09-21T04:22:14Z,COM6,,UTC=11:33:11,18.70,120.292627,23.106585,,,,,,,,,N/A,SAT=7,-81.50,37.09,1111.66,-48107.50,-6580.00,-2292T=N/A,,"Package=2377,UTC=11:33:11,Lat=23.106585,Lng=120.292627,Alt=18.70,Ax=-81.50,Ay=37.09,Az=1111.66,Gx=-48107.50,Gy=-6580.00,Gz=-2292T=N/A,H=N/A,SAT=7"
,2025-09-21T04:22:15Z,COM6,,UTC=11:33:11,18.70,120.292627,23.106585,,,,,,,,,N/A,SAT=7,-38.55,-36.36,751.52,64190.00,5635.00,-169242T=N/A,,"Package=2378,UTC=11:33:11,Lat=23.106585,Lng=120.292627,Alt=18.70,Ax=-38.55,Ay=-36.36,Az=751.52,Gx=64190.00,Gy=5635.00,Gz=-169242T=N/A,H=N/A,SAT=7"
,2025-09-21T04:22:17Z,COM6,,UTC=11:33:11,18.70,120.292627,23.106585,,,,,,,,,N/A,SAT=7,-50.39,24.28,880.60,-33792.50,-12320.00,-1196T=N/A,,"Package=2379,UTC=11:33:11,Lat=23.106585,Lng=120.292627,Alt=18.70,Ax=-50.39,Ay=24.28,Az=880.60,Gx=-33792.50,Gy=-12320.00,Gz=-1196T=N/A,H=N/A,SAT=7"
,2025-09-21T04:22:19Z,COM6,,UTC=11:33:11,18.70,120.292627,23.106585,,,,,,,,,N/A,SAT=7,-80.76,19.52,2135.49,-58502.50,-1820.00,-8660T=N/A,,"Package=2380,UTC=11:33:11,Lat=23.106585,Lng=120.292627,Alt=18.70,Ax=-80.76,Ay=19.52,Az=2135.49,Gx=-58502.50,Gy=-1820.00,Gz=-8660T=N/A,H=N/A,SAT=7"
,2025-09-21T04:22:20Z,COM6,,UTC=11:33:11,18.70,120.292627,23.106585,,,,,,,,,N/A,SAT=7,-104.68,-6.83,1048.96,-2835.00,-67462.50,2323T=N/A,,"Package=2381,UTC=11:33:11,Lat=23.106585,Lng=120.292627,Alt=18.70,Ax=-104.68,Ay=-6.83,Az=1048.96,Gx=-2835.00,Gy=-67462.50,Gz=2323T=N/A,H=N/A,SAT=7"
,2025-09-21T04:22:22Z,COM6,,UTC=11:33:11,18.70,120.292627,23.106585,,,,,,,,,N/A,SAT=7,-25.25,15.25,915.98,-36102.50,48685.00,110897T=N/A,,"Package=2382,UTC=11:33:11,Lat=23.106585,Lng=120.292627,Alt=18.70,Ax=-25.25,Ay=15.25,Az=915.98,Gx=-36102.50,Gy=48685.00,Gz=110897T=N/A,H=N/A,SAT=7"
,2025-09-21T04:22:24Z,COM6,,UTC=11:33:11,18.70,120.292627,23.106585,,,,,,,,,N/A,SAT=7,-62.83,32.94,1073.36,-102025.00,-39427.50,132T=N/A,,"Package=2383,UTC=11:33:11,Lat=23.106585,Lng=120.292627,Alt=18.70,Ax=-62.83,Ay=32.94,Az=1073.36,Gx=-102025.00,Gy=-39427.50,Gz=132T=N/A,H=N/A,SAT=7"
,2025-09-21T04:22:25Z,COM6,,UTC=11:33:11,18.70,120.292627,23.106585,,,,,,,,,N/A,SAT=7,-100.04,10.00,1324.68,-54827.50,-46095.00,180T=N/A,,"Package=2384,UTC=11:33:11,Lat=23.106585,Lng=120.292627,Alt=18.70,Ax=-100.04,Ay=10.00,Az=1324.68,Gx=-54827.50,Gy=-46095.00,Gz=180T=N/A,H=N/A,SAT=7"
,2025-09-21T04:22:27Z,COM6,,UTC=11:33:11,18.70,120.292627,23.106585,,,,,,,,,N/A,SAT=7,-20.62,-8.17,1247.21,-5390.00,59465.00,158077T=N/A,,"Package=2385,UTC=11:33:11,Lat=23.106585,Lng=120.292627,Alt=18.70,Ax=-20.62,Ay=-8.17,Az=1247.21,Gx=-5390.00,Gy=59465.00,Gz=158077T=N/A,H=N/A,SAT=7"
,2025-09-21T04:22:29Z,COM6,,UTC=11:33:11,18.70,120.292627,23.106585,,,,,,,,,N/A,SAT=7,-36.97,-33.67,737.73,-1207.50,-47652.50,-1244T=N/A,,"Package=2386,UTC=11:33:11,Lat=23.106585,Lng=120.292627,Alt=18.70,Ax=-36.97,Ay=-33.67,Az=737.73,Gx=-1207.50,Gy=-47652.50,Gz=-1244T=N/A,H=N/A,SAT=7"
,2025-09-21T04:22:30Z,COM6,,UTC=11:33:11,18.70,120.292627,23.106585,,,,,,,,,N/A,SAT=7,-40.02,-76.86,994.30,73255.00,-10622.50,-6322T=N/A,,"Package=2387,UTC=11:33:11,Lat=23.106585,Lng=120.292627,Alt=18.70,Ax=-40.02,Ay=-76.86,Az=994.30,Gx=73255.00,Gy=-10622.50,Gz=-6322T=N/A,H=N/A,SAT=7"
,2025-09-21T04:22:32Z,COM6,,UTC=11:33:11,18.70,120.292627,23.106585,,,,,,,,,N/A,SAT=7,-59.29,-77.96,1999.09,47495.00,16502.50,-1871T=N/A,,"Package=2388,UTC=11:33:11,Lat=23.106585,Lng=120.292627,Alt=18.70,Ax=-59.29,Ay=-77.96,Az=1999.09,Gx=47495.00,Gy=16502.50,Gz=-1871T=N/A,H=N/A,SAT=7"
,2025-09-21T04:22:34Z,COM6,,UTC=11:33:11,18.70,120.292627,23.106585,,,,,,,,,N/A,SAT=7,-55.02,8.30,1120.69,-84420.00,7157.50,-189927T=N/A,,"Package=2389,UTC=11:33:11,Lat=23.106585,Lng=120.292627,Alt=18.70,Ax=-55.02,Ay=8.30,Az=1120.69,Gx=-84420.00,Gy=7157.50,Gz=-189927T=N/A,H=N/A,SAT=7"
,2025-09-21T04:22:35Z,COM6,,UTC=11:33:11,18.70,120.292627,23.106585,,,,,,,,,N/A,SAT=7,-48.92,1.95,677.10,1330.00,-20720.00,-216562.T=N/A,,"Package=2390,UTC=11:33:11,Lat=23.106585,Lng=120.292627,Alt=18.70,Ax=-48.92,Ay=1.95,Az=677.10,Gx=1330.00,Gy=-20720.00,Gz=-216562.T=N/A,H=N/A,SAT=7"
,2025-09-21T04:22:37Z,COM6,,UTC=11:33:11,18.70,120.2526>7,23.106585,,,,,,,,,N/A,SAT=7,-52.09,37.94,1246.96,-64837.50,8855.00,-15734T=N/A,,"Package=2391,UTC=11:33:11,Lat=23.106585,Lng=120.2526>7,Alt=18.70,Ax=-52.09,Ay=37.94,Az=1246.96,Gx=-64837.50,Gy=8855.00,Gz=-15734T=N/A,H=N/A,SAT=7"
,2025-09-21T04:22:39Z,COM6,,UTC=11:33:11,18.70,120.292627,23.106585,,,,,,,,,N/A,SAT=7,-48.07,-8.05,1493.77,-27842.50,-10167.50,1601T=N/A,,"Package=2392,UTC=11:33:11,Lat=23.106585,Lng=120.292627,Alt=18.70,Ax=-48.07,Ay=-8.05,Az=1493.77,Gx=-27842.50,Gy=-10167.50,Gz=1601T=N/A,H=N/A,SAT=7"
,2025-09-21T04:22:40Z,COM6,,UTC=11:33:11,18.70,120.292627,23.106585,,,,,,,,,N/A,SAT=7,-117.61,-13.30,715.90,-33862.50,-197680.00,14T=N/A,,"Package=2393,UTC=11:33:11,Lat=23.106585,Lng=120.292627,Alt=18.70,Ax=-117.61,Ay=-13.30,Az=715.90,Gx=-33862.50,Gy=-197680.00,Gz=14T=N/A,H=N/A,SAT=7"
,2025-09-21T04:22:42Z,COM6,,UTC=11:33:11,18.70,120.292627,23.106585,,,,,,,,,N/A,SAT=7,-41.24,-57.10,1331.26,-50662.50,54617.50,-642T=N/A,,"Package=2394,UTC=11:33:11,Lat=23.106585,Lng=120.292627,Alt=18.70,Ax=-41.24,Ay=-57.10,Az=1331.26,Gx=-50662.50,Gy=54617.50,Gz=-642T=N/A,H=N/A,SAT=7"
,2025-09-21T04:22:44Z,COM6,,UTC=11:33:11,18.70,120.292627,23.106585,,,,,,,,,N/A,SAT=7,-119.32,-9.15,1974.20,44047.50,-42332.50,-273T=N/A,,"Package=2395,UTC=11:33:11,Lat=23.106585,Lng=120.292627,Alt=18.70,Ax=-119.32,Ay=-9.15,Az=1974.20,Gx=44047.50,Gy=-42332.50,Gz=-273T=N/A,H=N/A,SAT=7"
,2025-09-21T04:22:45Z,COM6,,UTC=11:33:11,18.70,120.292627,23.106585,,,,,,,,,N/A,SAT=7,-116.27,-34.65,1295.27,28630.00,-141575.00,-1T=N/A,,"Package=2396,UTC=11:33:11,Lat=23.106585,Lng=120.292627,Alt=18.70,Ax=-116.27,Ay=-34.65,Az=1295.27,Gx=28630.00,Gy=-141575.00,Gz=-1T=N/A,H=N/A,SAT=7"
,2025-09-21T04:22:47Z,COM6,,UTC=11:33:11,18.70,120.292627,23.106585,,,,,,,,,N/A,SAT=7,-27.33,36.11,857.29,-73342.50,68897.50,131600T=N/A,,"Package=2397,UTC=11:33:11,Lat=23.106585,Lng=120.292627,Alt=18.70,Ax=-27.33,Ay=36.11,Az=857.29,Gx=-73342.50,Gy=68897.50,Gz=131600T=N/A,H=N/A,SAT=7"
,2025-09-21T04:22:49Z,COM6,,UTC=11:33:11,18.70,120.292627,23.106585,,,,,,,,,N/A,SAT=7,-41.24,-35.87,830.70,6860.00,-2800.00,9975.00T=N/A,,"Package=2398,UTC=11:33:11,Lat=23.106585,Lng=120.292627,Alt=18.70,Ax=-41.24,Ay=-35.87,Az=830.70,Gx=6860.00,Gy=-2800.00,Gz=9975.00T=N/A,H=N/A,SAT=7"
,2025-09-21T04:22:50Z,COM6,,UTC=11:33:11,18.70,120.292627,23.106585,,,,,,,,N/A,N/A,SAT=7,2.68,-40.02,1267.34,9957.50,80727.50,4620.00,,"Package=2399,UTC=11:33:11,Lat=23.106585,Lng=120.292627,Alt=18.70,Ax=2.68,Ay=-40.02,Az=1267.34,Gx=9957.50,Gy=80727.50,Gz=4620.00,T=N/A,H=N/A,SAT=7"
,2025-09-21T04:22:52Z,COM6,,UTC=11:33:11,18.70,120.292627,23.106585,,,,,,,,,N/A,SAT=7,-25.13,-51.48,1141.31,129850.00,83790.00,-901T=N/A,,"Package=2400,UTC=11:33:11,Lat=23.106585,Lng=120.292627,Alt=18.70,Ax=-25.13,Ay=-51.48,Az=1141.31,Gx=129850.00,Gy=83790.00,Gz=-901T=N/A,H=N/A,SAT=7"
,2025-09-21T04:22:54Z,COM6,,UTC=11:33:11,18.70,120.292627,23.106585,,,,,,,,,N/A,SAT=7,-52.34,-12.93,630.74,-32830.00,-57067.50,-127T=N/A,,"Package=2401,UTC=11:33:11,Lat=23.106585,Lng=120.292627,Alt=18.70,Ax=-52.34,Ay=-12.93,Az=630.74,Gx=-32830.00,Gy=-57067.50,Gz=-127T=N/A,H=N/A,SAT=7"
,2025-09-21T04:22:55Z,COM6,,UTC=11:33:11,18.70,120.292627,23.106585,,,,,,,,,N/A,SAT=7,-57.10,24.16,1180.35,-40932.50,-53392.50,-396T=N/A,,"Package=2402,UTC=11:33:11,Lat=23.106585,Lng=120.292627,Alt=18.70,Ax=-57.10,Ay=24.16,Az=1180.35,Gx=-40932.50,Gy=-53392.50,Gz=-396T=N/A,H=N/A,SAT=7"
,2025-09-21T04:22:57Z,COM6,,UTC=11:33:11,18.70,120.292627,23.106585,,,,,,,,,N/A,SAT=7,-48.19,-47.58,1469.73,49770.00,-43557.50,1783T=N/A,,"Package=2403,UTC=11:33:11,Lat=23.106585,Lng=120.292627,Alt=18.70,Ax=-48.19,Ay=-47.58,Az=1469.73,Gx=49770.00,Gy=-43557.50,Gz=1783T=N/A,H=N/A,SAT=7"
,2025-09-21T04:22:59Z,COM6,,UTC=11:33:11,18.70,120.292627,23.106585,,,,,,,,,N/A,SAT=7,-11.96,1.34,793.73,-16415.00,22207.50,-71715.T=N/A,,"Package=2404,UTC=11:33:11,Lat=23.106585,Lng=120.292627,Alt=18.70,Ax=-11.96,Ay=1.34,Az=793.73,Gx=-16415.00,Gy=22207.50,Gz=-71715.T=N/A,H=N/A,SAT=7"
,2025-09-21T04:23:00Z,COM6,,UTC=11:33:11,18.70,120.292627,23.106585,,,,,,,,,N/A,SAT=7,-64.29,-59.05,1301.86,67095.00,-50277.50,-390T=N/A,,"Package=2405,UTC=11:33:11,Lat=23.106585,Lng=120.292627,Alt=18.70,Ax=-64.29,Ay=-59.05,Az=1301.86,Gx=67095.00,Gy=-50277.50,Gz=-390T=N/A,H=N/A,SAT=7"
,2025-09-21T04:23:02Z,COM6,,UTC=11:33:11,18.70,120.292627,23.106585,,,,,,,,,N/A,SAT=7,-23.42,-13.91,808.62,26285.00,-14017.50,13601T=N/A,,"Package=2406,UTC=11:33:11,Lat=23.106585,Lng=120.292627,Alt=18.70,Ax=-23.42,Ay=-13.91,Az=808.62,Gx=26285.00,Gy=-14017.50,Gz=13601T=N/A,H=N/A,SAT=7"
,2025-09-21T04:23:04Z,COM6,,UTC=11:33:11,18.70,120.292627,23.106585,,,,,,,,,N/A,SAT=7,-53.31,34.40,1339.80,-60655.00,8505.00,190190T=N/A,,"Package=2407,UTC=11:33:11,Lat=23.106585,Lng=120.292627,Alt=18.70,Ax=-53.31,Ay=34.40,Az=1339.80,Gx=-60655.00,Gy=8505.00,Gz=190190T=N/A,H=N/A,SAT=7"
,2025-09-21T04:23:05Z,COM6,,UTC=11:33:11,18.70,120.292627,23.106585,,,,,,,,,N/A,SAT=7,-72.10,-40.99,1233.18,-10517.50,-31605.00,140T=N/A,,"Package=2408,UTC=11:33:11,Lat=23.106585,Lng=120.292627,Alt=18.70,Ax=-72.10,Ay=-40.99,Az=1233.18,Gx=-10517.50,Gy=-31605.00,Gz=140T=N/A,H=N/A,SAT=7"
,2025-09-21T04:23:07Z,COM6,,UTC=11:33:11,18.70,120.292627,23.106585,,,,,,,,,N/A,SAT=7,-62.34,-8.78,827.77,-33180.00,-10167.50,20049T=N/A,,"Package=2409,UTC=11:33:11,Lat=23.106585,Lng=120.292627,Alt=18.70,Ax=-62.34,Ay=-8.78,Az=827.77,Gx=-33180.00,Gy=-10167.50,Gz=20049T=N/A,H=N/A,SAT=7"
,2025-09-21T04:23:09Z,COM6,,UTC=11:33:11,18.70,120.292627,23.106585,,,,,,,,,N/A,SAT=7,-38.92,0.37,1035.54,14157.50,45867.50,189245.T=N/A,,"Package=2410,UTC=11:33:11,Lat=23.106585,Lng=120.292627,Alt=18.70,Ax=-38.92,Ay=0.37,Az=1035.54,Gx=14157.50,Gy=45867.50,Gz=189245.T=N/A,H=N/A,SAT=7"
,2025-09-21T04:23:10Z,COM6,,UTC=11:33:11,18.70,120.292627,23.106585,,,,,,,,,N/A,SAT=7,-46.97,-9.52,1089.95,-52955.00,-15207.50,1135T=N/A,,"Package=2411,UTC=11:33:11,Lat=23.106585,Lng=120.292627,Alt=18.70,Ax=-46.97,Ay=-9.52,Az=1089.95,Gx=-52955.00,Gy=-15207.50,Gz=1135T=N/A,H=N/A,SAT=7"
,2025-09-21T04:23:12Z,COM6,,UTC=11:33:11,18.70,120.292627,23.106585,,,,,,,,,N/A,SAT=7,-77.47,-6.83,1076.28,40302.50,-42577.50,17160T=N/A,,"Package=2412,UTC=11:33:11,Lat=23.106585,Lng=120.292627,Alt=18.70,Ax=-77.47,Ay=-6.83,Az=1076.28,Gx=40302.50,Gy=-42577.50,Gz=17160T=N/A,H=N/A,SAT=7"
,2025-09-21T04:23:14Z,COM6,,UTC=11:33:11,18.70,120.292627,23.106585,,,,,,,,,N/A,SAT=7,-24.89,-24.16,993.20,-46707.50,9152.50,69177.T=N/A,,"Package=2413,UTC=11:33:11,Lat=23.106585,Lng=120.292627,Alt=18.70,Ax=-24.89,Ay=-24.16,Az=993.20,Gx=-46707.50,Gy=9152.50,Gz=69177.T=N/A,H=N/A,SAT=7"
,2025-09-21T04:23:15Z,COM6,,UTC=11:33:11,18.70,120.292627,23.106585,,,,,,,,,N/A,SAT=7,-50.02,-40.50,997.59,33705.00,-25760.00,-1281T=N/A,,"Package=2414,UTC=11:33:11,Lat=23.106585,Lng=120.292627,Alt=18.70,Ax=-50.02,Ay=-40.50,Az=997.59,Gx=33705.00,Gy=-25760.00,Gz=-1281T=N/A,H=N/A,SAT=7"
,2025-09-21T04:23:17Z,COM6,,UTC=11:33:11,18.70,120.292627,23.106585,,,,,,,,,N/A,SAT=7,-66.61,12.93,1049.44,-8435.00,-11357.50,-1563T=N/A,,"Package=2415,UTC=11:33:11,Lat=23.106585,Lng=120.292627,Alt=18.70,Ax=-66.61,Ay=12.93,Az=1049.44,Gx=-8435.00,Gy=-11357.50,Gz=-1563T=N/A,H=N/A,SAT=7"
,2025-09-21T04:23:19Z,COM6,,UTC=11:33:11,18.70,120.292627,23.106585,,,,,,,,,N/A,SAT=7,-48.31,4.39,1349.44,-74025.00,-3605.00,3325.0T=N/A,,"Package=2416,UTC=11:33:11,Lat=23.106585,Lng=120.292627,Alt=18.70,Ax=-48.31,Ay=4.39,Az=1349.44,Gx=-74025.00,Gy=-3605.00,Gz=3325.0T=N/A,H=N/A,SAT=7"
,2025-09-21T04:23:20Z,COM6,,UTC=11:33:11,18.70,120.292627,23.106585,,,,,,,,,N/A,SAT=7,-59.05,-65.27,1111.91,28175.00,-35647.50,8067T=N/A,,"Package=2417,UTC=11:33:11,Lat=23.106585,Lng=120.292627,Alt=18.70,Ax=-59.05,Ay=-65.27,Az=1111.91,Gx=28175.00,Gy=-35647.50,Gz=8067T=N/A,H=N/A,SAT=7"
,2025-09-21T04:23:22Z,COM6,,UTC=11:33:11,18.70,120.292627,23.106585,,,,,,,,,N/A,SAT=7,-27.82,-57.34,833.26,69912.50,20090.00,68320.T=N/A,,"Package=2418,UTC=11:33:11,Lat=23.106585,Lng=120.292627,Alt=18.70,Ax=-27.82,Ay=-57.34,Az=833.26,Gx=69912.50,Gy=20090.00,Gz=68320.T=N/A,H=N/A,SAT=7"
,2025-09-21T04:23:24Z,COM6,,UTC=11:33:11,18.70,120.292627,23.106585,,,,,,,,,N/A,SAT=7,-6.34,-36.72,855.22,-22942.50,38517.50,-91962T=N/A,,"Package=2419,UTC=11:33:11,Lat=23.106585,Lng=120.292627,Alt=18.70,Ax=-6.34,Ay=-36.72,Az=855.22,Gx=-22942.50,Gy=38517.50,Gz=-91962T=N/A,H=N/A,SAT=7"
,2025-09-21T04:23:26Z,COM6,,UTC=11:33:11,18.70,120.292627,23.106585,,,,,,,,,N/A,SAT=7,-91.74,29.16,1555.99,-51922.50,7367.50,-17521T=N/A,,"Package=2420,UTC=11:33:11,Lat=23.106585,Lng=120.292627,Alt=18.70,Ax=-91.74,Ay=29.16,Az=1555.99,Gx=-51922.50,Gy=7367.50,Gz=-17521T=N/A,H=N/A,SAT=7"
,2025-09-21T04:23:27Z,COM6,,UTC=11:33:11,18.70,120.292627,23.106585,,,,,,,,,N/A,SAT=7,-37.82,-30.62,1236.23,-31780.00,46480.00,-108T=N/A,,"Package=2421,UTC=11:33:11,Lat=23.106585,Lng=120.292627,Alt=18.70,Ax=-37.82,Ay=-30.62,Az=1236.23,Gx=-31780.00,Gy=46480.00,Gz=-108T=N/A,H=N/A,SAT=7"
,2025-09-21T04:23:29Z,COM6,,UTC=11:33:11,18.70,120.292627,23.106585,,,,,,,,,N/A,SAT=7,-39.28,-39.77,732.73,43137.50,-26705.00,13982T=N/A,,"Package=2422,UTC=11:33:11,Lat=23.106585,Lng=120.292627,Alt=18.70,Ax=-39.28,Ay=-39.77,Az=732.73,Gx=43137.50,Gy=-26705.00,Gz=13982T=N/A,H=N/A,SAT=7"
,2025-09-21T04:23:31Z,COM6,,UTC=11:33:11,18.70,120.292627,23.106585,,,,,,,,,N/A,SAT=7,-69.30,-32.45,975.76,39497.50,-64697.50,12454T=N/A,,"Package=2423,UTC=11:33:11,Lat=23.106585,Lng=120.292627,Alt=18.70,Ax=-69.30,Ay=-32.45,Az=975.76,Gx=39497.50,Gy=-64697.50,Gz=12454T=N/A,H=N/A,SAT=7"
,2025-09-21T04:23:32Z,COM6,,UTC=11:33:11,18.70,120.292627,23.106585,,,,,,,,,N/A,SAT=7,-76.37,-3.78,1535.86,-74392.50,25847.50,14245T=N/A,,"Package=2424,UTC=11:33:11,Lat=23.106585,Lng=120.292627,Alt=18.70,Ax=-76.37,Ay=-3.78,Az=1535.86,Gx=-74392.50,Gy=25847.50,Gz=14245T=N/A,H=N/A,SAT=7"
,2025-09-21T04:23:34Z,COM6,,UTC=11:33:11,18.70,120.292627,23.106585,,,,,,,,,N/A,SAT=7,-27.08,-20.13,1137.41,-71032.50,61687.50,6744T=N/A,,"Package=2425,UTC=11:33:11,Lat=23.106585,Lng=120.292627,Alt=18.70,Ax=-27.08,Ay=-20.13,Az=1137.41,Gx=-71032.50,Gy=61687.50,Gz=6744T=N/A,H=N/A,SAT=7"
,2025-09-21T04:23:36Z,COM6,,UTC=11:33:11,18.70,120.292627,23.106585,,,,,,,,,N/A,SAT=7,-16.59,-29.52,804.71,8137.50,-7385.00,-89565.T=N/A,,"Package=2426,UTC=11:33:11,Lat=23.106585,Lng=120.292627,Alt=18.70,Ax=-16.59,Ay=-29.52,Az=804.71,Gx=8137.50,Gy=-7385.00,Gz=-89565.T=N/A,H=N/A,SAT=7"
,2025-09-21T04:23:37Z,COM6,,UTC=11:33:11,18.70,120.292627,23.106585,,,,,,,,,N/A,SAT=7,-90.52,-1.83,1099.22,-29627.50,-52342.50,1506T=N/A,,"Package=2427,UTC=11:33:11,Lat=23.106585,Lng=120.292627,Alt=18.70,Ax=-90.52,Ay=-1.83,Az=1099.22,Gx=-29627.50,Gy=-52342.50,Gz=1506T=N/A,H=N/A,SAT=7"
,2025-09-21T04:23:39Z,COM6,,UTC=11:33:11,18.70,120.292627,23.106585,,,,,,,,,N/A,SAT=7,-62.22,-13.42,1385.68,21437.50,97370.00,20977T=N/A,,"Package=2428,UTC=11:33:11,Lat=23.106585,Lng=120.292627,Alt=18.70,Ax=-62.22,Ay=-13.42,Az=1385.68,Gx=21437.50,Gy=97370.00,Gz=20977T=N/A,H=N/A,SAT=7"
,2025-09-21T04:23:41Z,COM6,,UTC=11:33:11,18.70,120.292627,23.106585,,,,,,,,,N/A,SAT=7,-24.89,-28.43,855.22,-33547.50,-2590.00,-1115T=N/A,,"Package=2429,UTC=11:33:11,Lat=23.106585,Lng=120.292627,Alt=18.70,Ax=-24.89,Ay=-28.43,Az=855.22,Gx=-33547.50,Gy=-2590.00,Gz=-1115T=N/A,H=N/A,SAT=7"
,2025-09-21T04:23:42Z,COM6,,UTC=11:33:11,18.70,120.292627,23.106585,,,,,,,,,N/A,SAT=7,-125.42,-31.48,1398.49,84577.50,-120750.00,19T=N/A,,"Package=2430,UTC=11:33:11,Lat=23.106585,Lng=120.292627,Alt=18.70,Ax=-125.42,Ay=-31.48,Az=1398.49,Gx=84577.50,Gy=-120750.00,Gz=19T=N/A,H=N/A,SAT=7"
,2025-09-21T04:23:44Z,COM6,,UTC=11:33:11,18.70,120.292627,23.106585,,,,,,,,,N/A,SAT=7,-69.91,-15.37,1091.90,-2957.50,34702.50,20413T=N/A,,"Package=2431,UTC=11:33:11,Lat=23.106585,Lng=120.292627,Alt=18.70,Ax=-69.91,Ay=-15.37,Az=1091.90,Gx=-2957.50,Gy=34702.50,Gz=20413T=N/A,H=N/A,SAT=7"
,2025-09-21T04:23:46Z,COM6,,UTC=11:33:11,18.70,120.292627,23.106585,,,,,,,,,N/A,SAT=7,-86.13,79.30,1140.33,-104072.50,-65432.50,222T=N/A,,"Package=2432,UTC=11:33:11,Lat=23.106585,Lng=120.292627,Alt=18.70,Ax=-86.13,Ay=79.30,Az=1140.33,Gx=-104072.50,Gy=-65432.50,Gz=222T=N/A,H=N/A,SAT=7"
,2025-09-21T04:23:47Z,COM6,,UTC=11:33:11,18.70,120.292627,23.106585,,,,,,,,,N/A,SAT=7,-50.02,-17.32,951.60,-22715.00,-11410.00,1188T=N/A,,"Package=2433,UTC=11:33:11,Lat=23.106585,Lng=120.292627,Alt=18.70,Ax=-50.02,Ay=-17.32,Az=951.60,Gx=-22715.00,Gy=-11410.00,Gz=1188T=N/A,H=N/A,SAT=7"
,2025-09-21T04:23:49Z,COM6,,UTC=11:33:11,18.70,120.292627,23.106585,,,,,,,,,N/A,SAT=7,-36.36,7.56,1224.39,-72240.00,-28210.00,-6207T=N/A,,"Package=2434,UTC=11:33:11,Lat=23.106585,Lng=120.292627,Alt=18.70,Ax=-36.36,Ay=7.56,Az=1224.39,Gx=-72240.00,Gy=-28210.00,Gz=-6207T=N/A,H=N/A,SAT=7"
,2025-09-21T04:23:51Z,COM6,,UTC=11:33:11,18.70,120.292627,23.106585,,,,,,,,,N/A,SAT=7,-45.51,-43.92,1315.89,2940.00,-9030.00,-11149T=N/A,,"Package=2435,UTC=11:33:11,Lat=23.106585,Lng=120.292627,Alt=18.70,Ax=-45.51,Ay=-43.92,Az=1315.89,Gx=2940.00,Gy=-9030.00,Gz=-11149T=N/A,H=N/A,SAT=7"
,2025-09-21T04:23:52Z,COM6,,UTC=11:33:11,18.70,120.292627,23.106585,,,,,,,,,N/A,SAT=7,-32.82,-39.53,862.17,20352.50,34020.00,-30835T=N/A,,"Package=2436,UTC=11:33:11,Lat=23.106585,Lng=120.292627,Alt=18.70,Ax=-32.82,Ay=-39.53,Az=862.17,Gx=20352.50,Gy=34020.00,Gz=-30835T=N/A,H=N/A,SAT=7"
,2025-09-21T04:23:54Z,COM6,,UTC=11:33:11,18.70,120.292627,23.106585,,,,,,,,,N/A,SAT=7,-38.31,5.86,855.10,-16677.50,-44012.50,-64820T=N/A,,"Package=2437,UTC=11:33:11,Lat=23.106585,Lng=120.292627,Alt=18.70,Ax=-38.31,Ay=5.86,Az=855.10,Gx=-16677.50,Gy=-44012.50,Gz=-64820T=N/A,H=N/A,SAT=7"
,2025-09-21T04:23:56Z,COM6,,UTC=11:33:11,18.70,120.292627,23.106585,,,,,,,,,N/A,SAT=7,-29.04,-30.26,892.55,-15242.50,15085.00,-4900T=N/A,,"Package=2438,UTC=11:33:11,Lat=23.106585,Lng=120.292627,Alt=18.70,Ax=-29.04,Ay=-30.26,Az=892.55,Gx=-15242.50,Gy=15085.00,Gz=-4900T=N/A,H=N/A,SAT=7"
,2025-09-21T04:23:57Z,COM6,,UTC=11:33:11,18.70,120.292627,23.106585,,,,,,,,,N/A,SAT=7,-47.95,12.57,1350.78,-64907.50,-31342.50,7257T=N/A,,"Package=2439,UTC=11:33:11,Lat=23.106585,Lng=120.292627,Alt=18.70,Ax=-47.95,Ay=12.57,Az=1350.78,Gx=-64907.50,Gy=-31342.50,Gz=7257T=N/A,H=N/A,SAT=7"
,2025-09-21T04:23:59Z,COM6,,UTC=11:33:11,18.70,120.292627,23.106585,,,,,,,,,N/A,SAT=7,-29.40,-25.62,771.04,3710.00,-19897.50,95900.T=N/A,,"Package=2440,UTC=11:33:11,Lat=23.106585,Lng=120.292627,Alt=18.70,Ax=-29.40,Ay=-25.62,Az=771.04,Gx=3710.00,Gy=-19897.50,Gz=95900.T=N/A,H=N/A,SAT=7"
,2025-09-21T04:24:01Z,COM6,,UTC=11:33:11,18.70,120.292627,23.106585,,,,,,,,,N/A,SAT=7,-14.64,-33.55,993.32,-36662.50,31850.00,-1575T=N/A,,"Package=2441,UTC=11:33:11,Lat=23.106585,Lng=120.292627,Alt=18.70,Ax=-14.64,Ay=-33.55,Az=993.32,Gx=-36662.50,Gy=31850.00,Gz=-1575T=N/A,H=N/A,SAT=7"
,2025-09-21T04:24:02Z,COM6,,UTC=11:33:11,18.70,120.292627,23.106585,,,,,,,,,N/A,SAT=7,-31.35,-32.57,1210.85,-1557.50,39165.00,-1343T=N/A,,"Package=2442,UTC=11:33:11,Lat=23.106585,Lng=120.292627,Alt=18.70,Ax=-31.35,Ay=-32.57,Az=1210.85,Gx=-1557.50,Gy=39165.00,Gz=-1343T=N/A,H=N/A,SAT=7"
,2025-09-21T04:24:04Z,COM6,,UTC=11:33:11,18.70,120.292627,23.106585,,,,,,,,,N/A,SAT=7,-38.55,-53.68,1072.38,47372.50,8680.00,-12015T=N/A,,"Package=2443,UTC=11:33:11,Lat=23.106585,Lng=120.292627,Alt=18.70,Ax=-38.55,Ay=-53.68,Az=1072.38,Gx=47372.50,Gy=8680.00,Gz=-12015T=N/A,H=N/A,SAT=7"
,2025-09-21T04:24:06Z,COM6,,UTC=11:33:11,18.70,120.292627,23.106585,,,,,,,,,N/A,SAT=7,-22.57,-29.04,850.71,-2905.00,36977.50,-13903T=N/A,,"Package=2444,UTC=11:33:11,Lat=23.106585,Lng=120.292627,Alt=18.70,Ax=-22.57,Ay=-29.04,Az=850.71,Gx=-2905.00,Gy=36977.50,Gz=-13903T=N/A,H=N/A,SAT=7"
,2025-09-21T04:24:07Z,COM6,,UTC=11:33:11,18.70,120.292627,23.106585,,,,,,,,,N/A,SAT=7,-30.38,-47.34,894.99,36032.50,-4252.50,-33390T=N/A,,"Package=2445,UTC=11:33:11,Lat=23.106585,Lng=120.292627,Alt=18.70,Ax=-30.38,Ay=-47.34,Az=894.99,Gx=36032.50,Gy=-4252.50,Gz=-33390T=N/A,H=N/A,SAT=7"
,2025-09-21T04:24:09Z,COM6,,UTC=11:33:11,18.70,120.292627,23.106585,,,,,,,,,N/A,SAT=7,-67.47,11.96,1603.08,-59500.00,-35542.50,4539T=N/A,,"Package=2446,UTC=11:33:11,Lat=23.106585,Lng=120.292627,Alt=18.70,Ax=-67.47,Ay=11.96,Az=1603.08,Gx=-59500.00,Gy=-35542.50,Gz=4539T=N/A,H=N/A,SAT=7"
,2025-09-21T04:24:11Z,COM6,,UTC=11:33:11,18.70,120.292627,23.106585,,,,,,,,,N/A,SAT=7,-43.68,16.47,1086.29,-82057.50,10412.50,15482T=N/A,,"Package=2447,UTC=11:33:11,Lat=23.106585,Lng=120.292627,Alt=18.70,Ax=-43.68,Ay=16.47,Az=1086.29,Gx=-82057.50,Gy=10412.50,Gz=15482T=N/A,H=N/A,SAT=7"
,2025-09-21T04:24:12Z,COM6,,UTC=11:33:11,18.70,120.292627,23.106585,,,,,,,,,N/A,SAT=7,-16.84,-55.51,767.50,24185.00,20650.00,-49997T=N/A,,"Package=2448,UTC=11:33:11,Lat=23.106585,Lng=120.292627,Alt=18.70,Ax=-16.84,Ay=-55.51,Az=767.50,Gx=24185.00,Gy=20650.00,Gz=-49997T=N/A,H=N/A,SAT=7"
,2025-09-21T04:24:14Z,COM6,,UTC=11:33:11,18.70,120.292627,23.106585,,,,,,,,,N/A,SAT=7,-95.40,-21.96,1382.99,7245.00,-91875.00,91962T=N/A,,"Package=2449,UTC=11:33:11,Lat=23.106585,Lng=120.292627,Alt=18.70,Ax=-95.40,Ay=-21.96,Az=1382.99,Gx=7245.00,Gy=-91875.00,Gz=91962T=N/A,H=N/A,SAT=7"
,2025-09-21T04:24:16Z,COM6,,UTC=11:33:11,18.70,120.292627,23.106585,,,,,,,,,N/A,SAT=7,-80.89,11.83,1123.01,-1680.00,5267.50,247800.T=N/A,,"Package=2450,UTC=11:33:11,Lat=23.106585,Lng=120.292627,Alt=18.70,Ax=-80.89,Ay=11.83,Az=1123.01,Gx=-1680.00,Gy=5267.50,Gz=247800.T=N/A,H=N/A,SAT=7"
,2025-09-21T04:24:17Z,COM6,,UTC=11:33:11,18.70,120.292627,23.106585,,,,,,,,,N/A,SAT=7,103.33,-5.61,636.60,-30222.50,232312.50,44415T=N/A,,"Package=2451,UTC=11:33:11,Lat=23.106585,Lng=120.292627,Alt=18.70,Ax=103.33,Ay=-5.61,Az=636.60,Gx=-30222.50,Gy=232312.50,Gz=44415T=N/A,H=N/A,SAT=7"
,2025-09-21T04:24:19Z,COM6,,UTC=11:33:11,18.70,120.292627,23.106585,,,,,,,,,N/A,SAT=7,25.38,48.31,1145.09,-136255.00,102742.50,-185T=N/A,,"Package=2452,UTC=11:33:11,Lat=23.106585,Lng=120.292627,Alt=18.70,Ax=25.38,Ay=48.31,Az=1145.09,Gx=-136255.00,Gy=102742.50,Gz=-185T=N/A,H=N/A,SAT=7"
,2025-09-21T04:24:21Z,COM6,,UTC=11:33:11,18.70,120.292627,23.106585,,,,,,,,,N/A,SAT=7,-130.30,-47.82,1255.38,104072.50,-110355.00,-T=N/A,,"Package=2453,UTC=11:33:11,Lat=23.106585,Lng=120.292627,Alt=18.70,Ax=-130.30,Ay=-47.82,Az=1255.38,Gx=104072.50,Gy=-110355.00,Gz=-T=N/A,H=N/A,SAT=7"
,2025-09-21T04:24:22Z,COM6,,UTC=11:33:11,18.70,120.292627,23.106585,,,,,,,,,N/A,SAT=7,-65.51,-4.51,686.37,-8732.50,-67287.50,24815.T=N/A,,"Package=2454,UTC=11:33:11,Lat=23.106585,Lng=120.292627,Alt=18.70,Ax=-65.51,Ay=-4.51,Az=686.37,Gx=-8732.50,Gy=-67287.50,Gz=24815.T=N/A,H=N/A,SAT=7"
,2025-09-21T04:24:24Z,COM6,,UTC=11:33:11,18.70,120.292627,23.106585,,,,,,,,,N/A,SAT=7,-35.87,16.96,897.31,-46970.00,-14630.00,-3396T=N/A,,"Package=2455,UTC=11:33:11,Lat=23.106585,Lng=120.292627,Alt=18.70,Ax=-35.87,Ay=16.96,Az=897.31,Gx=-46970.00,Gy=-14630.00,Gz=-3396T=N/A,H=N/A,SAT=7"
,2025-09-21T04:24:26Z,COM6,,UTC=11:33:11,18.70,120.292627,23.106585,,,,,,,,,N/A,SAT=7,-17.08,-5.37,1359.93,16817.50,69265.00,79747.T=N/A,,"Package=2456,UTC=11:33:11,Lat=23.106585,Lng=120.292627,Alt=18.70,Ax=-17.08,Ay=-5.37,Az=1359.93,Gx=16817.50,Gy=69265.00,Gz=79747.T=N/A,H=N/A,SAT=7"
,2025-09-21T04:24:27Z,COM6,,UTC=11:33:11,18.70,120.292627,23.106585,,,,,,,,,N/A,SAT=7,-38.43,8.54,1127.04,-10675.00,26705.00,114992T=N/A,,"Package=2457,UTC=11:33:11,Lat=23.106585,Lng=120.292627,Alt=18.70,Ax=-38.43,Ay=8.54,Az=1127.04,Gx=-10675.00,Gy=26705.00,Gz=114992T=N/A,H=N/A,SAT=7"
,2025-09-21T04:24:29Z,COM6,,UTC=11:33:11,18.70,120.292627,23.106585,,,,,,,,,N/A,SAT=7,-42.46,-20.50,776.41,-43925.00,31430.00,-1732T=N/A,,"Package=2458,UTC=11:33:11,Lat=23.106585,Lng=120.292627,Alt=18.70,Ax=-42.46,Ay=-20.50,Az=776.41,Gx=-43925.00,Gy=31430.00,Gz=-1732T=N/A,H=N/A,SAT=7"
,2025-09-21T04:24:31Z,COM6,,UTC=11:33:11,18.70,120.292627,23.106585,,,,,,,,,N/A,SAT=7,-15.49,-12.93,787.75,3010.00,-10325.00,100240T=N/A,,"Package=2459,UTC=11:33:11,Lat=23.106585,Lng=120.292627,Alt=18.70,Ax=-15.49,Ay=-12.93,Az=787.75,Gx=3010.00,Gy=-10325.00,Gz=100240T=N/A,H=N/A,SAT=7"
,2025-09-21T04:24:32Z,COM6,,UTC=11:33:11,18.70,120.292627,23.106585,,,,,,,,,N/A,SAT=7,-35.38,-30.99,1140.70,-24167.50,-15032.50,453T=N/A,,"Package=2460,UTC=11:33:11,Lat=23.106585,Lng=120.292627,Alt=18.70,Ax=-35.38,Ay=-30.99,Az=1140.70,Gx=-24167.50,Gy=-15032.50,Gz=453T=N/A,H=N/A,SAT=7"
,2025-09-21T04:24:34Z,COM6,,UTC=11:33:11,18.70,120.292627,23.106585,,,,,,,,,N/A,SAT=7,-69.91,-45.14,1137.04,-1785.00,-111405.00,313T=N/A,,"Package=2461,UTC=11:33:11,Lat=23.106585,Lng=120.292627,Alt=18.70,Ax=-69.91,Ay=-45.14,Az=1137.04,Gx=-1785.00,Gy=-111405.00,Gz=313T=N/A,H=N/A,SAT=7"
,2025-09-21T04:24:36Z,COM6,,UTC=11:33:11,18.70,120.292627,23.106585,,,,,,,,,N/A,SAT=7,-46.97,-26.47,696.13,-26022.50,-30030.00,1308T=N/A,,"Package=2462,UTC=11:33:11,Lat=23.106585,Lng=120.292627,Alt=18.70,Ax=-46.97,Ay=-26.47,Az=696.13,Gx=-26022.50,Gy=-30030.00,Gz=1308T=N/A,H=N/A,SAT=7"
,2025-09-21T04:24:37Z,COM6,,UTC=11:33:11,18.70,120.292627,23.106585,,,,,,,,,N/A,SAT=7,-36.60,-41.97,1090.07,40512.50,-26845.00,6620T=N/A,,"Package=2463,UTC=11:33:11,Lat=23.106585,Lng=120.292627,Alt=18.70,Ax=-36.60,Ay=-41.97,Az=1090.07,Gx=40512.50,Gy=-26845.00,Gz=6620T=N/A,H=N/A,SAT=7"
,2025-09-21T04:24:39Z,COM6,,UTC=11:33:11,18.70,120.292627,23.106585,,,,,,,,,N/A,SAT=7,-32.57,-19.28,1293.44,-8977.50,-1452.50,7420.T=N/A,,"Package=2464,UTC=11:33:11,Lat=23.106585,Lng=120.292627,Alt=18.70,Ax=-32.57,Ay=-19.28,Az=1293.44,Gx=-8977.50,Gy=-1452.50,Gz=7420.T=N/A,H=N/A,SAT=7"
,2025-09-21T04:24:41Z,COM6,,UTC=11:33:11,18.70,120.292627,23.106585,,,,,,,,,N/A,SAT=7,-24.16,-20.25,1126.55,-11672.50,28857.50,-106T=N/A,,"Package=2465,UTC=11:33:11,Lat=23.106585,Lng=120.292627,Alt=18.70,Ax=-24.16,Ay=-20.25,Az=1126.55,Gx=-11672.50,Gy=28857.50,Gz=-106T=N/A,H=N/A,SAT=7"
,2025-09-21T04:24:43Z,COM6,,UTC=11:33:11,18.70,120.292627,23.106585,,,,,,,,,N/A,SAT=7,-23.79,-47.21,909.14,30432.50,7262.50,-111125T=N/A,,"Package=2466,UTC=11:33:11,Lat=23.106585,Lng=120.292627,Alt=18.70,Ax=-23.79,Ay=-47.21,Az=909.14,Gx=30432.50,Gy=7262.50,Gz=-111125T=N/A,H=N/A,SAT=7"
,2025-09-21T04:24:44Z,COM6,,UTC=11:33:11,18.70,120.292627,23.106585,,,,,,,,,N/A,SAT=7,-64.42,9.52,942.69,-43890.00,-38132.50,-11742T=N/A,,"Package=2467,UTC=11:33:11,Lat=23.106585,Lng=120.292627,Alt=18.70,Ax=-64.42,Ay=9.52,Az=942.69,Gx=-43890.00,Gy=-38132.50,Gz=-11742T=N/A,H=N/A,SAT=7"
,2025-09-21T04:24:46Z,COM6,,UTC=11:33:11,18.70,120.292627,23.106585,,,,,,,,,N/A,SAT=7,-63.93,-6.47,1260.75,-8365.00,-50155.00,-9653T=N/A,,"Package=2468,UTC=11:33:11,Lat=23.106585,Lng=120.292627,Alt=18.70,Ax=-63.93,Ay=-6.47,Az=1260.75,Gx=-8365.00,Gy=-50155.00,Gz=-9653T=N/A,H=N/A,SAT=7"
,2025-09-21T04:24:48Z,COM6,,UTC=11:33:11,18.70,120.292627,23.106585,,,,,,,,,N/A,SAT=7,-45.87,12.57,1034.44,-64085.00,-16957.50,7780T=N/A,,"Package=2469,UTC=11:33:11,Lat=23.106585,Lng=120.292627,Alt=18.70,Ax=-45.87,Ay=12.57,Az=1034.44,Gx=-64085.00,Gy=-16957.50,Gz=7780T=N/A,H=N/A,SAT=7"
,2025-09-21T04:24:49Z,COM6,,UTC=11:33:11,18.70,120.292627,23.106585,,,,,,,,,N/A,SAT=7,-16.35,-33.43,806.66,38605.00,4357.50,-75530.T=N/A,,"Package=2470,UTC=11:33:11,Lat=23.106585,Lng=120.292627,Alt=18.70,Ax=-16.35,Ay=-33.43,Az=806.66,Gx=38605.00,Gy=4357.50,Gz=-75530.T=N/A,H=N/A,SAT=7"
,2025-09-21T04:24:51Z,COM6,,UTC=11:33:11,18.70,120.292627,23.106585,,,,,,,,,N/A,SAT=7,-52.95,13.66,1187.06,-48317.50,105.00,128975.T=N/A,,"Package=2471,UTC=11:33:11,Lat=23.106585,Lng=120.292627,Alt=18.70,Ax=-52.95,Ay=13.66,Az=1187.06,Gx=-48317.50,Gy=105.00,Gz=128975.T=N/A,H=N/A,SAT=7"
,2025-09-21T04:24:53Z,COM6,,UTC=11:33:11,18.70,120.292627,23.106585,,,,,,,,,N/A,SAT=7,-65.64,-7.32,1225.73,-8960.00,-36242.50,93082T=N/A,,"Package=2472,UTC=11:33:11,Lat=23.106585,Lng=120.292627,Alt=18.70,Ax=-65.64,Ay=-7.32,Az=1225.73,Gx=-8960.00,Gy=-36242.50,Gz=93082T=N/A,H=N/A,SAT=7"
,2025-09-21T04:24:54Z,COM6,,UTC=11:33:11,18.70,120.292627,23.106585,,,,,,,,,N/A,SAT=7,-49.78,-61.37,1121.30,19145.00,-28507.50,7507T=N/A,,"Package=2473,UTC=11:33:11,Lat=23.106585,Lng=120.292627,Alt=18.70,Ax=-49.78,Ay=-61.37,Az=1121.30,Gx=19145.00,Gy=-28507.50,Gz=7507T=N/A,H=N/A,SAT=7"
,2025-09-21T04:24:56Z,COM6,,UTC=11:33:11,18.70,120.292627,23.106585,,,,,,,,,N/A,SAT=7,-45.14,-27.94,965.75,-5967.50,-27632.50,-1143T=N/A,,"Package=2474,UTC=11:33:11,Lat=23.106585,Lng=120.292627,Alt=18.70,Ax=-45.14,Ay=-27.94,Az=965.75,Gx=-5967.50,Gy=-27632.50,Gz=-1143T=N/A,H=N/A,SAT=7"
,2025-09-21T04:24:58Z,COM6,,UTC=11:33:11,18.70,120.292627,23.106585,,,,,,,,,N/A,SAT=7,-57.71,-23.30,976.98,26162.50,-40617.50,-1221T=N/A,,"Package=2475,UTC=11:33:11,Lat=23.106585,Lng=120.292627,Alt=18.70,Ax=-57.71,Ay=-23.30,Az=976.98,Gx=26162.50,Gy=-40617.50,Gz=-1221T=N/A,H=N/A,SAT=7"
,2025-09-21T04:24:59Z,COM6,,UTC=11:33:11,18.70,120.292627,23.106585,,,,,,,,,N/A,SAT=7,-76.98,-57.71,1371.52,29855.00,-44625.00,-136T=N/A,,"Package=2476,UTC=11:33:11,Lat=23.106585,Lng=120.292627,Alt=18.70,Ax=-76.98,Ay=-57.71,Az=1371.52,Gx=29855.00,Gy=-44625.00,Gz=-136T=N/A,H=N/A,SAT=7"
,2025-09-21T04:25:01Z,COM6,,UTC=11:33:11,18.70,120.292627,23.106585,,,,,,,,,N/A,SAT=7,-92.84,31.48,1112.15,-46252.50,-20527.50,-243T=N/A,,"Package=2477,UTC=11:33:11,Lat=23.106585,Lng=120.292627,Alt=18.70,Ax=-92.84,Ay=31.48,Az=1112.15,Gx=-46252.50,Gy=-20527.50,Gz=-243T=N/A,H=N/A,SAT=7"
,2025-09-21T04:25:03Z,COM6,,UTC=11:33:11,18.70,120.292627,23.106585,,,,,,,,,N/A,SAT=7,-108.82,58.07,771.41,16572.50,-23870.00,-2929T=N/A,,"Package=2478,UTC=11:33:11,Lat=23.106585,Lng=120.292627,Alt=18.70,Ax=-108.82,Ay=58.07,Az=771.41,Gx=16572.50,Gy=-23870.00,Gz=-2929T=N/A,H=N/A,SAT=7"
,2025-09-21T04:25:04Z,COM6,,UTC=11:33:11,18.70,120.292627,23.106585,,,,,,,,,N/A,SAT=7,-47.58,5.73,1007.96,50697.50,48807.50,-217315T=N/A,,"Package=2479,UTC=11:33:11,Lat=23.106585,Lng=120.292627,Alt=18.70,Ax=-47.58,Ay=5.73,Az=1007.96,Gx=50697.50,Gy=48807.50,Gz=-217315T=N/A,H=N/A,SAT=7"
,2025-09-21T04:25:06Z,COM6,,UTC=11:33:11,18.70,120.292627,23.106585,,,,,,,,,N/A,SAT=7,-90.04,-39.16,1909.54,45570.00,9047.50,-13772T=N/A,,"Package=2480,UTC=11:33:11,Lat=23.106585,Lng=120.292627,Alt=18.70,Ax=-90.04,Ay=-39.16,Az=1909.54,Gx=45570.00,Gy=9047.50,Gz=-13772T=N/A,H=N/A,SAT=7"
,2025-09-21T04:25:08Z,COM6,,UTC=11:33:11,18.70,120.292627,23.106585,,,,,,,,,N/A,SAT=7,-40.02,-14.64,1136.67,-48877.50,-29242.50,-62T=N/A,,"Package=2481,UTC=11:33:11,Lat=23.106585,Lng=120.292627,Alt=18.70,Ax=-40.02,Ay=-14.64,Az=1136.67,Gx=-48877.50,Gy=-29242.50,Gz=-62T=N/A,H=N/A,SAT=7"
,2025-09-21T04:25:09Z,COM6,,UTC=11:33:11,18.70,120.292627,23.106585,,,,,,,,,N/A,SAT=7,-33.18,-16.96,696.38,4410.00,-770.00,117197.5T=N/A,,"Package=2482,UTC=11:33:11,Lat=23.106585,Lng=120.292627,Alt=18.70,Ax=-33.18,Ay=-16.96,Az=696.38,Gx=4410.00,Gy=-770.00,Gz=117197.5T=N/A,H=N/A,SAT=7"
,2025-09-21T04:25:11Z,COM6,,UTC=11:33:11,18.70,120.292627,23.106585,,,,,,,,,N/A,SAT=7,-55.39,18.18,1204.63,1452.50,48825.00,218260.T=N/A,,"Package=2483,UTC=11:33:11,Lat=23.106585,Lng=120.292627,Alt=18.70,Ax=-55.39,Ay=18.18,Az=1204.63,Gx=1452.50,Gy=48825.00,Gz=218260.T=N/A,H=N/A,SAT=7"
,2025-09-21T04:25:13Z,COM6,,UTC=11:33:11,18.70,120.292627,23.106585,,,,,,,,,N/A,SAT=7,-34.16,-36.60,1110.93,-18007.50,48720.00,4112T=N/A,,"Package=2484,UTC=11:33:11,Lat=23.106585,Lng=120.292627,Alt=18.70,Ax=-34.16,Ay=-36.60,Az=1110.93,Gx=-18007.50,Gy=48720.00,Gz=4112T=N/A,H=N/A,SAT=7"
,2025-09-21T04:25:14Z,COM6,,UTC=11:33:11,18.70,120.292627,23.106585,,,,,,,,,N/A,SAT=7,-48.07,-88.08,511.55,188755.00,-65275.00,-958T=N/A,,"Package=2485,UTC=11:33:11,Lat=23.106585,Lng=120.292627,Alt=18.70,Ax=-48.07,Ay=-88.08,Az=511.55,Gx=188755.00,Gy=-65275.00,Gz=-958T=N/A,H=N/A,SAT=7"
,2025-09-21T04:25:16Z,COM6,,UTC=11:33:11,18.70,120.292627,23.106585,,,,,,,,,N/A,SAT=7,-150.55,16.10,1186.45,-39742.50,-206447.50,-4T=N/A,,"Package=2486,UTC=11:33:11,Lat=23.106585,Lng=120.292627,Alt=18.70,Ax=-150.55,Ay=16.10,Az=1186.45,Gx=-39742.50,Gy=-206447.50,Gz=-4T=N/A,H=N/A,SAT=7"
,2025-09-21T04:25:18Z,COM6,,UTC=11:33:11,18.70,120.292627,23.106585,,,,,,,,,N/A,SAT=7,-142.01,-33.79,1478.03,137865.00,-133245.00,2T=N/A,,"Package=2487,UTC=11:33:11,Lat=23.106585,Lng=120.292627,Alt=18.70,Ax=-142.01,Ay=-33.79,Az=1478.03,Gx=137865.00,Gy=-133245.00,Gz=2T=N/A,H=N/A,SAT=7"
,2025-09-21T04:25:19Z,COM6,,UTC=11:33:11,18.70,120.292627,23.106585,,,,,,,,,N/A,SAT=7,-23.42,23.55,797.27,-42665.00,50155.00,104947T=N/A,,"Package=2488,UTC=11:33:11,Lat=23.106585,Lng=120.292627,Alt=18.70,Ax=-23.42,Ay=23.55,Az=797.27,Gx=-42665.00,Gy=50155.00,Gz=104947T=N/A,H=N/A,SAT=7"
,2025-09-21T04:25:21Z,COM6,,UTC=11:33:11,18.70,120.292627,23.106585,,,,,,,,,N/A,SAT=7,-2.20,5.61,1187.91,-68442.50,93572.50,1242.50T=N/A,,"Package=2489,UTC=11:33:11,Lat=23.106585,Lng=120.292627,Alt=18.70,Ax=-2.20,Ay=5.61,Az=1187.91,Gx=-68442.50,Gy=93572.50,Gz=1242.50T=N/A,H=N/A,SAT=7"
,2025-09-21T04:25:23Z,COM6,,UTC=11:33:11,18.70,120.292627,23.106585,,,,,,,,,N/A,SAT=7,-178.61,26.84,1675.30,14595.00,-138092.50,-23T=N/A,,"Package=2490,UTC=11:33:11,Lat=23.106585,Lng=120.292627,Alt=18.70,Ax=-178.61,Ay=26.84,Az=1675.30,Gx=14595.00,Gy=-138092.50,Gz=-23T=N/A,H=N/A,SAT=7"
,2025-09-21T04:25:24Z,COM6,,UTC=11:33:11,18.70,120.292627,23.106585,,,,,,,,,N/A,SAT=7,-36.60,28.18,740.30,18392.50,104107.50,-21420T=N/A,,"Package=2491,UTC=11:33:11,Lat=23.106585,Lng=120.292627,Alt=18.70,Ax=-36.60,Ay=28.18,Az=740.30,Gx=18392.50,Gy=104107.50,Gz=-21420T=N/A,H=N/A,SAT=7"
,2025-09-21T04:25:26Z,COM6,,UTC=11:33:11,18.70,120.292627,23.106585,,,,,,,,,N/A,SAT=7,-134.57,26.47,1027.73,18112.50,-79835.00,-211T=N/A,,"Package=2492,UTC=11:33:11,Lat=23.106585,Lng=120.292627,Alt=18.70,Ax=-134.57,Ay=26.47,Az=1027.73,Gx=18112.50,Gy=-79835.00,Gz=-211T=N/A,H=N/A,SAT=7"
,2025-09-21T04:25:28Z,COM6,,UTC=11:33:11,18.70,120.292627,23.106585,,,,,,,,,N/A,SAT=7,-60.51,-18.42,1504.99,-16677.50,-53550.00,-14T=N/A,,"Package=2493,UTC=11:33:11,Lat=23.106585,Lng=120.292627,Alt=18.70,Ax=-60.51,Ay=-18.42,Az=1504.99,Gx=-16677.50,Gy=-53550.00,Gz=-14T=N/A,H=N/A,SAT=7"
,2025-09-21T04:25:29Z,COM6,,UTC=11:33:11,18.70,120.292627,23.106585,,,,,,,,,N/A,SAT=7,-10.98,-35.50,787.14,18060.00,40932.50,-84035T=N/A,,"Package=2494,UTC=11:33:11,Lat=23.106585,Lng=120.292627,Alt=18.70,Ax=-10.98,Ay=-35.50,Az=787.14,Gx=18060.00,Gy=40932.50,Gz=-84035T=N/A,H=N/A,SAT=7"
,2025-09-21T04:25:31Z,COM6,,UTC=11:33:11,18.70,120.292627,23.106585,,,,,,,,,N/A,SAT=7,-11.71,8.78,786.41,-42420.00,-4585.00,-13947.T=N/A,,"Package=2495,UTC=11:33:11,Lat=23.106585,Lng=120.292627,Alt=18.70,Ax=-11.71,Ay=8.78,Az=786.41,Gx=-42420.00,Gy=-4585.00,Gz=-13947.T=N/A,H=N/A,SAT=7"
,2025-09-21T04:25:33Z,COM6,,UTC=11:33:11,18.70,120.292627,23.106585,,,,,,,,,N/A,SAT=7,-26.60,-18.18,1076.41,-23170.00,3255.00,-4100T=N/A,,"Package=2496,UTC=11:33:11,Lat=23.106585,Lng=120.292627,Alt=18.70,Ax=-26.60,Ay=-18.18,Az=1076.41,Gx=-23170.00,Gy=3255.00,Gz=-4100T=N/A,H=N/A,SAT=7"
,2025-09-21T04:25:34Z,COM6,,UTC=11:33:11,18.70,120.292627,23.106585,,,,,,,,,N/A,SAT=7,-51.48,-35.62,1302.47,-2205.00,-27177.50,-123T=N/A,,"Package=2497,UTC=11:33:11,Lat=23.106585,Lng=120.292627,Alt=18.70,Ax=-51.48,Ay=-35.62,Az=1302.47,Gx=-2205.00,Gy=-27177.50,Gz=-123T=N/A,H=N/A,SAT=7"
,2025-09-21T04:25:36Z,COM6,,UTC=11:33:11,18.70,120.292627,23.106585,,,,,,,,,N/A,SAT=7,-13.18,-47.58,829.72,25655.00,41317.50,-67392T=N/A,,"Package=2498,UTC=11:33:11,Lat=23.106585,Lng=120.292627,Alt=18.70,Ax=-13.18,Ay=-47.58,Az=829.72,Gx=25655.00,Gy=41317.50,Gz=-67392T=N/A,H=N/A,SAT=7"
,2025-09-21T04:25:38Z,COM6,,UTC=11:33:11,18.70,120.292627,23.106585,,,,,,,,,N/A,SAT=7,-67.59,25.99,1293.69,-54670.00,-57662.50,-875T=N/A,,"Package=2499,UTC=11:33:11,Lat=23.106585,Lng=120.292627,Alt=18.70,Ax=-67.59,Ay=25.99,Az=1293.69,Gx=-54670.00,Gy=-57662.50,Gz=-875T=N/A,H=N/A,SAT=7"
,2025-09-21T04:25:39Z,COM6,,UTC=11:33:11,18.70,120.292627,23.106585,,,,,,,,,N/A,SAT=7,-39.04,-32.57,1607.59,47775.00,-1260.00,-2406T=N/A,,"Package=2500,UTC=11:33:11,Lat=23.106585,Lng=120.292627,Alt=18.70,Ax=-39.04,Ay=-32.57,Az=1607.59,Gx=47775.00,Gy=-1260.00,Gz=-2406T=N/A,H=N/A,SAT=7"
,2025-09-21T04:25:41Z,COM6,,UTC=11:33:11,18.70,120.292627,23.106585,,,,,,,,,N/A,SAT=7,-52.46,-22.08,875.11,7122.50,-49157.50,-27020T=N/A,,"Package=2501,UTC=11:33:11,Lat=23.106585,Lng=120.292627,Alt=18.70,Ax=-52.46,Ay=-22.08,Az=875.11,Gx=7122.50,Gy=-49157.50,Gz=-27020T=N/A,H=N/A,SAT=7"
,2025-09-21T04:25:43Z,COM6,,UTC=11:33:11,18.70,120.292627,23.106585,,,,,,,,,N/A,SAT=7,-102.97,66.00,1151.68,-39392.50,-46025.00,-24T=N/A,,"Package=2502,UTC=11:33:11,Lat=23.106585,Lng=120.292627,Alt=18.70,Ax=-102.97,Ay=66.00,Az=1151.68,Gx=-39392.50,Gy=-46025.00,Gz=-24T=N/A,H=N/A,SAT=7"
,2025-09-21T04:25:44Z,COM6,,UTC=11:33:11,18.70,120.292627,23.106585,,,,,,,,,N/A,SAT=7,-97.84,-65.88,1705.19,34457.50,-4812.50,-1293T=N/A,,"Package=2503,UTC=11:33:11,Lat=23.106585,Lng=120.292627,Alt=18.70,Ax=-97.84,Ay=-65.88,Az=1705.19,Gx=34457.50,Gy=-4812.50,Gz=-1293T=N/A,H=N/A,SAT=7"
,2025-09-21T04:25:46Z,COM6,,UTC=11:33:11,18.70,120.292627,23.106585,,,,,,,,,N/A,SAT=7,-51.61,24.28,1069.70,-32655.00,82757.50,-2232T=N/A,,"Package=2504,UTC=11:33:11,Lat=23.106585,Lng=120.292627,Alt=18.70,Ax=-51.61,Ay=24.28,Az=1069.70,Gx=-32655.00,Gy=82757.50,Gz=-2232T=N/A,H=N/A,SAT=7"
,2025-09-21T04:25:48Z,COM6,,UTC=11:33:11,18.70,120.292627,23.106585,,,,,,,,,N/A,SAT=7,-35.14,20.13,752.98,25182.50,102235.00,-21792T=N/A,,"Package=2505,UTC=11:33:11,Lat=23.106585,Lng=120.292627,Alt=18.70,Ax=-35.14,Ay=20.13,Az=752.98,Gx=25182.50,Gy=102235.00,Gz=-21792T=N/A,H=N/A,SAT=7"
,2025-09-21T04:25:49Z,COM6,,UTC=11:33:11,18.70,120.292627,23.106585,,,,,,,,,N/A,SAT=7,-108.21,30.74,1370.06,5477.50,-74900.00,-1048T=N/A,,"Package=2506,UTC=11:33:11,Lat=23.106585,Lng=120.292627,Alt=18.70,Ax=-108.21,Ay=30.74,Az=1370.06,Gx=5477.50,Gy=-74900.00,Gz=-1048T=N/A,H=N/A,SAT=7"
,2025-09-21T04:25:51Z,COM6,,UTC=11:33:11,18.70,120.292627,23.106585,,,,,,,,,N/A,SAT=7,-51.97,-18.54,1197.06,-49700.00,-41860.00,431T=N/A,,"Package=2507,UTC=11:33:11,Lat=23.106585,Lng=120.292627,Alt=18.70,Ax=-51.97,Ay=-18.54,Az=1197.06,Gx=-49700.00,Gy=-41860.00,Gz=431T=N/A,H=N/A,SAT=7"
,2025-09-21T04:25:53Z,COM6,,UTC=11:33:11,18.70,120.292627,23.106585,,,,,,,,,N/A,SAT=7,18.18,33.06,762.13,-107135.00,81917.50,34107.T=N/A,,"Package=2508,UTC=11:33:11,Lat=23.106585,Lng=120.292627,Alt=18.70,Ax=18.18,Ay=33.06,Az=762.13,Gx=-107135.00,Gy=81917.50,Gz=34107.T=N/A,H=N/A,SAT=7"
,2025-09-21T04:25:54Z,COM6,,UTC=11:33:11,18.70,120.292627,23.106585,,,,,,,,,N/A,SAT=7,-87.23,-9.27,1100.93,-52622.50,-123375.00,273T=N/A,,"Package=2509,UTC=11:33:11,Lat=23.106585,Lng=120.292627,Alt=18.70,Ax=-87.23,Ay=-9.27,Az=1100.93,Gx=-52622.50,Gy=-123375.00,Gz=273T=N/A,H=N/A,SAT=7"
,2025-09-21T04:25:56Z,COM6,,UTC=11:33:11,18.70,120.292627,23.106585,,,,,,,,,N/A,SAT=7,-57.83,-65.64,1826.34,88497.50,-45290.00,5173T=N/A,,"Package=2510,UTC=11:33:11,Lat=23.106585,Lng=120.292627,Alt=18.70,Ax=-57.83,Ay=-65.64,Az=1826.34,Gx=88497.50,Gy=-45290.00,Gz=5173T=N/A,H=N/A,SAT=7"
,2025-09-21T04:25:58Z,COM6,,UTC=11:33:11,18.70,120.292627,23.106585,,,,,,,,,N/A,SAT=7,-40.26,-13.42,1004.91,26180.00,-83440.00,-124T=N/A,,"Package=2511,UTC=11:33:11,Lat=23.106585,Lng=120.292627,Alt=18.70,Ax=-40.26,Ay=-13.42,Az=1004.91,Gx=26180.00,Gy=-83440.00,Gz=-124T=N/A,H=N/A,SAT=7"
,2025-09-21T04:26:00Z,COM6,,UTC=11:33:11,18.70,120.292627,23.106585,,,,,,,,,N/A,SAT=7,-42.33,20.37,783.61,-44030.00,5915.00,153387.T=N/A,,"Package=2512,UTC=11:33:11,Lat=23.106585,Lng=120.292627,Alt=18.70,Ax=-42.33,Ay=20.37,Az=783.61,Gx=-44030.00,Gy=5915.00,Gz=153387.T=N/A,H=N/A,SAT=7"
,2025-09-21T04:26:01Z,COM6,,UTC=11:33:11,18.70,120.292627,23.106585,,,,,,,,,N/A,SAT=7,-89.30,-4.15,1848.54,-25690.00,542.50,62282.5T=N/A,,"Package=2513,UTC=11:33:11,Lat=23.106585,Lng=120.292627,Alt=18.70,Ax=-89.30,Ay=-4.15,Az=1848.54,Gx=-25690.00,Gy=542.50,Gz=62282.5T=N/A,H=N/A,SAT=7"
,2025-09-21T04:26:03Z,COM6,,UTC=11:33:11,18.70,120.292627,23.106585,,,,,,,,,N/A,SAT=7,-37.33,17.08,896.70,-90860.00,-28735.00,84560T=N/A,,"Package=2514,UTC=11:33:11,Lat=23.106585,Lng=120.292627,Alt=18.70,Ax=-37.33,Ay=17.08,Az=896.70,Gx=-90860.00,Gy=-28735.00,Gz=84560T=N/A,H=N/A,SAT=7"
,2025-09-21T04:26:05Z,COM6,,UTC=11:33:11,18.70,120.292627,23.106585,,,,,,,,,N/A,SAT=7,-10.00,-37.82,782.02,3832.50,1645.00,55160.00T=N/A,,"Package=2515,UTC=11:33:11,Lat=23.106585,Lng=120.292627,Alt=18.70,Ax=-10.00,Ay=-37.82,Az=782.02,Gx=3832.50,Gy=1645.00,Gz=55160.00T=N/A,H=N/A,SAT=7"
,2025-09-21T04:26:06Z,COM6,,UTC=11:33:11,18.70,120.292627,23.106585,,,,,,,,,N/A,SAT=7,-26.96,-33.18,1250.13,-46480.00,15365.00,-190T=N/A,,"Package=2516,UTC=11:33:11,Lat=23.106585,Lng=120.292627,Alt=18.70,Ax=-26.96,Ay=-33.18,Az=1250.13,Gx=-46480.00,Gy=15365.00,Gz=-190T=N/A,H=N/A,SAT=7"
,2025-09-21T04:26:08Z,COM6,,UTC=11:33:11,18.70,120.292627,23.106585,,,,,,,,,N/A,SAT=7,-37.58,-23.42,1209.26,30572.50,18777.50,-1332T=N/A,,"Package=2517,UTC=11:33:11,Lat=23.106585,Lng=120.292627,Alt=18.70,Ax=-37.58,Ay=-23.42,Az=1209.26,Gx=30572.50,Gy=18777.50,Gz=-1332T=N/A,H=N/A,SAT=7"
,2025-09-21T04:26:10Z,COM6,,UTC=11:33:11,18.70,120.292627,23.106585,,,,,,,,,N/A,SAT=7,-33.43,-15.74,872.30,-3150.00,13650.00,-79152T=N/A,,"Package=2518,UTC=11:33:11,Lat=23.106585,Lng=120.292627,Alt=18.70,Ax=-33.43,Ay=-15.74,Az=872.30,Gx=-3150.00,Gy=13650.00,Gz=-79152T=N/A,H=N/A,SAT=7"
,2025-09-21T04:26:11Z,COM6,,UTC=11:33:11,18.70,120.292627,23.106585,,,,,,,,,N/A,SAT=7,-20.13,-9.52,1044.08,-23047.50,11217.50,-4025T=N/A,,"Package=2519,UTC=11:33:11,Lat=23.106585,Lng=120.292627,Alt=18.70,Ax=-20.13,Ay=-9.52,Az=1044.08,Gx=-23047.50,Gy=11217.50,Gz=-4025T=N/A,H=N/A,SAT=7"
,2025-09-21T04:26:13Z,COM6,,UTC=11:33:11,18.70,120.292627,23.106585,,,,,,,,,N/A,SAT=7,-49.29,-61.73,1464.61,-26320.00,3290.00,-6233T=N/A,,"Package=2520,UTC=11:33:11,Lat=23.106585,Lng=120.292627,Alt=18.70,Ax=-49.29,Ay=-61.73,Az=1464.61,Gx=-26320.00,Gy=3290.00,Gz=-6233T=N/A,H=N/A,SAT=7"
,2025-09-21T04:26:15Z,COM6,,UTC=11:33:11,18.70,120.292627,23.106585,,,,,,,,,N/A,SAT=7,-70.39,-12.20,935.62,2642.50,-59167.50,-98052T=N/A,,"Package=2521,UTC=11:33:11,Lat=23.106585,Lng=120.292627,Alt=18.70,Ax=-70.39,Ay=-12.20,Az=935.62,Gx=2642.50,Gy=-59167.50,Gz=-98052T=N/A,H=N/A,SAT=7"
,2025-09-21T04:26:16Z,COM6,,UTC=11:33:11,18.70,120.292627,23.106585,,,,,,,,,N/A,SAT=7,-31.72,-4.39,770.31,-5390.00,-6842.50,-121782T=N/A,,"Package=2522,UTC=11:33:11,Lat=23.106585,Lng=120.292627,Alt=18.70,Ax=-31.72,Ay=-4.39,Az=770.31,Gx=-5390.00,Gy=-6842.50,Gz=-121782T=N/A,H=N/A,SAT=7"
,2025-09-21T04:26:18Z,COM6,,UTC=11:33:11,18.70,120.292627,23.106585,,,,,,,,,N/A,SAT=7,-58.07,-18.06,1023.58,13002.50,-14560.00,-920T=N/A,,"Package=2523,UTC=11:33:11,Lat=23.106585,Lng=120.292627,Alt=18.70,Ax=-58.07,Ay=-18.06,Az=1023.58,Gx=13002.50,Gy=-14560.00,Gz=-920T=N/A,H=N/A,SAT=7"
,2025-09-21T04:26:20Z,COM6,,UTC=11:33:11,18.70,120.292627,23.106585,,,,,,,,,N/A,SAT=7,-46.12,-36.60,1545.13,13930.00,39147.50,-7297T=N/A,,"Package=2524,UTC=11:33:11,Lat=23.106585,Lng=120.292627,Alt=18.70,Ax=-46.12,Ay=-36.60,Az=1545.13,Gx=13930.00,Gy=39147.50,Gz=-7297T=N/A,H=N/A,SAT=7"
,2025-09-21T04:26:21Z,COM6,,UTC=11:33:11,18.70,120.292627,23.106585,,,,,,,,,N/A,SAT=7,-39.28,-8.78,852.05,-4410.00,-52622.50,150010T=N/A,,"Package=2525,UTC=11:33:11,Lat=23.106585,Lng=120.292627,Alt=18.70,Ax=-39.28,Ay=-8.78,Az=852.05,Gx=-4410.00,Gy=-52622.50,Gz=150010T=N/A,H=N/A,SAT=7"
,2025-09-21T04:26:23Z,COM6,,UTC=11:33:11,18.70,120.292627,23.106585,,,,,,,,,N/A,SAT=7,-29.16,-51.48,842.17,21682.50,-10255.00,11326T=N/A,,"Package=2526,UTC=11:33:11,Lat=23.106585,Lng=120.292627,Alt=18.70,Ax=-29.16,Ay=-51.48,Az=842.17,Gx=21682.50,Gy=-10255.00,Gz=11326T=N/A,H=N/A,SAT=7"
,2025-09-21T04:26:25Z,COM6,,UTC=11:33:11,18.70,120.292627,23.106585,,,,,,,,,N/A,SAT=7,-26.11,-27.33,1186.08,21035.00,53497.50,11767T=N/A,,"Package=2527,UTC=11:33:11,Lat=23.106585,Lng=120.292627,Alt=18.70,Ax=-26.11,Ay=-27.33,Az=1186.08,Gx=21035.00,Gy=53497.50,Gz=11767T=N/A,H=N/A,SAT=7"
,2025-09-21T04:26:26Z,COM6,,UTC=11:33:11,18.70,120.292627,23.106585,,,,,,,,,N/A,SAT=7,-27.21,-5.37,1098.37,-38710.00,46287.50,27422T=N/A,,"Package=2528,UTC=11:33:11,Lat=23.106585,Lng=120.292627,Alt=18.70,Ax=-27.21,Ay=-5.37,Az=1098.37,Gx=-38710.00,Gy=46287.50,Gz=27422T=N/A,H=N/A,SAT=7"
,2025-09-21T04:26:28Z,COM6,,UTC=11:33:11,18.70,120.292627,23.106585,,,,,,,,,N/A,SAT=7,-21.23,-29.65,888.53,-19950.00,-3745.00,16327T=N/A,,"Package=2529,UTC=11:33:11,Lat=23.106585,Lng=120.292627,Alt=18.70,Ax=-21.23,Ay=-29.65,Az=888.53,Gx=-19950.00,Gy=-3745.00,Gz=16327T=N/A,H=N/A,SAT=7"
,2025-09-21T04:26:30Z,COM6,,UTC=11:33:11,18.70,120.292627,23.106585,,,,,,,,,N/A,SAT=7,-32.70,-22.20,1050.18,-28560.00,-24465.00,568T=N/A,,"Package=2530,UTC=11:33:11,Lat=23.106585,Lng=120.292627,Alt=18.70,Ax=-32.70,Ay=-22.20,Az=1050.18,Gx=-28560.00,Gy=-24465.00,Gz=568T=N/A,H=N/A,SAT=7"
,2025-09-21T04:26:31Z,COM6,,UTC=11:33:11,18.70,120.292627,23.106585,,,,,,,,,N/A,SAT=7,-44.77,-47.95,1196.70,10675.00,3657.50,43890.T=N/A,,"Package=2531,UTC=11:33:11,Lat=23.106585,Lng=120.292627,Alt=18.70,Ax=-44.77,Ay=-47.95,Az=1196.70,Gx=10675.00,Gy=3657.50,Gz=43890.T=N/A,H=N/A,SAT=7"
,2025-09-21T04:26:33Z,COM6,,UTC=11:33:11,18.70,120.292627,23.106585,,,,,,,,,N/A,SAT=7,-18.18,-35.26,1034.68,25620.00,28752.50,46760T=N/A,,"Package=2532,UTC=11:33:11,Lat=23.106585,Lng=120.292627,Alt=18.70,Ax=-18.18,Ay=-35.26,Az=1034.68,Gx=25620.00,Gy=28752.50,Gz=46760T=N/A,H=N/A,SAT=7"
,2025-09-21T04:26:35Z,COM6,,UTC=11:33:11,18.70,120.292627,23.106585,,,,,,,,,N/A,SAT=7,-48.56,-29.28,886.57,24080.00,-46445.00,-6497T=N/A,,"Package=2533,UTC=11:33:11,Lat=23.106585,Lng=120.292627,Alt=18.70,Ax=-48.56,Ay=-29.28,Az=886.57,Gx=24080.00,Gy=-46445.00,Gz=-6497T=N/A,H=N/A,SAT=7"
,2025-09-21T04:26:36Z,COM6,,UTC=11:33:11,18.70,120.292627,23.106585,,,,,,,,,N/A,SAT=7,-19.76,-43.19,921.83,12670.00,-9590.00,-80902T=N/A,,"Package=2534,UTC=11:33:11,Lat=23.106585,Lng=120.292627,Alt=18.70,Ax=-19.76,Ay=-43.19,Az=921.83,Gx=12670.00,Gy=-9590.00,Gz=-80902T=N/A,H=N/A,SAT=7"
,2025-09-21T04:26:38Z,COM6,,UTC=11:33:11,18.70,120.292627,23.106585,,,,,,,,,N/A,SAT=7,-85.64,-41.85,1382.63,29505.00,-48825.00,-533T=N/A,,"Package=2535,UTC=11:33:11,Lat=23.106585,Lng=120.292627,Alt=18.70,Ax=-85.64,Ay=-41.85,Az=1382.63,Gx=29505.00,Gy=-48825.00,Gz=-533T=N/A,H=N/A,SAT=7"
,2025-09-21T04:26:40Z,COM6,,UTC=11:33:11,18.70,120.292627,23.106585,,,,,,,,,N/A,SAT=7,-60.51,-22.45,823.50,76790.00,-17185.00,-1450T=N/A,,"Package=2536,UTC=11:33:11,Lat=23.106585,Lng=120.292627,Alt=18.70,Ax=-60.51,Ay=-22.45,Az=823.50,Gx=76790.00,Gy=-17185.00,Gz=-1450T=N/A,H=N/A,SAT=7"
,2025-09-21T04:26:41Z,COM6,,UTC=11:33:11,18.70,120.292627,23.106585,,,,,,,,,N/A,SAT=7,-42.94,-28.43,779.21,4970.00,-47530.00,-46935T=N/A,,"Package=2537,UTC=11:33:11,Lat=23.106585,Lng=120.292627,Alt=18.70,Ax=-42.94,Ay=-28.43,Az=779.21,Gx=4970.00,Gy=-47530.00,Gz=-46935T=N/A,H=N/A,SAT=7"
,2025-09-21T04:26:43Z,COM6,,UTC=11:33:11,18.70,120.292627,23.106585,,,,,,,,,N/A,SAT=7,-64.29,12.81,1517.19,-46392.50,-52955.00,-709T=N/A,,"Package=2538,UTC=11:33:11,Lat=23.106585,Lng=120.292627,Alt=18.70,Ax=-64.29,Ay=12.81,Az=1517.19,Gx=-46392.50,Gy=-52955.00,Gz=-709T=N/A,H=N/A,SAT=7"
,2025-09-21T04:26:45Z,COM6,,UTC=11:33:11,18.70,120.292627,23.106585,,,,,,,,,N/A,SAT=7,-45.99,26.23,895.48,-53917.50,-23117.50,19404T=N/A,,"Package=2539,UTC=11:33:11,Lat=23.106585,Lng=120.292627,Alt=18.70,Ax=-45.99,Ay=26.23,Az=895.48,Gx=-53917.50,Gy=-23117.50,Gz=19404T=N/A,H=N/A,SAT=7"
,2025-09-21T04:26:46Z,COM6,,UTC=11:33:11,18.70,120.292627,23.106585,,,,,,,,,N/A,SAT=7,-78.57,-113.70,1095.44,153352.50,-23905.00,90T=N/A,,"Package=2540,UTC=11:33:11,Lat=23.106585,Lng=120.292627,Alt=18.70,Ax=-78.57,Ay=-113.70,Az=1095.44,Gx=153352.50,Gy=-23905.00,Gz=90T=N/A,H=N/A,SAT=7"
,2025-09-21T04:26:48Z,COM6,,UTC=11:33:11,18.70,120.292627,23.106585,,,,,,,,,N/A,SAT=7,0.85,-45.87,1662.25,29750.00,57242.50,-68180.T=N/A,,"Package=2541,UTC=11:33:11,Lat=23.106585,Lng=120.292627,Alt=18.70,Ax=0.85,Ay=-45.87,Az=1662.25,Gx=29750.00,Gy=57242.50,Gz=-68180.T=N/A,H=N/A,SAT=7"
,2025-09-21T04:26:50Z,COM6,,UTC=11:33:11,18.70,120.292627,23.106585,,,,,,,,,N/A,SAT=7,-52.22,28.91,1014.55,-71890.00,-61687.50,1506T=N/A,,"Package=2542,UTC=11:33:11,Lat=23.106585,Lng=120.292627,Alt=18.70,Ax=-52.22,Ay=28.91,Az=1014.55,Gx=-71890.00,Gy=-61687.50,Gz=1506T=N/A,H=N/A,SAT=7"
,2025-09-21T04:26:51Z,COM6,,UTC=11:33:11,18.70,120.292627,23.106585,,,,,,,,,N/A,SAT=7,-48.56,-64.54,1294.42,43312.50,7630.00,77332.T=N/A,,"Package=2543,UTC=11:33:11,Lat=23.106585,Lng=120.292627,Alt=18.70,Ax=-48.56,Ay=-64.54,Az=1294.42,Gx=43312.50,Gy=7630.00,Gz=77332.T=N/A,H=N/A,SAT=7"
,2025-09-21T04:26:53Z,COM6,,UTC=11:33:11,18.70,120.292627,23.106585,,,,,,,,,N/A,SAT=7,-47.82,-11.59,1306.99,-16380.00,-26985.00,-73T=N/A,,"Package=2544,UTC=11:33:11,Lat=23.106585,Lng=120.292627,Alt=18.70,Ax=-47.82,Ay=-11.59,Az=1306.99,Gx=-16380.00,Gy=-26985.00,Gz=-73T=N/A,H=N/A,SAT=7"
,2025-09-21T04:26:55Z,COM6,,UTC=11:33:11,18.70,120.292627,23.106585,,,,,,,,,N/A,SAT=7,-42.46,-39.04,1633.21,38937.50,18007.50,-1159T=N/A,,"Package=2545,UTC=11:33:11,Lat=23.106585,Lng=120.292627,Alt=18.70,Ax=-42.46,Ay=-39.04,Az=1633.21,Gx=38937.50,Gy=18007.50,Gz=-1159T=N/A,H=N/A,SAT=7"
,2025-09-21T04:26:56Z,COM6,,UTC=11:33:11,18.70,120.292627,23.106585,,,,,,,,,N/A,SAT=7,-3.78,-14.88,967.70,-52622.50,64242.50,-73290T=N/A,,"Package=2546,UTC=11:33:11,Lat=23.106585,Lng=120.292627,Alt=18.70,Ax=-3.78,Ay=-14.88,Az=967.70,Gx=-52622.50,Gy=64242.50,Gz=-73290T=N/A,H=N/A,SAT=7"
,2025-09-21T04:26:58Z,COM6,,UTC=11:33:11,18.70,120.292627,23.106585,,,,,,,,,N/A,SAT=7,-17.69,-10.98,803.49,-16905.00,-15645.00,6014T=N/A,,"Package=2547,UTC=11:33:11,Lat=23.106585,Lng=120.292627,Alt=18.70,Ax=-17.69,Ay=-10.98,Az=803.49,Gx=-16905.00,Gy=-15645.00,Gz=6014T=N/A,H=N/A,SAT=7"
,2025-09-21T04:27:00Z,COM6,,UTC=11:33:11,18.70,120.292627,23.106585,,,,,,,,,N/A,SAT=7,-92.23,9.52,1887.34,-59972.50,2117.50,121800.T=N/A,,"Package=2548,UTC=11:33:11,Lat=23.106585,Lng=120.292627,Alt=18.70,Ax=-92.23,Ay=9.52,Az=1887.34,Gx=-59972.50,Gy=2117.50,Gz=121800.T=N/A,H=N/A,SAT=7"
,2025-09-21T04:27:01Z,COM6,,UTC=11:33:11,18.70,120.292627,23.106585,,,,,,,,,N/A,SAT=7,-20.01,-3.42,1052.62,-84245.00,46392.50,85347T=N/A,,"Package=2549,UTC=11:33:11,Lat=23.106585,Lng=120.292627,Alt=18.70,Ax=-20.01,Ay=-3.42,Az=1052.62,Gx=-84245.00,Gy=46392.50,Gz=85347T=N/A,H=N/A,SAT=7"
,2025-09-21T04:27:03Z,COM6,,UTC=11:33:11,18.70,120.292627,23.106585,,,,,,,,,N/A,SAT=7,-7.56,-18.91,679.42,-31307.50,20405.00,-43435T=N/A,,"Package=2550,UTC=11:33:11,Lat=23.106585,Lng=120.292627,Alt=18.70,Ax=-7.56,Ay=-18.91,Az=679.42,Gx=-31307.50,Gy=20405.00,Gz=-43435T=N/A,H=N/A,SAT=7"
,2025-09-21T04:27:05Z,COM6,,UTC=11:33:11,18.70,120.292627,23.106585,,,,,,,,,N/A,SAT=7,-104.07,0.00,1944.19,41842.50,-75915.00,-1613T=N/A,,"Package=2551,UTC=11:33:11,Lat=23.106585,Lng=120.292627,Alt=18.70,Ax=-104.07,Ay=0.00,Az=1944.19,Gx=41842.50,Gy=-75915.00,Gz=-1613T=N/A,H=N/A,SAT=7"
,2025-09-21T04:27:06Z,COM6,,UTC=11:33:11,18.70,120.292627,23.106585,,,,,,,,,N/A,SAT=7,-7.81,-20.98,1001.38,2922.50,66167.50,28332.5T=N/A,,"Package=2552,UTC=11:33:11,Lat=23.106585,Lng=120.292627,Alt=18.70,Ax=-7.81,Ay=-20.98,Az=1001.38,Gx=2922.50,Gy=66167.50,Gz=28332.5T=N/A,H=N/A,SAT=7"
,2025-09-21T04:27:08Z,COM6,,UTC=11:33:11,18.70,120.292627,23.106585,,,,,,,,,N/A,SAT=7,-10.25,-1.22,606.71,-31692.50,-33005.00,-3132T=N/A,,"Package=2553,UTC=11:33:11,Lat=23.106585,Lng=120.292627,Alt=18.70,Ax=-10.25,Ay=-1.22,Az=606.71,Gx=-31692.50,Gy=-33005.00,Gz=-3132T=N/A,H=N/A,SAT=7"
,2025-09-21T04:27:10Z,COM6,,UTC=11:33:11,18.70,120.292627,23.106585,,,,,,,,,N/A,SAT=7,-67.10,-19.15,2693.88,29417.50,80395.00,55370T=N/A,,"Package=2554,UTC=11:33:11,Lat=23.106585,Lng=120.292627,Alt=18.70,Ax=-67.10,Ay=-19.15,Az=2693.88,Gx=29417.50,Gy=80395.00,Gz=55370T=N/A,H=N/A,SAT=7"
,2025-09-21T04:27:11Z,COM6,,UTC=11:33:11,18.70,120.292627,23.106585,,,,,,,,,N/A,SAT=7,-77.71,0.00,853.39,50190.00,-95480.00,-110757T=N/A,,"Package=2555,UTC=11:33:11,Lat=23.106585,Lng=120.292627,Alt=18.70,Ax=-77.71,Ay=0.00,Az=853.39,Gx=50190.00,Gy=-95480.00,Gz=-110757T=N/A,H=N/A,SAT=7"
,2025-09-21T04:27:13Z,COM6,,UTC=11:33:11,18.70,120.292627,23.106585,,,,,,,,,N/A,SAT=7,-59.66,2.68,1253.67,-25620.00,-7245.00,93800.T=N/A,,"Package=2556,UTC=11:33:11,Lat=23.106585,Lng=120.292627,Alt=18.70,Ax=-59.66,Ay=2.68,Az=1253.67,Gx=-25620.00,Gy=-7245.00,Gz=93800.T=N/A,H=N/A,SAT=7"
,2025-09-21T04:27:15Z,COM6,,UTC=11:33:11,18.70,120.292627,23.106585,,,,,,,,,N/A,SAT=7,-101.99,-23.91,1257.58,79170.00,-98612.50,203T=N/A,,"Package=2557,UTC=11:33:11,Lat=23.106585,Lng=120.292627,Alt=18.70,Ax=-101.99,Ay=-23.91,Az=1257.58,Gx=79170.00,Gy=-98612.50,Gz=203T=N/A,H=N/A,SAT=7"
,2025-09-21T04:27:17Z,COM6,,UTC=11:33:11,18.70,120.292627,23.106585,,,,,,,,,N/A,SAT=7,-85.64,-24.16,1004.91,-19425.00,-86992.50,115T=N/A,,"Package=2558,UTC=11:33:11,Lat=23.106585,Lng=120.292627,Alt=18.70,Ax=-85.64,Ay=-24.16,Az=1004.91,Gx=-19425.00,Gy=-86992.50,Gz=115T=N/A,H=N/A,SAT=7"
,2025-09-21T04:27:18Z,COM6,,UTC=11:33:11,18.70,120.292627,23.106585,,,,,,,,,N/A,SAT=7,-9.52,-33.79,865.35,28560.00,45185.00,-36050.T=N/A,,"Package=2559,UTC=11:33:11,Lat=23.106585,Lng=120.292627,Alt=18.70,Ax=-9.52,Ay=-33.79,Az=865.35,Gx=28560.00,Gy=45185.00,Gz=-36050.T=N/A,H=N/A,SAT=7"
,2025-09-21T04:27:20Z,COM6,,UTC=11:33:11,18.70,120.292627,23.106585,,,,,,,,,N/A,SAT=7,-31.72,-52.70,1788.15,70472.50,104842.50,-110T=N/A,,"Package=2560,UTC=11:33:11,Lat=23.106585,Lng=120.292627,Alt=18.70,Ax=-31.72,Ay=-52.70,Az=1788.15,Gx=70472.50,Gy=104842.50,Gz=-110T=N/A,H=N/A,SAT=7"
,2025-09-21T04:27:22Z,COM6,,UTC=11:33:11,18.70,120.292627,23.106585,,,,,,,,,N/A,SAT=7,-12.08,-46.85,1229.76,66867.50,59447.50,-2023T=N/A,,"Package=2561,UTC=11:33:11,Lat=23.106585,Lng=120.292627,Alt=18.70,Ax=-12.08,Ay=-46.85,Az=1229.76,Gx=66867.50,Gy=59447.50,Gz=-2023T=N/A,H=N/A,SAT=7"
,2025-09-21T04:27:23Z,COM6,,UTC=11:33:11,18.70,120.292627,23.106585,,,,,,,,,N/A,SAT=7,-40.26,-19.28,958.43,-8015.00,-20370.00,-5372T=N/A,,"Package=2562,UTC=11:33:11,Lat=23.106585,Lng=120.292627,Alt=18.70,Ax=-40.26,Ay=-19.28,Az=958.43,Gx=-8015.00,Gy=-20370.00,Gz=-5372T=N/A,H=N/A,SAT=7"
,2025-09-21T04:27:25Z,COM6,,UTC=11:33:11,18.70,120.292627,23.106585,,,,,,,,,N/A,SAT=7,-41.36,6.10,986.00,-38587.50,3115.00,-155732.T=N/A,,"Package=2563,UTC=11:33:11,Lat=23.106585,Lng=120.292627,Alt=18.70,Ax=-41.36,Ay=6.10,Az=986.00,Gx=-38587.50,Gy=3115.00,Gz=-155732.T=N/A,H=N/A,SAT=7"
,2025-09-21T04:27:27Z,COM6,,UTC=11:33:11,18.70,120.292627,23.106585,,,,,,,,,N/A,SAT=7,-80.52,-30.74,1384.21,27370.00,-37957.50,-687T=N/A,,"Package=2564,UTC=11:33:11,Lat=23.106585,Lng=120.292627,Alt=18.70,Ax=-80.52,Ay=-30.74,Az=1384.21,Gx=27370.00,Gy=-37957.50,Gz=-687T=N/A,H=N/A,SAT=7"
,2025-09-21T04:27:28Z,COM6,,UTC=11:33:11,18.70,120.292627,23.106585,,,,,,,,,N/A,SAT=7,-35.01,-7.81,746.03,26232.50,-25742.50,93555.T=N/A,,"Package=2565,UTC=11:33:11,Lat=23.106585,Lng=120.292627,Alt=18.70,Ax=-35.01,Ay=-7.81,Az=746.03,Gx=26232.50,Gy=-25742.50,Gz=93555.T=N/A,H=N/A,SAT=7"
,2025-09-21T04:27:30Z,COM6,,UTC=11:33:11,18.70,120.292627,23.106585,,,,,,,,,N/A,SAT=7,-26.23,-24.40,797.88,-30870.00,-9327.50,98367T=N/A,,"Package=2566,UTC=11:33:11,Lat=23.106585,Lng=120.292627,Alt=18.70,Ax=-26.23,Ay=-24.40,Az=797.88,Gx=-30870.00,Gy=-9327.50,Gz=98367T=N/A,H=N/A,SAT=7"
,2025-09-21T04:27:32Z,COM6,,UTC=11:33:11,18.70,120.292627,23.106585,,,,,,,,,N/A,SAT=7,-62.22,26.35,1249.40,-50067.50,39060.00,20657T=N/A,,"Package=2567,UTC=11:33:11,Lat=23.106585,Lng=120.292627,Alt=18.70,Ax=-62.22,Ay=26.35,Az=1249.40,Gx=-50067.50,Gy=39060.00,Gz=20657T=N/A,H=N/A,SAT=7"
,2025-09-21T04:27:33Z,COM6,,UTC=11:33:11,18.70,120.292627,23.106585,,,,,,,,,N/A,SAT=7,-40.50,-8.78,882.30,-40635.00,4760.00,108745.T=N/A,,"Package=2568,UTC=11:33:11,Lat=23.106585,Lng=120.292627,Alt=18.70,Ax=-40.50,Ay=-8.78,Az=882.30,Gx=-40635.00,Gy=4760.00,Gz=108745.T=N/A,H=N/A,SAT=7"
,2025-09-21T04:27:35Z,COM6,,UTC=11:33:11,18.70,120.292627,23.106585,,,,,,,,,N/A,SAT=7,-22.45,-66.12,955.02,67550.00,26757.50,-17185T=N/A,,"Package=2569,UTC=11:33:11,Lat=23.106585,Lng=120.292627,Alt=18.70,Ax=-22.45,Ay=-66.12,Az=955.02,Gx=67550.00,Gy=26757.50,Gz=-17185T=N/A,H=N/A,SAT=7"
,2025-09-21T04:27:37Z,COM6,,UTC=11:33:11,18.70,120.292627,23.106585,,,,,,,,,N/A,SAT=7,-71.98,-4.64,1418.62,-32987.50,-45430.00,8198T=N/A,,"Package=2570,UTC=11:33:11,Lat=23.106585,Lng=120.292627,Alt=18.70,Ax=-71.98,Ay=-4.64,Az=1418.62,Gx=-32987.50,Gy=-45430.00,Gz=8198T=N/A,H=N/A,SAT=7"
,2025-09-21T04:27:38Z,COM6,,UTC=11:33:11,18.70,120.292627,23.106585,,,,,,,,,N/A,SAT=7,-25.62,-25.25,1065.67,5302.50,55125.00,141050T=N/A,,"Package=2571,UTC=11:33:11,Lat=23.106585,Lng=120.292627,Alt=18.70,Ax=-25.62,Ay=-25.25,Az=1065.67,Gx=5302.50,Gy=55125.00,Gz=141050T=N/A,H=N/A,SAT=7"
,2025-09-21T04:27:40Z,COM6,,UTC=11:33:11,18.70,120.292627,23.106585,,,,,,,,,N/A,SAT=7,-31.35,-44.41,779.58,2520.00,-32305.00,-34860T=N/A,,"Package=2572,UTC=11:33:11,Lat=23.106585,Lng=120.292627,Alt=18.70,Ax=-31.35,Ay=-44.41,Az=779.58,Gx=2520.00,Gy=-32305.00,Gz=-34860T=N/A,H=N/A,SAT=7"
,2025-09-21T04:27:42Z,COM6,,UTC=11:33:11,18.70,120.292627,23.106585,,,,,,,,,N/A,SAT=7,-34.28,-8.54,1085.31,-15872.50,21700.00,71820T=N/A,,"Package=2573,UTC=11:33:11,Lat=23.106585,Lng=120.292627,Alt=18.70,Ax=-34.28,Ay=-8.54,Az=1085.31,Gx=-15872.50,Gy=21700.00,Gz=71820T=N/A,H=N/A,SAT=7"
,2025-09-21T04:27:43Z,COM6,,UTC=11:33:11,18.70,120.292627,23.106585,,,,,,,,,N/A,SAT=7,-55.51,-33.92,1242.94,-23607.50,-35595.00,265T=N/A,,"Package=2574,UTC=11:33:11,Lat=23.106585,Lng=120.292627,Alt=18.70,Ax=-55.51,Ay=-33.92,Az=1242.94,Gx=-23607.50,Gy=-35595.00,Gz=265T=N/A,H=N/A,SAT=7"
,2025-09-21T04:27:45Z,COM6,,UTC=11:33:11,18.70,120.292627,23.106585,,,,,,,,,N/A,SAT=7,-51.24,-30.74,761.04,43662.50,-58642.50,-1961T=N/A,,"Package=2575,UTC=11:33:11,Lat=23.106585,Lng=120.292627,Alt=18.70,Ax=-51.24,Ay=-30.74,Az=761.04,Gx=43662.50,Gy=-58642.50,Gz=-1961T=N/A,H=N/A,SAT=7"
,2025-09-21T04:27:47Z,COM6,,UTC=11:33:11,18.70,120.292627,23.106585,,,,,,,,,N/A,SAT=7,-78.69,9.88,1008.45,27527.50,-15312.50,-20363T=N/A,,"Package=2576,UTC=11:33:11,Lat=23.106585,Lng=120.292627,Alt=18.70,Ax=-78.69,Ay=9.88,Az=1008.45,Gx=27527.50,Gy=-15312.50,Gz=-20363T=N/A,H=N/A,SAT=7"
,2025-09-21T04:27:48Z,COM6,,UTC=11:33:11,18.70,120.292627,23.106585,,,,,,,,,N/A,SAT=7,-83.69,-36.48,1615.52,53357.50,-69772.50,-194T=N/A,,"Package=2577,UTC=11:33:11,Lat=23.106585,Lng=120.292627,Alt=18.70,Ax=-83.69,Ay=-36.48,Az=1615.52,Gx=53357.50,Gy=-69772.50,Gz=-194T=N/A,H=N/A,SAT=7"
,2025-09-21T04:27:50Z,COM6,,UTC=11:33:11,18.70,120.292627,23.106585,,,,,,,,,N/A,SAT=7,-32.33,-31.96,788.36,15942.50,20247.50,13492.T=N/A,,"Package=2578,UTC=11:33:11,Lat=23.106585,Lng=120.292627,Alt=18.70,Ax=-32.33,Ay=-31.96,Az=788.36,Gx=15942.50,Gy=20247.50,Gz=13492.T=N/A,H=N/A,SAT=7"
,2025-09-21T04:27:52Z,COM6,,UTC=11:33:11,18.70,120.292627,23.106585,,,,,,,,,N/A,SAT=7,-21.35,-19.15,938.91,18935.00,-21595.00,-7091T=N/A,,"Package=2579,UTC=11:33:11,Lat=23.106585,Lng=120.292627,Alt=18.70,Ax=-21.35,Ay=-19.15,Az=938.91,Gx=18935.00,Gy=-21595.00,Gz=-7091T=N/A,H=N/A,SAT=7"
,2025-09-21T04:27:53Z,COM6,,UTC=11:33:11,18.70,120.292627,23.106585,,,,,,,,,N/A,SAT=7,-83.20,-5.37,953.55,-14070.00,-84752.50,-1788T=N/A,,"Package=2580,UTC=11:33:11,Lat=23.106585,Lng=120.292627,Alt=18.70,Ax=-83.20,Ay=-5.37,Az=953.55,Gx=-14070.00,Gy=-84752.50,Gz=-1788T=N/A,H=N/A,SAT=7"
,2025-09-21T04:27:55Z,COM6,,UTC=11:33:11,18.70,120.292627,23.106585,,,,,,,,N/A,N/A,SAT=7,-24.64,6.59,991.37,-51765.00,927.50,-2240.00,,"Package=2581,UTC=11:33:11,Lat=23.106585,Lng=120.292627,Alt=18.70,Ax=-24.64,Ay=6.59,Az=991.37,Gx=-51765.00,Gy=927.50,Gz=-2240.00,T=N/A,H=N/A,SAT=7"
,2025-09-21T04:27:57Z,COM6,,UTC=11:33:11,18.70,120.292627,23.106585,,,,,,,,,N/A,SAT=7,-44.29,-35.01,1172.18,29452.50,-37870.00,-661T=N/A,,"Package=2582,UTC=11:33:11,Lat=23.106585,Lng=120.292627,Alt=18.70,Ax=-44.29,Ay=-35.01,Az=1172.18,Gx=29452.50,Gy=-37870.00,Gz=-661T=N/A,H=N/A,SAT=7"
,2025-09-21T04:27:58Z,COM6,,UTC=11:33:11,18.70,120.292627,23.106585,,,,,,,,,N/A,SAT=7,-41.97,-55.02,1089.09,3850.00,2817.50,-84315.T=N/A,,"Package=2583,UTC=11:33:11,Lat=23.106585,Lng=120.292627,Alt=18.70,Ax=-41.97,Ay=-55.02,Az=1089.09,Gx=3850.00,Gy=2817.50,Gz=-84315.T=N/A,H=N/A,SAT=7"
,2025-09-21T04:28:00Z,COM6,,UTC=11:33:11,18.70,120.292627,23.106585,,,,,,,,,N/A,SAT=7,-48.68,-12.81,952.70,18847.50,26250.00,-14850T=N/A,,"Package=2584,UTC=11:33:11,Lat=23.106585,Lng=120.292627,Alt=18.70,Ax=-48.68,Ay=-12.81,Az=952.70,Gx=18847.50,Gy=26250.00,Gz=-14850T=N/A,H=N/A,SAT=7"
,2025-09-21T04:28:02Z,COM6,,UTC=11:33:11,18.70,120.292627,23.106585,,,,,,,,,N/A,SAT=7,-35.75,-9.52,1045.42,-16712.50,4410.00,5600.0T=N/A,,"Package=2585,UTC=11:33:11,Lat=23.106585,Lng=120.292627,Alt=18.70,Ax=-35.75,Ay=-9.52,Az=1045.42,Gx=-16712.50,Gy=4410.00,Gz=5600.0T=N/A,H=N/A,SAT=7"
,2025-09-21T04:28:03Z,COM6,,UTC=11:33:11,18.70,120.292627,23.106585,,,,,,,,,N/A,SAT=7,-33.43,-49.53,1012.11,-12967.50,-26442.50,-76T=N/A,,"Package=2586,UTC=11:33:11,Lat=23.106585,Lng=120.292627,Alt=18.70,Ax=-33.43,Ay=-49.53,Az=1012.11,Gx=-12967.50,Gy=-26442.50,Gz=-76T=N/A,H=N/A,SAT=7"
,2025-09-21T04:28:05Z,COM6,,UTC=11:33:11,18.70,120.292627,23.106585,,,,,,,,,N/A,SAT=7,-84.55,-15.86,954.89,20440.00,-63665.00,-1368T=N/A,,"Package=2587,UTC=11:33:11,Lat=23.106585,Lng=120.292627,Alt=18.70,Ax=-84.55,Ay=-15.86,Az=954.89,Gx=20440.00,Gy=-63665.00,Gz=-1368T=N/A,H=N/A,SAT=7"
,2025-09-21T04:28:07Z,COM6,,UTC=11:33:11,18.70,120.292627,23.106585,,,,,,,,,N/A,SAT=7,-17.45,-35.99,1028.22,62702.50,35420.00,33687T=N/A,,"Package=2588,UTC=11:33:11,Lat=23.106585,Lng=120.292627,Alt=18.70,Ax=-17.45,Ay=-35.99,Az=1028.22,Gx=62702.50,Gy=35420.00,Gz=33687T=N/A,H=N/A,SAT=7"
,2025-09-21T04:28:08Z,COM6,,UTC=11:33:11,18.70,120.292627,23.106585,,,,,,,,,N/A,SAT=7,-24.03,-20.01,1073.84,7875.00,19127.50,108045T=N/A,,"Package=2589,UTC=11:33:11,Lat=23.106585,Lng=120.292627,Alt=18.70,Ax=-24.03,Ay=-20.01,Az=1073.84,Gx=7875.00,Gy=19127.50,Gz=108045T=N/A,H=N/A,SAT=7"
,2025-09-21T04:28:10Z,COM6,,UTC=11:33:11,18.70,120.292627,23.106585,,,,,,,,,N/A,SAT=7,15.74,-62.46,864.74,25357.50,26880.00,75145.0T=N/A,,"Package=2590,UTC=11:33:11,Lat=23.106585,Lng=120.292627,Alt=18.70,Ax=15.74,Ay=-62.46,Az=864.74,Gx=25357.50,Gy=26880.00,Gz=75145.0T=N/A,H=N/A,SAT=7"
,2025-09-21T04:28:12Z,COM6,,UTC=11:33:11,18.70,120.292627,23.106585,,,,,,,,,N/A,SAT=7,-65.39,-33.43,1142.16,-19740.00,-47162.50,114T=N/A,,"Package=2591,UTC=11:33:11,Lat=23.106585,Lng=120.292627,Alt=18.70,Ax=-65.39,Ay=-33.43,Az=1142.16,Gx=-19740.00,Gy=-47162.50,Gz=114T=N/A,H=N/A,SAT=7"
,2025-09-21T04:28:13Z,COM6,,UTC=11:33:11,18.70,120.292627,23.106585,,,,,,,,,N/A,SAT=7,-38.55,-22.45,927.20,54442.50,-28175.00,13268T=N/A,,"Package=2592,UTC=11:33:11,Lat=23.106585,Lng=120.292627,Alt=18.70,Ax=-38.55,Ay=-22.45,Az=927.20,Gx=54442.50,Gy=-28175.00,Gz=13268T=N/A,H=N/A,SAT=7"
,2025-09-21T04:28:15Z,COM6,,UTC=11:33:11,18.70,120.292627,23.106585,,,,,,,,,N/A,SAT=7,-5.00,43.07,960.14,-107310.00,104545.00,12584T=N/A,,"Package=2593,UTC=11:33:11,Lat=23.106585,Lng=120.292627,Alt=18.70,Ax=-5.00,Ay=43.07,Az=960.14,Gx=-107310.00,Gy=104545.00,Gz=12584T=N/A,H=N/A,SAT=7"
,2025-09-21T04:28:17Z,COM6,,UTC=11:33:11,18.70,120.292627,23.106585,,,,,,,,,N/A,SAT=7,-103.21,35.87,1533.91,-19355.00,-70227.50,228T=N/A,,"Package=2594,UTC=11:33:11,Lat=23.106585,Lng=120.292627,Alt=18.70,Ax=-103.21,Ay=35.87,Az=1533.91,Gx=-19355.00,Gy=-70227.50,Gz=228T=N/A,H=N/A,SAT=7"
,2025-09-21T04:28:18Z,COM6,,UTC=11:33:11,18.70,120.292627,23.106585,,,,,,,,,N/A,SAT=7,-20.37,-63.44,828.87,51257.50,47740.00,98962.T=N/A,,"Package=2595,UTC=11:33:11,Lat=23.106585,Lng=120.292627,Alt=18.70,Ax=-20.37,Ay=-63.44,Az=828.87,Gx=51257.50,Gy=47740.00,Gz=98962.T=N/A,H=N/A,SAT=7"
,2025-09-21T04:28:20Z,COM6,,UTC=11:33:11,18.70,120.292627,23.106585,,,,,,,,,N/A,SAT=7,-22.69,-16.47,946.60,-12372.50,-2380.00,88637T=N/A,,"Package=2596,UTC=11:33:11,Lat=23.106585,Lng=120.292627,Alt=18.70,Ax=-22.69,Ay=-16.47,Az=946.60,Gx=-12372.50,Gy=-2380.00,Gz=88637T=N/A,H=N/A,SAT=7"
,2025-09-21T04:28:22Z,COM6,,UTC=11:33:11,18.70,120.292627,23.106585,,,,,,,,,N/A,SAT=7,-91.87,-55.14,1409.95,15015.00,-46112.50,1397T=N/A,,"Package=2597,UTC=11:33:11,Lat=23.106585,Lng=120.292627,Alt=18.70,Ax=-91.87,Ay=-55.14,Az=1409.95,Gx=15015.00,Gy=-46112.50,Gz=1397T=N/A,H=N/A,SAT=7"
,2025-09-21T04:28:23Z,COM6,,UTC=11:33:11,18.70,120.292627,23.106585,,,,,,,,,N/A,SAT=7,-51.73,10.49,927.44,-38202.50,33950.00,183015T=N/A,,"Package=2598,UTC=11:33:11,Lat=23.106585,Lng=120.292627,Alt=18.70,Ax=-51.73,Ay=10.49,Az=927.44,Gx=-38202.50,Gy=33950.00,Gz=183015T=N/A,H=N/A,SAT=7"
,2025-09-21T04:28:25Z,COM6,,UTC=11:33:11,18.70,120.292627,23.106585,,,,,,,,,N/A,SAT=7,-64.54,32.33,864.61,-46952.50,17587.50,216335T=N/A,,"Package=2599,UTC=11:33:11,Lat=23.106585,Lng=120.292627,Alt=18.70,Ax=-64.54,Ay=32.33,Az=864.61,Gx=-46952.50,Gy=17587.50,Gz=216335T=N/A,H=N/A,SAT=7"
,2025-09-21T04:28:27Z,COM6,,UTC=11:33:11,18.70,120.292627,23.106585,,,,,,,,,N/A,SAT=7,-45.63,-89.79,1494.99,29487.50,-6037.50,23590T=N/A,,"Package=2600,UTC=11:33:11,Lat=23.106585,Lng=120.292627,Alt=18.70,Ax=-45.63,Ay=-89.79,Az=1494.99,Gx=29487.50,Gy=-6037.50,Gz=23590T=N/A,H=N/A,SAT=7"
,2025-09-21T04:28:29Z,COM6,,UTC=11:33:11,18.70,120.292627,23.106585,,,,,,,,,N/A,SAT=7,-48.80,-35.75,911.58,-20335.00,-33425.00,6340T=N/A,,"Package=2601,UTC=11:33:11,Lat=23.106585,Lng=120.292627,Alt=18.70,Ax=-48.80,Ay=-35.75,Az=911.58,Gx=-20335.00,Gy=-33425.00,Gz=6340T=N/A,H=N/A,SAT=7"
,2025-09-21T04:28:30Z,COM6,,UTC=11:33:11,18.70,120.292627,23.106585,,,,,,,,,N/A,SAT=7,-36.84,-20.13,647.70,2905.00,-49157.50,-15837T=N/A,,"Package=2602,UTC=11:33:11,Lat=23.106585,Lng=120.292627,Alt=18.70,Ax=-36.84,Ay=-20.13,Az=647.70,Gx=2905.00,Gy=-49157.50,Gz=-15837T=N/A,H=N/A,SAT=7"
,2025-09-21T04:28:32Z,COM6,,UTC=11:33:11,18.70,120.292627,23.106585,,,,,,,,,N/A,SAT=7,-83.45,-79.30,1428.74,83370.00,-37555.00,-512T=N/A,,"Package=2603,UTC=11:33:11,Lat=23.106585,Lng=120.292627,Alt=18.70,Ax=-83.45,Ay=-79.30,Az=1428.74,Gx=83370.00,Gy=-37555.00,Gz=-512T=N/A,H=N/A,SAT=7"
,2025-09-21T04:28:34Z,COM6,,UTC=11:33:11,18.70,120.292627,23.106585,,,,,,,,,N/A,SAT=7,-11.35,-40.26,1048.22,19827.50,74760.00,-2040T=N/A,,"Package=2604,UTC=11:33:11,Lat=23.106585,Lng=120.292627,Alt=18.70,Ax=-11.35,Ay=-40.26,Az=1048.22,Gx=19827.50,Gy=74760.00,Gz=-2040T=N/A,H=N/A,SAT=7"
,2025-09-21T04:28:35Z,COM6,,UTC=11:33:11,18.70,120.292627,23.106585,,,,,,,,,N/A,SAT=7,-25.50,45.87,818.62,-48562.50,-28875.00,-2775T=N/A,,"Package=2605,UTC=11:33:11,Lat=23.106585,Lng=120.292627,Alt=18.70,Ax=-25.50,Ay=45.87,Az=818.62,Gx=-48562.50,Gy=-28875.00,Gz=-2775T=N/A,H=N/A,SAT=7"
,2025-09-21T04:28:37Z,COM6,,UTC=11:33:11,18.70,120.292627,23.106585,,,,,,,,,N/A,SAT=7,-25.25,-19.15,1833.17,28857.50,217210.00,-154T=N/A,,"Package=2606,UTC=11:33:11,Lat=23.106585,Lng=120.292627,Alt=18.70,Ax=-25.25,Ay=-19.15,Az=1833.17,Gx=28857.50,Gy=217210.00,Gz=-154T=N/A,H=N/A,SAT=7"
,2025-09-21T04:28:39Z,COM6,,UTC=11:33:11,18.70,120.292627,23.106585,,,,,,,,,N/A,SAT=7,-15.49,-34.65,804.47,10745.00,81742.50,-81095T=N/A,,"Package=2607,UTC=11:33:11,Lat=23.106585,Lng=120.292627,Alt=18.70,Ax=-15.49,Ay=-34.65,Az=804.47,Gx=10745.00,Gy=81742.50,Gz=-81095T=N/A,H=N/A,SAT=7"
,2025-09-21T04:28:40Z,COM6,,UTC=11:33:11,18.70,120.292627,23.106585,,,,,,,,,N/A,SAT=7,-40.75,-22.94,630.25,-26775.00,4340.00,-10995T=N/A,,"Package=2608,UTC=11:33:11,Lat=23.106585,Lng=120.292627,Alt=18.70,Ax=-40.75,Ay=-22.94,Az=630.25,Gx=-26775.00,Gy=4340.00,Gz=-10995T=N/A,H=N/A,SAT=7"
,2025-09-21T04:28:42Z,COM6,,UTC=11:33:11,18.70,120.292627,23.106585,,,,,,,,,N/A,SAT=7,-5.37,-3.66,1337.49,-109340.00,116987.50,-972T=N/A,,"Package=2609,UTC=11:33:11,Lat=23.106585,Lng=120.292627,Alt=18.70,Ax=-5.37,Ay=-3.66,Az=1337.49,Gx=-109340.00,Gy=116987.50,Gz=-972T=N/A,H=N/A,SAT=7"
,2025-09-21T04:28:44Z,COM6,,UTC=11:33:11,18.70,120.292627,23.106585,,,,,,,,,N/A,SAT=7,-37.70,-35.38,1007.23,-16222.50,49122.50,-181T=N/A,,"Package=2610,UTC=11:33:11,Lat=23.106585,Lng=120.292627,Alt=18.70,Ax=-37.70,Ay=-35.38,Az=1007.23,Gx=-16222.50,Gy=49122.50,Gz=-181T=N/A,H=N/A,SAT=7"
,2025-09-21T04:28:45Z,COM6,,UTC=11:33:11,18.70,120.292627,23.106585,,,,,,,,,N/A,SAT=7,-19.03,-42.09,836.19,45885.00,41195.00,-99137T=N/A,,"Package=2611,UTC=11:33:11,Lat=23.106585,Lng=120.292627,Alt=18.70,Ax=-19.03,Ay=-42.09,Az=836.19,Gx=45885.00,Gy=41195.00,Gz=-99137T=N/A,H=N/A,SAT=7"
,2025-09-21T04:28:47Z,COM6,,UTC=11:33:11,18.70,120.292627,23.106585,,,,,,,,,N/A,SAT=7,-71.25,-31.96,1107.64,-17780.00,-61705.00,-74T=N/A,,"Package=2612,UTC=11:33:11,Lat=23.106585,Lng=120.292627,Alt=18.70,Ax=-71.25,Ay=-31.96,Az=1107.64,Gx=-17780.00,Gy=-61705.00,Gz=-74T=N/A,H=N/A,SAT=7"
,2025-09-21T04:28:49Z,COM6,,UTC=11:33:11,18.70,120.292627,23.106585,,,,,,,,,N/A,SAT=7,-38.31,-11.47,999.42,69877.50,-4322.50,-82460T=N/A,,"Package=2613,UTC=11:33:11,Lat=23.106585,Lng=120.292627,Alt=18.70,Ax=-38.31,Ay=-11.47,Az=999.42,Gx=69877.50,Gy=-4322.50,Gz=-82460T=N/A,H=N/A,SAT=7"
,2025-09-21T04:28:50Z,COM6,,UTC=11:33:11,18.70,120.292627,23.106585,,,,,,,,,N/A,SAT=7,-14.40,-16.35,764.33,-40197.50,16572.50,-4690T=N/A,,"Package=2614,UTC=11:33:11,Lat=23.106585,Lng=120.292627,Alt=18.70,Ax=-14.40,Ay=-16.35,Az=764.33,Gx=-40197.50,Gy=16572.50,Gz=-4690T=N/A,H=N/A,SAT=7"
,2025-09-21T04:28:52Z,COM6,,UTC=11:33:11,18.70,120.292627,23.106585,,,,,,,,,N/A,SAT=7,-21.84,-42.58,1124.96,42927.50,63665.00,-1369T=N/A,,"Package=2615,UTC=11:33:11,Lat=23.106585,Lng=120.292627,Alt=18.70,Ax=-21.84,Ay=-42.58,Az=1124.96,Gx=42927.50,Gy=63665.00,Gz=-1369T=N/A,H=N/A,SAT=7"
,2025-09-21T04:28:54Z,COM6,,UTC=11:33:11,18.70,120.292627,23.106585,,,,,,,,,N/A,SAT=7,-47.58,-22.81,1131.67,2625.00,72380.00,-16810T=N/A,,"Package=2616,UTC=11:33:11,Lat=23.106585,Lng=120.292627,Alt=18.70,Ax=-47.58,Ay=-22.81,Az=1131.67,Gx=2625.00,Gy=72380.00,Gz=-16810T=N/A,H=N/A,SAT=7"
,2025-09-21T04:28:55Z,COM6,,UTC=11:33:11,18.70,120.292627,23.106585,,,,,,,,,N/A,SAT=7,-16.96,-15.86,791.41,6212.50,48265.00,-170537T=N/A,,"Package=2617,UTC=11:33:11,Lat=23.106585,Lng=120.292627,Alt=18.70,Ax=-16.96,Ay=-15.86,Az=791.41,Gx=6212.50,Gy=48265.00,Gz=-170537T=N/A,H=N/A,SAT=7"
,2025-09-21T04:28:57Z,COM6,,UTC=11:33:11,18.70,120.292627,23.106585,,,,,,,,,N/A,SAT=7,-25.99,-33.67,1339.32,8260.00,77997.50,-13917T=N/A,,"Package=2618,UTC=11:33:11,Lat=23.106585,Lng=120.292627,Alt=18.70,Ax=-25.99,Ay=-33.67,Az=1339.32,Gx=8260.00,Gy=77997.50,Gz=-13917T=N/A,H=N/A,SAT=7"
,2025-09-21T04:28:59Z,COM6,,UTC=11:33:11,18.70,120.292627,23.106585,,,,,,,,,N/A,SAT=7,-43.19,18.06,996.01,-48072.50,-12687.50,-1458T=N/A,,"Package=2619,UTC=11:33:11,Lat=23.106585,Lng=120.292627,Alt=18.70,Ax=-43.19,Ay=18.06,Az=996.01,Gx=-48072.50,Gy=-12687.50,Gz=-1458T=N/A,H=N/A,SAT=7"
,2025-09-21T04:29:00Z,COM6,,UTC=11:33:11,18.70,120.292627,23.106585,,,,,,,,,N/A,SAT=7,-39.53,-34.04,801.30,7455.00,-7280.00,-100187T=N/A,,"Package=2620,UTC=11:33:11,Lat=23.106585,Lng=120.292627,Alt=18.70,Ax=-39.53,Ay=-34.04,Az=801.30,Gx=7455.00,Gy=-7280.00,Gz=-100187T=N/A,H=N/A,SAT=7"
,2025-09-21T04:29:02Z,COM6,,UTC=11:33:11,18.70,120.292627,23.106585,,,,,,,,,N/A,SAT=7,-89.30,-12.57,1427.28,6230.00,-112507.50,9906T=N/A,,"Package=2621,UTC=11:33:11,Lat=23.106585,Lng=120.292627,Alt=18.70,Ax=-89.30,Ay=-12.57,Az=1427.28,Gx=6230.00,Gy=-112507.50,Gz=9906T=N/A,H=N/A,SAT=7"
,2025-09-21T04:29:04Z,COM6,,UTC=11:33:11,18.70,120.292627,23.106585,,,,,,,,,N/A,SAT=7,-75.52,27.33,1016.99,6895.00,65677.50,263970.T=N/A,,"Package=2622,UTC=11:33:11,Lat=23.106585,Lng=120.292627,Alt=18.70,Ax=-75.52,Ay=27.33,Az=1016.99,Gx=6895.00,Gy=65677.50,Gz=263970.T=N/A,H=N/A,SAT=7"
,2025-09-21T04:29:05Z,COM6,,UTC=11:33:11,18.70,120.292627,23.106585,,,,,,,,,N/A,SAT=7,-66.49,-11.35,770.55,43522.50,-17482.50,23185T=N/A,,"Package=2623,UTC=11:33:11,Lat=23.106585,Lng=120.292627,Alt=18.70,Ax=-66.49,Ay=-11.35,Az=770.55,Gx=43522.50,Gy=-17482.50,Gz=23185T=N/A,H=N/A,SAT=7"
,2025-09-21T04:29:07Z,COM6,,UTC=11:33:11,18.70,120.292627,23.106585,,,,,,,,,N/A,SAT=7,-103.46,-28.67,1356.27,59692.50,-39637.50,234T=N/A,,"Package=2624,UTC=11:33:11,Lat=23.106585,Lng=120.292627,Alt=18.70,Ax=-103.46,Ay=-28.67,Az=1356.27,Gx=59692.50,Gy=-39637.50,Gz=234T=N/A,H=N/A,SAT=7"
,2025-09-21T04:29:09Z,COM6,,UTC=11:33:11,18.70,120.292627,23.106585,,,,,,,,,N/A,SAT=7,-83.45,-36.11,1407.03,70122.50,21525.00,19369T=N/A,,"Package=2625,UTC=11:33:11,Lat=23.106585,Lng=120.292627,Alt=18.70,Ax=-83.45,Ay=-36.11,Az=1407.03,Gx=70122.50,Gy=21525.00,Gz=19369T=N/A,H=N/A,SAT=7"
,2025-09-21T04:29:10Z,COM6,,UTC=11:33:11,18.70,120.292627,23.106585,,,,,,,,,N/A,SAT=7,-75.64,37.58,637.08,-28997.50,-14542.50,27476T=N/A,,"Package=2626,UTC=11:33:11,Lat=23.106585,Lng=120.292627,Alt=18.70,Ax=-75.64,Ay=37.58,Az=637.08,Gx=-28997.50,Gy=-14542.50,Gz=27476T=N/A,H=N/A,SAT=7"
,2025-09-21T04:29:12Z,COM6,,UTC=11:33:11,18.70,120.292627,23.106585,,,,,,,,,N/A,SAT=7,-75.52,15.01,1071.53,-34895.00,12740.00,20186T=N/A,,"Package=2627,UTC=11:33:11,Lat=23.106585,Lng=120.292627,Alt=18.70,Ax=-75.52,Ay=15.01,Az=1071.53,Gx=-34895.00,Gy=12740.00,Gz=20186T=N/A,H=N/A,SAT=7"
,2025-09-21T04:29:14Z,COM6,,UTC=11:33:11,18.70,120.292627,23.106585,,,,,,,,,N/A,SAT=7,-40.99,-8.78,1170.59,18742.50,6877.50,143920.T=N/A,,"Package=2628,UTC=11:33:11,Lat=23.106585,Lng=120.292627,Alt=18.70,Ax=-40.99,Ay=-8.78,Az=1170.59,Gx=18742.50,Gy=6877.50,Gz=143920.T=N/A,H=N/A,SAT=7"
,2025-09-21T04:29:15Z,COM6,,UTC=11:33:11,18.70,120.292627,23.106585,,,,,,,,,N/A,SAT=7,-24.28,14.40,946.11,8662.50,33530.00,-168857.T=N/A,,"Package=2629,UTC=11:33:11,Lat=23.106585,Lng=120.292627,Alt=18.70,Ax=-24.28,Ay=14.40,Az=946.11,Gx=8662.50,Gy=33530.00,Gz=-168857.T=N/A,H=N/A,SAT=7"
,2025-09-21T04:29:17Z,COM6,,UTC=11:33:11,18.70,120.292627,23.106585,,,,,,,,,N/A,SAT=7,-87.35,-35.38,1779.25,14892.50,46200.00,-1666T=N/A,,"Package=2630,UTC=11:33:11,Lat=23.106585,Lng=120.292627,Alt=18.70,Ax=-87.35,Ay=-35.38,Az=1779.25,Gx=14892.50,Gy=46200.00,Gz=-1666T=N/A,H=N/A,SAT=7"
,2025-09-21T04:29:19Z,COM6,,UTC=11:33:11,18.70,120.292627,23.106585,,,,,,,,,N/A,SAT=7,-37.58,-10.25,861.81,-25480.00,-29820.00,-134T=N/A,,"Package=2631,UTC=11:33:11,Lat=23.106585,Lng=120.292627,Alt=18.70,Ax=-37.58,Ay=-10.25,Az=861.81,Gx=-25480.00,Gy=-29820.00,Gz=-134T=N/A,H=N/A,SAT=7"
,2025-09-21T04:29:20Z,COM6,,UTC=11:33:11,18.70,120.292627,23.106585,,,,,,,,,N/A,SAT=7,-134.44,49.41,1068.60,-89302.50,-119175.00,-4T=N/A,,"Package=2632,UTC=11:33:11,Lat=23.106585,Lng=120.292627,Alt=18.70,Ax=-134.44,Ay=49.41,Az=1068.60,Gx=-89302.50,Gy=-119175.00,Gz=-4T=N/A,H=N/A,SAT=7"
,2025-09-21T04:29:22Z,COM6,,UTC=11:33:11,18.70,120.292627,23.106585,,,,,,,,,N/A,SAT=7,-4.27,-4.15,1154.97,11462.50,56332.50,-42840.T=N/A,,"Package=2633,UTC=11:33:11,Lat=23.106585,Lng=120.292627,Alt=18.70,Ax=-4.27,Ay=-4.15,Az=1154.97,Gx=11462.50,Gy=56332.50,Gz=-42840.T=N/A,H=N/A,SAT=7"
,2025-09-21T04:29:24Z,COM6,,UTC=11:33:11,18.70,120.292627,23.106585,,,,,,,,,N/A,SAT=7,54.66,-30.01,746.88,-17902.50,160475.00,30415T=N/A,,"Package=2634,UTC=11:33:11,Lat=23.106585,Lng=120.292627,Alt=18.70,Ax=54.66,Ay=-30.01,Az=746.88,Gx=-17902.50,Gy=160475.00,Gz=30415T=N/A,H=N/A,SAT=7"
,2025-09-21T04:29:25Z,COM6,,UTC=11:33:11,18.70,120.292627,23.106585,,,,,,,,,N/A,SAT=7,-41.72,-68.44,1014.06,107012.50,-37520.00,578T=N/A,,"Package=2635,UTC=11:33:11,Lat=23.106585,Lng=120.292627,Alt=18.70,Ax=-41.72,Ay=-68.44,Az=1014.06,Gx=107012.50,Gy=-37520.00,Gz=578T=N/A,H=N/A,SAT=7"
,2025-09-21T04:29:27Z,COM6,,UTC=11:33:11,18.70,120.292627,23.106585,,,,,,,,,N/A,SAT=7,-38.92,1.22,880.11,29575.00,14507.50,172672.5T=N/A,,"Package=2636,UTC=11:33:11,Lat=23.106585,Lng=120.292627,Alt=18.70,Ax=-38.92,Ay=1.22,Az=880.11,Gx=29575.00,Gy=14507.50,Gz=172672.5T=N/A,H=N/A,SAT=7"
,2025-09-21T04:29:29Z,COM6,,UTC=11:33:11,18.70,120.292627,23.106585,,,,,,,,,N/A,SAT=7,-31.35,-32.21,1134.60,65712.50,43382.50,10424T=N/A,,"Package=2637,UTC=11:33:11,Lat=23.106585,Lng=120.292627,Alt=18.70,Ax=-31.35,Ay=-32.21,Az=1134.60,Gx=65712.50,Gy=43382.50,Gz=10424T=N/A,H=N/A,SAT=7"
,2025-09-21T04:29:30Z,COM6,,UTC=11:33:11,18.70,120.292627,23.106585,,,,,,,,,N/A,SAT=7,-14.27,-12.93,995.52,-7227.50,-2327.50,-21367T=N/A,,"Package=2638,UTC=11:33:11,Lat=23.106585,Lng=120.292627,Alt=18.70,Ax=-14.27,Ay=-12.93,Az=995.52,Gx=-7227.50,Gy=-2327.50,Gz=-21367T=N/A,H=N/A,SAT=7"
,2025-09-21T04:29:32Z,COM6,,UTC=11:33:11,18.70,120.292627,23.106585,,,,,,,,,N/A,SAT=7,-40.38,-40.38,1355.79,-38675.00,38797.50,2927T=N/A,,"Package=2639,UTC=11:33:11,Lat=23.106585,Lng=120.292627,Alt=18.70,Ax=-40.38,Ay=-40.38,Az=1355.79,Gx=-38675.00,Gy=38797.50,Gz=2927T=N/A,H=N/A,SAT=7"
,2025-09-21T04:29:34Z,COM6,,UTC=11:33:11,18.70,120.292627,23.106585,,,,,,,,,N/A,SAT=7,-36.36,-20.50,957.21,-13055.00,15400.00,52622T=N/A,,"Package=2640,UTC=11:33:11,Lat=23.106585,Lng=120.292627,Alt=18.70,Ax=-36.36,Ay=-20.50,Az=957.21,Gx=-13055.00,Gy=15400.00,Gz=52622T=N/A,H=N/A,SAT=7"
,2025-09-21T04:29:35Z,COM6,,UTC=11:33:11,18.70,120.292627,23.106585,,,,,,,,,N/A,SAT=7,-28.67,-25.38,947.82,-12075.00,420.00,-126577T=N/A,,"Package=2641,UTC=11:33:11,Lat=23.106585,Lng=120.292627,Alt=18.70,Ax=-28.67,Ay=-25.38,Az=947.82,Gx=-12075.00,Gy=420.00,Gz=-126577T=N/A,H=N/A,SAT=7"
,2025-09-21T04:29:37Z,COM6,,UTC=11:33:11,18.70,120.292627,23.106585,,,,,,,,,N/A,SAT=7,-45.75,-38.31,1762.90,15697.50,-4497.50,-1421T=N/A,,"Package=2642,UTC=11:33:11,Lat=23.106585,Lng=120.292627,Alt=18.70,Ax=-45.75,Ay=-38.31,Az=1762.90,Gx=15697.50,Gy=-4497.50,Gz=-1421T=N/A,H=N/A,SAT=7"
,2025-09-21T04:29:39Z,COM6,,UTC=11:33:11,18.70,120.292627,23.106585,,,,,,,,,N/A,SAT=7,-15.98,-71.86,1001.86,79625.00,90265.00,-4749T=N/A,,"Package=2643,UTC=11:33:11,Lat=23.106585,Lng=120.292627,Alt=18.70,Ax=-15.98,Ay=-71.86,Az=1001.86,Gx=79625.00,Gy=90265.00,Gz=-4749T=N/A,H=N/A,SAT=7"
,2025-09-21T04:29:40Z,COM6,,UTC=11:33:11,18.70,120.292627,23.106585,,,,,,,,,N/A,SAT=7,-16.71,-30.74,789.58,42087.50,-10902.50,35122T=N/A,,"Package=2644,UTC=11:33:11,Lat=23.106585,Lng=120.292627,Alt=18.70,Ax=-16.71,Ay=-30.74,Az=789.58,Gx=42087.50,Gy=-10902.50,Gz=35122T=N/A,H=N/A,SAT=7"
,2025-09-21T04:29:42Z,COM6,,UTC=11:33:11,18.70,120.292627,23.106585,,,,,,,,,N/A,SAT=7,-102.97,22.08,1644.56,-30502.50,-58695.00,199T=N/A,,"Package=2645,UTC=11:33:11,Lat=23.106585,Lng=120.292627,Alt=18.70,Ax=-102.97,Ay=22.08,Az=1644.56,Gx=-30502.50,Gy=-58695.00,Gz=199T=N/A,H=N/A,SAT=7"
,2025-09-21T04:29:44Z,COM6,,UTC=11:33:11,18.70,120.292627,23.106585,,,,,,,,,N/A,SAT=7,-45.99,-20.74,1079.09,58555.00,104142.50,1801T=N/A,,"Package=2646,UTC=11:33:11,Lat=23.106585,Lng=120.292627,Alt=18.70,Ax=-45.99,Ay=-20.74,Az=1079.09,Gx=58555.00,Gy=104142.50,Gz=1801T=N/A,H=N/A,SAT=7"
,2025-09-21T04:29:46Z,COM6,,UTC=11:33:11,18.70,120.292627,23.106585,,,,,,,,,N/A,SAT=7,-88.57,77.35,1046.52,-42647.50,57452.50,31953T=N/A,,"Package=2647,UTC=11:33:11,Lat=23.106585,Lng=120.292627,Alt=18.70,Ax=-88.57,Ay=77.35,Az=1046.52,Gx=-42647.50,Gy=57452.50,Gz=31953T=N/A,H=N/A,SAT=7"
,2025-09-21T04:29:47Z,COM6,,UTC=11:33:11,18.70,120.292627,23.106585,,,,,,,,,N/A,SAT=7,-134.32,-66.49,1939.31,79502.50,-70612.50,118T=N/A,,"Package=2648,UTC=11:33:11,Lat=23.106585,Lng=120.292627,Alt=18.70,Ax=-134.32,Ay=-66.49,Az=1939.31,Gx=79502.50,Gy=-70612.50,Gz=118T=N/A,H=N/A,SAT=7"
,2025-09-21T04:29:49Z,COM6,,UTC=11:33:11,18.70,120.292627,23.106585,,,,,,,,,N/A,SAT=7,-42.94,37.09,954.77,-66500.00,80657.50,222285T=N/A,,"Package=2649,UTC=11:33:11,Lat=23.106585,Lng=120.292627,Alt=18.70,Ax=-42.94,Ay=37.09,Az=954.77,Gx=-66500.00,Gy=80657.50,Gz=222285T=N/A,H=N/A,SAT=7"
,2025-09-21T04:29:51Z,COM6,,UTC=11:33:11,18.70,120.292627,23.106585,,,,,,,,,N/A,SAT=7,-113.46,-3.42,613.05,-52692.50,-204977.50,115T=N/A,,"Package=2650,UTC=11:33:11,Lat=23.106585,Lng=120.292627,Alt=18.70,Ax=-113.46,Ay=-3.42,Az=613.05,Gx=-52692.50,Gy=-204977.50,Gz=115T=N/A,H=N/A,SAT=7"
,2025-09-21T04:29:52Z,COM6,,UTC=11:33:11,18.70,120.292627,23.106585,,,,,,,,,N/A,SAT=7,-99.80,55.75,1666.89,-86905.00,-38710.00,2515T=N/A,,"Package=2651,UTC=11:33:11,Lat=23.106585,Lng=120.292627,Alt=18.70,Ax=-99.80,Ay=55.75,Az=1666.89,Gx=-86905.00,Gy=-38710.00,Gz=2515T=N/A,H=N/A,SAT=7"
,2025-09-21T04:29:54Z,COM6,,UTC=11:33:11,18.70,120.292627,23.106585,,,,,,,,,N/A,SAT=7,8.54,8.42,1198.77,-126140.00,147000.00,58362.T=N/A,,"Package=2652,UTC=11:33:11,Lat=23.106585,Lng=120.292627,Alt=18.70,Ax=8.54,Ay=8.42,Az=1198.77,Gx=-126140.00,Gy=147000.00,Gz=58362.T=N/A,H=N/A,SAT=7"
,2025-09-21T04:29:56Z,COM6,,UTC=11:33:11,18.70,120.292627,23.106585,,,,,,,,,N/A,SAT=7,15.86,-39.65,696.62,58870.00,73692.50,-25340.T=N/A,,"Package=2653,UTC=11:33:11,Lat=23.106585,Lng=120.292627,Alt=18.70,Ax=15.86,Ay=-39.65,Az=696.62,Gx=58870.00,Gy=73692.50,Gz=-25340.T=N/A,H=N/A,SAT=7"
,2025-09-21T04:29:57Z,COM6,,UTC=11:33:11,18.70,120.292627,23.106585,,,,,,,,,N/A,SAT=7,-48.07,27.33,2416.82,-154420.00,62090.00,1172T=N/A,,"Package=2654,UTC=11:33:11,Lat=23.106585,Lng=120.292627,Alt=18.70,Ax=-48.07,Ay=27.33,Az=2416.82,Gx=-154420.00,Gy=62090.00,Gz=1172T=N/A,H=N/A,SAT=7"
,2025-09-21T04:29:59Z,COM6,,UTC=11:33:11,18.70,120.292627,23.106585,,,,,,,,,N/A,SAT=7,-55.51,25.01,726.88,63945.00,15067.50,243565.T=N/A,,"Package=2655,UTC=11:33:11,Lat=23.106585,Lng=120.292627,Alt=18.70,Ax=-55.51,Ay=25.01,Az=726.88,Gx=63945.00,Gy=15067.50,Gz=243565.T=N/A,H=N/A,SAT=7"
,2025-09-21T04:30:01Z,COM6,,UTC=11:33:11,18.70,120.292627,23.106585,,,,,,,,,N/A,SAT=7,8.54,-94.18,1488.77,105087.50,117547.50,23135T=N/A,,"Package=2656,UTC=11:33:11,Lat=23.106585,Lng=120.292627,Alt=18.70,Ax=8.54,Ay=-94.18,Az=1488.77,Gx=105087.50,Gy=117547.50,Gz=23135T=N/A,H=N/A,SAT=7"
,2025-09-21T04:30:02Z,COM6,,UTC=11:33:11,18.70,120.292627,23.106585,,,,,,,,,N/A,SAT=7,-36.72,-41.48,1086.29,38045.00,-28175.00,6893T=N/A,,"Package=2657,UTC=11:33:11,Lat=23.106585,Lng=120.292627,Alt=18.70,Ax=-36.72,Ay=-41.48,Az=1086.29,Gx=38045.00,Gy=-28175.00,Gz=6893T=N/A,H=N/A,SAT=7"
,2025-09-21T04:30:04Z,COM6,,UTC=11:33:11,18.70,120.292627,23.106585,,,,,,,,N/A,N/A,SAT=7,-33.18,-23.18,670.76,-20597.50,122.50,87.50,,"Package=2658,UTC=11:33:11,Lat=23.106585,Lng=120.292627,Alt=18.70,Ax=-33.18,Ay=-23.18,Az=670.76,Gx=-20597.50,Gy=122.50,Gz=87.50,T=N/A,H=N/A,SAT=7"
,2025-09-21T04:30:06Z,COM6,,UTC=11:33:11,18.70,120.292627,23.106585,,,,,,,,,N/A,SAT=7,-97.72,-21.72,1400.19,-3255.00,-65047.50,6209T=N/A,,"Package=2659,UTC=11:33:11,Lat=23.106585,Lng=120.292627,Alt=18.70,Ax=-97.72,Ay=-21.72,Az=1400.19,Gx=-3255.00,Gy=-65047.50,Gz=6209T=N/A,H=N/A,SAT=7"
,2025-09-21T04:30:07Z,COM6,,UTC=11:33:11,18.70,120.292627,23.106585,,,,,,,,,N/A,SAT=7,-82.84,-2.56,803.25,-28507.50,-15522.50,20482T=N/A,,"Package=2660,UTC=11:33:11,Lat=23.106585,Lng=120.292627,Alt=18.70,Ax=-82.84,Ay=-2.56,Az=803.25,Gx=-28507.50,Gy=-15522.50,Gz=20482T=N/A,H=N/A,SAT=7"
,2025-09-21T04:30:09Z,COM6,,UTC=11:33:11,18.70,120.292627,23.106585,,,,,,,,,N/A,SAT=7,-41.72,6.47,961.60,-15890.00,37555.00,169155.T=N/A,,"Package=2661,UTC=11:33:11,Lat=23.106585,Lng=120.292627,Alt=18.70,Ax=-41.72,Ay=6.47,Az=961.60,Gx=-15890.00,Gy=37555.00,Gz=169155.T=N/A,H=N/A,SAT=7"
,2025-09-21T04:30:11Z,COM6,,UTC=11:33:11,18.70,120.292627,23.106585,,,,,,,,,N/A,SAT=7,-60.02,-63.93,1716.66,67952.50,-525.00,123042T=N/A,,"Package=2662,UTC=11:33:11,Lat=23.106585,Lng=120.292627,Alt=18.70,Ax=-60.02,Ay=-63.93,Az=1716.66,Gx=67952.50,Gy=-525.00,Gz=123042T=N/A,H=N/A,SAT=7"
,2025-09-21T04:30:12Z,COM6,,UTC=11:33:11,18.70,120.292627,23.106585,,,,,,,,,N/A,SAT=7,-11.22,-39.77,815.08,23712.50,-1592.50,-6020.T=N/A,,"Package=2663,UTC=11:33:11,Lat=23.106585,Lng=120.292627,Alt=18.70,Ax=-11.22,Ay=-39.77,Az=815.08,Gx=23712.50,Gy=-1592.50,Gz=-6020.T=N/A,H=N/A,SAT=7"
,2025-09-21T04:30:14Z,COM6,,UTC=11:33:11,18.70,120.292627,23.106585,,,,,,,,,N/A,SAT=7,-66.00,-26.11,714.19,49420.00,-118265.00,-634T=N/A,,"Package=2664,UTC=11:33:11,Lat=23.106585,Lng=120.292627,Alt=18.70,Ax=-66.00,Ay=-26.11,Az=714.19,Gx=49420.00,Gy=-118265.00,Gz=-634T=N/A,H=N/A,SAT=7"
,2025-09-21T04:30:16Z,COM6,,UTC=11:33:11,18.70,120.292627,23.106585,,,,,,,,,N/A,SAT=7,-117.36,-5.73,1710.81,-24797.50,-88760.00,-10T=N/A,,"Package=2665,UTC=11:33:11,Lat=23.106585,Lng=120.292627,Alt=18.70,Ax=-117.36,Ay=-5.73,Az=1710.81,Gx=-24797.50,Gy=-88760.00,Gz=-10T=N/A,H=N/A,SAT=7"
,2025-09-21T04:30:17Z,COM6,,UTC=11:33:11,18.70,120.292627,23.106585,,,,,,,,,N/A,SAT=7,-46.73,7.81,921.34,-88322.50,-49157.50,-83475T=N/A,,"Package=2666,UTC=11:33:11,Lat=23.106585,Lng=120.292627,Alt=18.70,Ax=-46.73,Ay=7.81,Az=921.34,Gx=-88322.50,Gy=-49157.50,Gz=-83475T=N/A,H=N/A,SAT=7"
,2025-09-21T04:30:19Z,COM6,,UTC=11:33:11,18.70,120.292627,23.106585,,,,,,,,,N/A,SAT=7,-21.47,-86.86,838.51,157657.50,-25060.00,-621T=N/A,,"Package=2667,UTC=11:33:11,Lat=23.106585,Lng=120.292627,Alt=18.70,Ax=-21.47,Ay=-86.86,Az=838.51,Gx=157657.50,Gy=-25060.00,Gz=-621T=N/A,H=N/A,SAT=7"
,2025-09-21T04:30:21Z,COM6,,UTC=11:33:11,18.70,120.292627,23.106585,,,,,,,,,N/A,SAT=7,-83.69,-17.08,1332.97,13912.50,-102445.00,-12T=N/A,,"Package=2668,UTC=11:33:11,Lat=23.106585,Lng=120.292627,Alt=18.70,Ax=-83.69,Ay=-17.08,Az=1332.97,Gx=13912.50,Gy=-102445.00,Gz=-12T=N/A,H=N/A,SAT=7"
,2025-09-21T04:30:22Z,COM6,,UTC=11:33:11,18.70,120.292627,23.106585,,,,,,,,,N/A,SAT=7,-88.57,-26.11,928.18,15015.00,-108517.50,1847T=N/A,,"Package=2669,UTC=11:33:11,Lat=23.106585,Lng=120.292627,Alt=18.70,Ax=-88.57,Ay=-26.11,Az=928.18,Gx=15015.00,Gy=-108517.50,Gz=1847T=N/A,H=N/A,SAT=7"
,2025-09-21T04:30:24Z,COM6,,UTC=11:33:11,18.70,120.292627,23.106585,,,,,,,,,N/A,SAT=7,-52.34,-62.95,878.40,96285.00,-5827.50,160597T=N/A,,"Package=2670,UTC=11:33:11,Lat=23.106585,Lng=120.292627,Alt=18.70,Ax=-52.34,Ay=-62.95,Az=878.40,Gx=96285.00,Gy=-5827.50,Gz=160597T=N/A,H=N/A,SAT=7"
,2025-09-21T04:30:26Z,COM6,,UTC=11:33:11,18.70,120.292627,23.106585,,,,,,,,,N/A,SAT=7,-55.39,-43.31,1410.08,-18532.50,13947.50,-127T=N/A,,"Package=2671,UTC=11:33:11,Lat=23.106585,Lng=120.292627,Alt=18.70,Ax=-55.39,Ay=-43.31,Az=1410.08,Gx=-18532.50,Gy=13947.50,Gz=-127T=N/A,H=N/A,SAT=7"
,2025-09-21T04:30:27Z,COM6,,UTC=11:33:11,18.70,120.292627,23.106585,,,,,,,,,N/A,SAT=7,-51.36,6.22,954.04,-66202.50,34317.50,-159862T=N/A,,"Package=2672,UTC=11:33:11,Lat=23.106585,Lng=120.292627,Alt=18.70,Ax=-51.36,Ay=6.22,Az=954.04,Gx=-66202.50,Gy=34317.50,Gz=-159862T=N/A,H=N/A,SAT=7"
,2025-09-21T04:30:29Z,COM6,,UTC=11:33:11,18.70,120.292627,23.106585,,,,,,,,,N/A,SAT=7,-77.23,32.94,1131.55,-22085.00,5250.00,-24347T=N/A,,"Package=2673,UTC=11:33:11,Lat=23.106585,Lng=120.292627,Alt=18.70,Ax=-77.23,Ay=32.94,Az=1131.55,Gx=-22085.00,Gy=5250.00,Gz=-24347T=N/A,H=N/A,SAT=7"
,2025-09-21T04:30:31Z,COM6,,UTC=11:33:11,18.70,120.292627,23.106585,,,,,,,,,N/A,SAT=7,-45.87,-43.92,1336.63,48947.50,22015.00,-1017T=N/A,,"Package=2674,UTC=11:33:11,Lat=23.106585,Lng=120.292627,Alt=18.70,Ax=-45.87,Ay=-43.92,Az=1336.63,Gx=48947.50,Gy=22015.00,Gz=-1017T=N/A,H=N/A,SAT=7"
,2025-09-21T04:30:32Z,COM6,,UTC=11:33:11,18.70,120.292627,23.106585,,,,,,,,,N/A,SAT=7,-29.04,9.76,857.90,-1260.00,59080.00,-133910.T=N/A,,"Package=2675,UTC=11:33:11,Lat=23.106585,Lng=120.292627,Alt=18.70,Ax=-29.04,Ay=9.76,Az=857.90,Gx=-1260.00,Gy=59080.00,Gz=-133910.T=N/A,H=N/A,SAT=7"
,2025-09-21T04:30:34Z,COM6,,UTC=11:33:11,18.70,120.292627,23.106585,,,,,,,,,N/A,SAT=7,-64.90,-13.91,1092.51,30275.00,-61652.50,-135T=N/A,,"Package=2676,UTC=11:33:11,Lat=23.106585,Lng=120.292627,Alt=18.70,Ax=-64.90,Ay=-13.91,Az=1092.51,Gx=30275.00,Gy=-61652.50,Gz=-135T=N/A,H=N/A,SAT=7"
,2025-09-21T04:30:36Z,COM6,,UTC=11:33:11,18.70,120.292627,23.106585,,,,,,,,,N/A,SAT=7,-7.08,-23.42,958.80,39200.00,75652.50,-47250.T=N/A,,"Package=2677,UTC=11:33:11,Lat=23.106585,Lng=120.292627,Alt=18.70,Ax=-7.08,Ay=-23.42,Az=958.80,Gx=39200.00,Gy=75652.50,Gz=-47250.T=N/A,H=N/A,SAT=7"
,2025-09-21T04:30:37Z,COM6,,UTC=11:33:11,18.70,120.292627,23.106585,,,,,,,,,N/A,SAT=7,-18.79,-25.25,840.09,57820.00,-1295.00,23642.T=N/A,,"Package=2678,UTC=11:33:11,Lat=23.106585,Lng=120.292627,Alt=18.70,Ax=-18.79,Ay=-25.25,Az=840.09,Gx=57820.00,Gy=-1295.00,Gz=23642.T=N/A,H=N/A,SAT=7"
,2025-09-21T04:30:39Z,COM6,,UTC=11:33:11,18.70,120.292627,23.106585,,,,,,,,,N/A,SAT=7,-73.93,-56.61,1686.04,59482.50,-25410.00,-411T=N/A,,"Package=2679,UTC=11:33:11,Lat=23.106585,Lng=120.292627,Alt=18.70,Ax=-73.93,Ay=-56.61,Az=1686.04,Gx=59482.50,Gy=-25410.00,Gz=-411T=N/A,H=N/A,SAT=7"
,2025-09-21T04:30:41Z,COM6,,UTC=11:33:11,18.70,120.292627,23.106585,,,,,,,,,N/A,SAT=7,-33.55,-56.36,912.56,22277.50,-3797.50,-82127T=N/A,,"Package=2680,UTC=11:33:11,Lat=23.106585,Lng=120.292627,Alt=18.70,Ax=-33.55,Ay=-56.36,Az=912.56,Gx=22277.50,Gy=-3797.50,Gz=-82127T=N/A,H=N/A,SAT=7"
,2025-09-21T04:30:42Z,COM6,,UTC=11:33:11,18.70,120.292627,23.106585,,,,,,,,,N/A,SAT=7,-6.95,-10.49,1043.95,-17780.00,63892.50,-2135T=N/A,,"Package=2681,UTC=11:33:11,Lat=23.106585,Lng=120.292627,Alt=18.70,Ax=-6.95,Ay=-10.49,Az=1043.95,Gx=-17780.00,Gy=63892.50,Gz=-2135T=N/A,H=N/A,SAT=7"
,2025-09-21T04:30:44Z,COM6,,UTC=11:33:11,18.70,120.292627,23.106585,,,,,,,,,N/A,SAT=7,-25.74,-46.60,1260.75,-40950.00,85995.00,1104T=N/A,,"Package=2682,UTC=11:33:11,Lat=23.106585,Lng=120.292627,Alt=18.70,Ax=-25.74,Ay=-46.60,Az=1260.75,Gx=-40950.00,Gy=85995.00,Gz=1104T=N/A,H=N/A,SAT=7"
,2025-09-21T04:30:46Z,COM6,,UTC=11:33:11,18.70,120.292627,23.106585,,,,,,,,,N/A,SAT=7,-25.01,5.86,907.31,-43680.00,5792.50,-80850.0T=N/A,,"Package=2683,UTC=11:33:11,Lat=23.106585,Lng=120.292627,Alt=18.70,Ax=-25.01,Ay=5.86,Az=907.31,Gx=-43680.00,Gy=5792.50,Gz=-80850.0T=N/A,H=N/A,SAT=7"
,2025-09-21T04:30:47Z,COM6,,UTC=11:33:11,18.70,120.292627,23.106585,,,,,,,,,N/A,SAT=7,-161.89,5.25,1032.12,38447.50,-70735.00,-2316T=N/A,,"Package=2684,UTC=11:33:11,Lat=23.106585,Lng=120.292627,Alt=18.70,Ax=-161.89,Ay=5.25,Az=1032.12,Gx=38447.50,Gy=-70735.00,Gz=-2316T=N/A,H=N/A,SAT=7"
,2025-09-21T04:30:49Z,COM6,,UTC=11:33:11,18.70,120.292627,23.106585,,,,,,,,,N/A,SAT=7,-32.45,7.56,1080.68,7997.50,58310.00,-179777.T=N/A,,"Package=2685,UTC=11:33:11,Lat=23.106585,Lng=120.292627,Alt=18.70,Ax=-32.45,Ay=7.56,Az=1080.68,Gx=7997.50,Gy=58310.00,Gz=-179777.T=N/A,H=N/A,SAT=7"
,2025-09-21T04:30:51Z,COM6,,UTC=11:33:11,18.70,120.292627,23.106585,,,,,,,,,N/A,SAT=7,-44.65,48.92,1225.37,-83877.50,31990.00,-2099T=N/A,,"Package=2686,UTC=11:33:11,Lat=23.106585,Lng=120.292627,Alt=18.70,Ax=-44.65,Ay=48.92,Az=1225.37,Gx=-83877.50,Gy=31990.00,Gz=-2099T=N/A,H=N/A,SAT=7"
,2025-09-21T04:30:52Z,COM6,,UTC=11:33:11,18.70,120.292627,23.106585,,,,,,,,,N/A,SAT=7,-40.99,-32.57,912.07,-13300.00,19127.50,-1164T=N/A,,"Package=2687,UTC=11:33:11,Lat=23.106585,Lng=120.292627,Alt=18.70,Ax=-40.99,Ay=-32.57,Az=912.07,Gx=-13300.00,Gy=19127.50,Gz=-1164T=N/A,H=N/A,SAT=7"
,2025-09-21T04:30:54Z,COM6,,UTC=11:33:11,18.70,120.292627,23.106585,,,,,,,,,N/A,SAT=7,-58.07,-39.53,1389.95,9677.50,-24220.00,8190.T=N/A,,"Package=2688,UTC=11:33:11,Lat=23.106585,Lng=120.292627,Alt=18.70,Ax=-58.07,Ay=-39.53,Az=1389.95,Gx=9677.50,Gy=-24220.00,Gz=8190.T=N/A,H=N/A,SAT=7"
,2025-09-21T04:30:56Z,COM6,,UTC=11:33:11,18.70,120.292627,23.106585,,,,,,,,,N/A,SAT=7,-19.28,-5.37,1100.20,-27457.50,9187.50,-42070T=N/A,,"Package=2689,UTC=11:33:11,Lat=23.106585,Lng=120.292627,Alt=18.70,Ax=-19.28,Ay=-5.37,Az=1100.20,Gx=-27457.50,Gy=9187.50,Gz=-42070T=N/A,H=N/A,SAT=7"
,2025-09-21T04:30:57Z,COM6,,UTC=11:33:11,18.70,120.292627,23.106585,,,,,,,,,N/A,SAT=7,-51.36,3.90,811.54,-14367.50,-25637.50,179777T=N/A,,"Package=2690,UTC=11:33:11,Lat=23.106585,Lng=120.292627,Alt=18.70,Ax=-51.36,Ay=3.90,Az=811.54,Gx=-14367.50,Gy=-25637.50,Gz=179777T=N/A,H=N/A,SAT=7"
,2025-09-21T04:30:59Z,COM6,,UTC=11:33:11,18.70,120.292627,23.106585,,,,,,,,,N/A,SAT=7,-40.99,-24.28,1634.07,-26862.50,12337.50,1168T=N/A,,"Package=2691,UTC=11:33:11,Lat=23.106585,Lng=120.292627,Alt=18.70,Ax=-40.99,Ay=-24.28,Az=1634.07,Gx=-26862.50,Gy=12337.50,Gz=1168T=N/A,H=N/A,SAT=7"
,2025-09-21T04:31:01Z,COM6,,UTC=11:33:11,18.70,120.292627,23.106585,,,,,,,,,N/A,SAT=7,-48.31,-36.60,1028.46,-35700.00,-38500.00,355T=N/A,,"Package=2692,UTC=11:33:11,Lat=23.106585,Lng=120.292627,Alt=18.70,Ax=-48.31,Ay=-36.60,Az=1028.46,Gx=-35700.00,Gy=-38500.00,Gz=355T=N/A,H=N/A,SAT=7"
,2025-09-21T04:31:03Z,COM6,,UTC=11:33:11,18.70,120.292627,23.106585,,,,,,,,,N/A,SAT=7,-17.57,-21.47,787.39,-21822.50,-38080.00,-322T=N/A,,"Package=2693,UTC=11:33:11,Lat=23.106585,Lng=120.292627,Alt=18.70,Ax=-17.57,Ay=-21.47,Az=787.39,Gx=-21822.50,Gy=-38080.00,Gz=-322T=N/A,H=N/A,SAT=7"
,2025-09-21T04:31:04Z,COM6,,UTC=11:33:11,18.70,120.292627,23.106585,,,,,,,,,N/A,SAT=7,-47.58,11.47,1834.03,-77472.50,55107.50,91595T=N/A,,"Package=2694,UTC=11:33:11,Lat=23.106585,Lng=120.292627,Alt=18.70,Ax=-47.58,Ay=11.47,Az=1834.03,Gx=-77472.50,Gy=55107.50,Gz=91595T=N/A,H=N/A,SAT=7"
,2025-09-21T04:31:06Z,COM6,,UTC=11:33:11,18.70,120.292627,23.106585,,,,,,,,,N/A,SAT=7,-22.94,-38.92,797.27,25882.50,6632.50,69090.0T=N/A,,"Package=2695,UTC=11:33:11,Lat=23.106585,Lng=120.292627,Alt=18.70,Ax=-22.94,Ay=-38.92,Az=797.27,Gx=25882.50,Gy=6632.50,Gz=69090.0T=N/A,H=N/A,SAT=7"
,2025-09-21T04:31:08Z,COM6,,UTC=11:33:11,18.70,120.292627,23.106585,,,,,,,,,N/A,SAT=7,-56.85,-33.79,1721.18,23887.50,81830.00,17843T=N/A,,"Package=2696,UTC=11:33:11,Lat=23.106585,Lng=120.292627,Alt=18.70,Ax=-56.85,Ay=-33.79,Az=1721.18,Gx=23887.50,Gy=81830.00,Gz=17843T=N/A,H=N/A,SAT=7"
,2025-09-21T04:31:09Z,COM6,,UTC=11:33:11,18.70,120.292627,23.106585,,,,,,,,,N/A,SAT=7,1.46,-61.49,1005.52,47950.00,59167.50,-4305.0T=N/A,,"Package=2697,UTC=11:33:11,Lat=23.106585,Lng=120.292627,Alt=18.70,Ax=1.46,Ay=-61.49,Az=1005.52,Gx=47950.00,Gy=59167.50,Gz=-4305.0T=N/A,H=N/A,SAT=7"
,2025-09-21T04:31:11Z,COM6,,UTC=11:33:11,18.70,120.292627,23.106585,,,,,,,,,N/A,SAT=7,8.91,-36.36,713.21,88882.50,78925.00,16537.50T=N/A,,"Package=2698,UTC=11:33:11,Lat=23.106585,Lng=120.292627,Alt=18.70,Ax=8.91,Ay=-36.36,Az=713.21,Gx=88882.50,Gy=78925.00,Gz=16537.50T=N/A,H=N/A,SAT=7"
,2025-09-21T04:31:13Z,COM6,,UTC=11:33:11,18.70,120.292627,23.106585,,,,,,,,,N/A,SAT=7,-22.45,-94.55,1019.07,83667.50,102270.00,-118T=N/A,,"Package=2699,UTC=11:33:11,Lat=23.106585,Lng=120.292627,Alt=18.70,Ax=-22.45,Ay=-94.55,Az=1019.07,Gx=83667.50,Gy=102270.00,Gz=-118T=N/A,H=N/A,SAT=7"
,2025-09-21T04:31:14Z,COM6,,UTC=11:33:11,18.70,120.292627,23.106585,,,,,,,,,N/A,SAT=7,-33.06,10.86,1145.95,-61757.50,78890.00,-1453T=N/A,,"Package=2700,UTC=11:33:11,Lat=23.106585,Lng=120.292627,Alt=18.70,Ax=-33.06,Ay=10.86,Az=1145.95,Gx=-61757.50,Gy=78890.00,Gz=-1453T=N/A,H=N/A,SAT=7"
,2025-09-21T04:31:16Z,COM6,,UTC=11:33:11,18.70,120.292627,23.106585,,,,,,,,N/A,N/A,SAT=7,7.44,-63.68,773.24,47652.50,34982.50,9817.50,,"Package=2701,UTC=11:33:11,Lat=23.106585,Lng=120.292627,Alt=18.70,Ax=7.44,Ay=-63.68,Az=773.24,Gx=47652.50,Gy=34982.50,Gz=9817.50,T=N/A,H=N/A,SAT=7"
,2025-09-21T04:31:18Z,COM6,,UTC=11:33:11,18.70,120.292627,23.106585,,,,,,,,,N/A,SAT=7,-17.08,-22.94,1112.03,-42910.00,47197.50,-104T=N/A,,"Package=2702,UTC=11:33:11,Lat=23.106585,Lng=120.292627,Alt=18.70,Ax=-17.08,Ay=-22.94,Az=1112.03,Gx=-42910.00,Gy=47197.50,Gz=-104T=N/A,H=N/A,SAT=7"
,2025-09-21T04:31:19Z,COM6,,UTC=11:33:11,18.70,120.292627,23.106585,,,,,,,,,N/A,SAT=7,-30.62,-30.38,1076.65,35980.00,33897.50,16887T=N/A,,"Package=2703,UTC=11:33:11,Lat=23.106585,Lng=120.292627,Alt=18.70,Ax=-30.62,Ay=-30.38,Az=1076.65,Gx=35980.00,Gy=33897.50,Gz=16887T=N/A,H=N/A,SAT=7"
,2025-09-21T04:31:21Z,COM6,,UTC=11:33:11,18.70,120.292627,23.106585,,,,,,,,,N/A,SAT=7,-23.18,-5.37,916.95,-10657.50,16730.00,-11719T=N/A,,"Package=2704,UTC=11:33:11,Lat=23.106585,Lng=120.292627,Alt=18.70,Ax=-23.18,Ay=-5.37,Az=916.95,Gx=-10657.50,Gy=16730.00,Gz=-11719T=N/A,H=N/A,SAT=7"
,2025-09-21T04:31:23Z,COM6,,UTC=11:33:11,18.70,120.292627,23.106585,,,,,,,,,N/A,SAT=7,-24.40,-16.47,1208.53,27982.50,69807.50,23327T=N/A,,"Package=2705,UTC=11:33:11,Lat=23.106585,Lng=120.292627,Alt=18.70,Ax=-24.40,Ay=-16.47,Az=1208.53,Gx=27982.50,Gy=69807.50,Gz=23327T=N/A,H=N/A,SAT=7"
,2025-09-21T04:31:24Z,COM6,,UTC=11:33:11,18.70,120.292627,23.106585,,,,,,,,,N/A,SAT=7,-20.25,-36.84,882.79,26005.00,-2450.00,33862.T=N/A,,"Package=2706,UTC=11:33:11,Lat=23.106585,Lng=120.292627,Alt=18.70,Ax=-20.25,Ay=-36.84,Az=882.79,Gx=26005.00,Gy=-2450.00,Gz=33862.T=N/A,H=N/A,SAT=7"
,2025-09-21T04:31:26Z,COM6,,UTC=11:33:11,18.70,120.292627,23.106585,,,,,,,,,N/A,SAT=7,-35.38,-10.13,1109.22,-36522.50,-9485.00,8911T=N/A,,"Package=2707,UTC=11:33:11,Lat=23.106585,Lng=120.292627,Alt=18.70,Ax=-35.38,Ay=-10.13,Az=1109.22,Gx=-36522.50,Gy=-9485.00,Gz=8911T=N/A,H=N/A,SAT=7"
,2025-09-21T04:31:28Z,COM6,,UTC=11:33:11,18.70,120.292627,23.106585,,,,,,,,,N/A,SAT=7,-14.88,-21.23,851.68,-34475.00,1610.00,3587.5T=N/A,,"Package=2708,UTC=11:33:11,Lat=23.106585,Lng=120.292627,Alt=18.70,Ax=-14.88,Ay=-21.23,Az=851.68,Gx=-34475.00,Gy=1610.00,Gz=3587.5T=N/A,H=N/A,SAT=7"
,2025-09-21T04:31:29Z,COM6,,UTC=11:33:11,18.70,120.292627,23.106585,,,,,,,,,N/A,SAT=7,-19.76,-43.68,1080.19,4060.00,8855.00,3465.00T=N/A,,"Package=2709,UTC=11:33:11,Lat=23.106585,Lng=120.292627,Alt=18.70,Ax=-19.76,Ay=-43.68,Az=1080.19,Gx=4060.00,Gy=8855.00,Gz=3465.00T=N/A,H=N/A,SAT=7"
,2025-09-21T04:31:31Z,COM6,,UTC=11:33:11,18.70,120.292627,23.106585,,,,,,,,,N/A,SAT=7,-46.73,-52.34,1154.00,13002.50,-21490.00,-427T=N/A,,"Package=2710,UTC=11:33:11,Lat=23.106585,Lng=120.292627,Alt=18.70,Ax=-46.73,Ay=-52.34,Az=1154.00,Gx=13002.50,Gy=-21490.00,Gz=-427T=N/A,H=N/A,SAT=7"
,2025-09-21T04:31:33Z,COM6,,UTC=11:33:11,18.70,120.292627,23.106585,,,,,,,,,N/A,SAT=7,-31.60,-17.69,1086.29,-297.50,47022.50,-14605T=N/A,,"Package=2711,UTC=11:33:11,Lat=23.106585,Lng=120.292627,Alt=18.70,Ax=-31.60,Ay=-17.69,Az=1086.29,Gx=-297.50,Gy=47022.50,Gz=-14605T=N/A,H=N/A,SAT=7"
,2025-09-21T04:31:34Z,COM6,,UTC=11:33:11,18.70,120.292627,23.106585,,,,,,,,,N/A,SAT=7,-34.40,-42.58,909.51,11935.00,16222.50,-36627T=N/A,,"Package=2712,UTC=11:33:11,Lat=23.106585,Lng=120.292627,Alt=18.70,Ax=-34.40,Ay=-42.58,Az=909.51,Gx=11935.00,Gy=16222.50,Gz=-36627T=N/A,H=N/A,SAT=7"
,2025-09-21T04:31:36Z,COM6,,UTC=11:33:11,18.70,120.292627,23.106585,,,,,,,,,N/A,SAT=7,-34.16,14.88,1041.27,-47162.50,5897.50,-14381T=N/A,,"Package=2713,UTC=11:33:11,Lat=23.106585,Lng=120.292627,Alt=18.70,Ax=-34.16,Ay=14.88,Az=1041.27,Gx=-47162.50,Gy=5897.50,Gz=-14381T=N/A,H=N/A,SAT=7"
,2025-09-21T04:31:38Z,COM6,,UTC=11:33:11,18.70,120.292627,23.106585,,,,,,,,,N/A,SAT=7,-32.70,-50.75,960.26,11690.00,44572.50,-49052T=N/A,,"Package=2714,UTC=11:33:11,Lat=23.106585,Lng=120.292627,Alt=18.70,Ax=-32.70,Ay=-50.75,Az=960.26,Gx=11690.00,Gy=44572.50,Gz=-49052T=N/A,H=N/A,SAT=7"
,2025-09-21T04:31:39Z,COM6,,UTC=11:33:11,18.70,120.292627,23.106585,,,,,,,,,N/A,SAT=7,-41.72,-25.62,1015.28,5267.50,-4725.00,-12435T=N/A,,"Package=2715,UTC=11:33:11,Lat=23.106585,Lng=120.292627,Alt=18.70,Ax=-41.72,Ay=-25.62,Az=1015.28,Gx=5267.50,Gy=-4725.00,Gz=-12435T=N/A,H=N/A,SAT=7"
,2025-09-21T04:31:41Z,COM6,,UTC=11:33:11,18.70,120.292627,23.106585,,,,,,,,,N/A,SAT=7,-36.84,-15.37,1109.71,-25620.00,-22452.50,-97T=N/A,,"Package=2716,UTC=11:33:11,Lat=23.106585,Lng=120.292627,Alt=18.70,Ax=-36.84,Ay=-15.37,Az=1109.71,Gx=-25620.00,Gy=-22452.50,Gz=-97T=N/A,H=N/A,SAT=7"
,2025-09-21T04:31:43Z,COM6,,UTC=11:33:11,18.70,120.292627,23.106585,,,,,,,,,N/A,SAT=7,-25.13,-25.74,1045.78,9397.50,-17307.50,18007T=N/A,,"Package=2717,UTC=11:33:11,Lat=23.106585,Lng=120.292627,Alt=18.70,Ax=-25.13,Ay=-25.74,Az=1045.78,Gx=9397.50,Gy=-17307.50,Gz=18007T=N/A,H=N/A,SAT=7"
,2025-09-21T04:31:44Z,COM6,,UTC=11:33:11,18.70,120.292627,23.106585,,,,,,,,,N/A,SAT=7,-17.08,-29.40,935.13,31692.50,13772.50,-71802T=N/A,,"Package=2718,UTC=11:33:11,Lat=23.106585,Lng=120.292627,Alt=18.70,Ax=-17.08,Ay=-29.40,Az=935.13,Gx=31692.50,Gy=13772.50,Gz=-71802T=N/A,H=N/A,SAT=7"
,2025-09-21T04:31:46Z,COM6,,UTC=11:33:11,18.70,120.292627,23.106585,,,,,,,,,N/A,SAT=7,-45.51,-6.83,1099.46,-15050.00,-17167.50,6392T=N/A,,"Package=2719,UTC=11:33:11,Lat=23.106585,Lng=120.292627,Alt=18.70,Ax=-45.51,Ay=-6.83,Az=1099.46,Gx=-15050.00,Gy=-17167.50,Gz=6392T=N/A,H=N/A,SAT=7"
,2025-09-21T04:31:48Z,COM6,,UTC=11:33:11,18.70,120.292627,23.106585,,,,,,,,,N/A,SAT=7,-30.74,-34.89,878.16,-8120.00,-5635.00,84315.T=N/A,,"Package=2720,UTC=11:33:11,Lat=23.106585,Lng=120.292627,Alt=18.70,Ax=-30.74,Ay=-34.89,Az=878.16,Gx=-8120.00,Gy=-5635.00,Gz=84315.T=N/A,H=N/A,SAT=7"
,2025-09-21T04:31:49Z,COM6,,UTC=11:33:11,18.70,120.292627,23.106585,,,,,,,,,N/A,SAT=7,-59.17,-47.21,977.95,8697.50,-59447.50,11987.T=N/A,,"Package=2721,UTC=11:33:11,Lat=23.106585,Lng=120.292627,Alt=18.70,Ax=-59.17,Ay=-47.21,Az=977.95,Gx=8697.50,Gy=-59447.50,Gz=11987.T=N/A,H=N/A,SAT=7"
,2025-09-21T04:31:51Z,COM6,,UTC=11:33:11,18.70,120.292627,23.106585,,,,,,,,,N/A,SAT=7,-23.91,-27.33,1164.37,11812.50,-12512.50,-978T=N/A,,"Package=2722,UTC=11:33:11,Lat=23.106585,Lng=120.292627,Alt=18.70,Ax=-23.91,Ay=-27.33,Az=1164.37,Gx=11812.50,Gy=-12512.50,Gz=-978T=N/A,H=N/A,SAT=7"
,2025-09-21T04:31:53Z,COM6,,UTC=11:33:11,18.70,120.292627,23.106585,,,,,,,,,N/A,SAT=7,-29.40,-37.21,1021.99,29487.50,6912.50,12810.T=N/A,,"Package=2723,UTC=11:33:11,Lat=23.106585,Lng=120.292627,Alt=18.70,Ax=-29.40,Ay=-37.21,Az=1021.99,Gx=29487.50,Gy=6912.50,Gz=12810.T=N/A,H=N/A,SAT=7"
,2025-09-21T04:31:54Z,COM6,,UTC=11:33:11,18.70,120.292627,23.106585,,,,,,,,,N/A,SAT=7,-28.18,-54.41,1080.92,21437.50,-7577.50,-6384T=N/A,,"Package=2724,UTC=11:33:11,Lat=23.106585,Lng=120.292627,Alt=18.70,Ax=-28.18,Ay=-54.41,Az=1080.92,Gx=21437.50,Gy=-7577.50,Gz=-6384T=N/A,H=N/A,SAT=7"
,2025-09-21T04:31:56Z,COM6,,UTC=11:33:11,18.70,120.292627,23.106585,,,,,,,,,N/A,SAT=7,-31.96,-11.10,947.82,-3955.00,-9502.50,-70892T=N/A,,"Package=2725,UTC=11:33:11,Lat=23.106585,Lng=120.292627,Alt=18.70,Ax=-31.96,Ay=-11.10,Az=947.82,Gx=-3955.00,Gy=-9502.50,Gz=-70892T=N/A,H=N/A,SAT=7"
,2025-09-21T04:31:58Z,COM6,,UTC=11:33:11,18.70,120.292627,23.106585,,,,,,,,,N/A,SAT=7,-35.62,-14.64,1167.42,15837.50,-31377.50,7686T=N/A,,"Package=2726,UTC=11:33:11,Lat=23.106585,Lng=120.292627,Alt=18.70,Ax=-35.62,Ay=-14.64,Az=1167.42,Gx=15837.50,Gy=-31377.50,Gz=7686T=N/A,H=N/A,SAT=7"
,2025-09-21T04:31:59Z,COM6,,UTC=11:33:11,18.70,120.292627,23.106585,,,,,,,,,N/A,SAT=7,-41.36,-2.20,917.32,-20842.50,11445.00,167545T=N/A,,"Package=2727,UTC=11:33:11,Lat=23.106585,Lng=120.292627,Alt=18.70,Ax=-41.36,Ay=-2.20,Az=917.32,Gx=-20842.50,Gy=11445.00,Gz=167545T=N/A,H=N/A,SAT=7"
,2025-09-21T04:32:01Z,COM6,,UTC=11:33:11,18.70,120.292627,23.106585,,,,,,,,,N/A,SAT=7,-61.49,-41.97,1151.68,22207.50,-21857.50,9250T=N/A,,"Package=2728,UTC=11:33:11,Lat=23.106585,Lng=120.292627,Alt=18.70,Ax=-61.49,Ay=-41.97,Az=1151.68,Gx=22207.50,Gy=-21857.50,Gz=9250T=N/A,H=N/A,SAT=7"
,2025-09-21T04:32:03Z,COM6,,UTC=11:33:11,18.70,120.292627,23.106585,,,,,,,,,N/A,SAT=7,-57.22,28.18,897.43,-68232.50,-13055.00,20406T=N/A,,"Package=2729,UTC=11:33:11,Lat=23.106585,Lng=120.292627,Alt=18.70,Ax=-57.22,Ay=28.18,Az=897.43,Gx=-68232.50,Gy=-13055.00,Gz=20406T=N/A,H=N/A,SAT=7"
,2025-09-21T04:32:04Z,COM6,,UTC=11:33:11,18.70,120.292627,23.106585,,,,,,,,,N/A,SAT=7,-55.88,20.01,930.13,-5880.00,9870.00,228760.0T=N/A,,"Package=2730,UTC=11:33:11,Lat=23.106585,Lng=120.292627,Alt=18.70,Ax=-55.88,Ay=20.01,Az=930.13,Gx=-5880.00,Gy=9870.00,Gz=228760.0T=N/A,H=N/A,SAT=7"
,2025-09-21T04:32:06Z,COM6,,UTC=11:33:11,18.70,120.292627,23.106585,,,,,,,,,N/A,SAT=7,-71.49,9.52,1233.79,11305.00,2712.50,203332.5T=N/A,,"Package=2731,UTC=11:33:11,Lat=23.106585,Lng=120.292627,Alt=18.70,Ax=-71.49,Ay=9.52,Az=1233.79,Gx=11305.00,Gy=2712.50,Gz=203332.5T=N/A,H=N/A,SAT=7"
,2025-09-21T04:32:08Z,COM6,,UTC=11:33:11,18.70,120.292627,23.106585,,,,,,,,,N/A,SAT=7,-32.94,-27.57,885.96,-6405.00,-1820.00,116340T=N/A,,"Package=2732,UTC=11:33:11,Lat=23.106585,Lng=120.292627,Alt=18.70,Ax=-32.94,Ay=-27.57,Az=885.96,Gx=-6405.00,Gy=-1820.00,Gz=116340T=N/A,H=N/A,SAT=7"
,2025-09-21T04:32:09Z,COM6,,UTC=11:33:11,18.70,120.292627,23.106585,,,,,,,,,N/A,SAT=7,-48.31,-13.30,927.20,-4655.00,-30905.00,12432T=N/A,,"Package=2733,UTC=11:33:11,Lat=23.106585,Lng=120.292627,Alt=18.70,Ax=-48.31,Ay=-13.30,Az=927.20,Gx=-4655.00,Gy=-30905.00,Gz=12432T=N/A,H=N/A,SAT=7"
,2025-09-21T04:32:11Z,COM6,,UTC=11:33:11,18.70,120.292627,23.106585,,,,,,,,,N/A,SAT=7,-62.95,-34.53,1287.59,11112.50,-2292.50,14903T=N/A,,"Package=2734,UTC=11:33:11,Lat=23.106585,Lng=120.292627,Alt=18.70,Ax=-62.95,Ay=-34.53,Az=1287.59,Gx=11112.50,Gy=-2292.50,Gz=14903T=N/A,H=N/A,SAT=7"
,2025-09-21T04:32:13Z,COM6,,UTC=11:33:11,18.70,120.292627,23.106585,,,,,,,,,N/A,SAT=7,-16.35,-47.82,950.75,14017.50,41195.00,49227.T=N/A,,"Package=2735,UTC=11:33:11,Lat=23.106585,Lng=120.292627,Alt=18.70,Ax=-16.35,Ay=-47.82,Az=950.75,Gx=14017.50,Gy=41195.00,Gz=49227.T=N/A,H=N/A,SAT=7"
,2025-09-21T04:32:14Z,COM6,,UTC=11:33:11,18.70,120.292627,23.106585,,,,,,,,,N/A,SAT=7,-13.42,-26.72,729.32,-8802.50,42052.50,-11730T=N/A,,"Package=2736,UTC=11:33:11,Lat=23.106585,Lng=120.292627,Alt=18.70,Ax=-13.42,Ay=-26.72,Az=729.32,Gx=-8802.50,Gy=42052.50,Gz=-11730T=N/A,H=N/A,SAT=7"
,2025-09-21T04:32:16Z,COM6,,UTC=11:33:11,18.70,120.292627,23.106585,,,,,,,,,N/A,SAT=7,-38.43,-20.13,1162.17,-16572.50,37432.50,-804T=N/A,,"Package=2737,UTC=11:33:11,Lat=23.106585,Lng=120.292627,Alt=18.70,Ax=-38.43,Ay=-20.13,Az=1162.17,Gx=-16572.50,Gy=37432.50,Gz=-804T=N/A,H=N/A,SAT=7"
,2025-09-21T04:32:18Z,COM6,,UTC=11:33:11,18.70,120.292627,23.106585,,,,,,,,,N/A,SAT=7,-35.50,-27.57,1026.51,-1172.50,17360.00,-1519T=N/A,,"Package=2738,UTC=11:33:11,Lat=23.106585,Lng=120.292627,Alt=18.70,Ax=-35.50,Ay=-27.57,Az=1026.51,Gx=-1172.50,Gy=17360.00,Gz=-1519T=N/A,H=N/A,SAT=7"
,2025-09-21T04:32:20Z,COM6,,UTC=11:33:11,18.70,120.292627,23.106585,,,,,,,,,N/A,SAT=7,-42.70,4.27,835.46,-24237.50,3132.50,-145127.T=N/A,,"Package=2739,UTC=11:33:11,Lat=23.106585,Lng=120.292627,Alt=18.70,Ax=-42.70,Ay=4.27,Az=835.46,Gx=-24237.50,Gy=3132.50,Gz=-145127.T=N/A,H=N/A,SAT=7"
,2025-09-21T04:32:21Z,COM6,,UTC=11:33:11,18.70,120.292627,23.106585,,,,,,,,,N/A,SAT=7,-43.80,-15.98,1129.60,23642.50,1662.50,-10414T=N/A,,"Package=2740,UTC=11:33:11,Lat=23.106585,Lng=120.292627,Alt=18.70,Ax=-43.80,Ay=-15.98,Az=1129.60,Gx=23642.50,Gy=1662.50,Gz=-10414T=N/A,H=N/A,SAT=7"
,2025-09-21T04:32:23Z,COM6,,UTC=11:33:11,18.70,120.292627,23.106585,,,,,,,,,N/A,SAT=7,-43.55,-25.13,1086.41,18865.00,15435.00,-1875T=N/A,,"Package=2741,UTC=11:33:11,Lat=23.106585,Lng=120.292627,Alt=18.70,Ax=-43.55,Ay=-25.13,Az=1086.41,Gx=18865.00,Gy=15435.00,Gz=-1875T=N/A,H=N/A,SAT=7"
,2025-09-21T04:32:25Z,COM6,,UTC=11:33:11,18.70,120.292627,23.106585,,,,,,,,,N/A,SAT=7,-37.33,-12.44,850.83,-31955.00,17850.00,-1834T=N/A,,"Package=2742,UTC=11:33:11,Lat=23.106585,Lng=120.292627,Alt=18.70,Ax=-37.33,Ay=-12.44,Az=850.83,Gx=-31955.00,Gy=17850.00,Gz=-1834T=N/A,H=N/A,SAT=7"
,2025-09-21T04:32:26Z,COM6,,UTC=11:33:11,18.70,120.292627,23.106585,,,,,,,,,N/A,SAT=7,-66.12,-40.75,1240.25,24850.00,-82442.50,8659T=N/A,,"Package=2743,UTC=11:33:11,Lat=23.106585,Lng=120.292627,Alt=18.70,Ax=-66.12,Ay=-40.75,Az=1240.25,Gx=24850.00,Gy=-82442.50,Gz=8659T=N/A,H=N/A,SAT=7"
,2025-09-21T04:32:28Z,COM6,,UTC=11:33:11,18.70,120.292627,23.106585,,,,,,,,,N/A,SAT=7,-46.12,-6.83,1025.29,-29785.00,2327.50,124635T=N/A,,"Package=2744,UTC=11:33:11,Lat=23.106585,Lng=120.292627,Alt=18.70,Ax=-46.12,Ay=-6.83,Az=1025.29,Gx=-29785.00,Gy=2327.50,Gz=124635T=N/A,H=N/A,SAT=7"
,2025-09-21T04:32:30Z,COM6,,UTC=11:33:11,18.70,120.292627,23.106585,,,,,,,,,N/A,SAT=7,-31.23,-26.60,726.39,-6790.00,24990.00,141417T=N/A,,"Package=2745,UTC=11:33:11,Lat=23.106585,Lng=120.292627,Alt=18.70,Ax=-31.23,Ay=-26.60,Az=726.39,Gx=-6790.00,Gy=24990.00,Gz=141417T=N/A,H=N/A,SAT=7"
,2025-09-21T04:32:31Z,COM6,,UTC=11:33:11,18.70,120.292627,23.106585,,,,,,,,,N/A,SAT=7,-19.52,-63.93,1021.63,33285.00,26985.00,-2675T=N/A,,"Package=2746,UTC=11:33:11,Lat=23.106585,Lng=120.292627,Alt=18.70,Ax=-19.52,Ay=-63.93,Az=1021.63,Gx=33285.00,Gy=26985.00,Gz=-2675T=N/A,H=N/A,SAT=7"
,2025-09-21T04:32:33Z,COM6,,UTC=11:33:11,18.70,120.292627,23.106585,,,,,,,,,N/A,SAT=7,-84.06,23.18,1189.26,-35175.00,9240.00,-18172T=N/A,,"Package=2747,UTC=11:33:11,Lat=23.106585,Lng=120.292627,Alt=18.70,Ax=-84.06,Ay=23.18,Az=1189.26,Gx=-35175.00,Gy=9240.00,Gz=-18172T=N/A,H=N/A,SAT=7"
,2025-09-21T04:32:35Z,COM6,,UTC=11:33:11,18.70,120.292627,23.106585,,,,,,,,,N/A,SAT=7,-47.58,-10.49,797.51,24202.50,-29347.50,97055T=N/A,,"Package=2748,UTC=11:33:11,Lat=23.106585,Lng=120.292627,Alt=18.70,Ax=-47.58,Ay=-10.49,Az=797.51,Gx=24202.50,Gy=-29347.50,Gz=97055T=N/A,H=N/A,SAT=7"
,2025-09-21T04:32:36Z,COM6,,UTC=11:33:11,18.70,120.292627,23.106585,,,,,,,,,N/A,SAT=7,-132.37,-14.76,1980.55,47477.50,-142502.50,16T=N/A,,"Package=2749,UTC=11:33:11,Lat=23.106585,Lng=120.292627,Alt=18.70,Ax=-132.37,Ay=-14.76,Az=1980.55,Gx=47477.50,Gy=-142502.50,Gz=16T=N/A,H=N/A,SAT=7"
,2025-09-21T04:32:38Z,COM6,,UTC=11:33:11,18.70,120.292627,23.106585,,,,,,,,N/A,N/A,SAT=7,-40.99,-42.09,708.45,770.00,700.00,124180.00,,"Package=2750,UTC=11:33:11,Lat=23.106585,Lng=120.292627,Alt=18.70,Ax=-40.99,Ay=-42.09,Az=708.45,Gx=770.00,Gy=700.00,Gz=124180.00,T=N/A,H=N/A,SAT=7"
,2025-09-21T04:32:40Z,COM6,,UTC=11:33:11,18.70,120.292627,23.106585,,,,,,,,,N/A,SAT=7,-69.05,56.85,1357.98,-37397.50,25795.00,25259T=N/A,,"Package=2751,UTC=11:33:11,Lat=23.106585,Lng=120.292627,Alt=18.70,Ax=-69.05,Ay=56.85,Az=1357.98,Gx=-37397.50,Gy=25795.00,Gz=25259T=N/A,H=N/A,SAT=7"
,2025-09-21T04:32:41Z,COM6,,UTC=11:33:11,18.70,120.292627,23.106585,,,,,,,,,N/A,SAT=7,-39.28,-33.92,817.89,13492.50,-17850.00,80570T=N/A,,"Package=2752,UTC=11:33:11,Lat=23.106585,Lng=120.292627,Alt=18.70,Ax=-39.28,Ay=-33.92,Az=817.89,Gx=13492.50,Gy=-17850.00,Gz=80570T=N/A,H=N/A,SAT=7"
,2025-09-21T04:32:43Z,COM6,,UTC=11:33:11,18.70,120.292627,23.106585,,,,,,,,,N/A,SAT=7,-39.28,-4.88,881.21,-83825.00,-53305.00,45972T=N/A,,"Package=2753,UTC=11:33:11,Lat=23.106585,Lng=120.292627,Alt=18.70,Ax=-39.28,Ay=-4.88,Az=881.21,Gx=-83825.00,Gy=-53305.00,Gz=45972T=N/A,H=N/A,SAT=7"
,2025-09-21T04:32:45Z,COM6,,UTC=11:33:11,18.70,120.292627,23.106585,,,,,,,,,N/A,SAT=7,-59.05,-57.34,1351.15,45010.00,-93520.00,1893T=N/A,,"Package=2754,UTC=11:33:11,Lat=23.106585,Lng=120.292627,Alt=18.70,Ax=-59.05,Ay=-57.34,Az=1351.15,Gx=45010.00,Gy=-93520.00,Gz=1893T=N/A,H=N/A,SAT=7"
,2025-09-21T04:32:46Z,COM6,,UTC=11:33:11,18.70,120.292627,23.106585,,,,,,,,,N/A,SAT=7,-33.31,-24.89,911.83,-22925.00,-40057.50,-344T=N/A,,"Package=2755,UTC=11:33:11,Lat=23.106585,Lng=120.292627,Alt=18.70,Ax=-33.31,Ay=-24.89,Az=911.83,Gx=-22925.00,Gy=-40057.50,Gz=-344T=N/A,H=N/A,SAT=7"
,2025-09-21T04:32:48Z,COM6,,UTC=11:33:11,18.70,120.292627,23.106585,,,,,,,,,N/A,SAT=7,-19.03,16.23,875.35,-105612.50,9310.00,-26232T=N/A,,"Package=2756,UTC=11:33:11,Lat=23.106585,Lng=120.292627,Alt=18.70,Ax=-19.03,Ay=16.23,Az=875.35,Gx=-105612.50,Gy=9310.00,Gz=-26232T=N/A,H=N/A,SAT=7"
,2025-09-21T04:32:50Z,COM6,,UTC=11:33:11,18.70,120.292627,23.106585,,,,,,,,,N/A,SAT=7,-85.89,-17.69,1335.17,40530.00,-93240.00,7341T=N/A,,"Package=2757,UTC=11:33:11,Lat=23.106585,Lng=120.292627,Alt=18.70,Ax=-85.89,Ay=-17.69,Az=1335.17,Gx=40530.00,Gy=-93240.00,Gz=7341T=N/A,H=N/A,SAT=7"
,2025-09-21T04:32:51Z,COM6,,UTC=11:33:11,18.70,120.292627,23.106585,,,,,,,,,N/A,SAT=7,-26.47,-29.28,716.02,385.00,-6982.50,100922.5T=N/A,,"Package=2758,UTC=11:33:11,Lat=23.106585,Lng=120.292627,Alt=18.70,Ax=-26.47,Ay=-29.28,Az=716.02,Gx=385.00,Gy=-6982.50,Gz=100922.5T=N/A,H=N/A,SAT=7"
,2025-09-21T04:32:53Z,COM6,,UTC=11:33:11,18.70,120.292627,23.106585,,,,,,,,,N/A,SAT=7,-51.48,-35.87,1762.41,-40950.00,-28630.00,851T=N/A,,"Package=2759,UTC=11:33:11,Lat=23.106585,Lng=120.292627,Alt=18.70,Ax=-51.48,Ay=-35.87,Az=1762.41,Gx=-40950.00,Gy=-28630.00,Gz=851T=N/A,H=N/A,SAT=7"
,2025-09-21T04:32:55Z,COM6,,UTC=11:33:11,18.70,120.292627,23.106585,,,,,,,,,N/A,SAT=7,-31.48,-27.08,737.73,-16362.50,-31500.00,-886T=N/A,,"Package=2760,UTC=11:33:11,Lat=23.106585,Lng=120.292627,Alt=18.70,Ax=-31.48,Ay=-27.08,Az=737.73,Gx=-16362.50,Gy=-31500.00,Gz=-886T=N/A,H=N/A,SAT=7"
,2025-09-21T04:32:56Z,COM6,,UTC=11:33:11,18.70,120.292627,23.106585,,,,,,,,,N/A,SAT=7,-63.81,-35.75,1057.50,-14087.50,-12162.50,-18T=N/A,,"Package=2761,UTC=11:33:11,Lat=23.106585,Lng=120.292627,Alt=18.70,Ax=-63.81,Ay=-35.75,Az=1057.50,Gx=-14087.50,Gy=-12162.50,Gz=-18T=N/A,H=N/A,SAT=7"
,2025-09-21T04:32:58Z,COM6,,UTC=11:33:11,18.70,120.292627,23.106585,,,,,,,,,N/A,SAT=7,-59.90,-13.54,1390.92,-21472.50,-27212.50,150T=N/A,,"Package=2762,UTC=11:33:11,Lat=23.106585,Lng=120.292627,Alt=18.70,Ax=-59.90,Ay=-13.54,Az=1390.92,Gx=-21472.50,Gy=-27212.50,Gz=150T=N/A,H=N/A,SAT=7"
,2025-09-21T04:33:00Z,COM6,,UTC=11:33:11,18.70,120.292627,23.106585,,,,,,,,,N/A,SAT=7,-60.76,-19.03,940.25,-15312.50,-59867.50,1351T=N/A,,"Package=2763,UTC=11:33:11,Lat=23.106585,Lng=120.292627,Alt=18.70,Ax=-60.76,Ay=-19.03,Az=940.25,Gx=-15312.50,Gy=-59867.50,Gz=1351T=N/A,H=N/A,SAT=7"
,2025-09-21T04:33:01Z,COM6,,UTC=11:33:11,18.70,120.292627,23.106585,,,,,,,,,N/A,SAT=7,-86.13,-5.25,1125.33,2485.00,-106155.00,16448T=N/A,,"Package=2764,UTC=11:33:11,Lat=23.106585,Lng=120.292627,Alt=18.70,Ax=-86.13,Ay=-5.25,Az=1125.33,Gx=2485.00,Gy=-106155.00,Gz=16448T=N/A,H=N/A,SAT=7"
,2025-09-21T04:33:03Z,COM6,,UTC=11:33:11,18.70,120.292627,23.106585,,,,,,,,,N/A,SAT=7,-111.51,43.55,1334.19,-78347.50,-73080.00,234T=N/A,,"Package=2765,UTC=11:33:11,Lat=23.106585,Lng=120.292627,Alt=18.70,Ax=-111.51,Ay=43.55,Az=1334.19,Gx=-78347.50,Gy=-73080.00,Gz=234T=N/A,H=N/A,SAT=7"
,2025-09-21T04:33:05Z,COM6,,UTC=11:33:11,18.70,120.292627,23.106585,,,,,,,,,N/A,SAT=7,-96.99,16.96,956.97,33215.00,2677.50,229127.5T=N/A,,"Package=2766,UTC=11:33:11,Lat=23.106585,Lng=120.292627,Alt=18.70,Ax=-96.99,Ay=16.96,Az=956.97,Gx=33215.00,Gy=2677.50,Gz=229127.5T=N/A,H=N/A,SAT=7"
,2025-09-21T04:33:06Z,COM6,,UTC=11:33:11,18.70,120.292627,23.106585,,,,,,,,,N/A,SAT=7,-72.59,-30.50,1011.26,48125.00,-44765.00,1281T=N/A,,"Package=2767,UTC=11:33:11,Lat=23.106585,Lng=120.292627,Alt=18.70,Ax=-72.59,Ay=-30.50,Az=1011.26,Gx=48125.00,Gy=-44765.00,Gz=1281T=N/A,H=N/A,SAT=7"
,2025-09-21T04:33:08Z,COM6,,UTC=11:33:11,18.70,120.292627,23.106585,,,,,,,,,N/A,SAT=7,-36.72,-47.82,1128.99,27492.50,-28560.00,5195T=N/A,,"Package=2768,UTC=11:33:11,Lat=23.106585,Lng=120.292627,Alt=18.70,Ax=-36.72,Ay=-47.82,Az=1128.99,Gx=27492.50,Gy=-28560.00,Gz=5195T=N/A,H=N/A,SAT=7"
,2025-09-21T04:33:10Z,COM6,,UTC=11:33:11,18.70,120.292627,23.106585,,,,,,,,,N/A,SAT=7,-24.77,-10.74,847.90,-42752.50,3325.00,-70647T=N/A,,"Package=2769,UTC=11:33:11,Lat=23.106585,Lng=120.292627,Alt=18.70,Ax=-24.77,Ay=-10.74,Az=847.90,Gx=-42752.50,Gy=3325.00,Gz=-70647T=N/A,H=N/A,SAT=7"
,2025-09-21T04:33:11Z,COM6,,UTC=11:33:11,18.70,120.292627,23.106585,,,,,,,,,N/A,SAT=7,-23.30,-21.11,1043.10,-60392.50,-4270.00,-238T=N/A,,"Package=2770,UTC=11:33:11,Lat=23.106585,Lng=120.292627,Alt=18.70,Ax=-23.30,Ay=-21.11,Az=1043.10,Gx=-60392.50,Gy=-4270.00,Gz=-238T=N/A,H=N/A,SAT=7"
,2025-09-21T04:33:13Z,COM6,,UTC=11:33:11,18.70,120.292627,23.106585,,,,,,,,,N/A,SAT=7,-30.13,-30.26,1335.17,-3167.50,10307.50,-8233T=N/A,,"Package=2771,UTC=11:33:11,Lat=23.106585,Lng=120.292627,Alt=18.70,Ax=-30.13,Ay=-30.26,Az=1335.17,Gx=-3167.50,Gy=10307.50,Gz=-8233T=N/A,H=N/A,SAT=7"
,2025-09-21T04:33:15Z,COM6,,UTC=11:33:11,18.70,120.292627,23.106585,,,,,,,,,N/A,SAT=7,-23.67,-19.52,748.59,15260.00,45010.00,-90982T=N/A,,"Package=2772,UTC=11:33:11,Lat=23.106585,Lng=120.292627,Alt=18.70,Ax=-23.67,Ay=-19.52,Az=748.59,Gx=15260.00,Gy=45010.00,Gz=-90982T=N/A,H=N/A,SAT=7"
,2025-09-21T04:33:16Z,COM6,,UTC=11:33:11,18.70,120.292627,23.106585,,,,,,,,,N/A,SAT=7,-27.21,0.61,1075.19,-54950.00,-9257.50,-28192T=N/A,,"Package=2773,UTC=11:33:11,Lat=23.106585,Lng=120.292627,Alt=18.70,Ax=-27.21,Ay=0.61,Az=1075.19,Gx=-54950.00,Gy=-9257.50,Gz=-28192T=N/A,H=N/A,SAT=7"
,2025-09-21T04:33:18Z,COM6,,UTC=11:33:11,18.70,120.292627,23.106585,,,,,,,,,N/A,SAT=7,-48.07,-15.49,958.31,7332.50,315.00,-144952.5T=N/A,,"Package=2774,UTC=11:33:11,Lat=23.106585,Lng=120.292627,Alt=18.70,Ax=-48.07,Ay=-15.49,Az=958.31,Gx=7332.50,Gy=315.00,Gz=-144952.5T=N/A,H=N/A,SAT=7"
,2025-09-21T04:33:20Z,COM6,,UTC=11:33:11,18.70,120.292627,23.106585,,,,,,,,,N/A,SAT=7,-30.62,-35.38,689.06,23887.50,12197.50,-12248T=N/A,,"Package=2775,UTC=11:33:11,Lat=23.106585,Lng=120.292627,Alt=18.70,Ax=-30.62,Ay=-35.38,Az=689.06,Gx=23887.50,Gy=12197.50,Gz=-12248T=N/A,H=N/A,SAT=7"
,2025-09-21T04:33:21Z,COM6,,UTC=11:33:11,18.70,120.292627,23.106585,,,,,,,,,N/A,SAT=7,-51.48,11.83,1457.66,-106767.50,46095.00,2966T=N/A,,"Package=2776,UTC=11:33:11,Lat=23.106585,Lng=120.292627,Alt=18.70,Ax=-51.48,Ay=11.83,Az=1457.66,Gx=-106767.50,Gy=46095.00,Gz=2966T=N/A,H=N/A,SAT=7"
,2025-09-21T04:33:23Z,COM6,,UTC=11:33:11,18.70,120.292627,23.106585,,,,,,,,,N/A,SAT=7,-79.30,20.37,1178.52,-82022.50,-103075.00,123T=N/A,,"Package=2777,UTC=11:33:11,Lat=23.106585,Lng=120.292627,Alt=18.70,Ax=-79.30,Ay=20.37,Az=1178.52,Gx=-82022.50,Gy=-103075.00,Gz=123T=N/A,H=N/A,SAT=7"
,2025-09-21T04:33:25Z,COM6,,UTC=11:33:11,18.70,120.292627,23.106585,,,,,,,,,N/A,SAT=7,-45.26,41.48,756.64,-13807.50,12127.50,245665T=N/A,,"Package=2778,UTC=11:33:11,Lat=23.106585,Lng=120.292627,Alt=18.70,Ax=-45.26,Ay=41.48,Az=756.64,Gx=-13807.50,Gy=12127.50,Gz=245665T=N/A,H=N/A,SAT=7"
,2025-09-21T04:33:26Z,COM6,,UTC=11:33:11,18.70,120.292627,23.106585,,,,,,,,,N/A,SAT=7,-24.64,-26.47,1243.06,64505.00,58695.00,17090T=N/A,,"Package=2779,UTC=11:33:11,Lat=23.106585,Lng=120.292627,Alt=18.70,Ax=-24.64,Ay=-26.47,Az=1243.06,Gx=64505.00,Gy=58695.00,Gz=17090T=N/A,H=N/A,SAT=7"
,2025-09-21T04:33:28Z,COM6,,UTC=11:33:11,18.70,120.292627,23.106585,,,,,,,,,N/A,SAT=7,-34.40,2.44,908.53,34160.00,141137.50,139247.T=N/A,,"Package=2780,UTC=11:33:11,Lat=23.106585,Lng=120.292627,Alt=18.70,Ax=-34.40,Ay=2.44,Az=908.53,Gx=34160.00,Gy=141137.50,Gz=139247.T=N/A,H=N/A,SAT=7"
,2025-09-21T04:33:30Z,COM6,,UTC=11:33:11,18.70,120.292627,23.106585,,,,,,,,,N/A,SAT=7,-48.92,-14.64,976.49,-72572.50,15137.50,11760T=N/A,,"Package=2781,UTC=11:33:11,Lat=23.106585,Lng=120.292627,Alt=18.70,Ax=-48.92,Ay=-14.64,Az=976.49,Gx=-72572.50,Gy=15137.50,Gz=11760T=N/A,H=N/A,SAT=7"
,2025-09-21T04:33:31Z,COM6,,UTC=11:33:11,18.70,120.292627,23.106585,,,,,,,,,N/A,SAT=7,-46.60,-35.62,1079.46,30310.00,21682.50,-5250T=N/A,,"Package=2782,UTC=11:33:11,Lat=23.106585,Lng=120.292627,Alt=18.70,Ax=-46.60,Ay=-35.62,Az=1079.46,Gx=30310.00,Gy=21682.50,Gz=-5250T=N/A,H=N/A,SAT=7"
,2025-09-21T04:33:33Z,COM6,,UTC=11:33:11,18.70,120.292627,23.106585,,,,,,,,,N/A,SAT=7,-34.40,-14.64,818.25,-2362.50,-9537.50,-71592T=N/A,,"Package=2783,UTC=11:33:11,Lat=23.106585,Lng=120.292627,Alt=18.70,Ax=-34.40,Ay=-14.64,Az=818.25,Gx=-2362.50,Gy=-9537.50,Gz=-71592T=N/A,H=N/A,SAT=7"
,2025-09-21T04:33:35Z,COM6,,UTC=11:33:11,18.70,120.292627,23.106585,,,,,,,,,N/A,SAT=7,-47.58,-26.35,1938.70,32042.50,-24027.50,-951T=N/A,,"Package=2784,UTC=11:33:11,Lat=23.106585,Lng=120.292627,Alt=18.70,Ax=-47.58,Ay=-26.35,Az=1938.70,Gx=32042.50,Gy=-24027.50,Gz=-951T=N/A,H=N/A,SAT=7"
,2025-09-21T04:33:37Z,COM6,,UTC=11:33:11,18.70,120.292627,23.106585,,,,,,,,,N/A,SAT=7,-49.78,-22.45,784.95,29522.50,-72607.50,91682T=N/A,,"Package=2785,UTC=11:33:11,Lat=23.106585,Lng=120.292627,Alt=18.70,Ax=-49.78,Ay=-22.45,Az=784.95,Gx=29522.50,Gy=-72607.50,Gz=91682T=N/A,H=N/A,SAT=7"
,2025-09-21T04:33:38Z,COM6,,UTC=11:33:11,18.70,120.292627,23.106585,,,,,,,,,N/A,SAT=7,-54.78,-4.15,1120.94,-42700.00,16975.00,15562T=N/A,,"Package=2786,UTC=11:33:11,Lat=23.106585,Lng=120.292627,Alt=18.70,Ax=-54.78,Ay=-4.15,Az=1120.94,Gx=-42700.00,Gy=16975.00,Gz=15562T=N/A,H=N/A,SAT=7"
,2025-09-21T04:33:40Z,COM6,,UTC=11:33:11,18.70,120.292627,23.106585,,,,,,,,,N/A,SAT=7,-17.69,-4.15,1250.74,-1365.00,37660.00,80937.T=N/A,,"Package=2787,UTC=11:33:11,Lat=23.106585,Lng=120.292627,Alt=18.70,Ax=-17.69,Ay=-4.15,Az=1250.74,Gx=-1365.00,Gy=37660.00,Gz=80937.T=N/A,H=N/A,SAT=7"
,2025-09-21T04:33:43Z,COM6,,UTC=11:33:11,18.70,120.292627,23.106585,,,,,,,,,N/A,SAT=7,-49.17,-11.83,1083.36,14980.00,-18987.50,-128T=N/A,,"Package=2789,UTC=11:33:11,Lat=23.106585,Lng=120.292627,Alt=18.70,Ax=-49.17,Ay=-11.83,Az=1083.36,Gx=14980.00,Gy=-18987.50,Gz=-128T=N/A,H=N/A,SAT=7"
,2025-09-21T04:33:45Z,COM6,,UTC=11:33:11,18.70,120.292627,23.106585,,,,,,,,,N/A,SAT=7,-26.35,-53.56,1075.31,15155.00,59605.00,-1281T=N/A,,"Package=2790,UTC=11:33:11,Lat=23.106585,Lng=120.292627,Alt=18.70,Ax=-26.35,Ay=-53.56,Az=1075.31,Gx=15155.00,Gy=59605.00,Gz=-1281T=N/A,H=N/A,SAT=7"
,2025-09-21T04:33:47Z,COM6,,UTC=11:33:11,18.70,120.292627,23.106585,,,,,,,,,N/A,SAT=7,-106.75,-16.35,865.47,37380.00,-68547.50,-107T=N/A,,"Package=2791,UTC=11:33:11,Lat=23.106585,Lng=120.292627,Alt=18.70,Ax=-106.75,Ay=-16.35,Az=865.47,Gx=37380.00,Gy=-68547.50,Gz=-107T=N/A,H=N/A,SAT=7"
,2025-09-21T04:33:48Z,COM6,,UTC=11:33:11,18.70,120.292627,23.106585,,,,,,,,,N/A,SAT=7,-61.00,-47.46,1262.94,75355.00,-70.00,-143517T=N/A,,"Package=2792,UTC=11:33:11,Lat=23.106585,Lng=120.292627,Alt=18.70,Ax=-61.00,Ay=-47.46,Az=1262.94,Gx=75355.00,Gy=-70.00,Gz=-143517T=N/A,H=N/A,SAT=7"
,2025-09-21T04:33:50Z,COM6,,UTC=11:33:11,18.70,120.292627,23.106585,,,,,,,,,N/A,SAT=7,-70.76,-31.72,1145.58,-10465.00,-63962.50,-50T=N/A,,"Package=2793,UTC=11:33:11,Lat=23.106585,Lng=120.292627,Alt=18.70,Ax=-70.76,Ay=-31.72,Az=1145.58,Gx=-10465.00,Gy=-63962.50,Gz=-50T=N/A,H=N/A,SAT=7"
,2025-09-21T04:33:52Z,COM6,,UTC=11:33:11,18.70,120.292627,23.106585,,,,,,,,,N/A,SAT=7,-23.79,-15.74,814.23,-16030.00,36172.50,83282T=N/A,,"Package=2794,UTC=11:33:11,Lat=23.106585,Lng=120.292627,Alt=18.70,Ax=-23.79,Ay=-15.74,Az=814.23,Gx=-16030.00,Gy=36172.50,Gz=83282T=N/A,H=N/A,SAT=7"
,2025-09-21T04:33:53Z,COM6,,UTC=11:33:11,18.70,120.292627,23.106585,,,,,,,,,N/A,SAT=7,-39.16,-35.50,1048.22,25567.50,-1470.00,11600T=N/A,,"Package=2795,UTC=11:33:11,Lat=23.106585,Lng=120.292627,Alt=18.70,Ax=-39.16,Ay=-35.50,Az=1048.22,Gx=25567.50,Gy=-1470.00,Gz=11600T=N/A,H=N/A,SAT=7"
,2025-09-21T04:33:55Z,COM6,,UTC=11:33:11,18.70,120.292627,23.106585,,,,,,,,,N/A,SAT=7,-55.88,-10.25,1168.88,997.50,-37467.50,161752T=N/A,,"Package=2796,UTC=11:33:11,Lat=23.106585,Lng=120.292627,Alt=18.70,Ax=-55.88,Ay=-10.25,Az=1168.88,Gx=997.50,Gy=-37467.50,Gz=161752T=N/A,H=N/A,SAT=7"
,2025-09-21T04:33:57Z,COM6,,UTC=11:33:11,18.70,120.292627,23.106585,,,,,,,,,N/A,SAT=7,-36.97,-5.98,862.66,-39042.50,-9415.00,105297T=N/A,,"Package=2797,UTC=11:33:11,Lat=23.106585,Lng=120.292627,Alt=18.70,Ax=-36.97,Ay=-5.98,Az=862.66,Gx=-39042.50,Gy=-9415.00,Gz=105297T=N/A,H=N/A,SAT=7"
,2025-09-21T04:33:58Z,COM6,,UTC=11:33:11,18.70,120.292627,23.106585,,,,,,,,,N/A,SAT=7,-26.11,-17.69,1360.30,-38097.50,27965.00,5213T=N/A,,"Package=2798,UTC=11:33:11,Lat=23.106585,Lng=120.292627,Alt=18.70,Ax=-26.11,Ay=-17.69,Az=1360.30,Gx=-38097.50,Gy=27965.00,Gz=5213T=N/A,H=N/A,SAT=7"
,2025-09-21T04:34:00Z,COM6,,UTC=11:33:11,18.70,120.292627,23.106585,,,,,,,,,N/A,SAT=7,-37.09,-14.15,900.12,-67935.00,-37432.50,-133T=N/A,,"Package=2799,UTC=11:33:11,Lat=23.106585,Lng=120.292627,Alt=18.70,Ax=-37.09,Ay=-14.15,Az=900.12,Gx=-67935.00,Gy=-37432.50,Gz=-133T=N/A,H=N/A,SAT=7"
,2025-09-21T04:34:02Z,COM6,,UTC=11:33:11,18.70,120.292627,23.106585,,,,,,,,,N/A,SAT=7,-53.19,1.46,992.84,-25042.50,-30135.00,126945T=N/A,,"Package=2800,UTC=11:33:11,Lat=23.106585,Lng=120.292627,Alt=18.70,Ax=-53.19,Ay=1.46,Az=992.84,Gx=-25042.50,Gy=-30135.00,Gz=126945T=N/A,H=N/A,SAT=7"
,2025-09-21T04:34:03Z,COM6,,UTC=11:33:11,18.70,120.292627,23.106585,,,,,,,,,N/A,SAT=7,-60.39,-44.90,1347.98,37537.50,10832.50,12852T=N/A,,"Package=2801,UTC=11:33:11,Lat=23.106585,Lng=120.292627,Alt=18.70,Ax=-60.39,Ay=-44.90,Az=1347.98,Gx=37537.50,Gy=10832.50,Gz=12852T=N/A,H=N/A,SAT=7"
,2025-09-21T04:34:05Z,COM6,,UTC=11:33:11,18.70,120.292627,23.106585,,,,,,,,,N/A,SAT=7,-12.44,-29.40,873.64,-14945.00,8785.00,41790.T=N/A,,"Package=2802,UTC=11:33:11,Lat=23.106585,Lng=120.292627,Alt=18.70,Ax=-12.44,Ay=-29.40,Az=873.64,Gx=-14945.00,Gy=8785.00,Gz=41790.T=N/A,H=N/A,SAT=7"
,2025-09-21T04:34:07Z,COM6,,UTC=11:33:11,18.70,120.292627,23.106585,,,,,,,,,N/A,SAT=7,-29.52,-4.15,874.74,-51205.00,-10780.00,-6814T=N/A,,"Package=2803,UTC=11:33:11,Lat=23.106585,Lng=120.292627,Alt=18.70,Ax=-29.52,Ay=-4.15,Az=874.74,Gx=-51205.00,Gy=-10780.00,Gz=-6814T=N/A,H=N/A,SAT=7"
,2025-09-21T04:34:08Z,COM6,,UTC=11:33:11,18.70,120.292627,23.106585,,,,,,,,,N/A,SAT=7,-24.77,-16.10,1316.26,-14507.50,10010.00,-109T=N/A,,"Package=2804,UTC=11:33:11,Lat=23.106585,Lng=120.292627,Alt=18.70,Ax=-24.77,Ay=-16.10,Az=1316.26,Gx=-14507.50,Gy=10010.00,Gz=-109T=N/A,H=N/A,SAT=7"
,2025-09-21T04:34:10Z,COM6,,UTC=11:33:11,18.70,120.292627,23.106585,,,,,,,,,N/A,SAT=7,-22.69,-17.81,834.85,3115.00,49805.00,-75075.T=N/A,,"Package=2805,UTC=11:33:11,Lat=23.106585,Lng=120.292627,Alt=18.70,Ax=-22.69,Ay=-17.81,Az=834.85,Gx=3115.00,Gy=49805.00,Gz=-75075.T=N/A,H=N/A,SAT=7"
,2025-09-21T04:34:12Z,COM6,,UTC=11:33:11,18.70,120.292627,23.106585,,,,,,,,,N/A,SAT=7,-40.75,-21.84,1034.93,-20597.50,-39672.50,418T=N/A,,"Package=2806,UTC=11:33:11,Lat=23.106585,Lng=120.292627,Alt=18.70,Ax=-40.75,Ay=-21.84,Az=1034.93,Gx=-20597.50,Gy=-39672.50,Gz=418T=N/A,H=N/A,SAT=7"
,2025-09-21T04:34:13Z,COM6,,UTC=11:33:11,18.70,120.292627,23.106585,,,,,,,,,N/A,SAT=7,-49.29,27.33,1379.94,-48597.50,25375.00,19789T=N/A,,"Package=2807,UTC=11:33:11,Lat=23.106585,Lng=120.292627,Alt=18.70,Ax=-49.29,Ay=27.33,Az=1379.94,Gx=-48597.50,Gy=25375.00,Gz=19789T=N/A,H=N/A,SAT=7"
,2025-09-21T04:34:15Z,COM6,,UTC=11:33:11,18.70,120.292627,23.106585,,,,,,,,,N/A,SAT=7,-53.31,-18.30,713.70,13930.00,10605.00,175052T=N/A,,"Package=2808,UTC=11:33:11,Lat=23.106585,Lng=120.292627,Alt=18.70,Ax=-53.31,Ay=-18.30,Az=713.70,Gx=13930.00,Gy=10605.00,Gz=175052T=N/A,H=N/A,SAT=7"
,2025-09-21T04:34:17Z,COM6,,UTC=11:33:11,18.70,120.292627,23.106585,,,,,,,,,N/A,SAT=7,-60.27,29.77,1219.88,-66902.50,19722.50,20933T=N/A,,"Package=2809,UTC=11:33:11,Lat=23.106585,Lng=120.292627,Alt=18.70,Ax=-60.27,Ay=29.77,Az=1219.88,Gx=-66902.50,Gy=19722.50,Gz=20933T=N/A,H=N/A,SAT=7"
,2025-09-21T04:34:18Z,COM6,,UTC=11:33:11,18.70,120.292627,23.106585,,,,,,,,,N/A,SAT=7,-23.18,-24.16,1062.25,2887.50,62510.00,77140.T=N/A,,"Package=2810,UTC=11:33:11,Lat=23.106585,Lng=120.292627,Alt=18.70,Ax=-23.18,Ay=-24.16,Az=1062.25,Gx=2887.50,Gy=62510.00,Gz=77140.T=N/A,H=N/A,SAT=7"
,2025-09-21T04:34:20Z,COM6,,UTC=11:33:11,18.70,120.292627,23.106585,,,,,,,,,N/A,SAT=7,-22.33,-63.56,653.19,65240.00,22382.50,12302.T=N/A,,"Package=2811,UTC=11:33:11,Lat=23.106585,Lng=120.292627,Alt=18.70,Ax=-22.33,Ay=-63.56,Az=653.19,Gx=65240.00,Gy=22382.50,Gz=12302.T=N/A,H=N/A,SAT=7"
,2025-09-21T04:34:22Z,COM6,,UTC=11:33:11,18.70,120.292627,23.106585,,,,,,,,,N/A,SAT=7,-52.83,39.65,1314.92,-98490.00,-24745.00,1258T=N/A,,"Package=2812,UTC=11:33:11,Lat=23.106585,Lng=120.292627,Alt=18.70,Ax=-52.83,Ay=39.65,Az=1314.92,Gx=-98490.00,Gy=-24745.00,Gz=1258T=N/A,H=N/A,SAT=7"
,2025-09-21T04:34:23Z,COM6,,UTC=11:33:11,18.70,120.292627,23.106585,,,,,,,,,N/A,SAT=7,-35.38,-19.15,1016.99,-37922.50,8540.00,79082T=N/A,,"Package=2813,UTC=11:33:11,Lat=23.106585,Lng=120.292627,Alt=18.70,Ax=-35.38,Ay=-19.15,Az=1016.99,Gx=-37922.50,Gy=8540.00,Gz=79082T=N/A,H=N/A,SAT=7"
,2025-09-21T04:34:25Z,COM6,,UTC=11:33:11,18.70,120.292627,23.106585,,,,,,,,,N/A,SAT=7,3.54,-42.21,830.45,36837.50,81900.00,38622.50T=N/A,,"Package=2814,UTC=11:33:11,Lat=23.106585,Lng=120.292627,Alt=18.70,Ax=3.54,Ay=-42.21,Az=830.45,Gx=36837.50,Gy=81900.00,Gz=38622.50T=N/A,H=N/A,SAT=7"
,2025-09-21T04:34:27Z,COM6,,UTC=11:33:11,18.70,120.292627,23.106585,,,,,,,,,N/A,SAT=7,-69.54,-6.83,2385.10,-33670.00,6212.50,27912.T=N/A,,"Package=2815,UTC=11:33:11,Lat=23.106585,Lng=120.292627,Alt=18.70,Ax=-69.54,Ay=-6.83,Az=2385.10,Gx=-33670.00,Gy=6212.50,Gz=27912.T=N/A,H=N/A,SAT=7"
,2025-09-21T04:34:28Z,COM6,,UTC=11:33:11,18.70,120.292627,23.106585,,,,,,,,,N/A,SAT=7,-4.39,-54.78,706.87,135362.50,-3447.50,14490.T=N/A,,"Package=2816,UTC=11:33:11,Lat=23.106585,Lng=120.292627,Alt=18.70,Ax=-4.39,Ay=-54.78,Az=706.87,Gx=135362.50,Gy=-3447.50,Gz=14490.T=N/A,H=N/A,SAT=7"
,2025-09-21T04:34:30Z,COM6,,UTC=11:33:11,18.70,120.292627,23.106585,,,,,,,,,N/A,SAT=7,-57.58,-31.96,832.53,56157.50,-53690.00,13933T=N/A,,"Package=2817,UTC=11:33:11,Lat=23.106585,Lng=120.292627,Alt=18.70,Ax=-57.58,Ay=-31.96,Az=832.53,Gx=56157.50,Gy=-53690.00,Gz=13933T=N/A,H=N/A,SAT=7"
,2025-09-21T04:34:32Z,COM6,,UTC=11:33:11,18.70,120.292627,23.106585,,,,,,,,,N/A,SAT=7,-61.98,13.18,968.31,-5932.50,-14297.50,193585T=N/A,,"Package=2818,UTC=11:33:11,Lat=23.106585,Lng=120.292627,Alt=18.70,Ax=-61.98,Ay=13.18,Az=968.31,Gx=-5932.50,Gy=-14297.50,Gz=193585T=N/A,H=N/A,SAT=7"
,2025-09-21T04:34:33Z,COM6,,UTC=11:33:11,18.70,120.292627,23.106585,,,,,,,,,N/A,SAT=7,-97.36,-47.21,837.16,56647.50,-171867.50,1418T=N/A,,"Package=2819,UTC=11:33:11,Lat=23.106585,Lng=120.292627,Alt=18.70,Ax=-97.36,Ay=-47.21,Az=837.16,Gx=56647.50,Gy=-171867.50,Gz=1418T=N/A,H=N/A,SAT=7"
,2025-09-21T04:34:35Z,COM6,,UTC=11:33:11,18.70,120.292627,23.106585,,,,,,,,,N/A,SAT=7,-84.67,-21.23,1789.98,-68390.00,-74970.00,-93T=N/A,,"Package=2820,UTC=11:33:11,Lat=23.106585,Lng=120.292627,Alt=18.70,Ax=-84.67,Ay=-21.23,Az=1789.98,Gx=-68390.00,Gy=-74970.00,Gz=-93T=N/A,H=N/A,SAT=7"
,2025-09-21T04:34:37Z,COM6,,UTC=11:33:11,18.70,120.292627,23.106585,,,,,,,,,N/A,SAT=7,-61.98,-11.22,839.36,-20265.00,45657.50,-1725T=N/A,,"Package=2821,UTC=11:33:11,Lat=23.106585,Lng=120.292627,Alt=18.70,Ax=-61.98,Ay=-11.22,Az=839.36,Gx=-20265.00,Gy=45657.50,Gz=-1725T=N/A,H=N/A,SAT=7"
,2025-09-21T04:34:38Z,COM6,,UTC=11:33:11,18.70,120.292627,23.106585,,,,,,,,,N/A,SAT=7,-68.08,-5.37,718.34,25777.50,-3867.50,-161805T=N/A,,"Package=2822,UTC=11:33:11,Lat=23.106585,Lng=120.292627,Alt=18.70,Ax=-68.08,Ay=-5.37,Az=718.34,Gx=25777.50,Gy=-3867.50,Gz=-161805T=N/A,H=N/A,SAT=7"
,2025-09-21T04:34:40Z,COM6,,UTC=11:33:11,18.70,120.292627,23.106585,,,,,,,,,N/A,SAT=7,-83.20,26.72,1443.38,-107117.50,7175.00,-1940T=N/A,,"Package=2823,UTC=11:33:11,Lat=23.106585,Lng=120.292627,Alt=18.70,Ax=-83.20,Ay=26.72,Az=1443.38,Gx=-107117.50,Gy=7175.00,Gz=-1940T=N/A,H=N/A,SAT=7"
,2025-09-21T04:34:42Z,COM6,,UTC=11:33:11,18.70,120.292627,23.106585,,,,,,,,,N/A,SAT=7,-50.75,-3.17,918.90,-43855.00,-33862.50,-1137T=N/A,,"Package=2824,UTC=11:33:11,Lat=23.106585,Lng=120.292627,Alt=18.70,Ax=-50.75,Ay=-3.17,Az=918.90,Gx=-43855.00,Gy=-33862.50,Gz=-1137T=N/A,H=N/A,SAT=7"
,2025-09-21T04:34:43Z,COM6,,UTC=11:33:11,18.70,120.292627,23.106585,,,,,,,,,N/A,SAT=7,-45.38,9.76,1142.41,-2870.00,-10342.50,-16628T=N/A,,"Package=2825,UTC=11:33:11,Lat=23.106585,Lng=120.292627,Alt=18.70,Ax=-45.38,Ay=9.76,Az=1142.41,Gx=-2870.00,Gy=-10342.50,Gz=-16628T=N/A,H=N/A,SAT=7"
,2025-09-21T04:34:45Z,COM6,,UTC=11:33:11,18.70,120.292627,23.106585,,,,,,,,,N/A,SAT=7,-39.65,-23.67,1035.66,12337.50,57802.50,-9509T=N/A,,"Package=2826,UTC=11:33:11,Lat=23.106585,Lng=120.292627,Alt=18.70,Ax=-39.65,Ay=-23.67,Az=1035.66,Gx=12337.50,Gy=57802.50,Gz=-9509T=N/A,H=N/A,SAT=7"
,2025-09-21T04:34:47Z,COM6,,UTC=11:33:11,18.70,120.292627,23.106585,,,,,,,,,N/A,SAT=7,-54.78,-15.37,929.64,-37607.50,-21630.00,-774T=N/A,,"Package=2827,UTC=11:33:11,Lat=23.106585,Lng=120.292627,Alt=18.70,Ax=-54.78,Ay=-15.37,Az=929.64,Gx=-37607.50,Gy=-21630.00,Gz=-774T=N/A,H=N/A,SAT=7"
,2025-09-21T04:34:48Z,COM6,,UTC=11:33:11,18.70,120.292627,23.106585,,,,,,,,,N/A,SAT=7,-45.38,-12.44,1000.64,18462.50,30345.00,-1367T=N/A,,"Package=2828,UTC=11:33:11,Lat=23.106585,Lng=120.292627,Alt=18.70,Ax=-45.38,Ay=-12.44,Az=1000.64,Gx=18462.50,Gy=30345.00,Gz=-1367T=N/A,H=N/A,SAT=7"
,2025-09-21T04:34:50Z,COM6,,UTC=11:33:11,18.70,120.292627,23.106585,,,,,,,,,N/A,SAT=7,-48.56,21.35,981.12,-10990.00,29487.50,-19440T=N/A,,"Package=2829,UTC=11:33:11,Lat=23.106585,Lng=120.292627,Alt=18.70,Ax=-48.56,Ay=21.35,Az=981.12,Gx=-10990.00,Gy=29487.50,Gz=-19440T=N/A,H=N/A,SAT=7"
,2025-09-21T04:34:52Z,COM6,,UTC=11:33:11,18.70,120.292627,23.106585,,,,,,,,,N/A,SAT=7,-74.05,-23.30,1282.22,23590.00,49245.00,-1784T=N/A,,"Package=2830,UTC=11:33:11,Lat=23.106585,Lng=120.292627,Alt=18.70,Ax=-74.05,Ay=-23.30,Az=1282.22,Gx=23590.00,Gy=49245.00,Gz=-1784T=N/A,H=N/A,SAT=7"
,2025-09-21T04:34:54Z,COM6,,UTC=11:33:11,18.70,120.292627,23.106585,,,,,,,,,N/A,SAT=7,-56.85,10.37,991.62,-2047.50,2397.50,-166145.T=N/A,,"Package=2831,UTC=11:33:11,Lat=23.106585,Lng=120.292627,Alt=18.70,Ax=-56.85,Ay=10.37,Az=991.62,Gx=-2047.50,Gy=2397.50,Gz=-166145.T=N/A,H=N/A,SAT=7"
,2025-09-21T04:34:55Z,COM6,,UTC=11:33:11,18.70,120.292627,23.106585,,,,,,,,,N/A,SAT=7,-40.75,-27.57,1041.27,542.50,37415.00,-156030T=N/A,,"Package=2832,UTC=11:33:11,Lat=23.106585,Lng=120.292627,Alt=18.70,Ax=-40.75,Ay=-27.57,Az=1041.27,Gx=542.50,Gy=37415.00,Gz=-156030T=N/A,H=N/A,SAT=7"
,2025-09-21T04:34:57Z,COM6,,UTC=11:33:11,18.70,120.292627,23.106585,,,,,,,,,N/A,SAT=7,-49.53,2.93,975.02,3622.50,6002.50,-158865.00T=N/A,,"Package=2833,UTC=11:33:11,Lat=23.106585,Lng=120.292627,Alt=18.70,Ax=-49.53,Ay=2.93,Az=975.02,Gx=3622.50,Gy=6002.50,Gz=-158865.00T=N/A,H=N/A,SAT=7"
,2025-09-21T04:34:59Z,COM6,,UTC=11:33:11,18.70,120.292627,23.106585,,,,,,,,,N/A,SAT=7,-34.40,-20.25,1315.77,-18480.00,66482.50,-132T=N/A,,"Package=2834,UTC=11:33:11,Lat=23.106585,Lng=120.292627,Alt=18.70,Ax=-34.40,Ay=-20.25,Az=1315.77,Gx=-18480.00,Gy=66482.50,Gz=-132T=N/A,H=N/A,SAT=7"
,2025-09-21T04:35:00Z,COM6,,UTC=11:33:11,18.70,120.292627,23.106585,,,,,,,,,N/A,SAT=7,-18.79,-24.16,842.04,-6107.50,22627.50,-78085T=N/A,,"Package=2835,UTC=11:33:11,Lat=23.106585,Lng=120.292627,Alt=18.70,Ax=-18.79,Ay=-24.16,Az=842.04,Gx=-6107.50,Gy=22627.50,Gz=-78085T=N/A,H=N/A,SAT=7"
,2025-09-21T04:35:02Z,COM6,,UTC=11:33:11,18.70,120.292627,23.106585,,,,,,,,,N/A,SAT=7,-31.11,0.73,1159.61,-50785.00,17272.50,-4375.T=N/A,,"Package=2836,UTC=11:33:11,Lat=23.106585,Lng=120.292627,Alt=18.70,Ax=-31.11,Ay=0.73,Az=1159.61,Gx=-50785.00,Gy=17272.50,Gz=-4375.T=N/A,H=N/A,SAT=7"
,2025-09-21T04:35:04Z,COM6,,UTC=11:33:11,18.70,120.292627,23.106585,,,,,,,,,N/A,SAT=7,-29.04,-7.08,759.33,-18287.50,-38797.50,90912T=N/A,,"Package=2837,UTC=11:33:11,Lat=23.106585,Lng=120.292627,Alt=18.70,Ax=-29.04,Ay=-7.08,Az=759.33,Gx=-18287.50,Gy=-38797.50,Gz=90912T=N/A,H=N/A,SAT=7"
,2025-09-21T04:35:05Z,COM6,,UTC=11:33:11,18.70,120.292627,23.106585,,,,,,,,,N/A,SAT=7,-46.60,-13.91,1181.94,21682.50,-11830.00,1529T=N/A,,"Package=2838,UTC=11:33:11,Lat=23.106585,Lng=120.292627,Alt=18.70,Ax=-46.60,Ay=-13.91,Az=1181.94,Gx=21682.50,Gy=-11830.00,Gz=1529T=N/A,H=N/A,SAT=7"
,2025-09-21T04:35:07Z,COM6,,UTC=11:33:11,18.70,120.292627,23.106585,,,,,,,,,N/A,SAT=7,-24.77,-45.87,949.16,-11060.00,10727.50,-3927T=N/A,,"Package=2839,UTC=11:33:11,Lat=23.106585,Lng=120.292627,Alt=18.70,Ax=-24.77,Ay=-45.87,Az=949.16,Gx=-11060.00,Gy=10727.50,Gz=-3927T=N/A,H=N/A,SAT=7"
,2025-09-21T04:35:09Z,COM6,,UTC=11:33:11,18.70,120.292627,23.106585,,,,,,,,,N/A,SAT=7,-17.20,-5.86,1027.24,-30887.50,31290.00,6947.T=N/A,,"Package=2840,UTC=11:33:11,Lat=23.106585,Lng=120.292627,Alt=18.70,Ax=-17.20,Ay=-5.86,Az=1027.24,Gx=-30887.50,Gy=31290.00,Gz=6947.T=N/A,H=N/A,SAT=7"
,2025-09-21T04:35:10Z,COM6,,UTC=11:33:11,18.70,120.292627,23.106585,,,,,,,,,N/A,SAT=7,-20.74,-29.04,1004.43,8995.00,-9957.50,33915.T=N/A,,"Package=2841,UTC=11:33:11,Lat=23.106585,Lng=120.292627,Alt=18.70,Ax=-20.74,Ay=-29.04,Az=1004.43,Gx=8995.00,Gy=-9957.50,Gz=33915.T=N/A,H=N/A,SAT=7"
,2025-09-21T04:35:12Z,COM6,,UTC=11:33:11,18.70,120.292627,23.106585,,,,,,,,,N/A,SAT=7,-42.09,-25.74,1049.69,18305.00,-34090.00,-105T=N/A,,"Package=2842,UTC=11:33:11,Lat=23.106585,Lng=120.292627,Alt=18.70,Ax=-42.09,Ay=-25.74,Az=1049.69,Gx=18305.00,Gy=-34090.00,Gz=-105T=N/A,H=N/A,SAT=7"
,2025-09-21T04:35:14Z,COM6,,UTC=11:33:11,18.70,120.292627,23.106585,,,,,,,,,N/A,SAT=7,-57.83,-22.81,1009.18,-28752.50,-46952.50,307T=N/A,,"Package=2843,UTC=11:33:11,Lat=23.106585,Lng=120.292627,Alt=18.70,Ax=-57.83,Ay=-22.81,Az=1009.18,Gx=-28752.50,Gy=-46952.50,Gz=307T=N/A,H=N/A,SAT=7"
,2025-09-21T04:35:15Z,COM6,,UTC=11:33:11,18.70,120.292627,23.106585,,,,,,,,,N/A,SAT=7,-30.01,-25.86,972.71,21210.00,-595.00,55107.5T=N/A,,"Package=2844,UTC=11:33:11,Lat=23.106585,Lng=120.292627,Alt=18.70,Ax=-30.01,Ay=-25.86,Az=972.71,Gx=21210.00,Gy=-595.00,Gz=55107.5T=N/A,H=N/A,SAT=7"
,2025-09-21T04:35:17Z,COM6,,UTC=11:33:11,18.70,120.292627,23.106585,,,,,,,,,N/A,SAT=7,-32.70,-11.47,1099.59,-23905.00,-3972.50,9966T=N/A,,"Package=2845,UTC=11:33:11,Lat=23.106585,Lng=120.292627,Alt=18.70,Ax=-32.70,Ay=-11.47,Az=1099.59,Gx=-23905.00,Gy=-3972.50,Gz=9966T=N/A,H=N/A,SAT=7"
,2025-09-21T04:35:19Z,COM6,,UTC=11:33:11,18.70,120.292627,23.106585,,,,,,,,,N/A,SAT=7,-11.83,-52.34,950.87,44187.50,14385.00,32725.T=N/A,,"Package=2846,UTC=11:33:11,Lat=23.106585,Lng=120.292627,Alt=18.70,Ax=-11.83,Ay=-52.34,Az=950.87,Gx=44187.50,Gy=14385.00,Gz=32725.T=N/A,H=N/A,SAT=7"
,2025-09-21T04:35:20Z,COM6,,UTC=11:33:11,18.70,120.292627,23.106585,,,,,,,,,N/A,SAT=7,-26.23,-37.33,1050.54,-14070.00,-9222.50,-506T=N/A,,"Package=2847,UTC=11:33:11,Lat=23.106585,Lng=120.292627,Alt=18.70,Ax=-26.23,Ay=-37.33,Az=1050.54,Gx=-14070.00,Gy=-9222.50,Gz=-506T=N/A,H=N/A,SAT=7"
,2025-09-21T04:35:22Z,COM6,,UTC=11:33:11,18.70,120.292627,23.106585,,,,,,,,,N/A,SAT=7,-28.79,-29.65,1220.00,32777.50,9590.00,-74830T=N/A,,"Package=2848,UTC=11:33:11,Lat=23.106585,Lng=120.292627,Alt=18.70,Ax=-28.79,Ay=-29.65,Az=1220.00,Gx=32777.50,Gy=9590.00,Gz=-74830T=N/A,H=N/A,SAT=7"
,2025-09-21T04:35:24Z,COM6,,UTC=11:33:11,18.70,120.292627,23.106585,,,,,,,,,N/A,SAT=7,-47.70,-13.66,1110.44,30327.50,-6982.50,-1153T=N/A,,"Package=2849,UTC=11:33:11,Lat=23.106585,Lng=120.292627,Alt=18.70,Ax=-47.70,Ay=-13.66,Az=1110.44,Gx=30327.50,Gy=-6982.50,Gz=-1153T=N/A,H=N/A,SAT=7"
,2025-09-21T04:35:25Z,COM6,,UTC=11:33:11,18.70,120.292627,23.106585,,,,,,,,,N/A,SAT=7,-36.48,-28.91,981.12,-7945.00,-3780.00,12495.T=N/A,,"Package=2850,UTC=11:33:11,Lat=23.106585,Lng=120.292627,Alt=18.70,Ax=-36.48,Ay=-28.91,Az=981.12,Gx=-7945.00,Gy=-3780.00,Gz=12495.T=N/A,H=N/A,SAT=7"
,2025-09-21T04:35:27Z,COM6,,UTC=11:33:11,18.70,120.292627,23.106585,,,,,,,,,N/A,SAT=7,-55.75,-45.26,1302.23,-14700.00,-57505.00,-53T=N/A,,"Package=2851,UTC=11:33:11,Lat=23.106585,Lng=120.292627,Alt=18.70,Ax=-55.75,Ay=-45.26,Az=1302.23,Gx=-14700.00,Gy=-57505.00,Gz=-53T=N/A,H=N/A,SAT=7"
,2025-09-21T04:35:29Z,COM6,,UTC=11:33:11,18.70,120.292627,23.106585,,,,,,,,,N/A,SAT=7,-11.35,-26.60,986.98,8505.00,29137.50,-87850.T=N/A,,"Package=2852,UTC=11:33:11,Lat=23.106585,Lng=120.292627,Alt=18.70,Ax=-11.35,Ay=-26.60,Az=986.98,Gx=8505.00,Gy=29137.50,Gz=-87850.T=N/A,H=N/A,SAT=7"
,2025-09-21T04:35:30Z,COM6,,UTC=11:33:11,18.70,120.292627,23.106585,,,,,,,,,N/A,SAT=7,-37.09,-25.13,956.97,-1837.50,-15452.50,-8106T=N/A,,"Package=2853,UTC=11:33:11,Lat=23.106585,Lng=120.292627,Alt=18.70,Ax=-37.09,Ay=-25.13,Az=956.97,Gx=-1837.50,Gy=-15452.50,Gz=-8106T=N/A,H=N/A,SAT=7"
,2025-09-21T04:35:32Z,COM6,,UTC=11:33:11,18.70,120.292627,23.106585,,,,,,,,,N/A,SAT=7,-38.55,-1.10,1158.15,-8172.50,7315.00,-117827T=N/A,,"Package=2854,UTC=11:33:11,Lat=23.106585,Lng=120.292627,Alt=18.70,Ax=-38.55,Ay=-1.10,Az=1158.15,Gx=-8172.50,Gy=7315.00,Gz=-117827T=N/A,H=N/A,SAT=7"
,2025-09-21T04:35:34Z,COM6,,UTC=11:33:11,18.70,120.292627,23.106585,,,,,,,,,N/A,SAT=7,-35.38,-26.23,939.89,-5180.00,-8872.50,-91542T=N/A,,"Package=2855,UTC=11:33:11,Lat=23.106585,Lng=120.292627,Alt=18.70,Ax=-35.38,Ay=-26.23,Az=939.89,Gx=-5180.00,Gy=-8872.50,Gz=-91542T=N/A,H=N/A,SAT=7"
,2025-09-21T04:35:35Z,COM6,,UTC=11:33:11,18.70,120.292627,23.106585,,,,,,,,,N/A,SAT=7,-41.97,-10.00,977.46,-33162.50,-17185.00,2679T=N/A,,"Package=2856,UTC=11:33:11,Lat=23.106585,Lng=120.292627,Alt=18.70,Ax=-41.97,Ay=-10.00,Az=977.46,Gx=-33162.50,Gy=-17185.00,Gz=2679T=N/A,H=N/A,SAT=7"
,2025-09-21T04:35:37Z,COM6,,UTC=11:33:11,18.70,120.292627,23.106585,,,,,,,,,N/A,SAT=7,-34.16,-64.17,1168.03,62282.50,-1907.50,7367.T=N/A,,"Package=2857,UTC=11:33:11,Lat=23.106585,Lng=120.292627,Alt=18.70,Ax=-34.16,Ay=-64.17,Az=1168.03,Gx=62282.50,Gy=-1907.50,Gz=7367.T=N/A,H=N/A,SAT=7"
,2025-09-21T04:35:39Z,COM6,,UTC=11:33:11,18.70,120.292627,23.106585,,,,,,,,,N/A,SAT=7,-32.09,-19.40,781.53,-8977.50,-29417.50,-2758T=N/A,,"Package=2858,UTC=11:33:11,Lat=23.106585,Lng=120.292627,Alt=18.70,Ax=-32.09,Ay=-19.40,Az=781.53,Gx=-8977.50,Gy=-29417.50,Gz=-2758T=N/A,H=N/A,SAT=7"
,2025-09-21T04:35:40Z,COM6,,UTC=11:33:11,18.70,120.292627,23.106585,,,,,,,,,N/A,SAT=7,-10.74,-17.57,1075.80,-73955.00,54285.00,-185T=N/A,,"Package=2859,UTC=11:33:11,Lat=23.106585,Lng=120.292627,Alt=18.70,Ax=-10.74,Ay=-17.57,Az=1075.80,Gx=-73955.00,Gy=54285.00,Gz=-185T=N/A,H=N/A,SAT=7"
,2025-09-21T04:35:42Z,COM6,,UTC=11:33:11,18.70,120.292627,23.106585,,,,,,,,,N/A,SAT=7,-39.28,-29.04,1030.90,-15837.50,9380.00,-8879T=N/A,,"Package=2860,UTC=11:33:11,Lat=23.106585,Lng=120.292627,Alt=18.70,Ax=-39.28,Ay=-29.04,Az=1030.90,Gx=-15837.50,Gy=9380.00,Gz=-8879T=N/A,H=N/A,SAT=7"
,2025-09-21T04:35:44Z,COM6,,UTC=11:33:11,18.70,120.292627,23.106585,,,,,,,,,N/A,SAT=7,-59.29,-20.13,1014.19,-5600.00,13737.50,-8309T=N/A,,"Package=2861,UTC=11:33:11,Lat=23.106585,Lng=120.292627,Alt=18.70,Ax=-59.29,Ay=-20.13,Az=1014.19,Gx=-5600.00,Gy=13737.50,Gz=-8309T=N/A,H=N/A,SAT=7"
,2025-09-21T04:35:45Z,COM6,,UTC=11:33:11,18.70,120.292627,23.106585,,,,,,,,,N/A,SAT=7,-49.17,2.32,1237.57,24220.00,-25585.00,-14743T=N/A,,"Package=2862,UTC=11:33:11,Lat=23.106585,Lng=120.292627,Alt=18.70,Ax=-49.17,Ay=2.32,Az=1237.57,Gx=24220.00,Gy=-25585.00,Gz=-14743T=N/A,H=N/A,SAT=7"
,2025-09-21T04:35:47Z,COM6,,UTC=11:33:11,18.70,120.292627,23.106585,,,,,,,,,N/A,SAT=7,-18.79,-23.79,961.60,41055.00,11812.50,-32602T=N/A,,"Package=2863,UTC=11:33:11,Lat=23.106585,Lng=120.292627,Alt=18.70,Ax=-18.79,Ay=-23.79,Az=961.60,Gx=41055.00,Gy=11812.50,Gz=-32602T=N/A,H=N/A,SAT=7"
,2025-09-21T04:35:49Z,COM6,,UTC=11:33:11,18.70,120.292627,23.106585,,,,,,,,,N/A,SAT=7,-14.88,-20.50,916.83,-15015.00,2852.50,-4357.T=N/A,,"Package=2864,UTC=11:33:11,Lat=23.106585,Lng=120.292627,Alt=18.70,Ax=-14.88,Ay=-20.50,Az=916.83,Gx=-15015.00,Gy=2852.50,Gz=-4357.T=N/A,H=N/A,SAT=7"
,2025-09-21T04:35:50Z,COM6,,UTC=11:33:11,18.70,120.292627,23.106585,,,,,,,,,N/A,SAT=7,-42.94,-42.46,1519.27,55212.50,-29855.00,-604T=N/A,,"Package=2865,UTC=11:33:11,Lat=23.106585,Lng=120.292627,Alt=18.70,Ax=-42.94,Ay=-42.46,Az=1519.27,Gx=55212.50,Gy=-29855.00,Gz=-604T=N/A,H=N/A,SAT=7"
,2025-09-21T04:35:52Z,COM6,,UTC=11:33:11,18.70,120.292627,23.106585,,,,,,,,,N/A,SAT=7,-37.21,-42.09,1292.22,-28840.00,-16240.00,-77T=N/A,,"Package=2866,UTC=11:33:11,Lat=23.106585,Lng=120.292627,Alt=18.70,Ax=-37.21,Ay=-42.09,Az=1292.22,Gx=-28840.00,Gy=-16240.00,Gz=-77T=N/A,H=N/A,SAT=7"
,2025-09-21T04:35:54Z,COM6,,UTC=11:33:11,18.70,120.292627,23.106585,,,,,,,,,N/A,SAT=7,-48.56,7.69,1240.13,7280.00,72502.50,-178657.T=N/A,,"Package=2867,UTC=11:33:11,Lat=23.106585,Lng=120.292627,Alt=18.70,Ax=-48.56,Ay=7.69,Az=1240.13,Gx=7280.00,Gy=72502.50,Gz=-178657.T=N/A,H=N/A,SAT=7"
,2025-09-21T04:35:55Z,COM6,,UTC=11:33:11,18.70,120.292627,23.106585,,,,,,,,,N/A,SAT=7,-64.05,-28.43,1299.42,30240.00,18812.50,-9534T=N/A,,"Package=2868,UTC=11:33:11,Lat=23.106585,Lng=120.292627,Alt=18.70,Ax=-64.05,Ay=-28.43,Az=1299.42,Gx=30240.00,Gy=18812.50,Gz=-9534T=N/A,H=N/A,SAT=7"
,2025-09-21T04:35:57Z,COM6,,UTC=11:33:11,18.70,120.292627,23.106585,,,,,,,,,N/A,SAT=7,-25.38,-10.61,938.42,59202.50,22557.50,-92645T=N/A,,"Package=2869,UTC=11:33:11,Lat=23.106585,Lng=120.292627,Alt=18.70,Ax=-25.38,Ay=-10.61,Az=938.42,Gx=59202.50,Gy=22557.50,Gz=-92645T=N/A,H=N/A,SAT=7"
,2025-09-21T04:35:59Z,COM6,,UTC=11:33:11,18.70,120.292627,23.106585,,,,,,,,,N/A,SAT=7,-77.59,39.16,1403.61,-79327.50,-6562.50,-1936T=N/A,,"Package=2870,UTC=11:33:11,Lat=23.106585,Lng=120.292627,Alt=18.70,Ax=-77.59,Ay=39.16,Az=1403.61,Gx=-79327.50,Gy=-6562.50,Gz=-1936T=N/A,H=N/A,SAT=7"
,2025-09-21T04:36:00Z,COM6,,UTC=11:33:11,18.70,120.292627,23.106585,,,,,,,,,N/A,SAT=7,-36.36,-25.01,881.08,40740.00,-3710.00,-10619T=N/A,,"Package=2871,UTC=11:33:11,Lat=23.106585,Lng=120.292627,Alt=18.70,Ax=-36.36,Ay=-25.01,Az=881.08,Gx=40740.00,Gy=-3710.00,Gz=-10619T=N/A,H=N/A,SAT=7"
,2025-09-21T04:36:02Z,COM6,,UTC=11:33:11,18.70,120.292627,23.106585,,,,,,,,,N/A,SAT=7,-38.06,-48.31,860.47,76440.00,16677.50,-98840T=N/A,,"Package=2872,UTC=11:33:11,Lat=23.106585,Lng=120.292627,Alt=18.70,Ax=-38.06,Ay=-48.31,Az=860.47,Gx=76440.00,Gy=16677.50,Gz=-98840T=N/A,H=N/A,SAT=7"
,2025-09-21T04:36:04Z,COM6,,UTC=11:33:11,18.70,120.292627,23.106585,,,,,,,,,N/A,SAT=7,-101.38,-12.20,1479.98,-41825.00,-33302.50,-1T=N/A,,"Package=2873,UTC=11:33:11,Lat=23.106585,Lng=120.292627,Alt=18.70,Ax=-101.38,Ay=-12.20,Az=1479.98,Gx=-41825.00,Gy=-33302.50,Gz=-1T=N/A,H=N/A,SAT=7"
,2025-09-21T04:36:05Z,COM6,,UTC=11:33:11,18.70,120.292627,23.106585,,,,,,,,,N/A,SAT=7,-37.82,-6.34,775.55,76370.00,47337.50,-186270T=N/A,,"Package=2874,UTC=11:33:11,Lat=23.106585,Lng=120.292627,Alt=18.70,Ax=-37.82,Ay=-6.34,Az=775.55,Gx=76370.00,Gy=47337.50,Gz=-186270T=N/A,H=N/A,SAT=7"
,2025-09-21T04:36:07Z,COM6,,UTC=11:33:11,18.70,120.292627,23.106585,,,,,,,,,N/A,SAT=7,-56.97,-17.57,1073.48,-26232.50,-49752.50,-10T=N/A,,"Package=2875,UTC=11:33:11,Lat=23.106585,Lng=120.292627,Alt=18.70,Ax=-56.97,Ay=-17.57,Az=1073.48,Gx=-26232.50,Gy=-49752.50,Gz=-10T=N/A,H=N/A,SAT=7"
,2025-09-21T04:36:09Z,COM6,,UTC=11:33:11,18.70,120.292627,23.106585,,,,,,,,,N/A,SAT=7,-66.61,-18.42,1104.22,-9887.50,-91402.50,-550T=N/A,,"Package=2876,UTC=11:33:11,Lat=23.106585,Lng=120.292627,Alt=18.70,Ax=-66.61,Ay=-18.42,Az=1104.22,Gx=-9887.50,Gy=-91402.50,Gz=-550T=N/A,H=N/A,SAT=7"
,2025-09-21T04:36:11Z,COM6,,UTC=11:33:11,18.70,120.292627,23.106585,,,,,,,,,N/A,SAT=7,-21.84,-21.23,729.80,32287.50,-49350.00,-3941T=N/A,,"Package=2877,UTC=11:33:11,Lat=23.106585,Lng=120.292627,Alt=18.70,Ax=-21.84,Ay=-21.23,Az=729.80,Gx=32287.50,Gy=-49350.00,Gz=-3941T=N/A,H=N/A,SAT=7"
,2025-09-21T04:36:12Z,COM6,,UTC=11:33:11,18.70,120.292627,23.106585,,,,,,,,,N/A,SAT=7,-50.87,-41.97,1329.07,-8627.50,3850.00,-18707T=N/A,,"Package=2878,UTC=11:33:11,Lat=23.106585,Lng=120.292627,Alt=18.70,Ax=-50.87,Ay=-41.97,Az=1329.07,Gx=-8627.50,Gy=3850.00,Gz=-18707T=N/A,H=N/A,SAT=7"
,2025-09-21T04:36:14Z,COM6,,UTC=11:33:11,18.70,120.292627,23.106585,,,,,,,,,N/A,SAT=7,-46.24,-26.60,1013.33,74795.00,40425.00,12306T=N/A,,"Package=2879,UTC=11:33:11,Lat=23.106585,Lng=120.292627,Alt=18.70,Ax=-46.24,Ay=-26.60,Az=1013.33,Gx=74795.00,Gy=40425.00,Gz=12306T=N/A,H=N/A,SAT=7"
,2025-09-21T04:36:16Z,COM6,,UTC=11:33:11,18.70,120.292627,23.106585,,,,,,,,,N/A,SAT=7,-44.65,-17.81,786.66,3097.50,-20387.50,150377T=N/A,,"Package=2880,UTC=11:33:11,Lat=23.106585,Lng=120.292627,Alt=18.70,Ax=-44.65,Ay=-17.81,Az=786.66,Gx=3097.50,Gy=-20387.50,Gz=150377T=N/A,H=N/A,SAT=7"
,2025-09-21T04:36:17Z,COM6,,UTC=11:33:11,18.70,120.292627,23.106585,,,,,,,,,N/A,SAT=7,-43.68,-15.13,918.05,-13090.00,12512.50,16936T=N/A,,"Package=2881,UTC=11:33:11,Lat=23.106585,Lng=120.292627,Alt=18.70,Ax=-43.68,Ay=-15.13,Az=918.05,Gx=-13090.00,Gy=12512.50,Gz=16936T=N/A,H=N/A,SAT=7"
,2025-09-21T04:36:19Z,COM6,,UTC=11:33:11,18.70,120.292627,23.106585,,,,,,,,,N/A,SAT=7,-35.38,21.96,856.68,-22872.50,-10622.50,19178T=N/A,,"Package=2882,UTC=11:33:11,Lat=23.106585,Lng=120.292627,Alt=18.70,Ax=-35.38,Ay=21.96,Az=856.68,Gx=-22872.50,Gy=-10622.50,Gz=19178T=N/A,H=N/A,SAT=7"
,2025-09-21T04:36:21Z,COM6,,UTC=11:33:11,18.70,120.292627,23.106585,,,,,,,,,N/A,SAT=7,-85.64,19.03,1860.01,-98945.00,-2135.00,24375T=N/A,,"Package=2883,UTC=11:33:11,Lat=23.106585,Lng=120.292627,Alt=18.70,Ax=-85.64,Ay=19.03,Az=1860.01,Gx=-98945.00,Gy=-2135.00,Gz=24375T=N/A,H=N/A,SAT=7"
,2025-09-21T04:36:22Z,COM6,,UTC=11:33:11,18.70,120.292627,23.106585,,,,,,,,,N/A,SAT=7,-64.29,22.20,732.00,-12355.00,8207.50,211242.T=N/A,,"Package=2884,UTC=11:33:11,Lat=23.106585,Lng=120.292627,Alt=18.70,Ax=-64.29,Ay=22.20,Az=732.00,Gx=-12355.00,Gy=8207.50,Gz=211242.T=N/A,H=N/A,SAT=7"
,2025-09-21T04:36:24Z,COM6,,UTC=11:33:11,18.70,120.292627,23.106585,,,,,,,,,N/A,SAT=7,-73.81,10.49,1433.01,-101885.00,-50067.50,140T=N/A,,"Package=2885,UTC=11:33:11,Lat=23.106585,Lng=120.292627,Alt=18.70,Ax=-73.81,Ay=10.49,Az=1433.01,Gx=-101885.00,Gy=-50067.50,Gz=140T=N/A,H=N/A,SAT=7"
,2025-09-21T04:36:26Z,COM6,,UTC=11:33:11,18.70,120.292627,23.106585,,,,,,,,,N/A,SAT=7,-47.21,16.84,944.52,-99820.00,-13807.50,11145T=N/A,,"Package=2886,UTC=11:33:11,Lat=23.106585,Lng=120.292627,Alt=18.70,Ax=-47.21,Ay=16.84,Az=944.52,Gx=-99820.00,Gy=-13807.50,Gz=11145T=N/A,H=N/A,SAT=7"
,2025-09-21T04:36:27Z,COM6,,UTC=11:33:11,18.70,120.292627,23.106585,,,,,,,,,N/A,SAT=7,-38.19,13.18,840.95,-48790.00,-420.00,182472.T=N/A,,"Package=2887,UTC=11:33:11,Lat=23.106585,Lng=120.292627,Alt=18.70,Ax=-38.19,Ay=13.18,Az=840.95,Gx=-48790.00,Gy=-420.00,Gz=182472.T=N/A,H=N/A,SAT=7"
,2025-09-21T04:36:29Z,COM6,,UTC=11:33:11,18.70,120.292627,23.106585,,,,,,,,,N/A,SAT=7,-54.05,13.18,1313.57,-34177.50,7892.50,157972T=N/A,,"Package=2888,UTC=11:33:11,Lat=23.106585,Lng=120.292627,Alt=18.70,Ax=-54.05,Ay=13.18,Az=1313.57,Gx=-34177.50,Gy=7892.50,Gz=157972T=N/A,H=N/A,SAT=7"
,2025-09-21T04:36:31Z,COM6,,UTC=11:33:11,18.70,120.292627,23.106585,,,,,,,,,N/A,SAT=7,-22.69,-9.03,1004.91,-62842.50,44835.00,10928T=N/A,,"Package=2889,UTC=11:33:11,Lat=23.106585,Lng=120.292627,Alt=18.70,Ax=-22.69,Ay=-9.03,Az=1004.91,Gx=-62842.50,Gy=44835.00,Gz=10928T=N/A,H=N/A,SAT=7"
,2025-09-21T04:36:32Z,COM6,,UTC=11:33:11,18.70,120.292627,23.106585,,,,,,,,,N/A,SAT=7,-4.39,-20.37,1121.91,-47915.00,65012.50,80342T=N/A,,"Package=2890,UTC=11:33:11,Lat=23.106585,Lng=120.292627,Alt=18.70,Ax=-4.39,Ay=-20.37,Az=1121.91,Gx=-47915.00,Gy=65012.50,Gz=80342T=N/A,H=N/A,SAT=7"
,2025-09-21T04:36:34Z,COM6,,UTC=11:33:11,18.70,120.292627,23.106585,,,,,,,,,N/A,SAT=7,-15.49,-20.50,865.71,-37922.50,-10080.00,3302T=N/A,,"Package=2891,UTC=11:33:11,Lat=23.106585,Lng=120.292627,Alt=18.70,Ax=-15.49,Ay=-20.50,Az=865.71,Gx=-37922.50,Gy=-10080.00,Gz=3302T=N/A,H=N/A,SAT=7"
,2025-09-21T04:36:36Z,COM6,,UTC=11:33:11,18.70,120.292627,23.106585,,,,,,,,,N/A,SAT=7,-54.66,-25.86,1003.08,-21192.50,-46497.50,-38T=N/A,,"Package=2892,UTC=11:33:11,Lat=23.106585,Lng=120.292627,Alt=18.70,Ax=-54.66,Ay=-25.86,Az=1003.08,Gx=-21192.50,Gy=-46497.50,Gz=-38T=N/A,H=N/A,SAT=7"
,2025-09-21T04:36:37Z,COM6,,UTC=11:33:11,18.70,120.292627,23.106585,,,,,,,,,N/A,SAT=7,-39.04,-18.42,1035.17,-25602.50,24535.00,8540T=N/A,,"Package=2893,UTC=11:33:11,Lat=23.106585,Lng=120.292627,Alt=18.70,Ax=-39.04,Ay=-18.42,Az=1035.17,Gx=-25602.50,Gy=24535.00,Gz=8540T=N/A,H=N/A,SAT=7"
,2025-09-21T04:36:39Z,COM6,,UTC=11:33:11,18.70,120.292627,23.106585,,,,,,,,,N/A,SAT=7,-18.79,-16.84,898.41,-32165.00,15295.00,85470T=N/A,,"Package=2894,UTC=11:33:11,Lat=23.106585,Lng=120.292627,Alt=18.70,Ax=-18.79,Ay=-16.84,Az=898.41,Gx=-32165.00,Gy=15295.00,Gz=85470T=N/A,H=N/A,SAT=7"
,2025-09-21T04:36:41Z,COM6,,UTC=11:33:11,18.70,120.292627,23.106585,,,,,,,,,N/A,SAT=7,-4.51,-25.13,1121.91,13982.50,73832.50,112507T=N/A,,"Package=2895,UTC=11:33:11,Lat=23.106585,Lng=120.292627,Alt=18.70,Ax=-4.51,Ay=-25.13,Az=1121.91,Gx=13982.50,Gy=73832.50,Gz=112507T=N/A,H=N/A,SAT=7"
,2025-09-21T04:36:42Z,COM6,,UTC=11:33:11,18.70,120.292627,23.106585,,,,,,,,,N/A,SAT=7,-21.84,-50.87,908.41,1872.50,-4935.00,-29347.T=N/A,,"Package=2896,UTC=11:33:11,Lat=23.106585,Lng=120.292627,Alt=18.70,Ax=-21.84,Ay=-50.87,Az=908.41,Gx=1872.50,Gy=-4935.00,Gz=-29347.T=N/A,H=N/A,SAT=7"
,2025-09-21T04:36:44Z,COM6,,UTC=11:33:11,18.70,120.292627,23.106585,,,,,,,,,N/A,SAT=7,-62.22,-29.40,865.96,75442.50,-8907.50,-15240T=N/A,,"Package=2897,UTC=11:33:11,Lat=23.106585,Lng=120.292627,Alt=18.70,Ax=-62.22,Ay=-29.40,Az=865.96,Gx=75442.50,Gy=-8907.50,Gz=-15240T=N/A,H=N/A,SAT=7"
,2025-09-21T04:36:46Z,COM6,,UTC=11:33:11,18.70,120.292627,23.106585,,,,,,,,,N/A,SAT=7,-85.52,13.91,1286.12,-9607.50,3657.50,-204277T=N/A,,"Package=2898,UTC=11:33:11,Lat=23.106585,Lng=120.292627,Alt=18.70,Ax=-85.52,Ay=13.91,Az=1286.12,Gx=-9607.50,Gy=3657.50,Gz=-204277T=N/A,H=N/A,SAT=7"
,2025-09-21T04:36:47Z,COM6,,UTC=11:33:11,18.70,120.292627,23.106585,,,,,,,,,N/A,SAT=7,-51.73,-22.57,876.45,62090.00,15890.00,-18375T=N/A,,"Package=2899,UTC=11:33:11,Lat=23.106585,Lng=120.292627,Alt=18.70,Ax=-51.73,Ay=-22.57,Az=876.45,Gx=62090.00,Gy=15890.00,Gz=-18375T=N/A,H=N/A,SAT=7"
,2025-09-21T04:36:49Z,COM6,,UTC=11:33:11,18.70,120.292627,23.106585,,,,,,,,,N/A,SAT=7,-88.21,-4.88,1275.39,910.00,38955.00,-265772.T=N/A,,"Package=2900,UTC=11:33:11,Lat=23.106585,Lng=120.292627,Alt=18.70,Ax=-88.21,Ay=-4.88,Az=1275.39,Gx=910.00,Gy=38955.00,Gz=-265772.T=N/A,H=N/A,SAT=7"
,2025-09-21T04:36:51Z,COM6,,UTC=11:33:11,18.70,120.292627,23.106585,,,,,,,,,N/A,SAT=7,-78.81,29.77,930.62,-12250.00,-45955.00,-2046T=N/A,,"Package=2901,UTC=11:33:11,Lat=23.106585,Lng=120.292627,Alt=18.70,Ax=-78.81,Ay=29.77,Az=930.62,Gx=-12250.00,Gy=-45955.00,Gz=-2046T=N/A,H=N/A,SAT=7"
,2025-09-21T04:36:52Z,COM6,,UTC=11:33:11,18.70,120.292627,23.106585,,,,,,,,,N/A,SAT=7,-58.07,26.23,1052.74,-29032.50,-7297.50,-2238T=N/A,,"Package=2902,UTC=11:33:11,Lat=23.106585,Lng=120.292627,Alt=18.70,Ax=-58.07,Ay=26.23,Az=1052.74,Gx=-29032.50,Gy=-7297.50,Gz=-2238T=N/A,H=N/A,SAT=7"
,2025-09-21T04:36:54Z,COM6,,UTC=11:33:11,18.70,120.292627,23.106585,,,,,,,,,N/A,SAT=7,-15.86,-19.89,846.68,6422.50,12705.00,-60410.T=N/A,,"Package=2903,UTC=11:33:11,Lat=23.106585,Lng=120.292627,Alt=18.70,Ax=-15.86,Ay=-19.89,Az=846.68,Gx=6422.50,Gy=12705.00,Gz=-60410.T=N/A,H=N/A,SAT=7"
,2025-09-21T04:36:56Z,COM6,,UTC=11:33:11,18.70,120.292627,23.106585,,,,,,,,,N/A,SAT=7,-41.97,-3.54,823.13,-25620.00,-55842.50,10472T=N/A,,"Package=2904,UTC=11:33:11,Lat=23.106585,Lng=120.292627,Alt=18.70,Ax=-41.97,Ay=-3.54,Az=823.13,Gx=-25620.00,Gy=-55842.50,Gz=10472T=N/A,H=N/A,SAT=7"
,2025-09-21T04:36:57Z,COM6,,UTC=11:33:11,18.70,120.292627,23.106585,,,,,,,,,N/A,SAT=7,-64.17,22.94,1514.26,-70875.00,-8155.00,17984T=N/A,,"Package=2905,UTC=11:33:11,Lat=23.106585,Lng=120.292627,Alt=18.70,Ax=-64.17,Ay=22.94,Az=1514.26,Gx=-70875.00,Gy=-8155.00,Gz=17984T=N/A,H=N/A,SAT=7"
,2025-09-21T04:36:59Z,COM6,,UTC=11:33:11,18.70,120.292627,23.106585,,,,,,,,,N/A,SAT=7,-27.82,-24.40,938.18,-55562.50,68477.50,10991T=N/A,,"Package=2906,UTC=11:33:11,Lat=23.106585,Lng=120.292627,Alt=18.70,Ax=-27.82,Ay=-24.40,Az=938.18,Gx=-55562.50,Gy=68477.50,Gz=10991T=N/A,H=N/A,SAT=7"
,2025-09-21T04:37:01Z,COM6,,UTC=11:33:11,18.70,120.292627,23.106585,,,,,,,,,N/A,SAT=7,-45.99,-17.57,1103.12,3867.50,-31832.50,14701T=N/A,,"Package=2907,UTC=11:33:11,Lat=23.106585,Lng=120.292627,Alt=18.70,Ax=-45.99,Ay=-17.57,Az=1103.12,Gx=3867.50,Gy=-31832.50,Gz=14701T=N/A,H=N/A,SAT=7"
,2025-09-21T04:37:02Z,COM6,,UTC=11:33:11,18.70,120.292627,23.106585,,,,,,,,,N/A,SAT=7,-47.21,-53.92,1047.00,54302.50,-3465.00,28525T=N/A,,"Package=2908,UTC=11:33:11,Lat=23.106585,Lng=120.292627,Alt=18.70,Ax=-47.21,Ay=-53.92,Az=1047.00,Gx=54302.50,Gy=-3465.00,Gz=28525T=N/A,H=N/A,SAT=7"
,2025-09-21T04:37:04Z,COM6,,UTC=11:33:11,18.70,120.292627,23.106585,,,,,,,,,N/A,SAT=7,-23.30,-21.72,965.51,-36435.00,1102.50,-40477T=N/A,,"Package=2909,UTC=11:33:11,Lat=23.106585,Lng=120.292627,Alt=18.70,Ax=-23.30,Ay=-21.72,Az=965.51,Gx=-36435.00,Gy=1102.50,Gz=-40477T=N/A,H=N/A,SAT=7"
,2025-09-21T04:37:06Z,COM6,,UTC=11:33:11,18.70,120.292627,23.106585,,,,,,,,,N/A,SAT=7,-14.40,-24.40,1203.41,10237.50,85207.50,50050T=N/A,,"Package=2910,UTC=11:33:11,Lat=23.106585,Lng=120.292627,Alt=18.70,Ax=-14.40,Ay=-24.40,Az=1203.41,Gx=10237.50,Gy=85207.50,Gz=50050T=N/A,H=N/A,SAT=7"
,2025-09-21T04:37:07Z,COM6,,UTC=11:33:11,18.70,120.292627,23.106585,,,,,,,,,N/A,SAT=7,-37.45,-42.33,882.18,16782.50,-27825.00,64750T=N/A,,"Package=2911,UTC=11:33:11,Lat=23.106585,Lng=120.292627,Alt=18.70,Ax=-37.45,Ay=-42.33,Az=882.18,Gx=16782.50,Gy=-27825.00,Gz=64750T=N/A,H=N/A,SAT=7"
,2025-09-21T04:37:09Z,COM6,,UTC=11:33:11,18.70,120.292627,23.106585,,,,,,,,,N/A,SAT=7,-69.05,-32.57,1830.00,54950.00,-11707.50,1605T=N/A,,"Package=2912,UTC=11:33:11,Lat=23.106585,Lng=120.292627,Alt=18.70,Ax=-69.05,Ay=-32.57,Az=1830.00,Gx=54950.00,Gy=-11707.50,Gz=1605T=N/A,H=N/A,SAT=7"
,2025-09-21T04:37:11Z,COM6,,UTC=11:33:11,18.70,120.292627,23.106585,,,,,,,,,N/A,SAT=7,-50.26,-11.22,872.67,-30310.00,7122.50,137725T=N/A,,"Package=2913,UTC=11:33:11,Lat=23.106585,Lng=120.292627,Alt=18.70,Ax=-50.26,Ay=-11.22,Az=872.67,Gx=-30310.00,Gy=7122.50,Gz=137725T=N/A,H=N/A,SAT=7"
,2025-09-21T04:37:12Z,COM6,,UTC=11:33:11,18.70,120.292627,23.106585,,,,,,,,,N/A,SAT=7,-84.67,-4.51,1343.46,-65292.50,-79695.00,1682T=N/A,,"Package=2914,UTC=11:33:11,Lat=23.106585,Lng=120.292627,Alt=18.70,Ax=-84.67,Ay=-4.51,Az=1343.46,Gx=-65292.50,Gy=-79695.00,Gz=1682T=N/A,H=N/A,SAT=7"
,2025-09-21T04:37:14Z,COM6,,UTC=11:33:11,18.70,120.292627,23.106585,,,,,,,,,N/A,SAT=7,-72.22,7.56,878.40,4217.50,40337.50,220780.00T=N/A,,"Package=2915,UTC=11:33:11,Lat=23.106585,Lng=120.292627,Alt=18.70,Ax=-72.22,Ay=7.56,Az=878.40,Gx=4217.50,Gy=40337.50,Gz=220780.00T=N/A,H=N/A,SAT=7"
,2025-09-21T04:37:16Z,COM6,,UTC=11:33:11,18.70,120.292627,23.106585,,,,,,,,,N/A,SAT=7,-25.74,5.37,781.29,-42682.50,58205.00,154542.T=N/A,,"Package=2916,UTC=11:33:11,Lat=23.106585,Lng=120.292627,Alt=18.70,Ax=-25.74,Ay=5.37,Az=781.29,Gx=-42682.50,Gy=58205.00,Gz=154542.T=N/A,H=N/A,SAT=7"
,2025-09-21T04:37:17Z,COM6,,UTC=11:33:11,18.70,120.292627,23.106585,,,,,,,,,N/A,SAT=7,-23.91,-58.19,1218.29,-1680.00,86660.00,33040T=N/A,,"Package=2917,UTC=11:33:11,Lat=23.106585,Lng=120.292627,Alt=18.70,Ax=-23.91,Ay=-58.19,Az=1218.29,Gx=-1680.00,Gy=86660.00,Gz=33040T=N/A,H=N/A,SAT=7"
,2025-09-21T04:37:19Z,COM6,,UTC=11:33:11,18.70,120.292627,23.106585,,,,,,,,,N/A,SAT=7,-29.52,-4.39,925.74,-84175.00,-49105.00,-6329T=N/A,,"Package=2918,UTC=11:33:11,Lat=23.106585,Lng=120.292627,Alt=18.70,Ax=-29.52,Ay=-4.39,Az=925.74,Gx=-84175.00,Gy=-49105.00,Gz=-6329T=N/A,H=N/A,SAT=7"
,2025-09-21T04:37:21Z,COM6,,UTC=11:33:11,18.70,120.292627,23.106585,,,,,,,,,N/A,SAT=7,-37.45,-10.25,1024.92,-33127.50,25427.50,-556T=N/A,,"Package=2919,UTC=11:33:11,Lat=23.106585,Lng=120.292627,Alt=18.70,Ax=-37.45,Ay=-10.25,Az=1024.92,Gx=-33127.50,Gy=25427.50,Gz=-556T=N/A,H=N/A,SAT=7"
,2025-09-21T04:37:23Z,COM6,,UTC=11:33:11,18.70,120.292627,23.106585,,,,,,,,,N/A,SAT=7,-35.38,-22.08,955.38,81585.00,15785.00,-12318T=N/A,,"Package=2920,UTC=11:33:11,Lat=23.106585,Lng=120.292627,Alt=18.70,Ax=-35.38,Ay=-22.08,Az=955.38,Gx=81585.00,Gy=15785.00,Gz=-12318T=N/A,H=N/A,SAT=7"
,2025-09-21T04:37:24Z,COM6,,UTC=11:33:11,18.70,120.292627,23.106585,,,,,,,,,N/A,SAT=7,-63.20,-24.40,905.48,70577.50,14332.50,-20240T=N/A,,"Package=2921,UTC=11:33:11,Lat=23.106585,Lng=120.292627,Alt=18.70,Ax=-63.20,Ay=-24.40,Az=905.48,Gx=70577.50,Gy=14332.50,Gz=-20240T=N/A,H=N/A,SAT=7"
,2025-09-21T04:37:26Z,COM6,,UTC=11:33:11,18.70,120.292627,23.106585,,,,,,,,,N/A,SAT=7,-54.90,-0.73,1106.78,7070.00,38255.00,-168980T=N/A,,"Package=2922,UTC=11:33:11,Lat=23.106585,Lng=120.292627,Alt=18.70,Ax=-54.90,Ay=-0.73,Az=1106.78,Gx=7070.00,Gy=38255.00,Gz=-168980T=N/A,H=N/A,SAT=7"
,2025-09-21T04:37:28Z,COM6,,UTC=11:33:11,18.70,120.292627,23.106585,,,,,,,,,N/A,SAT=7,-41.24,-8.30,1025.53,-7875.00,56560.00,-17465T=N/A,,"Package=2923,UTC=11:33:11,Lat=23.106585,Lng=120.292627,Alt=18.70,Ax=-41.24,Ay=-8.30,Az=1025.53,Gx=-7875.00,Gy=56560.00,Gz=-17465T=N/A,H=N/A,SAT=7"
,2025-09-21T04:37:29Z,COM6,,UTC=11:33:11,18.70,120.292627,23.106585,,,,,,,,,N/A,SAT=7,-48.07,-40.99,1216.95,1137.50,3255.00,-82302.T=N/A,,"Package=2924,UTC=11:33:11,Lat=23.106585,Lng=120.292627,Alt=18.70,Ax=-48.07,Ay=-40.99,Az=1216.95,Gx=1137.50,Gy=3255.00,Gz=-82302.T=N/A,H=N/A,SAT=7"
,2025-09-21T04:37:31Z,COM6,,UTC=11:33:11,18.70,120.292627,23.106585,,,,,,,,,N/A,SAT=7,-31.72,-16.84,1100.68,45605.00,39025.00,-1081T=N/A,,"Package=2925,UTC=11:33:11,Lat=23.106585,Lng=120.292627,Alt=18.70,Ax=-31.72,Ay=-16.84,Az=1100.68,Gx=45605.00,Gy=39025.00,Gz=-1081T=N/A,H=N/A,SAT=7"
,2025-09-21T04:37:33Z,COM6,,UTC=11:33:11,18.70,120.292627,23.106585,,,,,,,,,N/A,SAT=7,-56.61,-18.06,865.71,32165.00,-14420.00,-1907T=N/A,,"Package=2926,UTC=11:33:11,Lat=23.106585,Lng=120.292627,Alt=18.70,Ax=-56.61,Ay=-18.06,Az=865.71,Gx=32165.00,Gy=-14420.00,Gz=-1907T=N/A,H=N/A,SAT=7"
,2025-09-21T04:37:34Z,COM6,,UTC=11:33:11,18.70,120.292627,23.106585,,,,,,,,,N/A,SAT=7,-40.02,11.10,1008.21,-1137.50,40932.50,-13578T=N/A,,"Package=2927,UTC=11:33:11,Lat=23.106585,Lng=120.292627,Alt=18.70,Ax=-40.02,Ay=11.10,Az=1008.21,Gx=-1137.50,Gy=40932.50,Gz=-13578T=N/A,H=N/A,SAT=7"
,2025-09-21T04:37:36Z,COM6,,UTC=11:33:11,18.70,120.292627,23.106585,,,,,,,,,N/A,SAT=7,-58.32,-1.10,954.65,-14665.00,-14297.50,-1964T=N/A,,"Package=2928,UTC=11:33:11,Lat=23.106585,Lng=120.292627,Alt=18.70,Ax=-58.32,Ay=-1.10,Az=954.65,Gx=-14665.00,Gy=-14297.50,Gz=-1964T=N/A,H=N/A,SAT=7"
,2025-09-21T04:37:38Z,COM6,,UTC=11:33:11,18.70,120.292627,23.106585,,,,,,,,,N/A,SAT=7,-39.77,-21.11,1332.73,14717.50,35262.50,-1230T=N/A,,"Package=2929,UTC=11:33:11,Lat=23.106585,Lng=120.292627,Alt=18.70,Ax=-39.77,Ay=-21.11,Az=1332.73,Gx=14717.50,Gy=35262.50,Gz=-1230T=N/A,H=N/A,SAT=7"
,2025-09-21T04:37:39Z,COM6,,UTC=11:33:11,18.70,120.292627,23.106585,,,,,,,,,N/A,SAT=7,-17.81,-7.08,897.43,-21245.00,11305.00,-44922T=N/A,,"Package=2930,UTC=11:33:11,Lat=23.106585,Lng=120.292627,Alt=18.70,Ax=-17.81,Ay=-7.08,Az=897.43,Gx=-21245.00,Gy=11305.00,Gz=-44922T=N/A,H=N/A,SAT=7"
,2025-09-21T04:37:41Z,COM6,,UTC=11:33:11,18.70,120.292627,23.106585,,,,,,,,,N/A,SAT=7,-20.25,-24.52,988.20,-5425.00,-3797.50,54215.T=N/A,,"Package=2931,UTC=11:33:11,Lat=23.106585,Lng=120.292627,Alt=18.70,Ax=-20.25,Ay=-24.52,Az=988.20,Gx=-5425.00,Gy=-3797.50,Gz=54215.T=N/A,H=N/A,SAT=7"
,2025-09-21T04:37:43Z,COM6,,UTC=11:33:11,18.70,120.292627,23.106585,,,,,,,,,N/A,SAT=7,-52.09,-24.77,1244.03,-35700.00,857.50,73710.T=N/A,,"Package=2932,UTC=11:33:11,Lat=23.106585,Lng=120.292627,Alt=18.70,Ax=-52.09,Ay=-24.77,Az=1244.03,Gx=-35700.00,Gy=857.50,Gz=73710.T=N/A,H=N/A,SAT=7"
,2025-09-21T04:37:44Z,COM6,,UTC=11:33:11,18.70,120.292627,23.106585,,,,,,,,,N/A,SAT=7,-68.32,-30.01,931.84,-140.00,-56210.00,114292T=N/A,,"Package=2933,UTC=11:33:11,Lat=23.106585,Lng=120.292627,Alt=18.70,Ax=-68.32,Ay=-30.01,Az=931.84,Gx=-140.00,Gy=-56210.00,Gz=114292T=N/A,H=N/A,SAT=7"
,2025-09-21T04:37:46Z,COM6,,UTC=11:33:11,18.70,120.292627,23.106585,,,,,,,,,N/A,SAT=7,-51.97,-42.09,1183.16,9170.00,-15995.00,13734T=N/A,,"Package=2934,UTC=11:33:11,Lat=23.106585,Lng=120.292627,Alt=18.70,Ax=-51.97,Ay=-42.09,Az=1183.16,Gx=9170.00,Gy=-15995.00,Gz=13734T=N/A,H=N/A,SAT=7"
,2025-09-21T04:37:48Z,COM6,,UTC=11:33:11,18.70,120.292627,23.106585,,,,,,,,,N/A,SAT=7,-57.58,-22.81,1061.16,27702.50,-31640.00,1391T=N/A,,"Package=2935,UTC=11:33:11,Lat=23.106585,Lng=120.292627,Alt=18.70,Ax=-57.58,Ay=-22.81,Az=1061.16,Gx=27702.50,Gy=-31640.00,Gz=1391T=N/A,H=N/A,SAT=7"
,2025-09-21T04:37:49Z,COM6,,UTC=11:33:11,18.70,120.292627,23.106585,,,,,,,,,N/A,SAT=7,-21.23,-21.47,773.24,-13072.50,35980.00,10865T=N/A,,"Package=2936,UTC=11:33:11,Lat=23.106585,Lng=120.292627,Alt=18.70,Ax=-21.23,Ay=-21.47,Az=773.24,Gx=-13072.50,Gy=35980.00,Gz=10865T=N/A,H=N/A,SAT=7"
,2025-09-21T04:37:51Z,COM6,,UTC=11:33:11,18.70,120.292627,23.106585,,,,,,,,,N/A,SAT=7,-43.55,-16.96,1688.36,8715.00,-647.50,131792.T=N/A,,"Package=2937,UTC=11:33:11,Lat=23.106585,Lng=120.292627,Alt=18.70,Ax=-43.55,Ay=-16.96,Az=1688.36,Gx=8715.00,Gy=-647.50,Gz=131792.T=N/A,H=N/A,SAT=7"
,2025-09-21T04:37:53Z,COM6,,UTC=11:33:11,18.70,120.292627,23.106585,,,,,,,,,N/A,SAT=7,0.49,-27.82,922.08,-20877.50,101430.00,39025.T=N/A,,"Package=2938,UTC=11:33:11,Lat=23.106585,Lng=120.292627,Alt=18.70,Ax=0.49,Ay=-27.82,Az=922.08,Gx=-20877.50,Gy=101430.00,Gz=39025.T=N/A,H=N/A,SAT=7"
,2025-09-21T04:37:54Z,COM6,,UTC=11:33:11,18.70,120.292627,23.106585,,,,,,,,,N/A,SAT=7,-25.50,-10.00,917.68,-10430.00,-7892.50,36522T=N/A,,"Package=2939,UTC=11:33:11,Lat=23.106585,Lng=120.292627,Alt=18.70,Ax=-25.50,Ay=-10.00,Az=917.68,Gx=-10430.00,Gy=-7892.50,Gz=36522T=N/A,H=N/A,SAT=7"
,2025-09-21T04:37:56Z,COM6,,UTC=11:33:11,18.70,120.292627,23.106585,,,,,,,,,N/A,SAT=7,-36.97,-26.96,1057.50,-5162.50,-14245.00,5236T=N/A,,"Package=2940,UTC=11:33:11,Lat=23.106585,Lng=120.292627,Alt=18.70,Ax=-36.97,Ay=-26.96,Az=1057.50,Gx=-5162.50,Gy=-14245.00,Gz=5236T=N/A,H=N/A,SAT=7"
,2025-09-21T04:37:58Z,COM6,,UTC=11:33:11,18.70,120.292627,23.106585,,,,,,,,,N/A,SAT=7,-50.51,-16.59,1004.67,-13335.00,-54075.00,127T=N/A,,"Package=2941,UTC=11:33:11,Lat=23.106585,Lng=120.292627,Alt=18.70,Ax=-50.51,Ay=-16.59,Az=1004.67,Gx=-13335.00,Gy=-54075.00,Gz=127T=N/A,H=N/A,SAT=7"
,2025-09-21T04:37:59Z,COM6,,UTC=11:33:11,18.70,120.292627,23.106585,,,,,,,,,N/A,SAT=7,-87.84,-54.78,1984.33,-19950.00,-81147.50,130T=N/A,,"Package=2942,UTC=11:33:11,Lat=23.106585,Lng=120.292627,Alt=18.70,Ax=-87.84,Ay=-54.78,Az=1984.33,Gx=-19950.00,Gy=-81147.50,Gz=130T=N/A,H=N/A,SAT=7"
,2025-09-21T04:38:01Z,COM6,,UTC=11:33:11,18.70,120.292627,23.106585,,,,,,,,,N/A,SAT=7,-20.37,-6.83,800.81,17062.50,35927.50,64190.0T=N/A,,"Package=2943,UTC=11:33:11,Lat=23.106585,Lng=120.292627,Alt=18.70,Ax=-20.37,Ay=-6.83,Az=800.81,Gx=17062.50,Gy=35927.50,Gz=64190.0T=N/A,H=N/A,SAT=7"
,2025-09-21T04:38:03Z,COM6,,UTC=11:33:11,18.70,120.292627,23.106585,,,,,,,,,N/A,SAT=7,-37.94,-41.24,1129.72,30467.50,-2082.50,-8655T=N/A,,"Package=2944,UTC=11:33:11,Lat=23.106585,Lng=120.292627,Alt=18.70,Ax=-37.94,Ay=-41.24,Az=1129.72,Gx=30467.50,Gy=-2082.50,Gz=-8655T=N/A,H=N/A,SAT=7"
,2025-09-21T04:38:04Z,COM6,,UTC=11:33:11,18.70,120.292627,23.106585,,,,,,,,,N/A,SAT=7,-12.20,-18.06,1037.00,-6422.50,78085.00,-5106T=N/A,,"Package=2945,UTC=11:33:11,Lat=23.106585,Lng=120.292627,Alt=18.70,Ax=-12.20,Ay=-18.06,Az=1037.00,Gx=-6422.50,Gy=78085.00,Gz=-5106T=N/A,H=N/A,SAT=7"
,2025-09-21T04:38:06Z,COM6,,UTC=11:33:11,18.70,120.292627,23.106585,,,,,,,,,N/A,SAT=7,-22.81,6.59,859.12,-55702.50,5250.00,-57120.0T=N/A,,"Package=2946,UTC=11:33:11,Lat=23.106585,Lng=120.292627,Alt=18.70,Ax=-22.81,Ay=6.59,Az=859.12,Gx=-55702.50,Gy=5250.00,Gz=-57120.0T=N/A,H=N/A,SAT=7"
,2025-09-21T04:38:08Z,COM6,,UTC=11:33:11,18.70,120.292627,23.106585,,,,,,,,,N/A,SAT=7,-85.16,-57.95,1881.73,13527.50,-49612.50,-120T=N/A,,"Package=2947,UTC=11:33:11,Lat=23.106585,Lng=120.292627,Alt=18.70,Ax=-85.16,Ay=-57.95,Az=1881.73,Gx=13527.50,Gy=-49612.50,Gz=-120T=N/A,H=N/A,SAT=7"
,2025-09-21T04:38:09Z,COM6,,UTC=11:33:11,18.70,120.292627,23.106585,,,,,,,,,N/A,SAT=7,-29.40,-6.34,887.67,-53235.00,61950.00,-20023T=N/A,,"Package=2948,UTC=11:33:11,Lat=23.106585,Lng=120.292627,Alt=18.70,Ax=-29.40,Ay=-6.34,Az=887.67,Gx=-53235.00,Gy=61950.00,Gz=-20023T=N/A,H=N/A,SAT=7"
,2025-09-21T04:38:11Z,COM6,,UTC=11:33:11,18.70,120.292627,23.106585,,,,,,,,,N/A,SAT=7,-12.20,-28.30,1138.14,6422.50,62160.00,-10346T=N/A,,"Package=2949,UTC=11:33:11,Lat=23.106585,Lng=120.292627,Alt=18.70,Ax=-12.20,Ay=-28.30,Az=1138.14,Gx=6422.50,Gy=62160.00,Gz=-10346T=N/A,H=N/A,SAT=7"
,2025-09-21T04:38:13Z,COM6,,UTC=11:33:11,18.70,120.292627,23.106585,,,,,,,,,N/A,SAT=7,-61.73,-1.95,927.20,2940.00,29365.00,-194845.T=N/A,,"Package=2950,UTC=11:33:11,Lat=23.106585,Lng=120.292627,Alt=18.70,Ax=-61.73,Ay=-1.95,Az=927.20,Gx=2940.00,Gy=29365.00,Gz=-194845.T=N/A,H=N/A,SAT=7"
,2025-09-21T04:38:14Z,COM6,,UTC=11:33:11,18.70,120.292627,23.106585,,,,,,,,,N/A,SAT=7,-24.64,8.54,666.61,2345.00,-1277.50,-136937.5T=N/A,,"Package=2951,UTC=11:33:11,Lat=23.106585,Lng=120.292627,Alt=18.70,Ax=-24.64,Ay=8.54,Az=666.61,Gx=2345.00,Gy=-1277.50,Gz=-136937.5T=N/A,H=N/A,SAT=7"
,2025-09-21T04:38:16Z,COM6,,UTC=11:33:11,18.70,120.292627,23.106585,,,,,,,,,N/A,SAT=7,-35.87,15.37,1367.74,-79082.50,6702.50,-18004T=N/A,,"Package=2952,UTC=11:33:11,Lat=23.106585,Lng=120.292627,Alt=18.70,Ax=-35.87,Ay=15.37,Az=1367.74,Gx=-79082.50,Gy=6702.50,Gz=-18004T=N/A,H=N/A,SAT=7"
,2025-09-21T04:38:18Z,COM6,,UTC=11:33:11,18.70,120.292627,23.106585,,,,,,,,,N/A,SAT=7,-19.15,-48.80,945.87,3832.50,82302.50,-31535.T=N/A,,"Package=2953,UTC=11:33:11,Lat=23.106585,Lng=120.292627,Alt=18.70,Ax=-19.15,Ay=-48.80,Az=945.87,Gx=3832.50,Gy=82302.50,Gz=-31535.T=N/A,H=N/A,SAT=7"
,2025-09-21T04:38:19Z,COM6,,UTC=11:33:11,18.70,120.292627,23.106585,,,,,,,,,N/A,SAT=7,-23.67,0.98,790.56,-56035.00,-7612.50,-31307.T=N/A,,"Package=2954,UTC=11:33:11,Lat=23.106585,Lng=120.292627,Alt=18.70,Ax=-23.67,Ay=0.98,Az=790.56,Gx=-56035.00,Gy=-7612.50,Gz=-31307.T=N/A,H=N/A,SAT=7"
,2025-09-21T04:38:21Z,COM6,,UTC=11:33:11,18.70,120.292627,23.106585,,,,,,,,,N/A,SAT=7,-39.28,-9.39,1113.98,-1137.50,-33617.50,-2348T=N/A,,"Package=2955,UTC=11:33:11,Lat=23.106585,Lng=120.292627,Alt=18.70,Ax=-39.28,Ay=-9.39,Az=1113.98,Gx=-1137.50,Gy=-33617.50,Gz=-2348T=N/A,H=N/A,SAT=7"
,2025-09-21T04:38:23Z,COM6,,UTC=11:33:11,18.70,120.292627,23.106585,,,,,,,,,N/A,SAT=7,-16.47,-28.67,746.27,-507.50,10902.50,-12057.T=N/A,,"Package=2956,UTC=11:33:11,Lat=23.106585,Lng=120.292627,Alt=18.70,Ax=-16.47,Ay=-28.67,Az=746.27,Gx=-507.50,Gy=10902.50,Gz=-12057.T=N/A,H=N/A,SAT=7"
,2025-09-21T04:38:24Z,COM6,,UTC=11:33:11,18.70,120.292627,23.106585,,,,,,,,,N/A,SAT=7,-85.03,-67.83,1570.75,21227.50,-52010.00,-632T=N/A,,"Package=2957,UTC=11:33:11,Lat=23.106585,Lng=120.292627,Alt=18.70,Ax=-85.03,Ay=-67.83,Az=1570.75,Gx=21227.50,Gy=-52010.00,Gz=-632T=N/A,H=N/A,SAT=7"
,2025-09-21T04:38:26Z,COM6,,UTC=11:33:11,18.70,120.292627,23.106585,,,,,,,,,N/A,SAT=7,-20.62,-42.33,971.61,86695.00,22085.00,-95287T=N/A,,"Package=2958,UTC=11:33:11,Lat=23.106585,Lng=120.292627,Alt=18.70,Ax=-20.62,Ay=-42.33,Az=971.61,Gx=86695.00,Gy=22085.00,Gz=-95287T=N/A,H=N/A,SAT=7"
,2025-09-21T04:38:28Z,COM6,,UTC=11:33:11,18.70,120.292627,23.106585,,,,,,,,,N/A,SAT=7,-40.99,-5.61,952.70,-49735.00,-9397.50,-13657T=N/A,,"Package=2959,UTC=11:33:11,Lat=23.106585,Lng=120.292627,Alt=18.70,Ax=-40.99,Ay=-5.61,Az=952.70,Gx=-49735.00,Gy=-9397.50,Gz=-13657T=N/A,H=N/A,SAT=7"
,2025-09-21T04:38:29Z,COM6,,UTC=11:33:11,18.70,120.292627,23.106585,,,,,,,,,N/A,SAT=7,-12.69,-53.19,1080.07,62947.50,84192.50,6002.T=N/A,,"Package=2960,UTC=11:33:11,Lat=23.106585,Lng=120.292627,Alt=18.70,Ax=-12.69,Ay=-53.19,Az=1080.07,Gx=62947.50,Gy=84192.50,Gz=6002.T=N/A,H=N/A,SAT=7"
,2025-09-21T04:38:31Z,COM6,,UTC=11:33:11,18.70,120.292627,23.106585,,,,,,,,,N/A,SAT=7,-11.47,-36.72,784.70,35437.50,12652.50,-10150T=N/A,,"Package=2961,UTC=11:33:11,Lat=23.106585,Lng=120.292627,Alt=18.70,Ax=-11.47,Ay=-36.72,Az=784.70,Gx=35437.50,Gy=12652.50,Gz=-10150T=N/A,H=N/A,SAT=7"
,2025-09-21T04:38:33Z,COM6,,UTC=11:33:11,18.70,120.292627,23.106585,,,,,,,,,N/A,SAT=7,-45.99,-15.86,1631.14,-3220.00,-20790.00,-943T=N/A,,"Package=2962,UTC=11:33:11,Lat=23.106585,Lng=120.292627,Alt=18.70,Ax=-45.99,Ay=-15.86,Az=1631.14,Gx=-3220.00,Gy=-20790.00,Gz=-943T=N/A,H=N/A,SAT=7"
,2025-09-21T04:38:34Z,COM6,,UTC=11:33:11,18.70,120.292627,23.106585,,,,,,,,,N/A,SAT=7,-15.98,-53.68,742.00,46270.00,7822.50,-9975.0T=N/A,,"Package=2963,UTC=11:33:11,Lat=23.106585,Lng=120.292627,Alt=18.70,Ax=-15.98,Ay=-53.68,Az=742.00,Gx=46270.00,Gy=7822.50,Gz=-9975.0T=N/A,H=N/A,SAT=7"
,2025-09-21T04:38:36Z,COM6,,UTC=11:33:11,18.70,120.292627,23.106585,,,,,,,,,N/A,SAT=7,1.22,-46.97,1208.41,48247.50,85067.50,-88462.T=N/A,,"Package=2964,UTC=11:33:11,Lat=23.106585,Lng=120.292627,Alt=18.70,Ax=1.22,Ay=-46.97,Az=1208.41,Gx=48247.50,Gy=85067.50,Gz=-88462.T=N/A,H=N/A,SAT=7"
,2025-09-21T04:38:38Z,COM6,,UTC=11:33:11,18.70,120.292627,23.106585,,,,,,,,,N/A,SAT=7,-19.52,8.30,1131.18,-8907.50,95112.50,-145040T=N/A,,"Package=2965,UTC=11:33:11,Lat=23.106585,Lng=120.292627,Alt=18.70,Ax=-19.52,Ay=8.30,Az=1131.18,Gx=-8907.50,Gy=95112.50,Gz=-145040T=N/A,H=N/A,SAT=7"
,2025-09-21T04:38:40Z,COM6,,UTC=11:33:11,18.70,120.292627,23.106585,,,,,,,,,N/A,SAT=7,-51.48,-15.37,820.08,1470.00,-40845.00,-14094T=N/A,,"Package=2966,UTC=11:33:11,Lat=23.106585,Lng=120.292627,Alt=18.70,Ax=-51.48,Ay=-15.37,Az=820.08,Gx=1470.00,Gy=-40845.00,Gz=-14094T=N/A,H=N/A,SAT=7"
,2025-09-21T04:38:41Z,COM6,,UTC=11:33:11,18.70,120.292627,23.106585,,,,,,,,,N/A,SAT=7,-31.35,-52.34,1262.94,75162.50,22487.50,-1414T=N/A,,"Package=2967,UTC=11:33:11,Lat=23.106585,Lng=120.292627,Alt=18.70,Ax=-31.35,Ay=-52.34,Az=1262.94,Gx=75162.50,Gy=22487.50,Gz=-1414T=N/A,H=N/A,SAT=7"
,2025-09-21T04:38:43Z,COM6,,UTC=11:33:11,18.70,120.292627,23.106585,,,,,,,,,N/A,SAT=7,-40.02,-18.67,771.28,-10762.50,3027.50,-12080T=N/A,,"Package=2968,UTC=11:33:11,Lat=23.106585,Lng=120.292627,Alt=18.70,Ax=-40.02,Ay=-18.67,Az=771.28,Gx=-10762.50,Gy=3027.50,Gz=-12080T=N/A,H=N/A,SAT=7"
